"Gencode Id","Gene Symbol","Variant Id","SNP Id","Phenotype Id","Intron Id","P-Value","NES","Tissue"
"ENSG00000136235.17","GPNMB","chr7_23266522_G_A_b38","rs75801644","chr7:23260773:23266517:clu_61480_+:ENSG00000136235.17","23260773:23266517:clu_61480_+","3.9e-31","-1.8","Skin - Sun Exposed (Lower leg)"
"ENSG00000136235.17","GPNMB","chr7_23266522_G_A_b38","rs75801644","chr7:23260773:23266481:clu_61480_+:ENSG00000136235.17","23260773:23266481:clu_61480_+","3.4e-29","1.7","Skin - Sun Exposed (Lower leg)"
"ENSG00000136235.17","GPNMB","chr7_23266522_G_A_b38","rs75801644","chr7:23260773:23266517:clu_60088_+:ENSG00000136235.17","23260773:23266517:clu_60088_+","3.1e-24","-1.7","Adipose - Subcutaneous"
"ENSG00000136235.17","GPNMB","chr7_23266522_G_A_b38","rs75801644","chr7:23260773:23266517:clu_60140_+:ENSG00000136235.17","23260773:23266517:clu_60140_+","4.5e-23","-1.7","Skin - Not Sun Exposed (Suprapubic)"
"ENSG00000136235.17","GPNMB","chr7_23266522_G_A_b38","rs75801644","chr7:23260773:23266517:clu_47302_+:ENSG00000136235.17","23260773:23266517:clu_47302_+","1.0e-21","-1.6","Cells - Cultured fibroblasts"
"ENSG00000136235.17","GPNMB","chr7_23266522_G_A_b38","rs75801644","chr7:23260773:23266481:clu_60088_+:ENSG00000136235.17","23260773:23266481:clu_60088_+","1.2e-20","1.5","Adipose - Subcutaneous"
"ENSG00000136235.17","GPNMB","chr7_23266522_G_A_b38","rs75801644","chr7:23260773:23266517:clu_55461_+:ENSG00000136235.17","23260773:23266517:clu_55461_+","1.2e-19","-1.7","Artery - Tibial"
"ENSG00000136235.17","GPNMB","chr7_23400438_G_C_b38","rs75693095","chr7:23260773:23266481:clu_61480_+:ENSG00000136235.17","23260773:23266481:clu_61480_+","1.7e-19","1.4","Skin - Sun Exposed (Lower leg)"
"ENSG00000136235.17","GPNMB","chr7_23394987_C_G_b38","rs78840640","chr7:23260773:23266481:clu_61480_+:ENSG00000136235.17","23260773:23266481:clu_61480_+","1.8e-19","1.4","Skin - Sun Exposed (Lower leg)"
"ENSG00000136235.17","GPNMB","chr7_23400438_G_C_b38","rs75693095","chr7:23260773:23266517:clu_61480_+:ENSG00000136235.17","23260773:23266517:clu_61480_+","3.5e-19","-1.4","Skin - Sun Exposed (Lower leg)"
"ENSG00000136235.17","GPNMB","chr7_23394987_C_G_b38","rs78840640","chr7:23260773:23266517:clu_61480_+:ENSG00000136235.17","23260773:23266517:clu_61480_+","4.9e-19","-1.4","Skin - Sun Exposed (Lower leg)"
"ENSG00000136235.17","GPNMB","chr7_23266522_G_A_b38","rs75801644","chr7:23260773:23266481:clu_47302_+:ENSG00000136235.17","23260773:23266481:clu_47302_+","9.5e-19","1.5","Cells - Cultured fibroblasts"
"ENSG00000136235.17","GPNMB","chr7_23266522_G_A_b38","rs75801644","chr7:23260773:23266517:clu_58875_+:ENSG00000136235.17","23260773:23266517:clu_58875_+","1.2e-18","-1.8","Adipose - Visceral (Omentum)"
"ENSG00000136235.17","GPNMB","chr7_23394987_C_G_b38","rs78840640","chr7:23260773:23266517:clu_60140_+:ENSG00000136235.17","23260773:23266517:clu_60140_+","4.0e-18","-1.4","Skin - Not Sun Exposed (Suprapubic)"
"ENSG00000136235.17","GPNMB","chr7_23266522_G_A_b38","rs75801644","chr7:23260773:23266481:clu_60140_+:ENSG00000136235.17","23260773:23266481:clu_60140_+","4.7e-18","1.4","Skin - Not Sun Exposed (Suprapubic)"
"ENSG00000136235.17","GPNMB","chr7_23400438_G_C_b38","rs75693095","chr7:23260773:23266517:clu_60140_+:ENSG00000136235.17","23260773:23266517:clu_60140_+","2.1e-17","-1.4","Skin - Not Sun Exposed (Suprapubic)"
"ENSG00000136235.17","GPNMB","chr7_23264294_T_G_b38","rs138617381","chr7:23260773:23266517:clu_61480_+:ENSG00000136235.17","23260773:23266517:clu_61480_+","6.1e-17","-1.7","Skin - Sun Exposed (Lower leg)"
"ENSG00000136235.17","GPNMB","chr7_23266522_G_A_b38","rs75801644","chr7:23260773:23266481:clu_56945_+:ENSG00000136235.17","23260773:23266481:clu_56945_+","1.2e-16","1.5","Esophagus - Mucosa"
"ENSG00000136235.17","GPNMB","chr7_23264294_T_G_b38","rs138617381","chr7:23260773:23266481:clu_61480_+:ENSG00000136235.17","23260773:23266481:clu_61480_+","2.5e-16","1.6","Skin - Sun Exposed (Lower leg)"
"ENSG00000136235.17","GPNMB","chr7_23266522_G_A_b38","rs75801644","chr7:23260773:23266481:clu_55461_+:ENSG00000136235.17","23260773:23266481:clu_55461_+","3.3e-16","1.5","Artery - Tibial"
"ENSG00000136235.17","GPNMB","chr7_23394987_C_G_b38","rs78840640","chr7:23260773:23266517:clu_47302_+:ENSG00000136235.17","23260773:23266517:clu_47302_+","1.8e-15","-1.5","Cells - Cultured fibroblasts"
"ENSG00000136235.17","GPNMB","chr7_23396402_G_C_b38","rs73088171","chr7:23260773:23266481:clu_61480_+:ENSG00000136235.17","23260773:23266481:clu_61480_+","2.2e-15","1.1","Skin - Sun Exposed (Lower leg)"
"ENSG00000136235.17","GPNMB","chr7_23400438_G_C_b38","rs75693095","chr7:23260773:23266517:clu_47302_+:ENSG00000136235.17","23260773:23266517:clu_47302_+","5.3e-15","-1.4","Cells - Cultured fibroblasts"
"ENSG00000136235.17","GPNMB","chr7_23396402_G_C_b38","rs73088171","chr7:23260773:23266517:clu_61480_+:ENSG00000136235.17","23260773:23266517:clu_61480_+","5.6e-15","-1.1","Skin - Sun Exposed (Lower leg)"
"ENSG00000136235.17","GPNMB","chr7_23266522_G_A_b38","rs75801644","chr7:23260773:23266481:clu_58875_+:ENSG00000136235.17","23260773:23266481:clu_58875_+","6.6e-15","1.6","Adipose - Visceral (Omentum)"
"ENSG00000136235.17","GPNMB","chr7_23394987_C_G_b38","rs78840640","chr7:23260773:23266481:clu_47302_+:ENSG00000136235.17","23260773:23266481:clu_47302_+","6.6e-15","1.4","Cells - Cultured fibroblasts"
"ENSG00000136235.17","GPNMB","chr7_23266522_G_A_b38","rs75801644","chr7:23260773:23266517:clu_63172_+:ENSG00000136235.17","23260773:23266517:clu_63172_+","9.2e-15","-1.4","Lung"
"ENSG00000136235.17","GPNMB","chr7_23394987_C_G_b38","rs78840640","chr7:23260773:23266517:clu_60088_+:ENSG00000136235.17","23260773:23266517:clu_60088_+","9.8e-15","-1.4","Adipose - Subcutaneous"
"ENSG00000136235.17","GPNMB","chr7_23400438_G_C_b38","rs75693095","chr7:23260773:23266517:clu_60088_+:ENSG00000136235.17","23260773:23266517:clu_60088_+","3.7e-14","-1.3","Adipose - Subcutaneous"
"ENSG00000136235.17","GPNMB","chr7_23266522_G_A_b38","rs75801644","chr7:23260773:23266517:clu_56945_+:ENSG00000136235.17","23260773:23266517:clu_56945_+","5.3e-14","-1.4","Esophagus - Mucosa"
"ENSG00000136235.17","GPNMB","chr7_23264294_T_G_b38","rs138617381","chr7:23260773:23266517:clu_60088_+:ENSG00000136235.17","23260773:23266517:clu_60088_+","5.6e-14","-1.9","Adipose - Subcutaneous"
"ENSG00000136235.17","GPNMB","chr7_23394987_C_G_b38","rs78840640","chr7:23260773:23266481:clu_60140_+:ENSG00000136235.17","23260773:23266481:clu_60140_+","8.5e-14","1.2","Skin - Not Sun Exposed (Suprapubic)"
"ENSG00000136235.17","GPNMB","chr7_23400438_G_C_b38","rs75693095","chr7:23260773:23266481:clu_47302_+:ENSG00000136235.17","23260773:23266481:clu_47302_+","1.1e-13","1.3","Cells - Cultured fibroblasts"
"ENSG00000136235.17","GPNMB","chr7_23396402_G_C_b38","rs73088171","chr7:23260773:23266517:clu_60140_+:ENSG00000136235.17","23260773:23266517:clu_60140_+","1.5e-13","-1.1","Skin - Not Sun Exposed (Suprapubic)"
"ENSG00000136235.17","GPNMB","chr7_23400438_G_C_b38","rs75693095","chr7:23260773:23266481:clu_60140_+:ENSG00000136235.17","23260773:23266481:clu_60140_+","1.9e-13","1.2","Skin - Not Sun Exposed (Suprapubic)"
"ENSG00000136235.17","GPNMB","chr7_23394987_C_G_b38","rs78840640","chr7:23260773:23266481:clu_60088_+:ENSG00000136235.17","23260773:23266481:clu_60088_+","3.1e-13","1.2","Adipose - Subcutaneous"
"ENSG00000136235.17","GPNMB","chr7_23264294_T_G_b38","rs138617381","chr7:23260773:23266517:clu_47302_+:ENSG00000136235.17","23260773:23266517:clu_47302_+","3.2e-13","-1.7","Cells - Cultured fibroblasts"
"ENSG00000136235.17","GPNMB","chr7_23264294_T_G_b38","rs138617381","chr7:23260773:23266481:clu_60088_+:ENSG00000136235.17","23260773:23266481:clu_60088_+","3.3e-13","1.8","Adipose - Subcutaneous"
"ENSG00000136235.17","GPNMB","chr7_23396402_G_C_b38","rs73088171","chr7:23260773:23266517:clu_60088_+:ENSG00000136235.17","23260773:23266517:clu_60088_+","5.6e-13","-1.1","Adipose - Subcutaneous"
"ENSG00000136235.17","GPNMB","chr7_23266522_G_A_b38","rs75801644","chr7:23260773:23266481:clu_61481_+:ENSG00000136235.17","23260773:23266481:clu_61481_+","7.1e-13","1.7","Breast - Mammary Tissue"
"ENSG00000136235.17","GPNMB","chr7_23266522_G_A_b38","rs75801644","chr7:23260773:23266517:clu_61481_+:ENSG00000136235.17","23260773:23266517:clu_61481_+","7.6e-13","-1.7","Breast - Mammary Tissue"
"ENSG00000136235.17","GPNMB","chr7_23400438_G_C_b38","rs75693095","chr7:23260773:23266481:clu_60088_+:ENSG00000136235.17","23260773:23266481:clu_60088_+","7.8e-13","1.2","Adipose - Subcutaneous"
"ENSG00000136235.17","GPNMB","chr7_23266522_G_A_b38","rs75801644","chr7:23260773:23266481:clu_63172_+:ENSG00000136235.17","23260773:23266481:clu_63172_+","8.5e-13","1.3","Lung"
"ENSG00000136235.17","GPNMB","chr7_23391773_A_C_b38","rs73281643","chr7:23260773:23266517:clu_60140_+:ENSG00000136235.17","23260773:23266517:clu_60140_+","1.2e-12","-0.88","Skin - Not Sun Exposed (Suprapubic)"
"ENSG00000136235.17","GPNMB","chr7_23393527_G_A_b38","rs11981126","chr7:23260773:23266517:clu_60140_+:ENSG00000136235.17","23260773:23266517:clu_60140_+","1.2e-12","-0.88","Skin - Not Sun Exposed (Suprapubic)"
"ENSG00000136235.17","GPNMB","chr7_23394987_C_G_b38","rs78840640","chr7:23260773:23266517:clu_55461_+:ENSG00000136235.17","23260773:23266517:clu_55461_+","1.3e-12","-1.4","Artery - Tibial"
"ENSG00000136235.17","GPNMB","chr7_22907755_T_C_b38","rs150462895","chr7:23246927:23253307:clu_51380_+:ENSG00000136235.17","23246927:23253307:clu_51380_+","1.7e-12","-2.4","Brain - Caudate (basal ganglia)"
"ENSG00000136235.17","GPNMB","chr7_22988632_C_T_b38","rs114855047","chr7:23246927:23253307:clu_51380_+:ENSG00000136235.17","23246927:23253307:clu_51380_+","1.7e-12","-2.4","Brain - Caudate (basal ganglia)"
"ENSG00000136235.17","GPNMB","chr7_23396402_G_C_b38","rs73088171","chr7:23260773:23266481:clu_60088_+:ENSG00000136235.17","23260773:23266481:clu_60088_+","2.5e-12","1.1","Adipose - Subcutaneous"
"ENSG00000136235.17","GPNMB","chr7_23258796_C_A_b38","rs10085838","chr7:23260138:23260488:clu_61479_+:ENSG00000136235.17","23260138:23260488:clu_61479_+","5.3e-12","-0.40","Skin - Sun Exposed (Lower leg)"
"ENSG00000136235.17","GPNMB","chr7_23400438_G_C_b38","rs75693095","chr7:23260773:23266517:clu_53810_+:ENSG00000136235.17","23260773:23266517:clu_53810_+","5.7e-12","-1.5","Heart - Atrial Appendage"
"ENSG00000136235.17","GPNMB","chr7_23400438_G_C_b38","rs75693095","chr7:23260773:23266517:clu_55461_+:ENSG00000136235.17","23260773:23266517:clu_55461_+","6.7e-12","-1.3","Artery - Tibial"
"ENSG00000136235.17","GPNMB","chr7_23248690_G_A_b38","rs199357","chr7:23260138:23260488:clu_61479_+:ENSG00000136235.17","23260138:23260488:clu_61479_+","8.9e-12","-0.39","Skin - Sun Exposed (Lower leg)"
"ENSG00000136235.17","GPNMB","chr7_23266522_G_A_b38","rs75801644","chr7:23260773:23266517:clu_53810_+:ENSG00000136235.17","23260773:23266517:clu_53810_+","9.0e-12","-1.5","Heart - Atrial Appendage"
"ENSG00000136235.17","GPNMB","chr7_23253479_C_A_b38","rs199348","chr7:23260138:23260488:clu_61479_+:ENSG00000136235.17","23260138:23260488:clu_61479_+","9.9e-12","-0.38","Skin - Sun Exposed (Lower leg)"
"ENSG00000136235.17","GPNMB","chr7_23256914_G_A_b38","rs199355","chr7:23260138:23260488:clu_61479_+:ENSG00000136235.17","23260138:23260488:clu_61479_+","1.1e-11","-0.38","Skin - Sun Exposed (Lower leg)"
"ENSG00000136235.17","GPNMB","chr7_23255253_G_A_b38","rs28458177","chr7:23260138:23260488:clu_61479_+:ENSG00000136235.17","23260138:23260488:clu_61479_+","1.3e-11","-0.39","Skin - Sun Exposed (Lower leg)"
"ENSG00000136235.17","GPNMB","chr7_23266522_G_A_b38","rs75801644","chr7:23260773:23266517:clu_53876_+:ENSG00000136235.17","23260773:23266517:clu_53876_+","1.5e-11","-1.5","Esophagus - Gastroesophageal Junction"
"ENSG00000136235.17","GPNMB","chr7_23396402_G_C_b38","rs73088171","chr7:23260773:23266481:clu_47302_+:ENSG00000136235.17","23260773:23266481:clu_47302_+","2.3e-11","1.0","Cells - Cultured fibroblasts"
"ENSG00000136235.17","GPNMB","chr7_23264294_T_G_b38","rs138617381","chr7:23260773:23266481:clu_47302_+:ENSG00000136235.17","23260773:23266481:clu_47302_+","2.7e-11","1.4","Cells - Cultured fibroblasts"
"ENSG00000136235.17","GPNMB","chr7_23266522_G_A_b38","rs75801644","chr7:23260773:23266517:clu_53526_+:ENSG00000136235.17","23260773:23266517:clu_53526_+","3.0e-11","-1.6","Artery - Aorta"
"ENSG00000136235.17","GPNMB","chr7_23071112_C_G_b38","rs7797870","chr7:23260773:23266481:clu_53810_+:ENSG00000136235.17","23260773:23266481:clu_53810_+","3.3e-11","0.45","Heart - Atrial Appendage"
"ENSG00000136235.17","GPNMB","chr7_23253189_T_C_b38","rs1881203","chr7:23260138:23260488:clu_61479_+:ENSG00000136235.17","23260138:23260488:clu_61479_+","3.4e-11","-0.38","Skin - Sun Exposed (Lower leg)"
"ENSG00000136235.17","GPNMB","chr7_23394987_C_G_b38","rs78840640","chr7:23260773:23266481:clu_61481_+:ENSG00000136235.17","23260773:23266481:clu_61481_+","3.5e-11","1.7","Breast - Mammary Tissue"
"ENSG00000136235.17","GPNMB","chr7_23391773_A_C_b38","rs73281643","chr7:23260773:23266481:clu_61480_+:ENSG00000136235.17","23260773:23266481:clu_61480_+","3.5e-11","0.71","Skin - Sun Exposed (Lower leg)"
"ENSG00000136235.17","GPNMB","chr7_23393527_G_A_b38","rs11981126","chr7:23260773:23266481:clu_61480_+:ENSG00000136235.17","23260773:23266481:clu_61480_+","3.5e-11","0.71","Skin - Sun Exposed (Lower leg)"
"ENSG00000136235.17","GPNMB","chr7_23237166_A_G_b38","rs858272","chr7:23260138:23260488:clu_61479_+:ENSG00000136235.17","23260138:23260488:clu_61479_+","4.2e-11","-0.38","Skin - Sun Exposed (Lower leg)"
"ENSG00000136235.17","GPNMB","chr7_23260430_A_C_b38","rs199351","chr7:23260138:23260488:clu_61479_+:ENSG00000136235.17","23260138:23260488:clu_61479_+","4.4e-11","-0.38","Skin - Sun Exposed (Lower leg)"
"ENSG00000136235.17","GPNMB","chr7_23264294_T_G_b38","rs138617381","chr7:23260773:23266517:clu_55461_+:ENSG00000136235.17","23260773:23266517:clu_55461_+","4.5e-11","-1.6","Artery - Tibial"
"ENSG00000136235.17","GPNMB","chr7_23251368_G_A_b38","rs10262243","chr7:23260138:23260488:clu_61479_+:ENSG00000136235.17","23260138:23260488:clu_61479_+","4.9e-11","-0.38","Skin - Sun Exposed (Lower leg)"
"ENSG00000136235.17","GPNMB","chr7_23400438_G_C_b38","rs75693095","chr7:23260773:23266481:clu_55461_+:ENSG00000136235.17","23260773:23266481:clu_55461_+","5.6e-11","1.2","Artery - Tibial"
"ENSG00000136235.17","GPNMB","chr7_23394987_C_G_b38","rs78840640","chr7:23260773:23266517:clu_58875_+:ENSG00000136235.17","23260773:23266517:clu_58875_+","5.7e-11","-1.3","Adipose - Visceral (Omentum)"
"ENSG00000136235.17","GPNMB","chr7_23264294_T_G_b38","rs138617381","chr7:23260773:23266481:clu_55461_+:ENSG00000136235.17","23260773:23266481:clu_55461_+","5.9e-11","1.6","Artery - Tibial"
"ENSG00000136235.17","GPNMB","chr7_23396402_G_C_b38","rs73088171","chr7:23260773:23266481:clu_60140_+:ENSG00000136235.17","23260773:23266481:clu_60140_+","6.6e-11","0.93","Skin - Not Sun Exposed (Suprapubic)"
"ENSG00000136235.17","GPNMB","chr7_23244618_A_G_b38","rs858240","chr7:23260138:23260488:clu_61479_+:ENSG00000136235.17","23260138:23260488:clu_61479_+","6.7e-11","-0.38","Skin - Sun Exposed (Lower leg)"
"ENSG00000136235.17","GPNMB","chr7_23224665_T_G_b38","rs6461703","chr7:23260138:23260488:clu_61479_+:ENSG00000136235.17","23260138:23260488:clu_61479_+","6.7e-11","-0.38","Skin - Sun Exposed (Lower leg)"
"ENSG00000136235.17","GPNMB","chr7_23371340_GCA_G_b38","rs144675517","chr7:23246927:23253307:clu_49248_+:ENSG00000136235.17","23246927:23253307:clu_49248_+","6.8e-11","-1.4","Pancreas"
"ENSG00000136235.17","GPNMB","chr7_23254127_A_G_b38","rs199347","chr7:23260138:23260488:clu_61479_+:ENSG00000136235.17","23260138:23260488:clu_61479_+","7.1e-11","-0.38","Skin - Sun Exposed (Lower leg)"
"ENSG00000136235.17","GPNMB","chr7_23255049_T_C_b38","rs858274","chr7:23260138:23260488:clu_61479_+:ENSG00000136235.17","23260138:23260488:clu_61479_+","7.1e-11","-0.38","Skin - Sun Exposed (Lower leg)"
"ENSG00000136235.17","GPNMB","chr7_23271186_A_G_b38","rs7794684","chr7:23260138:23260488:clu_61479_+:ENSG00000136235.17","23260138:23260488:clu_61479_+","7.2e-11","-0.38","Skin - Sun Exposed (Lower leg)"
"ENSG00000136235.17","GPNMB","chr7_23391773_A_C_b38","rs73281643","chr7:23260773:23266517:clu_61480_+:ENSG00000136235.17","23260773:23266517:clu_61480_+","7.7e-11","-0.71","Skin - Sun Exposed (Lower leg)"
"ENSG00000136235.17","GPNMB","chr7_23393527_G_A_b38","rs11981126","chr7:23260773:23266517:clu_61480_+:ENSG00000136235.17","23260773:23266517:clu_61480_+","7.7e-11","-0.71","Skin - Sun Exposed (Lower leg)"
"ENSG00000136235.17","GPNMB","chr7_23264082_T_C_b38","rs10250602","chr7:23260138:23260488:clu_61479_+:ENSG00000136235.17","23260138:23260488:clu_61479_+","7.8e-11","-0.37","Skin - Sun Exposed (Lower leg)"
"ENSG00000136235.17","GPNMB","chr7_23396402_G_C_b38","rs73088171","chr7:23260773:23266517:clu_47302_+:ENSG00000136235.17","23260773:23266517:clu_47302_+","8.0e-11","-1.1","Cells - Cultured fibroblasts"
"ENSG00000136235.17","GPNMB","chr7_23394987_C_G_b38","rs78840640","chr7:23260773:23266517:clu_53810_+:ENSG00000136235.17","23260773:23266517:clu_53810_+","8.3e-11","-1.5","Heart - Atrial Appendage"
"ENSG00000136235.17","GPNMB","chr7_23273843_A_G_b38","rs2268747","chr7:23260138:23260488:clu_61479_+:ENSG00000136235.17","23260138:23260488:clu_61479_+","8.4e-11","-0.37","Skin - Sun Exposed (Lower leg)"
"ENSG00000136235.17","GPNMB","chr7_23264294_T_G_b38","rs138617381","chr7:23260773:23266517:clu_60140_+:ENSG00000136235.17","23260773:23266517:clu_60140_+","9.9e-11","-1.4","Skin - Not Sun Exposed (Suprapubic)"
"ENSG00000136235.17","GPNMB","chr7_23266522_G_A_b38","rs75801644","chr7:23260773:23266517:clu_54640_+:ENSG00000136235.17","23260773:23266517:clu_54640_+","1.1e-10","-1.5","Colon - Sigmoid"
"ENSG00000136235.17","GPNMB","chr7_23274928_C_T_b38","rs5850","chr7:23260138:23260488:clu_61479_+:ENSG00000136235.17","23260138:23260488:clu_61479_+","1.2e-10","-0.37","Skin - Sun Exposed (Lower leg)"
"ENSG00000136235.17","GPNMB","chr7_23255281_C_T_b38","rs858273","chr7:23260138:23260488:clu_61479_+:ENSG00000136235.17","23260138:23260488:clu_61479_+","1.2e-10","-0.37","Skin - Sun Exposed (Lower leg)"
"ENSG00000136235.17","GPNMB","chr7_23071112_C_G_b38","rs7797870","chr7:23260773:23266517:clu_53810_+:ENSG00000136235.17","23260773:23266517:clu_53810_+","1.2e-10","-0.44","Heart - Atrial Appendage"
"ENSG00000136235.17","GPNMB","chr7_23266522_G_A_b38","rs75801644","chr7:23260773:23266481:clu_63846_+:ENSG00000136235.17","23260773:23266481:clu_63846_+","1.3e-10","1.1","Thyroid"
"ENSG00000136235.17","GPNMB","chr7_23270562_C_T_b38","rs28635122","chr7:23260138:23260488:clu_61479_+:ENSG00000136235.17","23260138:23260488:clu_61479_+","1.4e-10","-0.37","Skin - Sun Exposed (Lower leg)"
"ENSG00000136235.17","GPNMB","chr7_23391773_A_C_b38","rs73281643","chr7:23260773:23266481:clu_60140_+:ENSG00000136235.17","23260773:23266481:clu_60140_+","1.6e-10","0.79","Skin - Not Sun Exposed (Suprapubic)"
"ENSG00000136235.17","GPNMB","chr7_23393527_G_A_b38","rs11981126","chr7:23260773:23266481:clu_60140_+:ENSG00000136235.17","23260773:23266481:clu_60140_+","1.6e-10","0.79","Skin - Not Sun Exposed (Suprapubic)"
"ENSG00000136235.17","GPNMB","chr7_23238664_G_T_b38","rs858271","chr7:23260138:23260488:clu_61479_+:ENSG00000136235.17","23260138:23260488:clu_61479_+","1.6e-10","-0.37","Skin - Sun Exposed (Lower leg)"
"ENSG00000136235.17","GPNMB","chr7_23394987_C_G_b38","rs78840640","chr7:23260773:23266481:clu_55461_+:ENSG00000136235.17","23260773:23266481:clu_55461_+","1.7e-10","1.2","Artery - Tibial"
"ENSG00000136235.17","GPNMB","chr7_23246696_G_A_b38","rs858239","chr7:23260138:23260488:clu_61479_+:ENSG00000136235.17","23260138:23260488:clu_61479_+","1.8e-10","-0.37","Skin - Sun Exposed (Lower leg)"
"ENSG00000136235.17","GPNMB","chr7_23400438_G_C_b38","rs75693095","chr7:23260773:23266481:clu_61481_+:ENSG00000136235.17","23260773:23266481:clu_61481_+","2.1e-10","1.7","Breast - Mammary Tissue"
"ENSG00000136235.17","GPNMB","chr7_23235145_A_G_b38","rs10268610","chr7:23260138:23260488:clu_61479_+:ENSG00000136235.17","23260138:23260488:clu_61479_+","2.1e-10","-0.37","Skin - Sun Exposed (Lower leg)"
"ENSG00000136235.17","GPNMB","chr7_23394987_C_G_b38","rs78840640","chr7:23260773:23266517:clu_61481_+:ENSG00000136235.17","23260773:23266517:clu_61481_+","2.1e-10","-1.7","Breast - Mammary Tissue"
"ENSG00000136235.17","GPNMB","chr7_23276821_G_A_b38","rs10224388","chr7:23260138:23260488:clu_61479_+:ENSG00000136235.17","23260138:23260488:clu_61479_+","2.1e-10","-0.37","Skin - Sun Exposed (Lower leg)"
"ENSG00000136235.17","GPNMB","chr7_23292661_C_T_b38","rs2268744","chr7:23260138:23260488:clu_61479_+:ENSG00000136235.17","23260138:23260488:clu_61479_+","2.2e-10","-0.36","Skin - Sun Exposed (Lower leg)"
"ENSG00000136235.17","GPNMB","chr7_23266522_G_A_b38","rs75801644","chr7:23260773:23266481:clu_53526_+:ENSG00000136235.17","23260773:23266481:clu_53526_+","2.3e-10","1.5","Artery - Aorta"
"ENSG00000136235.17","GPNMB","chr7_23231412_A_C_b38","rs1728313","chr7:23260138:23260488:clu_61479_+:ENSG00000136235.17","23260138:23260488:clu_61479_+","2.3e-10","-0.36","Skin - Sun Exposed (Lower leg)"
"ENSG00000136235.17","GPNMB","chr7_23254525_T_C_b38","rs858275","chr7:23260138:23260488:clu_61479_+:ENSG00000136235.17","23260138:23260488:clu_61479_+","2.4e-10","-0.36","Skin - Sun Exposed (Lower leg)"
"ENSG00000136235.17","GPNMB","chr7_23223855_G_C_b38","rs1728292","chr7:23260138:23260488:clu_61479_+:ENSG00000136235.17","23260138:23260488:clu_61479_+","2.4e-10","-0.35","Skin - Sun Exposed (Lower leg)"
"ENSG00000136235.17","GPNMB","chr7_23205950_A_G_b38","rs858295","chr7:23260138:23260488:clu_61479_+:ENSG00000136235.17","23260138:23260488:clu_61479_+","3.3e-10","-0.35","Skin - Sun Exposed (Lower leg)"
"ENSG00000136235.17","GPNMB","chr7_23162018_T_C_b38","rs1881200","chr7:23260138:23260488:clu_61479_+:ENSG00000136235.17","23260138:23260488:clu_61479_+","4.2e-10","0.35","Skin - Sun Exposed (Lower leg)"
"ENSG00000136235.17","GPNMB","chr7_23203211_C_G_b38","rs858305","chr7:23260138:23260488:clu_61479_+:ENSG00000136235.17","23260138:23260488:clu_61479_+","4.3e-10","-0.35","Skin - Sun Exposed (Lower leg)"
"ENSG00000136235.17","GPNMB","chr7_23203135_A_T_b38","rs858306","chr7:23260138:23260488:clu_61479_+:ENSG00000136235.17","23260138:23260488:clu_61479_+","4.3e-10","-0.35","Skin - Sun Exposed (Lower leg)"
"ENSG00000136235.17","GPNMB","chr7_23202247_C_T_b38","rs6968696","chr7:23260138:23260488:clu_61479_+:ENSG00000136235.17","23260138:23260488:clu_61479_+","4.4e-10","-0.35","Skin - Sun Exposed (Lower leg)"
"ENSG00000136235.17","GPNMB","chr7_22543499_A_G_b38","rs10261199","chr7:23246927:23253307:clu_49274_+:ENSG00000136235.17","23246927:23253307:clu_49274_+","4.7e-10","-3.7","Brain - Cortex"
"ENSG00000136235.17","GPNMB","chr7_22543732_G_A_b38","rs10232339","chr7:23246927:23253307:clu_49274_+:ENSG00000136235.17","23246927:23253307:clu_49274_+","4.7e-10","-3.7","Brain - Cortex"
"ENSG00000136235.17","GPNMB","chr7_23394987_C_G_b38","rs78840640","chr7:23260773:23266517:clu_63172_+:ENSG00000136235.17","23260773:23266517:clu_63172_+","4.9e-10","-1.2","Lung"
"ENSG00000136235.17","GPNMB","chr7_22862539_G_C_b38","rs112100406","chr7:23247993:23253307:clu_51380_+:ENSG00000136235.17","23247993:23253307:clu_51380_+","5.0e-10","2.2","Brain - Caudate (basal ganglia)"
"ENSG00000136235.17","GPNMB","chr7_23394987_C_G_b38","rs78840640","chr7:23260773:23266517:clu_54640_+:ENSG00000136235.17","23260773:23266517:clu_54640_+","5.1e-10","-1.4","Colon - Sigmoid"
"ENSG00000136235.17","GPNMB","chr7_23400438_G_C_b38","rs75693095","chr7:23260773:23266517:clu_54640_+:ENSG00000136235.17","23260773:23266517:clu_54640_+","5.1e-10","-1.4","Colon - Sigmoid"
"ENSG00000136235.17","GPNMB","chr7_23266522_G_A_b38","rs75801644","chr7:23260773:23266517:clu_63846_+:ENSG00000136235.17","23260773:23266517:clu_63846_+","5.3e-10","-1.1","Thyroid"
"ENSG00000136235.17","GPNMB","chr7_23222816_T_A_b38","rs1624451","chr7:23260138:23260488:clu_61479_+:ENSG00000136235.17","23260138:23260488:clu_61479_+","5.6e-10","-0.35","Skin - Sun Exposed (Lower leg)"
"ENSG00000136235.17","GPNMB","chr7_23276020_G_A_b38","rs156407","chr7:23260138:23260488:clu_61479_+:ENSG00000136235.17","23260138:23260488:clu_61479_+","6.1e-10","-0.36","Skin - Sun Exposed (Lower leg)"
"ENSG00000136235.17","GPNMB","chr7_23396402_G_C_b38","rs73088171","chr7:23260773:23266517:clu_55461_+:ENSG00000136235.17","23260773:23266517:clu_55461_+","6.4e-10","-1.0","Artery - Tibial"
"ENSG00000136235.17","GPNMB","chr7_23277981_G_A_b38","rs2268745","chr7:23260138:23260488:clu_61479_+:ENSG00000136235.17","23260138:23260488:clu_61479_+","6.5e-10","-0.36","Skin - Sun Exposed (Lower leg)"
"ENSG00000136235.17","GPNMB","chr7_23110331_C_T_b38","rs10239760","chr7:23260138:23260488:clu_61479_+:ENSG00000136235.17","23260138:23260488:clu_61479_+","6.6e-10","-0.35","Skin - Sun Exposed (Lower leg)"
"ENSG00000136235.17","GPNMB","chr7_23193040_T_C_b38","rs1637221","chr7:23260138:23260488:clu_61479_+:ENSG00000136235.17","23260138:23260488:clu_61479_+","6.7e-10","-0.35","Skin - Sun Exposed (Lower leg)"
"ENSG00000136235.17","GPNMB","chr7_23136327_A_G_b38","rs6953996","chr7:23260138:23260488:clu_61479_+:ENSG00000136235.17","23260138:23260488:clu_61479_+","6.8e-10","-0.35","Skin - Sun Exposed (Lower leg)"
"ENSG00000136235.17","GPNMB","chr7_23396402_G_C_b38","rs73088171","chr7:23260773:23266517:clu_54640_+:ENSG00000136235.17","23260773:23266517:clu_54640_+","7.3e-10","-1.2","Colon - Sigmoid"
"ENSG00000136235.17","GPNMB","chr7_23282797_A_G_b38","rs4282457","chr7:23260138:23260488:clu_61479_+:ENSG00000136235.17","23260138:23260488:clu_61479_+","7.4e-10","-0.36","Skin - Sun Exposed (Lower leg)"
"ENSG00000136235.17","GPNMB","chr7_23173315_G_T_b38","rs858260","chr7:23260138:23260488:clu_61479_+:ENSG00000136235.17","23260138:23260488:clu_61479_+","7.9e-10","-0.35","Skin - Sun Exposed (Lower leg)"
"ENSG00000136235.17","GPNMB","chr7_23297996_G_T_b38","rs199656","chr7:23260138:23260488:clu_61479_+:ENSG00000136235.17","23260138:23260488:clu_61479_+","8.1e-10","0.35","Skin - Sun Exposed (Lower leg)"
"ENSG00000136235.17","GPNMB","chr7_23288521_AAAACTT_A_b38","rs71735507","chr7:23260138:23260488:clu_61479_+:ENSG00000136235.17","23260138:23260488:clu_61479_+","8.4e-10","-0.35","Skin - Sun Exposed (Lower leg)"
"ENSG00000136235.17","GPNMB","chr7_23400438_G_C_b38","rs75693095","chr7:23260773:23266517:clu_58875_+:ENSG00000136235.17","23260773:23266517:clu_58875_+","8.8e-10","-1.2","Adipose - Visceral (Omentum)"
"ENSG00000136235.17","GPNMB","chr7_23115906_A_G_b38","rs73272053","chr7:23260138:23260488:clu_61479_+:ENSG00000136235.17","23260138:23260488:clu_61479_+","8.8e-10","-0.35","Skin - Sun Exposed (Lower leg)"
"ENSG00000136235.17","GPNMB","chr7_23182251_T_C_b38","rs7808488","chr7:23260138:23260488:clu_61479_+:ENSG00000136235.17","23260138:23260488:clu_61479_+","9.0e-10","-0.34","Skin - Sun Exposed (Lower leg)"
"ENSG00000136235.17","GPNMB","chr7_23190155_T_C_b38","rs1618339","chr7:23260138:23260488:clu_61479_+:ENSG00000136235.17","23260138:23260488:clu_61479_+","9.2e-10","-0.35","Skin - Sun Exposed (Lower leg)"
"ENSG00000136235.17","GPNMB","chr7_23117403_ACTTCT_A_b38","rs10590746","chr7:23260138:23260488:clu_61479_+:ENSG00000136235.17","23260138:23260488:clu_61479_+","9.7e-10","-0.35","Skin - Sun Exposed (Lower leg)"
"ENSG00000136235.17","GPNMB","chr7_23120591_C_T_b38","rs7805206","chr7:23260138:23260488:clu_61479_+:ENSG00000136235.17","23260138:23260488:clu_61479_+","9.7e-10","-0.35","Skin - Sun Exposed (Lower leg)"
"ENSG00000136235.17","GPNMB","chr7_23205012_A_G_b38","rs858300","chr7:23260138:23260488:clu_61479_+:ENSG00000136235.17","23260138:23260488:clu_61479_+","1.1e-9","-0.34","Skin - Sun Exposed (Lower leg)"
"ENSG00000136235.17","GPNMB","chr7_23208417_A_G_b38","rs858290","chr7:23260138:23260488:clu_61479_+:ENSG00000136235.17","23260138:23260488:clu_61479_+","1.1e-9","-0.34","Skin - Sun Exposed (Lower leg)"
"ENSG00000136235.17","GPNMB","chr7_23208539_C_T_b38","rs858289","chr7:23260138:23260488:clu_61479_+:ENSG00000136235.17","23260138:23260488:clu_61479_+","1.1e-9","-0.34","Skin - Sun Exposed (Lower leg)"
"ENSG00000136235.17","GPNMB","chr7_23266522_G_A_b38","rs75801644","chr7:23260773:23266481:clu_53876_+:ENSG00000136235.17","23260773:23266481:clu_53876_+","1.1e-9","1.4","Esophagus - Gastroesophageal Junction"
"ENSG00000136235.17","GPNMB","chr7_23171733_G_A_b38","rs6964665","chr7:23260138:23260488:clu_61479_+:ENSG00000136235.17","23260138:23260488:clu_61479_+","1.2e-9","-0.35","Skin - Sun Exposed (Lower leg)"
"ENSG00000136235.17","GPNMB","chr7_23122201_T_C_b38","rs10224327","chr7:23260138:23260488:clu_61479_+:ENSG00000136235.17","23260138:23260488:clu_61479_+","1.2e-9","-0.34","Skin - Sun Exposed (Lower leg)"
"ENSG00000136235.17","GPNMB","chr7_23400438_G_C_b38","rs75693095","chr7:23260773:23266517:clu_63172_+:ENSG00000136235.17","23260773:23266517:clu_63172_+","1.2e-9","-1.2","Lung"
"ENSG00000136235.17","GPNMB","chr7_23396402_G_C_b38","rs73088171","chr7:23260773:23266481:clu_55461_+:ENSG00000136235.17","23260773:23266481:clu_55461_+","1.2e-9","0.98","Artery - Tibial"
"ENSG00000136235.17","GPNMB","chr7_23266401_T_C_b38","rs156429","chr7:23260138:23260488:clu_61479_+:ENSG00000136235.17","23260138:23260488:clu_61479_+","1.3e-9","-0.35","Skin - Sun Exposed (Lower leg)"
"ENSG00000136235.17","GPNMB","chr7_23394987_C_G_b38","rs78840640","chr7:23260773:23266481:clu_63172_+:ENSG00000136235.17","23260773:23266481:clu_63172_+","1.3e-9","1.1","Lung"
"ENSG00000136235.17","GPNMB","chr7_23269500_T_C_b38","rs156425","chr7:23260138:23260488:clu_61479_+:ENSG00000136235.17","23260138:23260488:clu_61479_+","1.3e-9","-0.34","Skin - Sun Exposed (Lower leg)"
"ENSG00000136235.17","GPNMB","chr7_23229446_A_G_b38","rs1637190","chr7:23260138:23260488:clu_61479_+:ENSG00000136235.17","23260138:23260488:clu_61479_+","1.4e-9","-0.34","Skin - Sun Exposed (Lower leg)"
"ENSG00000136235.17","GPNMB","chr7_23154394_C_T_b38","rs1881201","chr7:23260138:23260488:clu_61479_+:ENSG00000136235.17","23260138:23260488:clu_61479_+","1.4e-9","0.34","Skin - Sun Exposed (Lower leg)"
"ENSG00000136235.17","GPNMB","chr7_22907755_T_C_b38","rs150462895","chr7:23247993:23253307:clu_51380_+:ENSG00000136235.17","23247993:23253307:clu_51380_+","1.4e-9","1.9","Brain - Caudate (basal ganglia)"
"ENSG00000136235.17","GPNMB","chr7_22988632_C_T_b38","rs114855047","chr7:23247993:23253307:clu_51380_+:ENSG00000136235.17","23247993:23253307:clu_51380_+","1.4e-9","1.9","Brain - Caudate (basal ganglia)"
"ENSG00000136235.17","GPNMB","chr7_23400438_G_C_b38","rs75693095","chr7:23260773:23266517:clu_61481_+:ENSG00000136235.17","23260773:23266517:clu_61481_+","1.5e-9","-1.6","Breast - Mammary Tissue"
"ENSG00000136235.17","GPNMB","chr7_23272868_A_G_b38","rs156421","chr7:23260138:23260488:clu_61479_+:ENSG00000136235.17","23260138:23260488:clu_61479_+","1.5e-9","-0.34","Skin - Sun Exposed (Lower leg)"
"ENSG00000136235.17","GPNMB","chr7_23220632_G_T_b38","rs1637193","chr7:23260138:23260488:clu_61479_+:ENSG00000136235.17","23260138:23260488:clu_61479_+","1.6e-9","-0.35","Skin - Sun Exposed (Lower leg)"
"ENSG00000136235.17","GPNMB","chr7_23266522_G_A_b38","rs75801644","chr7:23260773:23266517:clu_55840_+:ENSG00000136235.17","23260773:23266517:clu_55840_+","1.6e-9","-1.3","Esophagus - Muscularis"
"ENSG00000136235.17","GPNMB","chr7_23114316_C_T_b38","rs764534","chr7:23260138:23260488:clu_61479_+:ENSG00000136235.17","23260138:23260488:clu_61479_+","1.7e-9","-0.34","Skin - Sun Exposed (Lower leg)"
"ENSG00000136235.17","GPNMB","chr7_23400438_G_C_b38","rs75693095","chr7:23260773:23266481:clu_63172_+:ENSG00000136235.17","23260773:23266481:clu_63172_+","1.7e-9","1.1","Lung"
"ENSG00000136235.17","GPNMB","chr7_23073884_C_T_b38","rs6461685","chr7:23260138:23260488:clu_61479_+:ENSG00000136235.17","23260138:23260488:clu_61479_+","1.8e-9","-0.34","Skin - Sun Exposed (Lower leg)"
"ENSG00000136235.17","GPNMB","chr7_23211209_T_C_b38","rs6970694","chr7:23260138:23260488:clu_61479_+:ENSG00000136235.17","23260138:23260488:clu_61479_+","1.9e-9","-0.35","Skin - Sun Exposed (Lower leg)"
"ENSG00000136235.17","GPNMB","chr7_23102947_C_T_b38","rs4628176","chr7:23260138:23260488:clu_61479_+:ENSG00000136235.17","23260138:23260488:clu_61479_+","1.9e-9","-0.34","Skin - Sun Exposed (Lower leg)"
"ENSG00000136235.17","GPNMB","chr7_23104563_A_T_b38","rs10488077","chr7:23260138:23260488:clu_61479_+:ENSG00000136235.17","23260138:23260488:clu_61479_+","1.9e-9","-0.34","Skin - Sun Exposed (Lower leg)"
"ENSG00000136235.17","GPNMB","chr7_23111711_A_G_b38","rs12539331","chr7:23260138:23260488:clu_61479_+:ENSG00000136235.17","23260138:23260488:clu_61479_+","2.0e-9","-0.34","Skin - Sun Exposed (Lower leg)"
"ENSG00000136235.17","GPNMB","chr7_23268015_ATGGG_A_b38","rs2307783","chr7:23260138:23260488:clu_61479_+:ENSG00000136235.17","23260138:23260488:clu_61479_+","2.0e-9","-0.34","Skin - Sun Exposed (Lower leg)"
"ENSG00000136235.17","GPNMB","chr7_23349454_C_A_b38","rs7796541","chr7:23260138:23260488:clu_61479_+:ENSG00000136235.17","23260138:23260488:clu_61479_+","2.1e-9","-0.34","Skin - Sun Exposed (Lower leg)"
"ENSG00000136235.17","GPNMB","chr7_23151805_G_C_b38","rs2141307","chr7:23260138:23260488:clu_61479_+:ENSG00000136235.17","23260138:23260488:clu_61479_+","2.2e-9","-0.34","Skin - Sun Exposed (Lower leg)"
"ENSG00000136235.17","GPNMB","chr7_23114694_A_C_b38","rs2068459","chr7:23260138:23260488:clu_61479_+:ENSG00000136235.17","23260138:23260488:clu_61479_+","2.2e-9","-0.34","Skin - Sun Exposed (Lower leg)"
"ENSG00000136235.17","GPNMB","chr7_23362528_A_T_b38","rs10255155","chr7:23260138:23260488:clu_61479_+:ENSG00000136235.17","23260138:23260488:clu_61479_+","2.2e-9","-0.33","Skin - Sun Exposed (Lower leg)"
"ENSG00000136235.17","GPNMB","chr7_23232525_G_A_b38","rs10227559","chr7:23260138:23260488:clu_61479_+:ENSG00000136235.17","23260138:23260488:clu_61479_+","2.3e-9","-0.34","Skin - Sun Exposed (Lower leg)"
"ENSG00000136235.17","GPNMB","chr7_23105295_G_C_b38","rs10241208","chr7:23260138:23260488:clu_61479_+:ENSG00000136235.17","23260138:23260488:clu_61479_+","2.4e-9","-0.34","Skin - Sun Exposed (Lower leg)"
"ENSG00000136235.17","GPNMB","chr7_23103494_G_A_b38","rs10233039","chr7:23260138:23260488:clu_61479_+:ENSG00000136235.17","23260138:23260488:clu_61479_+","2.5e-9","-0.34","Skin - Sun Exposed (Lower leg)"
"ENSG00000136235.17","GPNMB","chr7_23184748_T_C_b38","rs2286272","chr7:23260138:23260488:clu_61479_+:ENSG00000136235.17","23260138:23260488:clu_61479_+","2.5e-9","-0.34","Skin - Sun Exposed (Lower leg)"
"ENSG00000136235.17","GPNMB","chr7_23264294_T_G_b38","rs138617381","chr7:23260773:23266517:clu_58875_+:ENSG00000136235.17","23260773:23266517:clu_58875_+","2.6e-9","-1.9","Adipose - Visceral (Omentum)"
"ENSG00000136235.17","GPNMB","chr7_23277123_A_C_b38","rs166663","chr7:23260138:23260488:clu_61479_+:ENSG00000136235.17","23260138:23260488:clu_61479_+","2.7e-9","-0.34","Skin - Sun Exposed (Lower leg)"
"ENSG00000136235.17","GPNMB","chr7_23292784_G_T_b38","rs466225","chr7:23260138:23260488:clu_61479_+:ENSG00000136235.17","23260138:23260488:clu_61479_+","2.7e-9","-0.34","Skin - Sun Exposed (Lower leg)"
"ENSG00000136235.17","GPNMB","chr7_23297888_G_C_b38","rs199657","chr7:23260138:23260488:clu_61479_+:ENSG00000136235.17","23260138:23260488:clu_61479_+","2.8e-9","0.34","Skin - Sun Exposed (Lower leg)"
"ENSG00000136235.17","GPNMB","chr7_23330889_C_G_b38","rs10279941","chr7:23260138:23260488:clu_61479_+:ENSG00000136235.17","23260138:23260488:clu_61479_+","2.9e-9","-0.33","Skin - Sun Exposed (Lower leg)"
"ENSG00000136235.17","GPNMB","chr7_23266522_G_A_b38","rs75801644","chr7:23260773:23266481:clu_54640_+:ENSG00000136235.17","23260773:23266481:clu_54640_+","2.9e-9","1.3","Colon - Sigmoid"
"ENSG00000136235.17","GPNMB","chr7_23400438_G_C_b38","rs75693095","chr7:23260773:23266481:clu_53810_+:ENSG00000136235.17","23260773:23266481:clu_53810_+","2.9e-9","1.3","Heart - Atrial Appendage"
"ENSG00000136235.17","GPNMB","chr7_23266522_G_A_b38","rs75801644","chr7:23260773:23266481:clu_53810_+:ENSG00000136235.17","23260773:23266481:clu_53810_+","3.0e-9","1.3","Heart - Atrial Appendage"
"ENSG00000136235.17","GPNMB","chr7_23187716_C_G_b38","rs6955568","chr7:23260138:23260488:clu_61479_+:ENSG00000136235.17","23260138:23260488:clu_61479_+","3.3e-9","-0.34","Skin - Sun Exposed (Lower leg)"
"ENSG00000136235.17","GPNMB","chr7_23187525_A_G_b38","rs6955115","chr7:23260138:23260488:clu_61479_+:ENSG00000136235.17","23260138:23260488:clu_61479_+","3.3e-9","-0.34","Skin - Sun Exposed (Lower leg)"
"ENSG00000136235.17","GPNMB","chr7_23188768_A_G_b38","rs10279691","chr7:23260138:23260488:clu_61479_+:ENSG00000136235.17","23260138:23260488:clu_61479_+","3.3e-9","-0.34","Skin - Sun Exposed (Lower leg)"
"ENSG00000136235.17","GPNMB","chr7_23193600_T_A_b38","rs6969563","chr7:23260138:23260488:clu_61479_+:ENSG00000136235.17","23260138:23260488:clu_61479_+","3.3e-9","-0.34","Skin - Sun Exposed (Lower leg)"
"ENSG00000136235.17","GPNMB","chr7_23220688_A_G_b38","rs13225593","chr7:23260138:23260488:clu_61479_+:ENSG00000136235.17","23260138:23260488:clu_61479_+","3.3e-9","-0.34","Skin - Sun Exposed (Lower leg)"
"ENSG00000136235.17","GPNMB","chr7_23367621_G_C_b38","rs4265084","chr7:23260138:23260488:clu_61479_+:ENSG00000136235.17","23260138:23260488:clu_61479_+","3.4e-9","-0.33","Skin - Sun Exposed (Lower leg)"
"ENSG00000136235.17","GPNMB","chr7_23122201_T_C_b38","rs10224327","chr7:23260773:23266481:clu_53810_+:ENSG00000136235.17","23260773:23266481:clu_53810_+","3.4e-9","0.40","Heart - Atrial Appendage"
"ENSG00000136235.17","GPNMB","chr7_23267228_T_C_b38","rs73277858","chr7:23260773:23261482:clu_53526_+:ENSG00000136235.17","23260773:23261482:clu_53526_+","3.6e-9","-1.3","Artery - Aorta"
"ENSG00000136235.17","GPNMB","chr7_23106570_A_G_b38","rs2072369","chr7:23260138:23260488:clu_61479_+:ENSG00000136235.17","23260138:23260488:clu_61479_+","3.6e-9","-0.34","Skin - Sun Exposed (Lower leg)"
"ENSG00000136235.17","GPNMB","chr7_23140513_C_T_b38","rs1468593","chr7:23260138:23260488:clu_61479_+:ENSG00000136235.17","23260138:23260488:clu_61479_+","3.8e-9","-0.34","Skin - Sun Exposed (Lower leg)"
"ENSG00000136235.17","GPNMB","chr7_23363317_G_C_b38","rs10229956","chr7:23260138:23260488:clu_61479_+:ENSG00000136235.17","23260138:23260488:clu_61479_+","3.8e-9","-0.33","Skin - Sun Exposed (Lower leg)"
"ENSG00000136235.17","GPNMB","chr7_23264294_T_G_b38","rs138617381","chr7:23260773:23266517:clu_63172_+:ENSG00000136235.17","23260773:23266517:clu_63172_+","4.0e-9","-1.4","Lung"
"ENSG00000136235.17","GPNMB","chr7_23100321_T_C_b38","rs10235786","chr7:23260138:23260488:clu_61479_+:ENSG00000136235.17","23260138:23260488:clu_61479_+","4.2e-9","-0.33","Skin - Sun Exposed (Lower leg)"
"ENSG00000136235.17","GPNMB","chr7_23330085_C_G_b38","rs199649","chr7:23260138:23260488:clu_61479_+:ENSG00000136235.17","23260138:23260488:clu_61479_+","4.3e-9","0.33","Skin - Sun Exposed (Lower leg)"
"ENSG00000136235.17","GPNMB","chr7_23117403_ACTTCT_A_b38","rs10590746","chr7:23260773:23266481:clu_53810_+:ENSG00000136235.17","23260773:23266481:clu_53810_+","4.5e-9","0.40","Heart - Atrial Appendage"
"ENSG00000136235.17","GPNMB","chr7_23085925_A_T_b38","rs6978827","chr7:23260138:23260488:clu_61479_+:ENSG00000136235.17","23260138:23260488:clu_61479_+","4.6e-9","-0.33","Skin - Sun Exposed (Lower leg)"
"ENSG00000136235.17","GPNMB","chr7_23322186_G_T_b38","rs4428570","chr7:23260138:23260488:clu_61479_+:ENSG00000136235.17","23260138:23260488:clu_61479_+","4.9e-9","-0.33","Skin - Sun Exposed (Lower leg)"
"ENSG00000136235.17","GPNMB","chr7_23085094_T_G_b38","rs7789237","chr7:23260138:23260488:clu_61479_+:ENSG00000136235.17","23260138:23260488:clu_61479_+","5.0e-9","-0.33","Skin - Sun Exposed (Lower leg)"
"ENSG00000136235.17","GPNMB","chr7_23096868_G_C_b38","rs10266123","chr7:23260138:23260488:clu_61479_+:ENSG00000136235.17","23260138:23260488:clu_61479_+","5.0e-9","-0.33","Skin - Sun Exposed (Lower leg)"
"ENSG00000136235.17","GPNMB","chr7_23263868_C_CA_b38","rs112399978","chr7:23260138:23260488:clu_61479_+:ENSG00000136235.17","23260138:23260488:clu_61479_+","5.1e-9","-0.33","Skin - Sun Exposed (Lower leg)"
"ENSG00000136235.17","GPNMB","chr7_23099726_G_A_b38","rs6461691","chr7:23260138:23260488:clu_61479_+:ENSG00000136235.17","23260138:23260488:clu_61479_+","5.4e-9","-0.33","Skin - Sun Exposed (Lower leg)"
"ENSG00000136235.17","GPNMB","chr7_23113034_C_G_b38","rs73272048","chr7:23260138:23260488:clu_61479_+:ENSG00000136235.17","23260138:23260488:clu_61479_+","6.0e-9","-0.33","Skin - Sun Exposed (Lower leg)"
"ENSG00000136235.17","GPNMB","chr7_23129182_C_T_b38","rs4599714","chr7:23260138:23260488:clu_61479_+:ENSG00000136235.17","23260138:23260488:clu_61479_+","6.1e-9","-0.33","Skin - Sun Exposed (Lower leg)"
"ENSG00000136235.17","GPNMB","chr7_23130140_C_T_b38","rs10278776","chr7:23260138:23260488:clu_61479_+:ENSG00000136235.17","23260138:23260488:clu_61479_+","6.1e-9","-0.33","Skin - Sun Exposed (Lower leg)"
"ENSG00000136235.17","GPNMB","chr7_23280170_T_G_b38","rs1728320","chr7:23260138:23260488:clu_61479_+:ENSG00000136235.17","23260138:23260488:clu_61479_+","6.2e-9","-0.33","Skin - Sun Exposed (Lower leg)"
"ENSG00000136235.17","GPNMB","chr7_23220969_G_T_b38","rs7807879","chr7:23260138:23260488:clu_61479_+:ENSG00000136235.17","23260138:23260488:clu_61479_+","6.3e-9","-0.34","Skin - Sun Exposed (Lower leg)"
"ENSG00000136235.17","GPNMB","chr7_23209654_C_G_b38","rs6461702","chr7:23260138:23260488:clu_61479_+:ENSG00000136235.17","23260138:23260488:clu_61479_+","6.4e-9","-0.34","Skin - Sun Exposed (Lower leg)"
"ENSG00000136235.17","GPNMB","chr7_23210739_T_C_b38","rs115564536","chr7:23246927:23253307:clu_51380_+:ENSG00000136235.17","23246927:23253307:clu_51380_+","6.5e-9","-1.7","Brain - Caudate (basal ganglia)"
"ENSG00000136235.17","GPNMB","chr7_23119987_C_G_b38","rs78581164","chr7:23246927:23253307:clu_51380_+:ENSG00000136235.17","23246927:23253307:clu_51380_+","6.5e-9","-1.7","Brain - Caudate (basal ganglia)"
"ENSG00000136235.17","GPNMB","chr7_23121051_C_G_b38","rs77104675","chr7:23246927:23253307:clu_51380_+:ENSG00000136235.17","23246927:23253307:clu_51380_+","6.5e-9","-1.7","Brain - Caudate (basal ganglia)"
"ENSG00000136235.17","GPNMB","chr7_23161972_A_T_b38","rs75265968","chr7:23246927:23253307:clu_51380_+:ENSG00000136235.17","23246927:23253307:clu_51380_+","6.5e-9","-1.7","Brain - Caudate (basal ganglia)"
"ENSG00000136235.17","GPNMB","chr7_23202172_G_C_b38","rs6968810","chr7:23260138:23260488:clu_61479_+:ENSG00000136235.17","23260138:23260488:clu_61479_+","6.5e-9","-0.33","Skin - Sun Exposed (Lower leg)"
"ENSG00000136235.17","GPNMB","chr7_23321130_C_T_b38","rs6461705","chr7:23260138:23260488:clu_61479_+:ENSG00000136235.17","23260138:23260488:clu_61479_+","6.5e-9","-0.32","Skin - Sun Exposed (Lower leg)"
"ENSG00000136235.17","GPNMB","chr7_23192363_G_T_b38","rs6943926","chr7:23260138:23260488:clu_61479_+:ENSG00000136235.17","23260138:23260488:clu_61479_+","6.8e-9","-0.34","Skin - Sun Exposed (Lower leg)"
"ENSG00000136235.17","GPNMB","chr7_23154986_A_G_b38","rs955187","chr7:23260138:23260488:clu_61479_+:ENSG00000136235.17","23260138:23260488:clu_61479_+","7.0e-9","0.33","Skin - Sun Exposed (Lower leg)"
"ENSG00000136235.17","GPNMB","chr7_23076240_A_G_b38","rs12539467","chr7:23260138:23260488:clu_61479_+:ENSG00000136235.17","23260138:23260488:clu_61479_+","7.1e-9","-0.33","Skin - Sun Exposed (Lower leg)"
"ENSG00000136235.17","GPNMB","chr7_23115906_A_G_b38","rs73272053","chr7:23260773:23266481:clu_53810_+:ENSG00000136235.17","23260773:23266481:clu_53810_+","7.3e-9","0.39","Heart - Atrial Appendage"
"ENSG00000136235.17","GPNMB","chr7_23120591_C_T_b38","rs7805206","chr7:23260773:23266481:clu_53810_+:ENSG00000136235.17","23260773:23266481:clu_53810_+","7.5e-9","0.39","Heart - Atrial Appendage"
"ENSG00000136235.17","GPNMB","chr7_23111711_A_G_b38","rs12539331","chr7:23260773:23266481:clu_53810_+:ENSG00000136235.17","23260773:23266481:clu_53810_+","7.7e-9","0.39","Heart - Atrial Appendage"
"ENSG00000136235.17","GPNMB","chr7_23408598_T_C_b38","rs7785349","chr7:23260773:23266517:clu_54640_+:ENSG00000136235.17","23260773:23266517:clu_54640_+","7.8e-9","-0.82","Colon - Sigmoid"
"ENSG00000136235.17","GPNMB","chr7_23146348_G_A_b38","rs4559148","chr7:23260138:23260488:clu_61479_+:ENSG00000136235.17","23260138:23260488:clu_61479_+","8.0e-9","-0.33","Skin - Sun Exposed (Lower leg)"
"ENSG00000136235.17","GPNMB","chr7_23146350_C_T_b38","rs4377861","chr7:23260138:23260488:clu_61479_+:ENSG00000136235.17","23260138:23260488:clu_61479_+","8.0e-9","-0.33","Skin - Sun Exposed (Lower leg)"
"ENSG00000136235.17","GPNMB","chr7_23087427_T_TCAAA_b38","","chr7:23260138:23260488:clu_61479_+:ENSG00000136235.17","23260138:23260488:clu_61479_+","8.1e-9","-0.33","Skin - Sun Exposed (Lower leg)"
"ENSG00000136235.17","GPNMB","chr7_23079688_C_T_b38","rs7776644","chr7:23260138:23260488:clu_61479_+:ENSG00000136235.17","23260138:23260488:clu_61479_+","8.2e-9","-0.33","Skin - Sun Exposed (Lower leg)"
"ENSG00000136235.17","GPNMB","chr7_23122201_T_C_b38","rs10224327","chr7:23260773:23266517:clu_53810_+:ENSG00000136235.17","23260773:23266517:clu_53810_+","8.3e-9","-0.40","Heart - Atrial Appendage"
"ENSG00000136235.17","GPNMB","chr7_23131157_G_A_b38","rs4140959","chr7:23260138:23260488:clu_61479_+:ENSG00000136235.17","23260138:23260488:clu_61479_+","8.4e-9","-0.33","Skin - Sun Exposed (Lower leg)"
"ENSG00000136235.17","GPNMB","chr7_23134563_A_G_b38","rs13438452","chr7:23260138:23260488:clu_61479_+:ENSG00000136235.17","23260138:23260488:clu_61479_+","8.4e-9","-0.33","Skin - Sun Exposed (Lower leg)"
"ENSG00000136235.17","GPNMB","chr7_23147560_G_A_b38","rs10247268","chr7:23260138:23260488:clu_61479_+:ENSG00000136235.17","23260138:23260488:clu_61479_+","8.7e-9","-0.33","Skin - Sun Exposed (Lower leg)"
"ENSG00000136235.17","GPNMB","chr7_23148160_G_A_b38","rs6461694","chr7:23260138:23260488:clu_61479_+:ENSG00000136235.17","23260138:23260488:clu_61479_+","8.7e-9","-0.33","Skin - Sun Exposed (Lower leg)"
"ENSG00000136235.17","GPNMB","chr7_23150624_C_T_b38","rs7805085","chr7:23260138:23260488:clu_61479_+:ENSG00000136235.17","23260138:23260488:clu_61479_+","8.7e-9","-0.33","Skin - Sun Exposed (Lower leg)"
"ENSG00000136235.17","GPNMB","chr7_23150875_A_G_b38","rs2390754","chr7:23260138:23260488:clu_61479_+:ENSG00000136235.17","23260138:23260488:clu_61479_+","8.7e-9","-0.33","Skin - Sun Exposed (Lower leg)"
"ENSG00000136235.17","GPNMB","chr7_23079698_C_T_b38","rs7776649","chr7:23260138:23260488:clu_61479_+:ENSG00000136235.17","23260138:23260488:clu_61479_+","8.8e-9","-0.33","Skin - Sun Exposed (Lower leg)"
"ENSG00000136235.17","GPNMB","chr7_23083296_C_T_b38","rs2003555","chr7:23260138:23260488:clu_61479_+:ENSG00000136235.17","23260138:23260488:clu_61479_+","9.0e-9","-0.33","Skin - Sun Exposed (Lower leg)"
"ENSG00000136235.17","GPNMB","chr7_23088794_G_A_b38","rs7799422","chr7:23260138:23260488:clu_61479_+:ENSG00000136235.17","23260138:23260488:clu_61479_+","9.0e-9","-0.33","Skin - Sun Exposed (Lower leg)"
"ENSG00000136235.17","GPNMB","chr7_23089557_T_TAAAAC_b38","","chr7:23260138:23260488:clu_61479_+:ENSG00000136235.17","23260138:23260488:clu_61479_+","9.0e-9","-0.33","Skin - Sun Exposed (Lower leg)"
"ENSG00000136235.17","GPNMB","chr7_23092166_A_G_b38","rs28483572","chr7:23260138:23260488:clu_61479_+:ENSG00000136235.17","23260138:23260488:clu_61479_+","9.0e-9","-0.33","Skin - Sun Exposed (Lower leg)"
"ENSG00000136235.17","GPNMB","chr7_23110331_C_T_b38","rs10239760","chr7:23260773:23266481:clu_53810_+:ENSG00000136235.17","23260773:23266481:clu_53810_+","9.1e-9","0.39","Heart - Atrial Appendage"
"ENSG00000136235.17","GPNMB","chr7_23126389_C_T_b38","rs6966776","chr7:23260138:23260488:clu_61479_+:ENSG00000136235.17","23260138:23260488:clu_61479_+","9.1e-9","-0.33","Skin - Sun Exposed (Lower leg)"
"ENSG00000136235.17","GPNMB","chr7_23127045_G_C_b38","rs929507","chr7:23260138:23260488:clu_61479_+:ENSG00000136235.17","23260138:23260488:clu_61479_+","9.1e-9","-0.33","Skin - Sun Exposed (Lower leg)"
"ENSG00000136235.17","GPNMB","chr7_23127090_C_A_b38","rs929508","chr7:23260138:23260488:clu_61479_+:ENSG00000136235.17","23260138:23260488:clu_61479_+","9.1e-9","-0.33","Skin - Sun Exposed (Lower leg)"
"ENSG00000136235.17","GPNMB","chr7_23127792_T_G_b38","rs6968242","chr7:23260138:23260488:clu_61479_+:ENSG00000136235.17","23260138:23260488:clu_61479_+","9.1e-9","-0.33","Skin - Sun Exposed (Lower leg)"
"ENSG00000136235.17","GPNMB","chr7_23128350_T_C_b38","rs1981665","chr7:23260138:23260488:clu_61479_+:ENSG00000136235.17","23260138:23260488:clu_61479_+","9.1e-9","-0.33","Skin - Sun Exposed (Lower leg)"
"ENSG00000136235.17","GPNMB","chr7_23114316_C_T_b38","rs764534","chr7:23260773:23266481:clu_53810_+:ENSG00000136235.17","23260773:23266481:clu_53810_+","9.2e-9","0.39","Heart - Atrial Appendage"
"ENSG00000136235.17","GPNMB","chr7_23114694_A_C_b38","rs2068459","chr7:23260773:23266481:clu_53810_+:ENSG00000136235.17","23260773:23266481:clu_53810_+","9.2e-9","0.39","Heart - Atrial Appendage"
"ENSG00000136235.17","GPNMB","chr7_23136327_A_G_b38","rs6953996","chr7:23260773:23266481:clu_53810_+:ENSG00000136235.17","23260773:23266481:clu_53810_+","9.2e-9","0.39","Heart - Atrial Appendage"
"ENSG00000136235.17","GPNMB","chr7_23071112_C_G_b38","rs7797870","chr7:23260773:23266517:clu_47302_+:ENSG00000136235.17","23260773:23266517:clu_47302_+","9.4e-9","-0.32","Cells - Cultured fibroblasts"
"ENSG00000136235.17","GPNMB","chr7_23091257_T_C_b38","rs6960001","chr7:23260138:23260488:clu_61479_+:ENSG00000136235.17","23260138:23260488:clu_61479_+","9.6e-9","-0.33","Skin - Sun Exposed (Lower leg)"
"ENSG00000136235.17","GPNMB","chr7_23091945_A_G_b38","rs10237755","chr7:23260138:23260488:clu_61479_+:ENSG00000136235.17","23260138:23260488:clu_61479_+","9.6e-9","-0.33","Skin - Sun Exposed (Lower leg)"
"ENSG00000136235.17","GPNMB","chr7_23082821_C_A_b38","rs2014768","chr7:23260138:23260488:clu_61479_+:ENSG00000136235.17","23260138:23260488:clu_61479_+","9.6e-9","-0.33","Skin - Sun Exposed (Lower leg)"
"ENSG00000136235.17","GPNMB","chr7_23089977_C_CA_b38","rs11462155","chr7:23260138:23260488:clu_61479_+:ENSG00000136235.17","23260138:23260488:clu_61479_+","9.6e-9","-0.33","Skin - Sun Exposed (Lower leg)"
"ENSG00000136235.17","GPNMB","chr7_23084258_C_T_b38","rs10256359","chr7:23260138:23260488:clu_61479_+:ENSG00000136235.17","23260138:23260488:clu_61479_+","9.7e-9","-0.33","Skin - Sun Exposed (Lower leg)"
"ENSG00000136235.17","GPNMB","chr7_23084658_T_C_b38","rs7784929","chr7:23260138:23260488:clu_61479_+:ENSG00000136235.17","23260138:23260488:clu_61479_+","9.7e-9","-0.33","Skin - Sun Exposed (Lower leg)"
"ENSG00000136235.17","GPNMB","chr7_23088038_A_C_b38","rs7341483","chr7:23260138:23260488:clu_61479_+:ENSG00000136235.17","23260138:23260488:clu_61479_+","9.7e-9","-0.33","Skin - Sun Exposed (Lower leg)"
"ENSG00000136235.17","GPNMB","chr7_23211386_T_C_b38","rs858279","chr7:23260138:23260488:clu_61479_+:ENSG00000136235.17","23260138:23260488:clu_61479_+","9.7e-9","-0.33","Skin - Sun Exposed (Lower leg)"
"ENSG00000136235.17","GPNMB","chr7_23266522_G_A_b38","rs75801644","chr7:23260773:23266481:clu_62059_+:ENSG00000136235.17","23260773:23266481:clu_62059_+","9.8e-9","1.1","Nerve - Tibial"
"ENSG00000136235.17","GPNMB","chr7_23150593_C_T_b38","rs7805071","chr7:23260138:23260488:clu_61479_+:ENSG00000136235.17","23260138:23260488:clu_61479_+","9.8e-9","-0.33","Skin - Sun Exposed (Lower leg)"
"ENSG00000136235.17","GPNMB","chr7_23350848_G_C_b38","rs274054","chr7:23260138:23260488:clu_61479_+:ENSG00000136235.17","23260138:23260488:clu_61479_+","9.9e-9","-0.33","Skin - Sun Exposed (Lower leg)"
"ENSG00000136235.17","GPNMB","chr7_23071112_C_G_b38","rs7797870","chr7:23260138:23260488:clu_61479_+:ENSG00000136235.17","23260138:23260488:clu_61479_+","1.0e-8","-0.32","Skin - Sun Exposed (Lower leg)"
"ENSG00000136235.17","GPNMB","chr7_23105328_T_C_b38","rs10256524","chr7:23260138:23260488:clu_61479_+:ENSG00000136235.17","23260138:23260488:clu_61479_+","1.0e-8","-0.33","Skin - Sun Exposed (Lower leg)"
"ENSG00000136235.17","GPNMB","chr7_23394987_C_G_b38","rs78840640","chr7:23260773:23266481:clu_58875_+:ENSG00000136235.17","23260773:23266481:clu_58875_+","1.0e-8","1.1","Adipose - Visceral (Omentum)"
"ENSG00000136235.17","GPNMB","chr7_23084266_C_T_b38","rs10256361","chr7:23260138:23260488:clu_61479_+:ENSG00000136235.17","23260138:23260488:clu_61479_+","1.0e-8","-0.33","Skin - Sun Exposed (Lower leg)"
"ENSG00000136235.17","GPNMB","chr7_23087379_G_A_b38","rs7790157","chr7:23260138:23260488:clu_61479_+:ENSG00000136235.17","23260138:23260488:clu_61479_+","1.0e-8","-0.33","Skin - Sun Exposed (Lower leg)"
"ENSG00000136235.17","GPNMB","chr7_23211235_C_T_b38","rs28673077","chr7:23260138:23260488:clu_61479_+:ENSG00000136235.17","23260138:23260488:clu_61479_+","1.1e-8","-0.33","Skin - Sun Exposed (Lower leg)"
"ENSG00000136235.17","GPNMB","chr7_23082887_T_G_b38","rs1985769","chr7:23260138:23260488:clu_61479_+:ENSG00000136235.17","23260138:23260488:clu_61479_+","1.1e-8","-0.32","Skin - Sun Exposed (Lower leg)"
"ENSG00000136235.17","GPNMB","chr7_23210739_T_C_b38","rs115564536","chr7:23247993:23253307:clu_51380_+:ENSG00000136235.17","23247993:23253307:clu_51380_+","1.1e-8","1.6","Brain - Caudate (basal ganglia)"
"ENSG00000136235.17","GPNMB","chr7_23119987_C_G_b38","rs78581164","chr7:23247993:23253307:clu_51380_+:ENSG00000136235.17","23247993:23253307:clu_51380_+","1.1e-8","1.6","Brain - Caudate (basal ganglia)"
"ENSG00000136235.17","GPNMB","chr7_23121051_C_G_b38","rs77104675","chr7:23247993:23253307:clu_51380_+:ENSG00000136235.17","23247993:23253307:clu_51380_+","1.1e-8","1.6","Brain - Caudate (basal ganglia)"
"ENSG00000136235.17","GPNMB","chr7_23161972_A_T_b38","rs75265968","chr7:23247993:23253307:clu_51380_+:ENSG00000136235.17","23247993:23253307:clu_51380_+","1.1e-8","1.6","Brain - Caudate (basal ganglia)"
"ENSG00000136235.17","GPNMB","chr7_23099292_T_C_b38","rs10231555","chr7:23260138:23260488:clu_61479_+:ENSG00000136235.17","23260138:23260488:clu_61479_+","1.2e-8","-0.32","Skin - Sun Exposed (Lower leg)"
"ENSG00000136235.17","GPNMB","chr7_23326526_G_A_b38","rs199652","chr7:23260138:23260488:clu_61479_+:ENSG00000136235.17","23260138:23260488:clu_61479_+","1.2e-8","0.32","Skin - Sun Exposed (Lower leg)"
"ENSG00000136235.17","GPNMB","chr7_23081423_C_G_b38","rs6952947","chr7:23260138:23260488:clu_61479_+:ENSG00000136235.17","23260138:23260488:clu_61479_+","1.2e-8","-0.32","Skin - Sun Exposed (Lower leg)"
"ENSG00000136235.17","GPNMB","chr7_23084479_A_G_b38","rs28499396","chr7:23260138:23260488:clu_61479_+:ENSG00000136235.17","23260138:23260488:clu_61479_+","1.2e-8","-0.32","Skin - Sun Exposed (Lower leg)"
"ENSG00000136235.17","GPNMB","chr7_23350132_T_C_b38","rs3807459","chr7:23260138:23260488:clu_61479_+:ENSG00000136235.17","23260138:23260488:clu_61479_+","1.3e-8","-0.32","Skin - Sun Exposed (Lower leg)"
"ENSG00000136235.17","GPNMB","chr7_23081685_G_A_b38","rs6953728","chr7:23260138:23260488:clu_61479_+:ENSG00000136235.17","23260138:23260488:clu_61479_+","1.3e-8","-0.32","Skin - Sun Exposed (Lower leg)"
"ENSG00000136235.17","GPNMB","chr7_23220895_G_A_b38","rs1637192","chr7:23260138:23260488:clu_61479_+:ENSG00000136235.17","23260138:23260488:clu_61479_+","1.3e-8","-0.32","Skin - Sun Exposed (Lower leg)"
"ENSG00000136235.17","GPNMB","chr7_23103430_T_C_b38","rs7456915","chr7:23260138:23260488:clu_61479_+:ENSG00000136235.17","23260138:23260488:clu_61479_+","1.4e-8","-0.32","Skin - Sun Exposed (Lower leg)"
"ENSG00000136235.17","GPNMB","chr7_23102856_GAA_G_b38","rs35152293","chr7:23260138:23260488:clu_61479_+:ENSG00000136235.17","23260138:23260488:clu_61479_+","1.5e-8","-0.32","Skin - Sun Exposed (Lower leg)"
"ENSG00000136235.17","GPNMB","chr7_23102087_T_A_b38","rs7785842","chr7:23260138:23260488:clu_61479_+:ENSG00000136235.17","23260138:23260488:clu_61479_+","1.5e-8","-0.32","Skin - Sun Exposed (Lower leg)"
"ENSG00000136235.17","GPNMB","chr7_23104232_T_C_b38","rs13438179","chr7:23260138:23260488:clu_61479_+:ENSG00000136235.17","23260138:23260488:clu_61479_+","1.5e-8","-0.32","Skin - Sun Exposed (Lower leg)"
"ENSG00000136235.17","GPNMB","chr7_23299155_C_T_b38","rs466240","chr7:23260138:23260488:clu_61479_+:ENSG00000136235.17","23260138:23260488:clu_61479_+","1.5e-8","0.33","Skin - Sun Exposed (Lower leg)"
"ENSG00000136235.17","GPNMB","chr7_23088333_T_C_b38","rs4409314","chr7:23260138:23260488:clu_61479_+:ENSG00000136235.17","23260138:23260488:clu_61479_+","1.5e-8","-0.32","Skin - Sun Exposed (Lower leg)"
"ENSG00000136235.17","GPNMB","chr7_23147035_T_C_b38","rs6975852","chr7:23260138:23260488:clu_61479_+:ENSG00000136235.17","23260138:23260488:clu_61479_+","1.5e-8","-0.32","Skin - Sun Exposed (Lower leg)"
"ENSG00000136235.17","GPNMB","chr7_23266522_G_A_b38","rs75801644","chr7:23260773:23266517:clu_62059_+:ENSG00000136235.17","23260773:23266517:clu_62059_+","1.5e-8","-1.2","Nerve - Tibial"
"ENSG00000136235.17","GPNMB","chr7_23095272_C_T_b38","rs6961406","chr7:23260138:23260488:clu_61479_+:ENSG00000136235.17","23260138:23260488:clu_61479_+","1.5e-8","-0.32","Skin - Sun Exposed (Lower leg)"
"ENSG00000136235.17","GPNMB","chr7_23095915_A_G_b38","rs6461690","chr7:23260138:23260488:clu_61479_+:ENSG00000136235.17","23260138:23260488:clu_61479_+","1.5e-8","-0.32","Skin - Sun Exposed (Lower leg)"
"ENSG00000136235.17","GPNMB","chr7_23096691_C_T_b38","rs6967419","chr7:23260138:23260488:clu_61479_+:ENSG00000136235.17","23260138:23260488:clu_61479_+","1.5e-8","-0.32","Skin - Sun Exposed (Lower leg)"
"ENSG00000136235.17","GPNMB","chr7_23095171_A_G_b38","rs6961131","chr7:23260138:23260488:clu_61479_+:ENSG00000136235.17","23260138:23260488:clu_61479_+","1.6e-8","-0.32","Skin - Sun Exposed (Lower leg)"
"ENSG00000136235.17","GPNMB","chr7_23097569_C_T_b38","rs1115941","chr7:23260138:23260488:clu_61479_+:ENSG00000136235.17","23260138:23260488:clu_61479_+","1.6e-8","-0.32","Skin - Sun Exposed (Lower leg)"
"ENSG00000136235.17","GPNMB","chr7_23158165_C_A_b38","rs6461695","chr7:23260138:23260488:clu_61479_+:ENSG00000136235.17","23260138:23260488:clu_61479_+","1.6e-8","-0.32","Skin - Sun Exposed (Lower leg)"
"ENSG00000136235.17","GPNMB","chr7_23180616_T_C_b38","rs10254544","chr7:23260138:23260488:clu_61479_+:ENSG00000136235.17","23260138:23260488:clu_61479_+","1.6e-8","-0.32","Skin - Sun Exposed (Lower leg)"
"ENSG00000136235.17","GPNMB","chr7_23362336_G_T_b38","rs433395","chr7:23260138:23260488:clu_61479_+:ENSG00000136235.17","23260138:23260488:clu_61479_+","1.6e-8","-0.32","Skin - Sun Exposed (Lower leg)"
"ENSG00000136235.17","GPNMB","chr7_23119244_G_T_b38","rs10255228","chr7:23260138:23260488:clu_61479_+:ENSG00000136235.17","23260138:23260488:clu_61479_+","1.6e-8","-0.32","Skin - Sun Exposed (Lower leg)"
"ENSG00000136235.17","GPNMB","chr7_23122967_G_A_b38","rs10271613","chr7:23260138:23260488:clu_61479_+:ENSG00000136235.17","23260138:23260488:clu_61479_+","1.6e-8","-0.32","Skin - Sun Exposed (Lower leg)"
"ENSG00000136235.17","GPNMB","chr7_23123180_A_G_b38","rs10242166","chr7:23260138:23260488:clu_61479_+:ENSG00000136235.17","23260138:23260488:clu_61479_+","1.6e-8","-0.32","Skin - Sun Exposed (Lower leg)"
"ENSG00000136235.17","GPNMB","chr7_23125082_C_T_b38","rs15775","chr7:23260138:23260488:clu_61479_+:ENSG00000136235.17","23260138:23260488:clu_61479_+","1.6e-8","-0.32","Skin - Sun Exposed (Lower leg)"
"ENSG00000136235.17","GPNMB","chr7_23114256_C_T_b38","rs764533","chr7:23260138:23260488:clu_61479_+:ENSG00000136235.17","23260138:23260488:clu_61479_+","1.7e-8","-0.32","Skin - Sun Exposed (Lower leg)"
"ENSG00000136235.17","GPNMB","chr7_23264294_T_G_b38","rs138617381","chr7:23260773:23266481:clu_60140_+:ENSG00000136235.17","23260773:23266481:clu_60140_+","1.7e-8","1.2","Skin - Not Sun Exposed (Suprapubic)"
"ENSG00000136235.17","GPNMB","chr7_23098855_C_T_b38","rs7787110","chr7:23260138:23260488:clu_61479_+:ENSG00000136235.17","23260138:23260488:clu_61479_+","1.7e-8","-0.32","Skin - Sun Exposed (Lower leg)"
"ENSG00000136235.17","GPNMB","chr7_23099976_T_C_b38","rs28646184","chr7:23260138:23260488:clu_61479_+:ENSG00000136235.17","23260138:23260488:clu_61479_+","1.7e-8","-0.32","Skin - Sun Exposed (Lower leg)"
"ENSG00000136235.17","GPNMB","chr7_23394987_C_G_b38","rs78840640","chr7:23260773:23266481:clu_53810_+:ENSG00000136235.17","23260773:23266481:clu_53810_+","1.8e-8","1.3","Heart - Atrial Appendage"
"ENSG00000136235.17","GPNMB","chr7_23266197_C_G_b38","rs113828785","chr7:23260773:23261482:clu_53526_+:ENSG00000136235.17","23260773:23261482:clu_53526_+","1.8e-8","-1.3","Artery - Aorta"
"ENSG00000136235.17","GPNMB","chr7_23130808_T_G_b38","rs3735228","chr7:23260138:23260488:clu_61479_+:ENSG00000136235.17","23260138:23260488:clu_61479_+","1.8e-8","-0.32","Skin - Sun Exposed (Lower leg)"
"ENSG00000136235.17","GPNMB","chr7_23117403_ACTTCT_A_b38","rs10590746","chr7:23260773:23266517:clu_53810_+:ENSG00000136235.17","23260773:23266517:clu_53810_+","1.9e-8","-0.39","Heart - Atrial Appendage"
"ENSG00000136235.17","GPNMB","chr7_23191929_C_T_b38","rs6942981","chr7:23260138:23260488:clu_61479_+:ENSG00000136235.17","23260138:23260488:clu_61479_+","1.9e-8","-0.32","Skin - Sun Exposed (Lower leg)"
"ENSG00000136235.17","GPNMB","chr7_23180831_C_T_b38","rs10242104","chr7:23260138:23260488:clu_61479_+:ENSG00000136235.17","23260138:23260488:clu_61479_+","1.9e-8","-0.32","Skin - Sun Exposed (Lower leg)"
"ENSG00000136235.17","GPNMB","chr7_23394987_C_G_b38","rs78840640","chr7:23260773:23266481:clu_56945_+:ENSG00000136235.17","23260773:23266481:clu_56945_+","2.0e-8","1.1","Esophagus - Mucosa"
"ENSG00000136235.17","GPNMB","chr7_23394987_C_G_b38","rs78840640","chr7:23260773:23266481:clu_54640_+:ENSG00000136235.17","23260773:23266481:clu_54640_+","2.0e-8","1.2","Colon - Sigmoid"
"ENSG00000136235.17","GPNMB","chr7_23400438_G_C_b38","rs75693095","chr7:23260773:23266481:clu_54640_+:ENSG00000136235.17","23260773:23266481:clu_54640_+","2.0e-8","1.2","Colon - Sigmoid"
"ENSG00000136235.17","GPNMB","chr7_23268425_T_A_b38","rs78611171","chr7:23260773:23261482:clu_53526_+:ENSG00000136235.17","23260773:23261482:clu_53526_+","2.3e-8","-1.2","Artery - Aorta"
"ENSG00000136235.17","GPNMB","chr7_23320071_C_T_b38","rs141794272","chr7:23246927:23253307:clu_49248_+:ENSG00000136235.17","23246927:23253307:clu_49248_+","2.3e-8","-1.4","Pancreas"
"ENSG00000136235.17","GPNMB","chr7_23263034_AT_A_b38","rs146257332","chr7:23260773:23261482:clu_53526_+:ENSG00000136235.17","23260773:23261482:clu_53526_+","2.3e-8","-1.3","Artery - Aorta"
"ENSG00000136235.17","GPNMB","chr7_23265053_T_C_b38","rs113093941","chr7:23260773:23261482:clu_53526_+:ENSG00000136235.17","23260773:23261482:clu_53526_+","2.3e-8","-1.3","Artery - Aorta"
"ENSG00000136235.17","GPNMB","chr7_23265409_T_C_b38","rs113830119","chr7:23260773:23261482:clu_53526_+:ENSG00000136235.17","23260773:23261482:clu_53526_+","2.3e-8","-1.3","Artery - Aorta"
"ENSG00000136235.17","GPNMB","chr7_23265470_AGGGC_A_b38","rs142550346","chr7:23260773:23261482:clu_53526_+:ENSG00000136235.17","23260773:23261482:clu_53526_+","2.3e-8","-1.3","Artery - Aorta"
"ENSG00000136235.17","GPNMB","chr7_23265819_G_T_b38","rs76259529","chr7:23260773:23261482:clu_53526_+:ENSG00000136235.17","23260773:23261482:clu_53526_+","2.3e-8","-1.3","Artery - Aorta"
"ENSG00000136235.17","GPNMB","chr7_23266358_T_C_b38","rs76375148","chr7:23260773:23261482:clu_53526_+:ENSG00000136235.17","23260773:23261482:clu_53526_+","2.3e-8","-1.3","Artery - Aorta"
"ENSG00000136235.17","GPNMB","chr7_23267352_G_A_b38","rs79954300","chr7:23260773:23261482:clu_53526_+:ENSG00000136235.17","23260773:23261482:clu_53526_+","2.3e-8","-1.3","Artery - Aorta"
"ENSG00000136235.17","GPNMB","chr7_23271516_C_G_b38","rs6962394","chr7:23260773:23261482:clu_53526_+:ENSG00000136235.17","23260773:23261482:clu_53526_+","2.3e-8","-1.3","Artery - Aorta"
"ENSG00000136235.17","GPNMB","chr7_23108854_T_C_b38","rs1034963","chr7:23260138:23260488:clu_61479_+:ENSG00000136235.17","23260138:23260488:clu_61479_+","2.3e-8","-0.32","Skin - Sun Exposed (Lower leg)"
"ENSG00000136235.17","GPNMB","chr7_23261038_T_C_b38","rs75405258","chr7:23260773:23261482:clu_53526_+:ENSG00000136235.17","23260773:23261482:clu_53526_+","2.3e-8","-1.3","Artery - Aorta"
"ENSG00000136235.17","GPNMB","chr7_23261483_A_C_b38","rs111416687","chr7:23260773:23261482:clu_53526_+:ENSG00000136235.17","23260773:23261482:clu_53526_+","2.3e-8","-1.3","Artery - Aorta"
"ENSG00000136235.17","GPNMB","chr7_23157197_C_T_b38","rs10950940","chr7:23260138:23260488:clu_61479_+:ENSG00000136235.17","23260138:23260488:clu_61479_+","2.3e-8","0.32","Skin - Sun Exposed (Lower leg)"
"ENSG00000136235.17","GPNMB","chr7_23092243_C_T_b38","rs61292332","chr7:23260138:23260488:clu_61479_+:ENSG00000136235.17","23260138:23260488:clu_61479_+","2.4e-8","-0.32","Skin - Sun Exposed (Lower leg)"
"ENSG00000136235.17","GPNMB","chr7_23101028_T_C_b38","rs1468592","chr7:23260138:23260488:clu_61479_+:ENSG00000136235.17","23260138:23260488:clu_61479_+","2.4e-8","-0.32","Skin - Sun Exposed (Lower leg)"
"ENSG00000136235.17","GPNMB","chr7_23101713_T_TA_b38","rs139569447","chr7:23260138:23260488:clu_61479_+:ENSG00000136235.17","23260138:23260488:clu_61479_+","2.4e-8","-0.32","Skin - Sun Exposed (Lower leg)"
"ENSG00000136235.17","GPNMB","chr7_23264294_T_G_b38","rs138617381","chr7:23260773:23266517:clu_53810_+:ENSG00000136235.17","23260773:23266517:clu_53810_+","2.5e-8","-1.5","Heart - Atrial Appendage"
"ENSG00000136235.17","GPNMB","chr7_23154612_A_G_b38","rs2103281","chr7:23260138:23260488:clu_61479_+:ENSG00000136235.17","23260138:23260488:clu_61479_+","2.5e-8","-0.32","Skin - Sun Exposed (Lower leg)"
"ENSG00000136235.17","GPNMB","chr7_23298895_C_T_b38","rs199359","chr7:23260138:23260488:clu_61479_+:ENSG00000136235.17","23260138:23260488:clu_61479_+","2.7e-8","0.31","Skin - Sun Exposed (Lower leg)"
"ENSG00000136235.17","GPNMB","chr7_23110683_T_C_b38","rs111279824","chr7:23260138:23260488:clu_61479_+:ENSG00000136235.17","23260138:23260488:clu_61479_+","2.7e-8","-0.32","Skin - Sun Exposed (Lower leg)"
"ENSG00000136235.17","GPNMB","chr7_23282356_G_A_b38","rs115397427","chr7:23246927:23253307:clu_49248_+:ENSG00000136235.17","23246927:23253307:clu_49248_+","2.8e-8","-1.2","Pancreas"
"ENSG00000136235.17","GPNMB","chr7_23106493_C_T_b38","rs2072368","chr7:23260138:23260488:clu_61479_+:ENSG00000136235.17","23260138:23260488:clu_61479_+","2.9e-8","-0.32","Skin - Sun Exposed (Lower leg)"
"ENSG00000136235.17","GPNMB","chr7_23337094_G_A_b38","rs76983703","chr7:23260138:23260488:clu_61479_+:ENSG00000136235.17","23260138:23260488:clu_61479_+","2.9e-8","-0.36","Skin - Sun Exposed (Lower leg)"
"ENSG00000136235.17","GPNMB","chr7_23274960_A_T_b38","rs999804","chr7:23260773:23261482:clu_53526_+:ENSG00000136235.17","23260773:23261482:clu_53526_+","3.1e-8","-1.2","Artery - Aorta"
"ENSG00000136235.17","GPNMB","chr7_23115906_A_G_b38","rs73272053","chr7:23260773:23266517:clu_53810_+:ENSG00000136235.17","23260773:23266517:clu_53810_+","3.1e-8","-0.38","Heart - Atrial Appendage"
"ENSG00000136235.17","GPNMB","chr7_23128758_T_C_b38","rs6969733","chr7:23260138:23260488:clu_61479_+:ENSG00000136235.17","23260138:23260488:clu_61479_+","3.3e-8","-0.32","Skin - Sun Exposed (Lower leg)"
"ENSG00000136235.17","GPNMB","chr7_23129132_G_C_b38","rs4440529","chr7:23260138:23260488:clu_61479_+:ENSG00000136235.17","23260138:23260488:clu_61479_+","3.3e-8","-0.32","Skin - Sun Exposed (Lower leg)"
"ENSG00000136235.17","GPNMB","chr7_23132513_T_C_b38","rs6953020","chr7:23260138:23260488:clu_61479_+:ENSG00000136235.17","23260138:23260488:clu_61479_+","3.3e-8","-0.32","Skin - Sun Exposed (Lower leg)"
"ENSG00000136235.17","GPNMB","chr7_23136327_A_G_b38","rs6953996","chr7:23260773:23266517:clu_53810_+:ENSG00000136235.17","23260773:23266517:clu_53810_+","3.3e-8","-0.38","Heart - Atrial Appendage"
"ENSG00000136235.17","GPNMB","chr7_23120591_C_T_b38","rs7805206","chr7:23260773:23266517:clu_53810_+:ENSG00000136235.17","23260773:23266517:clu_53810_+","3.5e-8","-0.38","Heart - Atrial Appendage"
"ENSG00000136235.17","GPNMB","chr7_23073884_C_T_b38","rs6461685","chr7:23260773:23266481:clu_53810_+:ENSG00000136235.17","23260773:23266481:clu_53810_+","3.5e-8","0.38","Heart - Atrial Appendage"
"ENSG00000136235.17","GPNMB","chr7_23173315_G_T_b38","rs858260","chr7:23260773:23266481:clu_53810_+:ENSG00000136235.17","23260773:23266481:clu_53810_+","3.6e-8","0.38","Heart - Atrial Appendage"
"ENSG00000136235.17","GPNMB","chr7_23261038_T_C_b38","rs75405258","chr7:23260773:23261482:clu_60140_+:ENSG00000136235.17","23260773:23261482:clu_60140_+","3.6e-8","-1.2","Skin - Not Sun Exposed (Suprapubic)"
"ENSG00000136235.17","GPNMB","chr7_23261483_A_C_b38","rs111416687","chr7:23260773:23261482:clu_60140_+:ENSG00000136235.17","23260773:23261482:clu_60140_+","3.6e-8","-1.2","Skin - Not Sun Exposed (Suprapubic)"
"ENSG00000136235.17","GPNMB","chr7_23114316_C_T_b38","rs764534","chr7:23260773:23266517:clu_53810_+:ENSG00000136235.17","23260773:23266517:clu_53810_+","3.7e-8","-0.38","Heart - Atrial Appendage"
"ENSG00000136235.17","GPNMB","chr7_23114694_A_C_b38","rs2068459","chr7:23260773:23266517:clu_53810_+:ENSG00000136235.17","23260773:23266517:clu_53810_+","3.7e-8","-0.38","Heart - Atrial Appendage"
"ENSG00000136235.17","GPNMB","chr7_23088437_G_A_b38","rs4321896","chr7:23260138:23260488:clu_61479_+:ENSG00000136235.17","23260138:23260488:clu_61479_+","3.8e-8","-0.32","Skin - Sun Exposed (Lower leg)"
"ENSG00000136235.17","GPNMB","chr7_23089363_G_A_b38","rs6967475","chr7:23260138:23260488:clu_61479_+:ENSG00000136235.17","23260138:23260488:clu_61479_+","3.8e-8","-0.32","Skin - Sun Exposed (Lower leg)"
"ENSG00000136235.17","GPNMB","chr7_23111711_A_G_b38","rs12539331","chr7:23260773:23266517:clu_53810_+:ENSG00000136235.17","23260773:23266517:clu_53810_+","3.8e-8","-0.38","Heart - Atrial Appendage"
"ENSG00000136235.17","GPNMB","chr7_23096868_G_C_b38","rs10266123","chr7:23260773:23266481:clu_53810_+:ENSG00000136235.17","23260773:23266481:clu_53810_+","3.8e-8","0.37","Heart - Atrial Appendage"
"ENSG00000136235.17","GPNMB","chr7_23099726_G_A_b38","rs6461691","chr7:23260773:23266481:clu_53810_+:ENSG00000136235.17","23260773:23266481:clu_53810_+","3.8e-8","0.37","Heart - Atrial Appendage"
"ENSG00000136235.17","GPNMB","chr7_23102947_C_T_b38","rs4628176","chr7:23260773:23266481:clu_53810_+:ENSG00000136235.17","23260773:23266481:clu_53810_+","3.8e-8","0.37","Heart - Atrial Appendage"
"ENSG00000136235.17","GPNMB","chr7_23104563_A_T_b38","rs10488077","chr7:23260773:23266481:clu_53810_+:ENSG00000136235.17","23260773:23266481:clu_53810_+","3.8e-8","0.37","Heart - Atrial Appendage"
"ENSG00000136235.17","GPNMB","chr7_23121787_G_A_b38","rs11980840","chr7:23260138:23260488:clu_61479_+:ENSG00000136235.17","23260138:23260488:clu_61479_+","3.8e-8","-0.32","Skin - Sun Exposed (Lower leg)"
"ENSG00000136235.17","GPNMB","chr7_23110331_C_T_b38","rs10239760","chr7:23260773:23266517:clu_53810_+:ENSG00000136235.17","23260773:23266517:clu_53810_+","3.8e-8","-0.38","Heart - Atrial Appendage"
"ENSG00000136235.17","GPNMB","chr7_23351890_C_G_b38","rs274058","chr7:23260138:23260488:clu_61479_+:ENSG00000136235.17","23260138:23260488:clu_61479_+","4.0e-8","-0.31","Skin - Sun Exposed (Lower leg)"
"ENSG00000136235.17","GPNMB","chr7_23129224_A_C_b38","rs4624924","chr7:23260138:23260488:clu_61479_+:ENSG00000136235.17","23260138:23260488:clu_61479_+","4.0e-8","-0.32","Skin - Sun Exposed (Lower leg)"
"ENSG00000136235.17","GPNMB","chr7_23135147_G_T_b38","rs6948469","chr7:23260138:23260488:clu_61479_+:ENSG00000136235.17","23260138:23260488:clu_61479_+","4.0e-8","-0.32","Skin - Sun Exposed (Lower leg)"
"ENSG00000136235.17","GPNMB","chr7_23393527_G_A_b38","rs11981126","chr7:23260773:23266481:clu_60088_+:ENSG00000136235.17","23260773:23266481:clu_60088_+","4.1e-8","0.62","Adipose - Subcutaneous"
"ENSG00000136235.17","GPNMB","chr7_23391773_A_C_b38","rs73281643","chr7:23260773:23266481:clu_60088_+:ENSG00000136235.17","23260773:23266481:clu_60088_+","4.1e-8","0.62","Adipose - Subcutaneous"
"ENSG00000136235.17","GPNMB","chr7_23370194_T_G_b38","rs75236850","chr7:23246927:23253307:clu_49248_+:ENSG00000136235.17","23246927:23253307:clu_49248_+","4.3e-8","-1.3","Pancreas"
"ENSG00000136235.17","GPNMB","chr7_23278364_G_A_b38","rs115321997","chr7:23246927:23253307:clu_49248_+:ENSG00000136235.17","23246927:23253307:clu_49248_+","4.3e-8","-1.3","Pancreas"
"ENSG00000136235.17","GPNMB","chr7_23287632_C_T_b38","rs75372507","chr7:23246927:23253307:clu_49248_+:ENSG00000136235.17","23246927:23253307:clu_49248_+","4.3e-8","-1.3","Pancreas"
"ENSG00000136235.17","GPNMB","chr7_23296174_A_G_b38","rs463225","chr7:23246927:23253307:clu_49248_+:ENSG00000136235.17","23246927:23253307:clu_49248_+","4.3e-8","-1.3","Pancreas"
"ENSG00000136235.17","GPNMB","chr7_23364499_G_A_b38","rs142754349","chr7:23246927:23253307:clu_49248_+:ENSG00000136235.17","23246927:23253307:clu_49248_+","4.3e-8","-1.3","Pancreas"
"ENSG00000136235.17","GPNMB","chr7_23371552_T_C_b38","rs74377981","chr7:23246927:23253307:clu_49248_+:ENSG00000136235.17","23246927:23253307:clu_49248_+","4.3e-8","-1.3","Pancreas"
"ENSG00000136235.17","GPNMB","chr7_23212794_G_A_b38","rs6961109","chr7:23260138:23260488:clu_61479_+:ENSG00000136235.17","23260138:23260488:clu_61479_+","4.4e-8","-0.31","Skin - Sun Exposed (Lower leg)"
"ENSG00000136235.17","GPNMB","chr7_23213475_G_A_b38","rs7795105","chr7:23260138:23260488:clu_61479_+:ENSG00000136235.17","23260138:23260488:clu_61479_+","4.4e-8","-0.31","Skin - Sun Exposed (Lower leg)"
"ENSG00000136235.17","GPNMB","chr7_23396402_G_C_b38","rs73088171","chr7:23260773:23266517:clu_53810_+:ENSG00000136235.17","23260773:23266517:clu_53810_+","4.6e-8","-1.2","Heart - Atrial Appendage"
"ENSG00000136235.17","GPNMB","chr7_23212699_C_G_b38","rs6956974","chr7:23260138:23260488:clu_61479_+:ENSG00000136235.17","23260138:23260488:clu_61479_+","4.8e-8","-0.31","Skin - Sun Exposed (Lower leg)"
"ENSG00000136235.17","GPNMB","chr7_23151805_G_C_b38","rs2141307","chr7:23260773:23266481:clu_53810_+:ENSG00000136235.17","23260773:23266481:clu_53810_+","5.5e-8","0.37","Heart - Atrial Appendage"
"ENSG00000136235.17","GPNMB","chr7_23391773_A_C_b38","rs73281643","chr7:23260773:23266517:clu_54640_+:ENSG00000136235.17","23260773:23266517:clu_54640_+","5.6e-8","-0.88","Colon - Sigmoid"
"ENSG00000136235.17","GPNMB","chr7_23393527_G_A_b38","rs11981126","chr7:23260773:23266517:clu_54640_+:ENSG00000136235.17","23260773:23266517:clu_54640_+","5.6e-8","-0.88","Colon - Sigmoid"
"ENSG00000136235.17","GPNMB","chr7_23400438_G_C_b38","rs75693095","chr7:23260773:23266481:clu_58875_+:ENSG00000136235.17","23260773:23266481:clu_58875_+","5.7e-8","1.1","Adipose - Visceral (Omentum)"
"ENSG00000136235.17","GPNMB","chr7_23105676_T_G_b38","rs10256996","chr7:23260138:23260488:clu_61479_+:ENSG00000136235.17","23260138:23260488:clu_61479_+","5.7e-8","-0.29","Skin - Sun Exposed (Lower leg)"
"ENSG00000136235.17","GPNMB","chr7_23090862_T_TA_b38","rs5882881","chr7:23260138:23260488:clu_61479_+:ENSG00000136235.17","23260138:23260488:clu_61479_+","5.8e-8","-0.31","Skin - Sun Exposed (Lower leg)"
"ENSG00000136235.17","GPNMB","chr7_23220632_G_T_b38","rs1637193","chr7:23260138:23260456:clu_53875_+:ENSG00000136235.17","23260138:23260456:clu_53875_+","6.0e-8","0.43","Esophagus - Gastroesophageal Junction"
"ENSG00000136235.17","GPNMB","chr7_23264294_T_G_b38","rs138617381","chr7:23260773:23266481:clu_58875_+:ENSG00000136235.17","23260773:23266481:clu_58875_+","6.2e-8","1.7","Adipose - Visceral (Omentum)"
"ENSG00000136235.17","GPNMB","chr7_23094026_A_T_b38","rs7788821","chr7:23260138:23260488:clu_61479_+:ENSG00000136235.17","23260138:23260488:clu_61479_+","6.2e-8","-0.31","Skin - Sun Exposed (Lower leg)"
"ENSG00000136235.17","GPNMB","chr7_23108854_T_C_b38","rs1034963","chr7:23260773:23266481:clu_53810_+:ENSG00000136235.17","23260773:23266481:clu_53810_+","6.3e-8","0.38","Heart - Atrial Appendage"
"ENSG00000136235.17","GPNMB","chr7_23094637_A_G_b38","rs6956595","chr7:23260138:23260488:clu_61479_+:ENSG00000136235.17","23260138:23260488:clu_61479_+","6.3e-8","-0.31","Skin - Sun Exposed (Lower leg)"
"ENSG00000136235.17","GPNMB","chr7_23096064_AT_A_b38","rs35386638","chr7:23260138:23260488:clu_61479_+:ENSG00000136235.17","23260138:23260488:clu_61479_+","6.3e-8","-0.31","Skin - Sun Exposed (Lower leg)"
"ENSG00000136235.17","GPNMB","chr7_23113058_A_G_b38","rs11984129","chr7:23260138:23260488:clu_61479_+:ENSG00000136235.17","23260138:23260488:clu_61479_+","6.4e-8","-0.31","Skin - Sun Exposed (Lower leg)"
"ENSG00000136235.17","GPNMB","chr7_23104578_T_C_b38","rs13438188","chr7:23260138:23260488:clu_61479_+:ENSG00000136235.17","23260138:23260488:clu_61479_+","6.6e-8","-0.31","Skin - Sun Exposed (Lower leg)"
"ENSG00000136235.17","GPNMB","chr7_23100076_G_C_b38","rs6461692","chr7:23260138:23260488:clu_61479_+:ENSG00000136235.17","23260138:23260488:clu_61479_+","6.7e-8","-0.31","Skin - Sun Exposed (Lower leg)"
"ENSG00000136235.17","GPNMB","chr7_23264294_T_G_b38","rs138617381","chr7:23260773:23266517:clu_53526_+:ENSG00000136235.17","23260773:23266517:clu_53526_+","6.9e-8","-1.5","Artery - Aorta"
"ENSG00000136235.17","GPNMB","chr7_23263674_C_T_b38","rs17147998","chr7:23260773:23261482:clu_53526_+:ENSG00000136235.17","23260773:23261482:clu_53526_+","6.9e-8","-1.4","Artery - Aorta"
"ENSG00000136235.17","GPNMB","chr7_23334111_G_A_b38","rs10233942","chr7:23260138:23260488:clu_61479_+:ENSG00000136235.17","23260138:23260488:clu_61479_+","6.9e-8","-0.30","Skin - Sun Exposed (Lower leg)"
"ENSG00000136235.17","GPNMB","chr7_22848776_G_A_b38","rs77350627","chr7:23247993:23253307:clu_51380_+:ENSG00000136235.17","23247993:23253307:clu_51380_+","7.0e-8","2.8","Brain - Caudate (basal ganglia)"
"ENSG00000136235.17","GPNMB","chr7_22850640_G_A_b38","rs142269236","chr7:23247993:23253307:clu_51380_+:ENSG00000136235.17","23247993:23253307:clu_51380_+","7.0e-8","2.8","Brain - Caudate (basal ganglia)"
"ENSG00000136235.17","GPNMB","chr7_22858378_G_A_b38","rs76670559","chr7:23247993:23253307:clu_51380_+:ENSG00000136235.17","23247993:23253307:clu_51380_+","7.0e-8","2.8","Brain - Caudate (basal ganglia)"
"ENSG00000136235.17","GPNMB","chr7_23264294_T_G_b38","rs138617381","chr7:23260773:23266481:clu_63172_+:ENSG00000136235.17","23260773:23266481:clu_63172_+","7.1e-8","1.2","Lung"
"ENSG00000136235.17","GPNMB","chr7_23105295_G_C_b38","rs10241208","chr7:23260773:23266481:clu_53810_+:ENSG00000136235.17","23260773:23266481:clu_53810_+","7.5e-8","0.37","Heart - Atrial Appendage"
"ENSG00000136235.17","GPNMB","chr7_23259331_G_A_b38","rs112044776","chr7:23260773:23261482:clu_53526_+:ENSG00000136235.17","23260773:23261482:clu_53526_+","7.6e-8","-1.4","Artery - Aorta"
"ENSG00000136235.17","GPNMB","chr7_23259843_T_C_b38","rs74696841","chr7:23260773:23261482:clu_53526_+:ENSG00000136235.17","23260773:23261482:clu_53526_+","7.6e-8","-1.4","Artery - Aorta"
"ENSG00000136235.17","GPNMB","chr7_23260029_C_T_b38","rs17147995","chr7:23260773:23261482:clu_53526_+:ENSG00000136235.17","23260773:23261482:clu_53526_+","7.6e-8","-1.4","Artery - Aorta"
"ENSG00000136235.17","GPNMB","chr7_23261436_G_A_b38","rs113806824","chr7:23260773:23261482:clu_53526_+:ENSG00000136235.17","23260773:23261482:clu_53526_+","7.6e-8","-1.4","Artery - Aorta"
"ENSG00000136235.17","GPNMB","chr7_23261616_C_A_b38","rs112091434","chr7:23260773:23261482:clu_53526_+:ENSG00000136235.17","23260773:23261482:clu_53526_+","7.6e-8","-1.4","Artery - Aorta"
"ENSG00000136235.17","GPNMB","chr7_23263648_C_T_b38","rs79830046","chr7:23260773:23261482:clu_53526_+:ENSG00000136235.17","23260773:23261482:clu_53526_+","7.6e-8","-1.4","Artery - Aorta"
"ENSG00000136235.17","GPNMB","chr7_23264950_G_A_b38","rs77862451","chr7:23260773:23261482:clu_53526_+:ENSG00000136235.17","23260773:23261482:clu_53526_+","7.6e-8","-1.4","Artery - Aorta"
"ENSG00000136235.17","GPNMB","chr7_23265110_C_G_b38","rs75128856","chr7:23260773:23261482:clu_53526_+:ENSG00000136235.17","23260773:23261482:clu_53526_+","7.6e-8","-1.4","Artery - Aorta"
"ENSG00000136235.17","GPNMB","chr7_23265576_T_A_b38","rs111754448","chr7:23260773:23261482:clu_53526_+:ENSG00000136235.17","23260773:23261482:clu_53526_+","7.6e-8","-1.4","Artery - Aorta"
"ENSG00000136235.17","GPNMB","chr7_23270348_C_A_b38","rs6956768","chr7:23260773:23261482:clu_53526_+:ENSG00000136235.17","23260773:23261482:clu_53526_+","7.6e-8","-1.4","Artery - Aorta"
"ENSG00000136235.17","GPNMB","chr7_23116460_G_A_b38","rs1558313","chr7:23260138:23260488:clu_61479_+:ENSG00000136235.17","23260138:23260488:clu_61479_+","7.7e-8","-0.31","Skin - Sun Exposed (Lower leg)"
"ENSG00000136235.17","GPNMB","chr7_23118614_G_A_b38","rs6962526","chr7:23260138:23260488:clu_61479_+:ENSG00000136235.17","23260138:23260488:clu_61479_+","7.7e-8","-0.31","Skin - Sun Exposed (Lower leg)"
"ENSG00000136235.17","GPNMB","chr7_23119904_C_G_b38","rs6971673","chr7:23260138:23260488:clu_61479_+:ENSG00000136235.17","23260138:23260488:clu_61479_+","7.7e-8","-0.31","Skin - Sun Exposed (Lower leg)"
"ENSG00000136235.17","GPNMB","chr7_23120514_G_A_b38","rs6461693","chr7:23260138:23260488:clu_61479_+:ENSG00000136235.17","23260138:23260488:clu_61479_+","7.7e-8","-0.31","Skin - Sun Exposed (Lower leg)"
"ENSG00000136235.17","GPNMB","chr7_23120910_T_C_b38","rs10278700","chr7:23260138:23260488:clu_61479_+:ENSG00000136235.17","23260138:23260488:clu_61479_+","7.7e-8","-0.31","Skin - Sun Exposed (Lower leg)"
"ENSG00000136235.17","GPNMB","chr7_23120932_G_A_b38","rs10263110","chr7:23260138:23260488:clu_61479_+:ENSG00000136235.17","23260138:23260488:clu_61479_+","7.7e-8","-0.31","Skin - Sun Exposed (Lower leg)"
"ENSG00000136235.17","GPNMB","chr7_23123651_C_T_b38","rs11982002","chr7:23260138:23260488:clu_61479_+:ENSG00000136235.17","23260138:23260488:clu_61479_+","7.7e-8","-0.31","Skin - Sun Exposed (Lower leg)"
"ENSG00000136235.17","GPNMB","chr7_23266098_A_G_b38","rs112105017","chr7:23260773:23261482:clu_53526_+:ENSG00000136235.17","23260773:23261482:clu_53526_+","7.8e-8","-1.2","Artery - Aorta"
"ENSG00000136235.17","GPNMB","chr7_23243617_CAGAAGCCAAG_C_b38","rs140224401","chr7:23246927:23253307:clu_51380_+:ENSG00000136235.17","23246927:23253307:clu_51380_+","7.9e-8","-1.6","Brain - Caudate (basal ganglia)"
"ENSG00000136235.17","GPNMB","chr7_23350288_GA_G_b38","rs34445764","chr7:23246927:23253307:clu_49248_+:ENSG00000136235.17","23246927:23253307:clu_49248_+","7.9e-8","-0.97","Pancreas"
"ENSG00000136235.17","GPNMB","chr7_23259260_A_C_b38","rs113528888","chr7:23260773:23261482:clu_53526_+:ENSG00000136235.17","23260773:23261482:clu_53526_+","8.3e-8","-1.3","Artery - Aorta"
"ENSG00000136235.17","GPNMB","chr7_23264146_C_T_b38","rs79695145","chr7:23260773:23261482:clu_53526_+:ENSG00000136235.17","23260773:23261482:clu_53526_+","8.3e-8","-1.3","Artery - Aorta"
"ENSG00000136235.17","GPNMB","chr7_23271055_C_T_b38","rs6461704","chr7:23260773:23261482:clu_53526_+:ENSG00000136235.17","23260773:23261482:clu_53526_+","8.3e-8","-1.3","Artery - Aorta"
"ENSG00000136235.17","GPNMB","chr7_23394987_C_G_b38","rs78840640","chr7:23260773:23266481:clu_63846_+:ENSG00000136235.17","23260773:23266481:clu_63846_+","8.3e-8","0.91","Thyroid"
"ENSG00000136235.17","GPNMB","chr7_23171733_G_A_b38","rs6964665","chr7:23260773:23266481:clu_53810_+:ENSG00000136235.17","23260773:23266481:clu_53810_+","8.5e-8","0.37","Heart - Atrial Appendage"
"ENSG00000136235.17","GPNMB","chr7_23334940_C_G_b38","rs274032","chr7:23260138:23260488:clu_61479_+:ENSG00000136235.17","23260138:23260488:clu_61479_+","8.6e-8","-0.31","Skin - Sun Exposed (Lower leg)"
"ENSG00000136235.17","GPNMB","chr7_23237166_A_G_b38","rs858272","chr7:23260138:23260456:clu_53875_+:ENSG00000136235.17","23260138:23260456:clu_53875_+","8.8e-8","0.43","Esophagus - Gastroesophageal Junction"
"ENSG00000136235.17","GPNMB","chr7_23109189_C_T_b38","rs10235467","chr7:23260138:23260488:clu_61479_+:ENSG00000136235.17","23260138:23260488:clu_61479_+","8.9e-8","-0.31","Skin - Sun Exposed (Lower leg)"
"ENSG00000136235.17","GPNMB","chr7_23109518_C_T_b38","rs6980224","chr7:23260138:23260488:clu_61479_+:ENSG00000136235.17","23260138:23260488:clu_61479_+","8.9e-8","-0.31","Skin - Sun Exposed (Lower leg)"
"ENSG00000136235.17","GPNMB","chr7_23113034_C_G_b38","rs73272048","chr7:23260773:23266481:clu_53810_+:ENSG00000136235.17","23260773:23266481:clu_53810_+","9.1e-8","0.37","Heart - Atrial Appendage"
"ENSG00000136235.17","GPNMB","chr7_23259940_A_G_b38","rs17147985","chr7:23260773:23261482:clu_53526_+:ENSG00000136235.17","23260773:23261482:clu_53526_+","9.2e-8","-1.4","Artery - Aorta"
"ENSG00000136235.17","GPNMB","chr7_23108854_T_C_b38","rs1034963","chr7:23260773:23266517:clu_53810_+:ENSG00000136235.17","23260773:23266517:clu_53810_+","9.2e-8","-0.38","Heart - Atrial Appendage"
"ENSG00000136235.17","GPNMB","chr7_23264488_T_C_b38","rs113432205","chr7:23260773:23261482:clu_53526_+:ENSG00000136235.17","23260773:23261482:clu_53526_+","9.2e-8","-1.2","Artery - Aorta"
"ENSG00000136235.17","GPNMB","chr7_23248690_G_A_b38","rs199357","chr7:23260138:23260456:clu_53875_+:ENSG00000136235.17","23260138:23260456:clu_53875_+","9.6e-8","0.42","Esophagus - Gastroesophageal Junction"
"ENSG00000136235.17","GPNMB","chr7_23259264_G_C_b38","rs112715342","chr7:23260773:23261482:clu_53526_+:ENSG00000136235.17","23260773:23261482:clu_53526_+","9.7e-8","-1.3","Artery - Aorta"
"ENSG00000136235.17","GPNMB","chr7_23259375_A_G_b38","rs113828431","chr7:23260773:23261482:clu_53526_+:ENSG00000136235.17","23260773:23261482:clu_53526_+","9.7e-8","-1.3","Artery - Aorta"
"ENSG00000136235.17","GPNMB","chr7_23033028_TGGA_T_b38","rs150156243","chr7:23246927:23253307:clu_51380_+:ENSG00000136235.17","23246927:23253307:clu_51380_+","9.9e-8","-1.6","Brain - Caudate (basal ganglia)"
"ENSG00000136235.17","GPNMB","chr7_23038577_G_T_b38","rs28850136","chr7:23246927:23253307:clu_51380_+:ENSG00000136235.17","23246927:23253307:clu_51380_+","9.9e-8","-1.6","Brain - Caudate (basal ganglia)"
"ENSG00000136235.17","GPNMB","chr7_23220632_G_T_b38","rs1637193","chr7:23247993:23253307:clu_51380_+:ENSG00000136235.17","23247993:23253307:clu_51380_+","9.9e-8","0.41","Brain - Caudate (basal ganglia)"
"ENSG00000136235.17","GPNMB","chr7_23391773_A_C_b38","rs73281643","chr7:23260773:23266517:clu_58875_+:ENSG00000136235.17","23260773:23266517:clu_58875_+","1.0e-7","-0.78","Adipose - Visceral (Omentum)"
"ENSG00000136235.17","GPNMB","chr7_23393527_G_A_b38","rs11981126","chr7:23260773:23266517:clu_58875_+:ENSG00000136235.17","23260773:23266517:clu_58875_+","1.0e-7","-0.78","Adipose - Visceral (Omentum)"
"ENSG00000136235.17","GPNMB","chr7_23114256_C_T_b38","rs764533","chr7:23260773:23266481:clu_53810_+:ENSG00000136235.17","23260773:23266481:clu_53810_+","1.0e-7","0.37","Heart - Atrial Appendage"
"ENSG00000136235.17","GPNMB","chr7_23400438_G_C_b38","rs75693095","chr7:23260773:23266481:clu_63846_+:ENSG00000136235.17","23260773:23266481:clu_63846_+","1.1e-7","0.91","Thyroid"
"ENSG00000136235.17","GPNMB","chr7_23073884_C_T_b38","rs6461685","chr7:23260773:23266517:clu_53810_+:ENSG00000136235.17","23260773:23266517:clu_53810_+","1.1e-7","-0.37","Heart - Atrial Appendage"
"ENSG00000136235.17","GPNMB","chr7_23088333_T_C_b38","rs4409314","chr7:23260773:23266481:clu_53810_+:ENSG00000136235.17","23260773:23266481:clu_53810_+","1.1e-7","0.36","Heart - Atrial Appendage"
"ENSG00000136235.17","GPNMB","chr7_23108221_G_A_b38","rs987257","chr7:23260138:23260488:clu_61479_+:ENSG00000136235.17","23260138:23260488:clu_61479_+","1.1e-7","-0.31","Skin - Sun Exposed (Lower leg)"
"ENSG00000136235.17","GPNMB","chr7_23110683_T_C_b38","rs111279824","chr7:23260773:23266481:clu_53810_+:ENSG00000136235.17","23260773:23266481:clu_53810_+","1.1e-7","0.37","Heart - Atrial Appendage"
"ENSG00000136235.17","GPNMB","chr7_23119244_G_T_b38","rs10255228","chr7:23260773:23266481:clu_53810_+:ENSG00000136235.17","23260773:23266481:clu_53810_+","1.1e-7","0.37","Heart - Atrial Appendage"
"ENSG00000136235.17","GPNMB","chr7_23122967_G_A_b38","rs10271613","chr7:23260773:23266481:clu_53810_+:ENSG00000136235.17","23260773:23266481:clu_53810_+","1.1e-7","0.37","Heart - Atrial Appendage"
"ENSG00000136235.17","GPNMB","chr7_23123180_A_G_b38","rs10242166","chr7:23260773:23266481:clu_53810_+:ENSG00000136235.17","23260773:23266481:clu_53810_+","1.1e-7","0.37","Heart - Atrial Appendage"
"ENSG00000136235.17","GPNMB","chr7_23125082_C_T_b38","rs15775","chr7:23260773:23266481:clu_53810_+:ENSG00000136235.17","23260773:23266481:clu_53810_+","1.1e-7","0.37","Heart - Atrial Appendage"
"ENSG00000136235.17","GPNMB","chr7_23126389_C_T_b38","rs6966776","chr7:23260773:23266481:clu_53810_+:ENSG00000136235.17","23260773:23266481:clu_53810_+","1.1e-7","0.37","Heart - Atrial Appendage"
"ENSG00000136235.17","GPNMB","chr7_23127045_G_C_b38","rs929507","chr7:23260773:23266481:clu_53810_+:ENSG00000136235.17","23260773:23266481:clu_53810_+","1.1e-7","0.37","Heart - Atrial Appendage"
"ENSG00000136235.17","GPNMB","chr7_23127090_C_A_b38","rs929508","chr7:23260773:23266481:clu_53810_+:ENSG00000136235.17","23260773:23266481:clu_53810_+","1.1e-7","0.37","Heart - Atrial Appendage"
"ENSG00000136235.17","GPNMB","chr7_23127792_T_G_b38","rs6968242","chr7:23260773:23266481:clu_53810_+:ENSG00000136235.17","23260773:23266481:clu_53810_+","1.1e-7","0.37","Heart - Atrial Appendage"
"ENSG00000136235.17","GPNMB","chr7_23128350_T_C_b38","rs1981665","chr7:23260773:23266481:clu_53810_+:ENSG00000136235.17","23260773:23266481:clu_53810_+","1.1e-7","0.37","Heart - Atrial Appendage"
"ENSG00000136235.17","GPNMB","chr7_23129182_C_T_b38","rs4599714","chr7:23260773:23266481:clu_53810_+:ENSG00000136235.17","23260773:23266481:clu_53810_+","1.1e-7","0.37","Heart - Atrial Appendage"
"ENSG00000136235.17","GPNMB","chr7_23130140_C_T_b38","rs10278776","chr7:23260773:23266481:clu_53810_+:ENSG00000136235.17","23260773:23266481:clu_53810_+","1.1e-7","0.37","Heart - Atrial Appendage"
"ENSG00000136235.17","GPNMB","chr7_23131157_G_A_b38","rs4140959","chr7:23260773:23266481:clu_53810_+:ENSG00000136235.17","23260773:23266481:clu_53810_+","1.1e-7","0.37","Heart - Atrial Appendage"
"ENSG00000136235.17","GPNMB","chr7_23134563_A_G_b38","rs13438452","chr7:23260773:23266481:clu_53810_+:ENSG00000136235.17","23260773:23266481:clu_53810_+","1.1e-7","0.37","Heart - Atrial Appendage"
"ENSG00000136235.17","GPNMB","chr7_23085925_A_T_b38","rs6978827","chr7:23260773:23266481:clu_53810_+:ENSG00000136235.17","23260773:23266481:clu_53810_+","1.2e-7","0.37","Heart - Atrial Appendage"
"ENSG00000136235.17","GPNMB","chr7_23113034_C_G_b38","rs73272048","chr7:23260773:23266517:clu_53810_+:ENSG00000136235.17","23260773:23266517:clu_53810_+","1.2e-7","-0.37","Heart - Atrial Appendage"
"ENSG00000136235.17","GPNMB","chr7_23248690_G_A_b38","rs199357","chr7:23247993:23253307:clu_51380_+:ENSG00000136235.17","23247993:23253307:clu_51380_+","1.2e-7","0.41","Brain - Caudate (basal ganglia)"
"ENSG00000136235.17","GPNMB","chr7_23110683_T_C_b38","rs111279824","chr7:23260773:23266517:clu_53810_+:ENSG00000136235.17","23260773:23266517:clu_53810_+","1.2e-7","-0.37","Heart - Atrial Appendage"
"ENSG00000136235.17","GPNMB","chr7_23119244_G_T_b38","rs10255228","chr7:23260773:23266517:clu_53810_+:ENSG00000136235.17","23260773:23266517:clu_53810_+","1.2e-7","-0.37","Heart - Atrial Appendage"
"ENSG00000136235.17","GPNMB","chr7_23122967_G_A_b38","rs10271613","chr7:23260773:23266517:clu_53810_+:ENSG00000136235.17","23260773:23266517:clu_53810_+","1.2e-7","-0.37","Heart - Atrial Appendage"
"ENSG00000136235.17","GPNMB","chr7_23123180_A_G_b38","rs10242166","chr7:23260773:23266517:clu_53810_+:ENSG00000136235.17","23260773:23266517:clu_53810_+","1.2e-7","-0.37","Heart - Atrial Appendage"
"ENSG00000136235.17","GPNMB","chr7_23125082_C_T_b38","rs15775","chr7:23260773:23266517:clu_53810_+:ENSG00000136235.17","23260773:23266517:clu_53810_+","1.2e-7","-0.37","Heart - Atrial Appendage"
"ENSG00000136235.17","GPNMB","chr7_23126389_C_T_b38","rs6966776","chr7:23260773:23266517:clu_53810_+:ENSG00000136235.17","23260773:23266517:clu_53810_+","1.2e-7","-0.37","Heart - Atrial Appendage"
"ENSG00000136235.17","GPNMB","chr7_23127045_G_C_b38","rs929507","chr7:23260773:23266517:clu_53810_+:ENSG00000136235.17","23260773:23266517:clu_53810_+","1.2e-7","-0.37","Heart - Atrial Appendage"
"ENSG00000136235.17","GPNMB","chr7_23127090_C_A_b38","rs929508","chr7:23260773:23266517:clu_53810_+:ENSG00000136235.17","23260773:23266517:clu_53810_+","1.2e-7","-0.37","Heart - Atrial Appendage"
"ENSG00000136235.17","GPNMB","chr7_23127792_T_G_b38","rs6968242","chr7:23260773:23266517:clu_53810_+:ENSG00000136235.17","23260773:23266517:clu_53810_+","1.2e-7","-0.37","Heart - Atrial Appendage"
"ENSG00000136235.17","GPNMB","chr7_23128350_T_C_b38","rs1981665","chr7:23260773:23266517:clu_53810_+:ENSG00000136235.17","23260773:23266517:clu_53810_+","1.2e-7","-0.37","Heart - Atrial Appendage"
"ENSG00000136235.17","GPNMB","chr7_23129182_C_T_b38","rs4599714","chr7:23260773:23266517:clu_53810_+:ENSG00000136235.17","23260773:23266517:clu_53810_+","1.2e-7","-0.37","Heart - Atrial Appendage"
"ENSG00000136235.17","GPNMB","chr7_23130140_C_T_b38","rs10278776","chr7:23260773:23266517:clu_53810_+:ENSG00000136235.17","23260773:23266517:clu_53810_+","1.2e-7","-0.37","Heart - Atrial Appendage"
"ENSG00000136235.17","GPNMB","chr7_23131157_G_A_b38","rs4140959","chr7:23260773:23266517:clu_53810_+:ENSG00000136235.17","23260773:23266517:clu_53810_+","1.2e-7","-0.37","Heart - Atrial Appendage"
"ENSG00000136235.17","GPNMB","chr7_23134563_A_G_b38","rs13438452","chr7:23260773:23266517:clu_53810_+:ENSG00000136235.17","23260773:23266517:clu_53810_+","1.2e-7","-0.37","Heart - Atrial Appendage"
"ENSG00000136235.17","GPNMB","chr7_23327570_C_T_b38","rs199650","chr7:23260138:23260488:clu_61479_+:ENSG00000136235.17","23260138:23260488:clu_61479_+","1.2e-7","0.30","Skin - Sun Exposed (Lower leg)"
"ENSG00000136235.17","GPNMB","chr7_23394987_C_G_b38","rs78840640","chr7:23260773:23266517:clu_53526_+:ENSG00000136235.17","23260773:23266517:clu_53526_+","1.2e-7","-1.4","Artery - Aorta"
"ENSG00000136235.17","GPNMB","chr7_23400438_G_C_b38","rs75693095","chr7:23260773:23266517:clu_53526_+:ENSG00000136235.17","23260773:23266517:clu_53526_+","1.2e-7","-1.4","Artery - Aorta"
"ENSG00000136235.17","GPNMB","chr7_23224665_T_G_b38","rs6461703","chr7:23247993:23253307:clu_51380_+:ENSG00000136235.17","23247993:23253307:clu_51380_+","1.2e-7","0.41","Brain - Caudate (basal ganglia)"
"ENSG00000136235.17","GPNMB","chr7_23238664_G_T_b38","rs858271","chr7:23260138:23260456:clu_53875_+:ENSG00000136235.17","23260138:23260456:clu_53875_+","1.3e-7","0.42","Esophagus - Gastroesophageal Junction"
"ENSG00000136235.17","GPNMB","chr7_23224665_T_G_b38","rs6461703","chr7:23260138:23260456:clu_53875_+:ENSG00000136235.17","23260138:23260456:clu_53875_+","1.3e-7","0.42","Esophagus - Gastroesophageal Junction"
"ENSG00000136235.17","GPNMB","chr7_23237166_A_G_b38","rs858272","chr7:23247993:23253307:clu_51380_+:ENSG00000136235.17","23247993:23253307:clu_51380_+","1.3e-7","0.41","Brain - Caudate (basal ganglia)"
"ENSG00000136235.17","GPNMB","chr7_23103430_T_C_b38","rs7456915","chr7:23260773:23266481:clu_53810_+:ENSG00000136235.17","23260773:23266481:clu_53810_+","1.3e-7","0.37","Heart - Atrial Appendage"
"ENSG00000136235.17","GPNMB","chr7_23103430_T_C_b38","rs7456915","chr7:23260773:23266517:clu_53810_+:ENSG00000136235.17","23260773:23266517:clu_53810_+","1.3e-7","-0.37","Heart - Atrial Appendage"
"ENSG00000136235.17","GPNMB","chr7_23264082_T_C_b38","rs10250602","chr7:23260773:23266517:clu_53810_+:ENSG00000136235.17","23260773:23266517:clu_53810_+","1.3e-7","-0.37","Heart - Atrial Appendage"
"ENSG00000136235.17","GPNMB","chr7_23260430_A_C_b38","rs199351","chr7:23247993:23253307:clu_51380_+:ENSG00000136235.17","23247993:23253307:clu_51380_+","1.3e-7","0.41","Brain - Caudate (basal ganglia)"
"ENSG00000136235.17","GPNMB","chr7_23130215_T_A_b38","rs28706766","chr7:23260138:23260488:clu_61479_+:ENSG00000136235.17","23260138:23260488:clu_61479_+","1.4e-7","-0.30","Skin - Sun Exposed (Lower leg)"
"ENSG00000136235.17","GPNMB","chr7_23083296_C_T_b38","rs2003555","chr7:23260773:23266481:clu_53810_+:ENSG00000136235.17","23260773:23266481:clu_53810_+","1.4e-7","0.36","Heart - Atrial Appendage"
"ENSG00000136235.17","GPNMB","chr7_23084258_C_T_b38","rs10256359","chr7:23260773:23266481:clu_53810_+:ENSG00000136235.17","23260773:23266481:clu_53810_+","1.4e-7","0.36","Heart - Atrial Appendage"
"ENSG00000136235.17","GPNMB","chr7_23084658_T_C_b38","rs7784929","chr7:23260773:23266481:clu_53810_+:ENSG00000136235.17","23260773:23266481:clu_53810_+","1.4e-7","0.36","Heart - Atrial Appendage"
"ENSG00000136235.17","GPNMB","chr7_23088038_A_C_b38","rs7341483","chr7:23260773:23266481:clu_53810_+:ENSG00000136235.17","23260773:23266481:clu_53810_+","1.4e-7","0.36","Heart - Atrial Appendage"
"ENSG00000136235.17","GPNMB","chr7_23088794_G_A_b38","rs7799422","chr7:23260773:23266481:clu_53810_+:ENSG00000136235.17","23260773:23266481:clu_53810_+","1.4e-7","0.36","Heart - Atrial Appendage"
"ENSG00000136235.17","GPNMB","chr7_23089557_T_TAAAAC_b38","","chr7:23260773:23266481:clu_53810_+:ENSG00000136235.17","23260773:23266481:clu_53810_+","1.4e-7","0.36","Heart - Atrial Appendage"
"ENSG00000136235.17","GPNMB","chr7_23092166_A_G_b38","rs28483572","chr7:23260773:23266481:clu_53810_+:ENSG00000136235.17","23260773:23266481:clu_53810_+","1.4e-7","0.36","Heart - Atrial Appendage"
"ENSG00000136235.17","GPNMB","chr7_23095272_C_T_b38","rs6961406","chr7:23260773:23266481:clu_53810_+:ENSG00000136235.17","23260773:23266481:clu_53810_+","1.4e-7","0.36","Heart - Atrial Appendage"
"ENSG00000136235.17","GPNMB","chr7_23095915_A_G_b38","rs6461690","chr7:23260773:23266481:clu_53810_+:ENSG00000136235.17","23260773:23266481:clu_53810_+","1.4e-7","0.36","Heart - Atrial Appendage"
"ENSG00000136235.17","GPNMB","chr7_23096691_C_T_b38","rs6967419","chr7:23260773:23266481:clu_53810_+:ENSG00000136235.17","23260773:23266481:clu_53810_+","1.4e-7","0.36","Heart - Atrial Appendage"
"ENSG00000136235.17","GPNMB","chr7_23152747_T_C_b38","rs6965833","chr7:23260138:23260488:clu_61479_+:ENSG00000136235.17","23260138:23260488:clu_61479_+","1.4e-7","-0.31","Skin - Sun Exposed (Lower leg)"
"ENSG00000136235.17","GPNMB","chr7_23152775_A_G_b38","rs6949363","chr7:23260138:23260488:clu_61479_+:ENSG00000136235.17","23260138:23260488:clu_61479_+","1.4e-7","-0.31","Skin - Sun Exposed (Lower leg)"
"ENSG00000136235.17","GPNMB","chr7_23222816_T_A_b38","rs1624451","chr7:23247993:23253307:clu_51380_+:ENSG00000136235.17","23247993:23253307:clu_51380_+","1.4e-7","0.39","Brain - Caudate (basal ganglia)"
"ENSG00000136235.17","GPNMB","chr7_23396402_G_C_b38","rs73088171","chr7:23260773:23266481:clu_54640_+:ENSG00000136235.17","23260773:23266481:clu_54640_+","1.4e-7","0.98","Colon - Sigmoid"
"ENSG00000136235.17","GPNMB","chr7_23229446_A_G_b38","rs1637190","chr7:23247993:23253307:clu_51380_+:ENSG00000136235.17","23247993:23253307:clu_51380_+","1.4e-7","0.39","Brain - Caudate (basal ganglia)"
"ENSG00000136235.17","GPNMB","chr7_23253526_G_T_b38","rs78208743","chr7:23260773:23261482:clu_53526_+:ENSG00000136235.17","23260773:23261482:clu_53526_+","1.5e-7","-1.3","Artery - Aorta"
"ENSG00000136235.17","GPNMB","chr7_23264294_T_G_b38","rs138617381","chr7:23260773:23266517:clu_54640_+:ENSG00000136235.17","23260773:23266517:clu_54640_+","1.5e-7","-1.6","Colon - Sigmoid"
"ENSG00000136235.17","GPNMB","chr7_23082821_C_A_b38","rs2014768","chr7:23260773:23266481:clu_53810_+:ENSG00000136235.17","23260773:23266481:clu_53810_+","1.6e-7","0.36","Heart - Atrial Appendage"
"ENSG00000136235.17","GPNMB","chr7_23084266_C_T_b38","rs10256361","chr7:23260773:23266481:clu_53810_+:ENSG00000136235.17","23260773:23266481:clu_53810_+","1.6e-7","0.36","Heart - Atrial Appendage"
"ENSG00000136235.17","GPNMB","chr7_23087379_G_A_b38","rs7790157","chr7:23260773:23266481:clu_53810_+:ENSG00000136235.17","23260773:23266481:clu_53810_+","1.6e-7","0.36","Heart - Atrial Appendage"
"ENSG00000136235.17","GPNMB","chr7_23089977_C_CA_b38","rs11462155","chr7:23260773:23266481:clu_53810_+:ENSG00000136235.17","23260773:23266481:clu_53810_+","1.6e-7","0.36","Heart - Atrial Appendage"
"ENSG00000136235.17","GPNMB","chr7_23091257_T_C_b38","rs6960001","chr7:23260773:23266481:clu_53810_+:ENSG00000136235.17","23260773:23266481:clu_53810_+","1.6e-7","0.36","Heart - Atrial Appendage"
"ENSG00000136235.17","GPNMB","chr7_23091945_A_G_b38","rs10237755","chr7:23260773:23266481:clu_53810_+:ENSG00000136235.17","23260773:23266481:clu_53810_+","1.6e-7","0.36","Heart - Atrial Appendage"
"ENSG00000136235.17","GPNMB","chr7_23095171_A_G_b38","rs6961131","chr7:23260773:23266481:clu_53810_+:ENSG00000136235.17","23260773:23266481:clu_53810_+","1.6e-7","0.36","Heart - Atrial Appendage"
"ENSG00000136235.17","GPNMB","chr7_23097569_C_T_b38","rs1115941","chr7:23260773:23266481:clu_53810_+:ENSG00000136235.17","23260773:23266481:clu_53810_+","1.6e-7","0.36","Heart - Atrial Appendage"
"ENSG00000136235.17","GPNMB","chr7_23098855_C_T_b38","rs7787110","chr7:23260773:23266481:clu_53810_+:ENSG00000136235.17","23260773:23266481:clu_53810_+","1.6e-7","0.36","Heart - Atrial Appendage"
"ENSG00000136235.17","GPNMB","chr7_23099292_T_C_b38","rs10231555","chr7:23260773:23266481:clu_53810_+:ENSG00000136235.17","23260773:23266481:clu_53810_+","1.6e-7","0.36","Heart - Atrial Appendage"
"ENSG00000136235.17","GPNMB","chr7_23099976_T_C_b38","rs28646184","chr7:23260773:23266481:clu_53810_+:ENSG00000136235.17","23260773:23266481:clu_53810_+","1.6e-7","0.36","Heart - Atrial Appendage"
"ENSG00000136235.17","GPNMB","chr7_23085925_A_T_b38","rs6978827","chr7:23260773:23266517:clu_53810_+:ENSG00000136235.17","23260773:23266517:clu_53810_+","1.6e-7","-0.37","Heart - Atrial Appendage"
"ENSG00000136235.17","GPNMB","chr7_23260430_A_C_b38","rs199351","chr7:23260138:23260488:clu_60139_+:ENSG00000136235.17","23260138:23260488:clu_60139_+","1.6e-7","-0.33","Skin - Not Sun Exposed (Suprapubic)"
"ENSG00000136235.17","GPNMB","chr7_23096868_G_C_b38","rs10266123","chr7:23260773:23266517:clu_53810_+:ENSG00000136235.17","23260773:23266517:clu_53810_+","1.6e-7","-0.36","Heart - Atrial Appendage"
"ENSG00000136235.17","GPNMB","chr7_23099726_G_A_b38","rs6461691","chr7:23260773:23266517:clu_53810_+:ENSG00000136235.17","23260773:23266517:clu_53810_+","1.6e-7","-0.36","Heart - Atrial Appendage"
"ENSG00000136235.17","GPNMB","chr7_23102947_C_T_b38","rs4628176","chr7:23260773:23266517:clu_53810_+:ENSG00000136235.17","23260773:23266517:clu_53810_+","1.6e-7","-0.36","Heart - Atrial Appendage"
"ENSG00000136235.17","GPNMB","chr7_23104563_A_T_b38","rs10488077","chr7:23260773:23266517:clu_53810_+:ENSG00000136235.17","23260773:23266517:clu_53810_+","1.6e-7","-0.36","Heart - Atrial Appendage"
"ENSG00000136235.17","GPNMB","chr7_23076347_T_C_b38","rs1990365","chr7:23260138:23260488:clu_61479_+:ENSG00000136235.17","23260138:23260488:clu_61479_+","1.6e-7","-0.30","Skin - Sun Exposed (Lower leg)"
"ENSG00000136235.17","GPNMB","chr7_23130808_T_G_b38","rs3735228","chr7:23260773:23266481:clu_53810_+:ENSG00000136235.17","23260773:23266481:clu_53810_+","1.6e-7","0.37","Heart - Atrial Appendage"
"ENSG00000136235.17","GPNMB","chr7_23202172_G_C_b38","rs6968810","chr7:23260773:23266481:clu_53810_+:ENSG00000136235.17","23260773:23266481:clu_53810_+","1.6e-7","0.36","Heart - Atrial Appendage"
"ENSG00000136235.17","GPNMB","chr7_23162018_T_C_b38","rs1881200","chr7:23247993:23253307:clu_51380_+:ENSG00000136235.17","23247993:23253307:clu_51380_+","1.6e-7","-0.39","Brain - Caudate (basal ganglia)"
"ENSG00000136235.17","GPNMB","chr7_23217652_T_C_b38","rs75870848","chr7:23260773:23261482:clu_53526_+:ENSG00000136235.17","23260773:23261482:clu_53526_+","1.6e-7","-1.3","Artery - Aorta"
"ENSG00000136235.17","GPNMB","chr7_23219521_A_G_b38","rs113781073","chr7:23260773:23261482:clu_53526_+:ENSG00000136235.17","23260773:23261482:clu_53526_+","1.6e-7","-1.3","Artery - Aorta"
"ENSG00000136235.17","GPNMB","chr7_23223041_G_A_b38","rs113072099","chr7:23260773:23261482:clu_53526_+:ENSG00000136235.17","23260773:23261482:clu_53526_+","1.6e-7","-1.3","Artery - Aorta"
"ENSG00000136235.17","GPNMB","chr7_23227976_A_G_b38","rs112457944","chr7:23260773:23261482:clu_53526_+:ENSG00000136235.17","23260773:23261482:clu_53526_+","1.6e-7","-1.3","Artery - Aorta"
"ENSG00000136235.17","GPNMB","chr7_23228262_T_G_b38","rs113108863","chr7:23260773:23261482:clu_53526_+:ENSG00000136235.17","23260773:23261482:clu_53526_+","1.6e-7","-1.3","Artery - Aorta"
"ENSG00000136235.17","GPNMB","chr7_23233052_A_G_b38","rs79575828","chr7:23260773:23261482:clu_53526_+:ENSG00000136235.17","23260773:23261482:clu_53526_+","1.6e-7","-1.3","Artery - Aorta"
"ENSG00000136235.17","GPNMB","chr7_23237052_A_G_b38","rs74552767","chr7:23260773:23261482:clu_53526_+:ENSG00000136235.17","23260773:23261482:clu_53526_+","1.6e-7","-1.3","Artery - Aorta"
"ENSG00000136235.17","GPNMB","chr7_23239700_G_A_b38","rs6978906","chr7:23260773:23261482:clu_53526_+:ENSG00000136235.17","23260773:23261482:clu_53526_+","1.6e-7","-1.3","Artery - Aorta"
"ENSG00000136235.17","GPNMB","chr7_23243780_G_T_b38","rs146031914","chr7:23260773:23261482:clu_53526_+:ENSG00000136235.17","23260773:23261482:clu_53526_+","1.6e-7","-1.3","Artery - Aorta"
"ENSG00000136235.17","GPNMB","chr7_23252694_C_G_b38","rs78993607","chr7:23260773:23261482:clu_53526_+:ENSG00000136235.17","23260773:23261482:clu_53526_+","1.6e-7","-1.3","Artery - Aorta"
"ENSG00000136235.17","GPNMB","chr7_23171733_G_A_b38","rs6964665","chr7:23247993:23253307:clu_51380_+:ENSG00000136235.17","23247993:23253307:clu_51380_+","1.7e-7","0.40","Brain - Caudate (basal ganglia)"
"ENSG00000136235.17","GPNMB","chr7_23247036_T_A_b38","rs75030519","chr7:23260773:23261482:clu_53526_+:ENSG00000136235.17","23260773:23261482:clu_53526_+","1.7e-7","-1.3","Artery - Aorta"
"ENSG00000136235.17","GPNMB","chr7_23248277_A_C_b38","rs17147947","chr7:23260773:23261482:clu_53526_+:ENSG00000136235.17","23260773:23261482:clu_53526_+","1.7e-7","-1.3","Artery - Aorta"
"ENSG00000136235.17","GPNMB","chr7_23249463_A_C_b38","rs57541772","chr7:23260773:23261482:clu_53526_+:ENSG00000136235.17","23260773:23261482:clu_53526_+","1.7e-7","-1.3","Artery - Aorta"
"ENSG00000136235.17","GPNMB","chr7_23249981_G_A_b38","rs73277831","chr7:23260773:23261482:clu_53526_+:ENSG00000136235.17","23260773:23261482:clu_53526_+","1.7e-7","-1.3","Artery - Aorta"
"ENSG00000136235.17","GPNMB","chr7_23256154_T_C_b38","rs57526389","chr7:23260773:23261482:clu_53526_+:ENSG00000136235.17","23260773:23261482:clu_53526_+","1.7e-7","-1.3","Artery - Aorta"
"ENSG00000136235.17","GPNMB","chr7_23362336_G_T_b38","rs433395","chr7:23260138:23260488:clu_60139_+:ENSG00000136235.17","23260138:23260488:clu_60139_+","1.7e-7","-0.32","Skin - Not Sun Exposed (Suprapubic)"
"ENSG00000136235.17","GPNMB","chr7_23145880_A_G_b38","rs6978478","chr7:23260138:23260488:clu_61479_+:ENSG00000136235.17","23260138:23260488:clu_61479_+","1.7e-7","-0.30","Skin - Sun Exposed (Lower leg)"
"ENSG00000136235.17","GPNMB","chr7_23147904_TCTGCCATTGGG_T_b38","rs11271006","chr7:23260138:23260488:clu_61479_+:ENSG00000136235.17","23260138:23260488:clu_61479_+","1.7e-7","-0.30","Skin - Sun Exposed (Lower leg)"
"ENSG00000136235.17","GPNMB","chr7_23149289_A_G_b38","rs10225608","chr7:23260138:23260488:clu_61479_+:ENSG00000136235.17","23260138:23260488:clu_61479_+","1.7e-7","-0.30","Skin - Sun Exposed (Lower leg)"
"ENSG00000136235.17","GPNMB","chr7_23149317_T_C_b38","rs28624974","chr7:23260138:23260488:clu_61479_+:ENSG00000136235.17","23260138:23260488:clu_61479_+","1.7e-7","-0.30","Skin - Sun Exposed (Lower leg)"
"ENSG00000136235.17","GPNMB","chr7_23149381_T_C_b38","rs10270788","chr7:23260138:23260488:clu_61479_+:ENSG00000136235.17","23260138:23260488:clu_61479_+","1.7e-7","-0.30","Skin - Sun Exposed (Lower leg)"
"ENSG00000136235.17","GPNMB","chr7_23149396_G_A_b38","rs28716381","chr7:23260138:23260488:clu_61479_+:ENSG00000136235.17","23260138:23260488:clu_61479_+","1.7e-7","-0.30","Skin - Sun Exposed (Lower leg)"
"ENSG00000136235.17","GPNMB","chr7_23150120_C_T_b38","rs1358442","chr7:23260138:23260488:clu_61479_+:ENSG00000136235.17","23260138:23260488:clu_61479_+","1.7e-7","-0.30","Skin - Sun Exposed (Lower leg)"
"ENSG00000136235.17","GPNMB","chr7_23151252_T_C_b38","rs4365988","chr7:23260138:23260488:clu_61479_+:ENSG00000136235.17","23260138:23260488:clu_61479_+","1.7e-7","-0.30","Skin - Sun Exposed (Lower leg)"
"ENSG00000136235.17","GPNMB","chr7_23151464_T_C_b38","rs10279194","chr7:23260138:23260488:clu_61479_+:ENSG00000136235.17","23260138:23260488:clu_61479_+","1.7e-7","-0.30","Skin - Sun Exposed (Lower leg)"
"ENSG00000136235.17","GPNMB","chr7_23151495_T_C_b38","rs3950345","chr7:23260138:23260488:clu_61479_+:ENSG00000136235.17","23260138:23260488:clu_61479_+","1.7e-7","-0.30","Skin - Sun Exposed (Lower leg)"
"ENSG00000136235.17","GPNMB","chr7_23151880_G_T_b38","rs2390758","chr7:23260138:23260488:clu_61479_+:ENSG00000136235.17","23260138:23260488:clu_61479_+","1.7e-7","-0.30","Skin - Sun Exposed (Lower leg)"
"ENSG00000136235.17","GPNMB","chr7_23152017_A_G_b38","rs2178139","chr7:23260138:23260488:clu_61479_+:ENSG00000136235.17","23260138:23260488:clu_61479_+","1.7e-7","-0.30","Skin - Sun Exposed (Lower leg)"
"ENSG00000136235.17","GPNMB","chr7_23152045_G_A_b38","rs2141306","chr7:23260138:23260488:clu_61479_+:ENSG00000136235.17","23260138:23260488:clu_61479_+","1.7e-7","-0.30","Skin - Sun Exposed (Lower leg)"
"ENSG00000136235.17","GPNMB","chr7_23152280_T_C_b38","rs2141305","chr7:23260138:23260488:clu_61479_+:ENSG00000136235.17","23260138:23260488:clu_61479_+","1.7e-7","-0.30","Skin - Sun Exposed (Lower leg)"
"ENSG00000136235.17","GPNMB","chr7_23152502_T_TTTC_b38","rs35687837","chr7:23260138:23260488:clu_61479_+:ENSG00000136235.17","23260138:23260488:clu_61479_+","1.7e-7","-0.30","Skin - Sun Exposed (Lower leg)"
"ENSG00000136235.17","GPNMB","chr7_23152621_C_T_b38","rs6945510","chr7:23260138:23260488:clu_61479_+:ENSG00000136235.17","23260138:23260488:clu_61479_+","1.7e-7","-0.30","Skin - Sun Exposed (Lower leg)"
"ENSG00000136235.17","GPNMB","chr7_23290481_G_A_b38","rs78920115","chr7:23246927:23253307:clu_49248_+:ENSG00000136235.17","23246927:23253307:clu_49248_+","1.7e-7","-0.96","Pancreas"
"ENSG00000136235.17","GPNMB","chr7_23360157_G_A_b38","rs74625734","chr7:23246927:23253307:clu_49248_+:ENSG00000136235.17","23246927:23253307:clu_49248_+","1.7e-7","-0.96","Pancreas"
"ENSG00000136235.17","GPNMB","chr7_23362629_C_T_b38","rs75164606","chr7:23246927:23253307:clu_49248_+:ENSG00000136235.17","23246927:23253307:clu_49248_+","1.7e-7","-0.96","Pancreas"
"ENSG00000136235.17","GPNMB","chr7_23370556_G_A_b38","rs7788861","chr7:23246927:23253307:clu_49248_+:ENSG00000136235.17","23246927:23253307:clu_49248_+","1.7e-7","-0.96","Pancreas"
"ENSG00000136235.17","GPNMB","chr7_23370722_G_C_b38","rs144299039","chr7:23246927:23253307:clu_49248_+:ENSG00000136235.17","23246927:23253307:clu_49248_+","1.7e-7","-0.96","Pancreas"
"ENSG00000136235.17","GPNMB","chr7_23264082_T_C_b38","rs10250602","chr7:23260773:23266517:clu_47302_+:ENSG00000136235.17","23260773:23266517:clu_47302_+","1.7e-7","-0.30","Cells - Cultured fibroblasts"
"ENSG00000136235.17","GPNMB","chr7_23255281_C_T_b38","rs858273","chr7:23260138:23260488:clu_60139_+:ENSG00000136235.17","23260138:23260488:clu_60139_+","1.7e-7","-0.33","Skin - Not Sun Exposed (Suprapubic)"
"ENSG00000136235.17","GPNMB","chr7_23254127_A_G_b38","rs199347","chr7:23260138:23260456:clu_53875_+:ENSG00000136235.17","23260138:23260456:clu_53875_+","1.7e-7","0.42","Esophagus - Gastroesophageal Junction"
"ENSG00000136235.17","GPNMB","chr7_23255049_T_C_b38","rs858274","chr7:23260138:23260456:clu_53875_+:ENSG00000136235.17","23260138:23260456:clu_53875_+","1.7e-7","0.42","Esophagus - Gastroesophageal Junction"
"ENSG00000136235.17","GPNMB","chr7_23154986_A_G_b38","rs955187","chr7:23247993:23253307:clu_51380_+:ENSG00000136235.17","23247993:23253307:clu_51380_+","1.7e-7","-0.40","Brain - Caudate (basal ganglia)"
"ENSG00000136235.17","GPNMB","chr7_23216550_A_G_b38","rs113259769","chr7:23260773:23261482:clu_53526_+:ENSG00000136235.17","23260773:23261482:clu_53526_+","1.7e-7","-1.4","Artery - Aorta"
"ENSG00000136235.17","GPNMB","chr7_23226651_T_G_b38","rs112947531","chr7:23260773:23261482:clu_53526_+:ENSG00000136235.17","23260773:23261482:clu_53526_+","1.7e-7","-1.4","Artery - Aorta"
"ENSG00000136235.17","GPNMB","chr7_23228508_C_A_b38","rs77498423","chr7:23260773:23261482:clu_53526_+:ENSG00000136235.17","23260773:23261482:clu_53526_+","1.7e-7","-1.4","Artery - Aorta"
"ENSG00000136235.17","GPNMB","chr7_23233734_G_A_b38","rs79596755","chr7:23260773:23261482:clu_53526_+:ENSG00000136235.17","23260773:23261482:clu_53526_+","1.7e-7","-1.4","Artery - Aorta"
"ENSG00000136235.17","GPNMB","chr7_23235424_G_A_b38","rs111646736","chr7:23260773:23261482:clu_53526_+:ENSG00000136235.17","23260773:23261482:clu_53526_+","1.7e-7","-1.4","Artery - Aorta"
"ENSG00000136235.17","GPNMB","chr7_23235711_A_T_b38","rs112764517","chr7:23260773:23261482:clu_53526_+:ENSG00000136235.17","23260773:23261482:clu_53526_+","1.7e-7","-1.4","Artery - Aorta"
"ENSG00000136235.17","GPNMB","chr7_23237053_C_T_b38","rs76958851","chr7:23260773:23261482:clu_53526_+:ENSG00000136235.17","23260773:23261482:clu_53526_+","1.7e-7","-1.4","Artery - Aorta"
"ENSG00000136235.17","GPNMB","chr7_23239149_G_A_b38","rs6977928","chr7:23260773:23261482:clu_53526_+:ENSG00000136235.17","23260773:23261482:clu_53526_+","1.7e-7","-1.4","Artery - Aorta"
"ENSG00000136235.17","GPNMB","chr7_23242025_T_C_b38","rs112542407","chr7:23260773:23261482:clu_53526_+:ENSG00000136235.17","23260773:23261482:clu_53526_+","1.7e-7","-1.4","Artery - Aorta"
"ENSG00000136235.17","GPNMB","chr7_23245842_G_C_b38","rs76919902","chr7:23260773:23261482:clu_53526_+:ENSG00000136235.17","23260773:23261482:clu_53526_+","1.7e-7","-1.4","Artery - Aorta"
"ENSG00000136235.17","GPNMB","chr7_23248207_G_A_b38","rs77845724","chr7:23260773:23261482:clu_53526_+:ENSG00000136235.17","23260773:23261482:clu_53526_+","1.7e-7","-1.4","Artery - Aorta"
"ENSG00000136235.17","GPNMB","chr7_23248236_C_G_b38","rs79569119","chr7:23260773:23261482:clu_53526_+:ENSG00000136235.17","23260773:23261482:clu_53526_+","1.7e-7","-1.4","Artery - Aorta"
"ENSG00000136235.17","GPNMB","chr7_23249783_CTG_C_b38","rs151013531","chr7:23260773:23261482:clu_53526_+:ENSG00000136235.17","23260773:23261482:clu_53526_+","1.7e-7","-1.4","Artery - Aorta"
"ENSG00000136235.17","GPNMB","chr7_23251918_G_A_b38","rs113194611","chr7:23260773:23261482:clu_53526_+:ENSG00000136235.17","23260773:23261482:clu_53526_+","1.7e-7","-1.4","Artery - Aorta"
"ENSG00000136235.17","GPNMB","chr7_23258425_G_C_b38","rs17147973","chr7:23260773:23261482:clu_53526_+:ENSG00000136235.17","23260773:23261482:clu_53526_+","1.7e-7","-1.4","Artery - Aorta"
"ENSG00000136235.17","GPNMB","chr7_23114256_C_T_b38","rs764533","chr7:23260773:23266517:clu_53810_+:ENSG00000136235.17","23260773:23266517:clu_53810_+","1.8e-7","-0.37","Heart - Atrial Appendage"
"ENSG00000136235.17","GPNMB","chr7_23396402_G_C_b38","rs73088171","chr7:23260773:23266517:clu_58875_+:ENSG00000136235.17","23260773:23266517:clu_58875_+","1.8e-7","-0.91","Adipose - Visceral (Omentum)"
"ENSG00000136235.17","GPNMB","chr7_23203211_C_G_b38","rs858305","chr7:23260773:23266481:clu_53810_+:ENSG00000136235.17","23260773:23266481:clu_53810_+","1.8e-7","0.36","Heart - Atrial Appendage"
"ENSG00000136235.17","GPNMB","chr7_23231412_A_C_b38","rs1728313","chr7:23247993:23253307:clu_51380_+:ENSG00000136235.17","23247993:23253307:clu_51380_+","1.8e-7","0.39","Brain - Caudate (basal ganglia)"
"ENSG00000136235.17","GPNMB","chr7_23244824_C_A_b38","rs6971244","chr7:23260773:23261482:clu_53526_+:ENSG00000136235.17","23260773:23261482:clu_53526_+","1.8e-7","-1.3","Artery - Aorta"
"ENSG00000136235.17","GPNMB","chr7_23244845_C_T_b38","rs6971249","chr7:23260773:23261482:clu_53526_+:ENSG00000136235.17","23260773:23261482:clu_53526_+","1.8e-7","-1.3","Artery - Aorta"
"ENSG00000136235.17","GPNMB","chr7_23246058_G_GA_b38","","chr7:23260773:23261482:clu_53526_+:ENSG00000136235.17","23260773:23261482:clu_53526_+","1.8e-7","-1.3","Artery - Aorta"
"ENSG00000136235.17","GPNMB","chr7_23246279_A_G_b38","rs2074767","chr7:23260773:23261482:clu_53526_+:ENSG00000136235.17","23260773:23261482:clu_53526_+","1.8e-7","-1.3","Artery - Aorta"
"ENSG00000136235.17","GPNMB","chr7_23246310_A_T_b38","rs112510931","chr7:23260773:23261482:clu_53526_+:ENSG00000136235.17","23260773:23261482:clu_53526_+","1.8e-7","-1.3","Artery - Aorta"
"ENSG00000136235.17","GPNMB","chr7_23246665_A_G_b38","rs17147940","chr7:23260773:23261482:clu_53526_+:ENSG00000136235.17","23260773:23261482:clu_53526_+","1.8e-7","-1.3","Artery - Aorta"
"ENSG00000136235.17","GPNMB","chr7_23246736_G_GT_b38","rs17524853","chr7:23260773:23261482:clu_53526_+:ENSG00000136235.17","23260773:23261482:clu_53526_+","1.8e-7","-1.3","Artery - Aorta"
"ENSG00000136235.17","GPNMB","chr7_23246906_T_C_b38","rs35519567","chr7:23260773:23261482:clu_53526_+:ENSG00000136235.17","23260773:23261482:clu_53526_+","1.8e-7","-1.3","Artery - Aorta"
"ENSG00000136235.17","GPNMB","chr7_23246995_A_G_b38","rs17147944","chr7:23260773:23261482:clu_53526_+:ENSG00000136235.17","23260773:23261482:clu_53526_+","1.8e-7","-1.3","Artery - Aorta"
"ENSG00000136235.17","GPNMB","chr7_23247781_G_T_b38","rs184338817","chr7:23260773:23261482:clu_53526_+:ENSG00000136235.17","23260773:23261482:clu_53526_+","1.8e-7","-1.3","Artery - Aorta"
"ENSG00000136235.17","GPNMB","chr7_23247782_C_G_b38","rs188988784","chr7:23260773:23261482:clu_53526_+:ENSG00000136235.17","23260773:23261482:clu_53526_+","1.8e-7","-1.3","Artery - Aorta"
"ENSG00000136235.17","GPNMB","chr7_23247879_T_C_b38","rs113158620","chr7:23260773:23261482:clu_53526_+:ENSG00000136235.17","23260773:23261482:clu_53526_+","1.8e-7","-1.3","Artery - Aorta"
"ENSG00000136235.17","GPNMB","chr7_23248844_T_C_b38","rs113116805","chr7:23260773:23261482:clu_53526_+:ENSG00000136235.17","23260773:23261482:clu_53526_+","1.8e-7","-1.3","Artery - Aorta"
"ENSG00000136235.17","GPNMB","chr7_23249122_A_T_b38","rs111783501","chr7:23260773:23261482:clu_53526_+:ENSG00000136235.17","23260773:23261482:clu_53526_+","1.8e-7","-1.3","Artery - Aorta"
"ENSG00000136235.17","GPNMB","chr7_23249335_T_C_b38","rs76485137","chr7:23260773:23261482:clu_53526_+:ENSG00000136235.17","23260773:23261482:clu_53526_+","1.8e-7","-1.3","Artery - Aorta"
"ENSG00000136235.17","GPNMB","chr7_23249502_T_C_b38","rs79269807","chr7:23260773:23261482:clu_53526_+:ENSG00000136235.17","23260773:23261482:clu_53526_+","1.8e-7","-1.3","Artery - Aorta"
"ENSG00000136235.17","GPNMB","chr7_23249581_A_T_b38","rs75629737","chr7:23260773:23261482:clu_53526_+:ENSG00000136235.17","23260773:23261482:clu_53526_+","1.8e-7","-1.3","Artery - Aorta"
"ENSG00000136235.17","GPNMB","chr7_23250808_C_T_b38","rs79508410","chr7:23260773:23261482:clu_53526_+:ENSG00000136235.17","23260773:23261482:clu_53526_+","1.8e-7","-1.3","Artery - Aorta"
"ENSG00000136235.17","GPNMB","chr7_23250965_C_T_b38","rs17147950","chr7:23260773:23261482:clu_53526_+:ENSG00000136235.17","23260773:23261482:clu_53526_+","1.8e-7","-1.3","Artery - Aorta"
"ENSG00000136235.17","GPNMB","chr7_23251159_C_T_b38","rs74550556","chr7:23260773:23261482:clu_53526_+:ENSG00000136235.17","23260773:23261482:clu_53526_+","1.8e-7","-1.3","Artery - Aorta"
"ENSG00000136235.17","GPNMB","chr7_23251165_T_C_b38","rs75630094","chr7:23260773:23261482:clu_53526_+:ENSG00000136235.17","23260773:23261482:clu_53526_+","1.8e-7","-1.3","Artery - Aorta"
"ENSG00000136235.17","GPNMB","chr7_23251786_C_T_b38","rs3779044","chr7:23260773:23261482:clu_53526_+:ENSG00000136235.17","23260773:23261482:clu_53526_+","1.8e-7","-1.3","Artery - Aorta"
"ENSG00000136235.17","GPNMB","chr7_23252249_T_C_b38","rs78165547","chr7:23260773:23261482:clu_53526_+:ENSG00000136235.17","23260773:23261482:clu_53526_+","1.8e-7","-1.3","Artery - Aorta"
"ENSG00000136235.17","GPNMB","chr7_23255179_C_T_b38","rs111939023","chr7:23260773:23261482:clu_53526_+:ENSG00000136235.17","23260773:23261482:clu_53526_+","1.8e-7","-1.3","Artery - Aorta"
"ENSG00000136235.17","GPNMB","chr7_23257177_C_A_b38","rs74606744","chr7:23260773:23261482:clu_53526_+:ENSG00000136235.17","23260773:23261482:clu_53526_+","1.8e-7","-1.3","Artery - Aorta"
"ENSG00000136235.17","GPNMB","chr7_23396402_G_C_b38","rs73088171","chr7:23260773:23266481:clu_61481_+:ENSG00000136235.17","23260773:23266481:clu_61481_+","1.8e-7","1.1","Breast - Mammary Tissue"
"ENSG00000136235.17","GPNMB","chr7_23153652_G_A_b38","rs870476","chr7:23260138:23260488:clu_61479_+:ENSG00000136235.17","23260138:23260488:clu_61479_+","1.8e-7","-0.30","Skin - Sun Exposed (Lower leg)"
"ENSG00000136235.17","GPNMB","chr7_23152006_G_C_b38","rs2178140","chr7:23260138:23260488:clu_61479_+:ENSG00000136235.17","23260138:23260488:clu_61479_+","1.8e-7","-0.30","Skin - Sun Exposed (Lower leg)"
"ENSG00000136235.17","GPNMB","chr7_23087427_T_TCAAA_b38","","chr7:23260773:23266481:clu_53810_+:ENSG00000136235.17","23260773:23266481:clu_53810_+","1.9e-7","0.36","Heart - Atrial Appendage"
"ENSG00000136235.17","GPNMB","chr7_23182251_T_C_b38","rs7808488","chr7:23247993:23253307:clu_51380_+:ENSG00000136235.17","23247993:23253307:clu_51380_+","1.9e-7","0.39","Brain - Caudate (basal ganglia)"
"ENSG00000136235.17","GPNMB","chr7_23244618_A_G_b38","rs858240","chr7:23260138:23260456:clu_53875_+:ENSG00000136235.17","23260138:23260456:clu_53875_+","1.9e-7","0.41","Esophagus - Gastroesophageal Junction"
"ENSG00000136235.17","GPNMB","chr7_23255281_C_T_b38","rs858273","chr7:23260138:23260456:clu_53875_+:ENSG00000136235.17","23260138:23260456:clu_53875_+","1.9e-7","0.41","Esophagus - Gastroesophageal Junction"
"ENSG00000136235.17","GPNMB","chr7_23244618_A_G_b38","rs858240","chr7:23260138:23260488:clu_60139_+:ENSG00000136235.17","23260138:23260488:clu_60139_+","1.9e-7","-0.33","Skin - Not Sun Exposed (Suprapubic)"
"ENSG00000136235.17","GPNMB","chr7_23076240_A_G_b38","rs12539467","chr7:23260773:23266481:clu_53810_+:ENSG00000136235.17","23260773:23266481:clu_53810_+","1.9e-7","0.35","Heart - Atrial Appendage"
"ENSG00000136235.17","GPNMB","chr7_23223855_G_C_b38","rs1728292","chr7:23247993:23253307:clu_51380_+:ENSG00000136235.17","23247993:23253307:clu_51380_+","1.9e-7","0.39","Brain - Caudate (basal ganglia)"
"ENSG00000136235.17","GPNMB","chr7_23258092_T_C_b38","rs80325002","chr7:23260773:23261482:clu_53526_+:ENSG00000136235.17","23260773:23261482:clu_53526_+","1.9e-7","-1.3","Artery - Aorta"
"ENSG00000136235.17","GPNMB","chr7_23320065_C_A_b38","rs10950941","chr7:23260773:23261482:clu_53526_+:ENSG00000136235.17","23260773:23261482:clu_53526_+","2.0e-7","-1.2","Artery - Aorta"
"ENSG00000136235.17","GPNMB","chr7_23320319_C_T_b38","rs75115455","chr7:23260773:23261482:clu_53526_+:ENSG00000136235.17","23260773:23261482:clu_53526_+","2.0e-7","-1.2","Artery - Aorta"
"ENSG00000136235.17","GPNMB","chr7_23320886_G_T_b38","rs115147760","chr7:23260773:23261482:clu_53526_+:ENSG00000136235.17","23260773:23261482:clu_53526_+","2.0e-7","-1.2","Artery - Aorta"
"ENSG00000136235.17","GPNMB","chr7_23321411_C_T_b38","rs11979442","chr7:23260773:23261482:clu_53526_+:ENSG00000136235.17","23260773:23261482:clu_53526_+","2.0e-7","-1.2","Artery - Aorta"
"ENSG00000136235.17","GPNMB","chr7_23327432_C_T_b38","rs189183590","chr7:23260773:23261482:clu_53526_+:ENSG00000136235.17","23260773:23261482:clu_53526_+","2.0e-7","-1.2","Artery - Aorta"
"ENSG00000136235.17","GPNMB","chr7_23190155_T_C_b38","rs1618339","chr7:23247993:23253307:clu_51380_+:ENSG00000136235.17","23247993:23253307:clu_51380_+","2.0e-7","0.40","Brain - Caudate (basal ganglia)"
"ENSG00000136235.17","GPNMB","chr7_23249517_A_C_b38","rs75574164","chr7:23260773:23261482:clu_53526_+:ENSG00000136235.17","23260773:23261482:clu_53526_+","2.0e-7","-1.3","Artery - Aorta"
"ENSG00000136235.17","GPNMB","chr7_23250688_G_A_b38","rs80113965","chr7:23260773:23261482:clu_53526_+:ENSG00000136235.17","23260773:23261482:clu_53526_+","2.0e-7","-1.3","Artery - Aorta"
"ENSG00000136235.17","GPNMB","chr7_23255879_C_T_b38","rs111319354","chr7:23260773:23261482:clu_53526_+:ENSG00000136235.17","23260773:23261482:clu_53526_+","2.0e-7","-1.3","Artery - Aorta"
"ENSG00000136235.17","GPNMB","chr7_23257850_T_C_b38","rs3735235","chr7:23260773:23261482:clu_53526_+:ENSG00000136235.17","23260773:23261482:clu_53526_+","2.0e-7","-1.3","Artery - Aorta"
"ENSG00000136235.17","GPNMB","chr7_23394987_C_G_b38","rs78840640","chr7:23260773:23266481:clu_62059_+:ENSG00000136235.17","23260773:23266481:clu_62059_+","2.0e-7","1.1","Nerve - Tibial"
"ENSG00000136235.17","GPNMB","chr7_23093607_C_A_b38","rs59073109","chr7:23260138:23260488:clu_61479_+:ENSG00000136235.17","23260138:23260488:clu_61479_+","2.0e-7","-0.30","Skin - Sun Exposed (Lower leg)"
"ENSG00000136235.17","GPNMB","chr7_23130808_T_G_b38","rs3735228","chr7:23260773:23266517:clu_53810_+:ENSG00000136235.17","23260773:23266517:clu_53810_+","2.0e-7","-0.37","Heart - Atrial Appendage"
"ENSG00000136235.17","GPNMB","chr7_23246696_G_A_b38","rs858239","chr7:23247993:23253307:clu_51380_+:ENSG00000136235.17","23247993:23253307:clu_51380_+","2.0e-7","0.41","Brain - Caudate (basal ganglia)"
"ENSG00000136235.17","GPNMB","chr7_23255049_T_C_b38","rs858274","chr7:23247993:23253307:clu_51380_+:ENSG00000136235.17","23247993:23253307:clu_51380_+","2.0e-7","0.41","Brain - Caudate (basal ganglia)"
"ENSG00000136235.17","GPNMB","chr7_23238664_G_T_b38","rs858271","chr7:23247993:23253307:clu_51380_+:ENSG00000136235.17","23247993:23253307:clu_51380_+","2.0e-7","0.41","Brain - Caudate (basal ganglia)"
"ENSG00000136235.17","GPNMB","chr7_23244618_A_G_b38","rs858240","chr7:23247993:23253307:clu_51380_+:ENSG00000136235.17","23247993:23253307:clu_51380_+","2.0e-7","0.41","Brain - Caudate (basal ganglia)"
"ENSG00000136235.17","GPNMB","chr7_23254127_A_G_b38","rs199347","chr7:23247993:23253307:clu_51380_+:ENSG00000136235.17","23247993:23253307:clu_51380_+","2.0e-7","0.41","Brain - Caudate (basal ganglia)"
"ENSG00000136235.17","GPNMB","chr7_23255281_C_T_b38","rs858273","chr7:23247993:23253307:clu_51380_+:ENSG00000136235.17","23247993:23253307:clu_51380_+","2.0e-7","0.41","Brain - Caudate (basal ganglia)"
"ENSG00000136235.17","GPNMB","chr7_23173315_G_T_b38","rs858260","chr7:23260773:23266517:clu_53810_+:ENSG00000136235.17","23260773:23266517:clu_53810_+","2.1e-7","-0.36","Heart - Atrial Appendage"
"ENSG00000136235.17","GPNMB","chr7_23203135_A_T_b38","rs858306","chr7:23260773:23266481:clu_53810_+:ENSG00000136235.17","23260773:23266481:clu_53810_+","2.1e-7","0.36","Heart - Atrial Appendage"
"ENSG00000136235.17","GPNMB","chr7_23246696_G_A_b38","rs858239","chr7:23260138:23260456:clu_53875_+:ENSG00000136235.17","23260138:23260456:clu_53875_+","2.1e-7","0.41","Esophagus - Gastroesophageal Junction"
"ENSG00000136235.17","GPNMB","chr7_23327573_A_G_b38","rs586508","chr7:23260773:23261482:clu_53526_+:ENSG00000136235.17","23260773:23261482:clu_53526_+","2.1e-7","-0.90","Artery - Aorta"
"ENSG00000136235.17","GPNMB","chr7_23082821_C_A_b38","rs2014768","chr7:23260773:23266517:clu_53810_+:ENSG00000136235.17","23260773:23266517:clu_53810_+","2.1e-7","-0.36","Heart - Atrial Appendage"
"ENSG00000136235.17","GPNMB","chr7_23084266_C_T_b38","rs10256361","chr7:23260773:23266517:clu_53810_+:ENSG00000136235.17","23260773:23266517:clu_53810_+","2.1e-7","-0.36","Heart - Atrial Appendage"
"ENSG00000136235.17","GPNMB","chr7_23087379_G_A_b38","rs7790157","chr7:23260773:23266517:clu_53810_+:ENSG00000136235.17","23260773:23266517:clu_53810_+","2.1e-7","-0.36","Heart - Atrial Appendage"
"ENSG00000136235.17","GPNMB","chr7_23089977_C_CA_b38","rs11462155","chr7:23260773:23266517:clu_53810_+:ENSG00000136235.17","23260773:23266517:clu_53810_+","2.1e-7","-0.36","Heart - Atrial Appendage"
"ENSG00000136235.17","GPNMB","chr7_23091257_T_C_b38","rs6960001","chr7:23260773:23266517:clu_53810_+:ENSG00000136235.17","23260773:23266517:clu_53810_+","2.1e-7","-0.36","Heart - Atrial Appendage"
"ENSG00000136235.17","GPNMB","chr7_23091945_A_G_b38","rs10237755","chr7:23260773:23266517:clu_53810_+:ENSG00000136235.17","23260773:23266517:clu_53810_+","2.1e-7","-0.36","Heart - Atrial Appendage"
"ENSG00000136235.17","GPNMB","chr7_23095171_A_G_b38","rs6961131","chr7:23260773:23266517:clu_53810_+:ENSG00000136235.17","23260773:23266517:clu_53810_+","2.1e-7","-0.36","Heart - Atrial Appendage"
"ENSG00000136235.17","GPNMB","chr7_23097569_C_T_b38","rs1115941","chr7:23260773:23266517:clu_53810_+:ENSG00000136235.17","23260773:23266517:clu_53810_+","2.1e-7","-0.36","Heart - Atrial Appendage"
"ENSG00000136235.17","GPNMB","chr7_23098855_C_T_b38","rs7787110","chr7:23260773:23266517:clu_53810_+:ENSG00000136235.17","23260773:23266517:clu_53810_+","2.1e-7","-0.36","Heart - Atrial Appendage"
"ENSG00000136235.17","GPNMB","chr7_23099292_T_C_b38","rs10231555","chr7:23260773:23266517:clu_53810_+:ENSG00000136235.17","23260773:23266517:clu_53810_+","2.1e-7","-0.36","Heart - Atrial Appendage"
"ENSG00000136235.17","GPNMB","chr7_23099976_T_C_b38","rs28646184","chr7:23260773:23266517:clu_53810_+:ENSG00000136235.17","23260773:23266517:clu_53810_+","2.1e-7","-0.36","Heart - Atrial Appendage"
"ENSG00000136235.17","GPNMB","chr7_23148751_A_C_b38","rs10280815","chr7:23260138:23260488:clu_61479_+:ENSG00000136235.17","23260138:23260488:clu_61479_+","2.2e-7","-0.30","Skin - Sun Exposed (Lower leg)"
"ENSG00000136235.17","GPNMB","chr7_23276020_G_A_b38","rs156407","chr7:23260138:23260488:clu_60139_+:ENSG00000136235.17","23260138:23260488:clu_60139_+","2.3e-7","-0.33","Skin - Not Sun Exposed (Suprapubic)"
"ENSG00000136235.17","GPNMB","chr7_23400438_G_C_b38","rs75693095","chr7:23260773:23266517:clu_62059_+:ENSG00000136235.17","23260773:23266517:clu_62059_+","2.3e-7","-1.1","Nerve - Tibial"
"ENSG00000136235.17","GPNMB","chr7_23101028_T_C_b38","rs1468592","chr7:23260773:23266481:clu_53810_+:ENSG00000136235.17","23260773:23266481:clu_53810_+","2.4e-7","0.36","Heart - Atrial Appendage"
"ENSG00000136235.17","GPNMB","chr7_23101713_T_TA_b38","rs139569447","chr7:23260773:23266481:clu_53810_+:ENSG00000136235.17","23260773:23266481:clu_53810_+","2.4e-7","0.36","Heart - Atrial Appendage"
"ENSG00000136235.17","GPNMB","chr7_23102087_T_A_b38","rs7785842","chr7:23260773:23266481:clu_53810_+:ENSG00000136235.17","23260773:23266481:clu_53810_+","2.4e-7","0.36","Heart - Atrial Appendage"
"ENSG00000136235.17","GPNMB","chr7_23102856_GAA_G_b38","rs35152293","chr7:23260773:23266481:clu_53810_+:ENSG00000136235.17","23260773:23266481:clu_53810_+","2.4e-7","0.36","Heart - Atrial Appendage"
"ENSG00000136235.17","GPNMB","chr7_23104232_T_C_b38","rs13438179","chr7:23260773:23266481:clu_53810_+:ENSG00000136235.17","23260773:23266481:clu_53810_+","2.4e-7","0.36","Heart - Atrial Appendage"
"ENSG00000136235.17","GPNMB","chr7_23400438_G_C_b38","rs75693095","chr7:23260773:23266517:clu_63846_+:ENSG00000136235.17","23260773:23266517:clu_63846_+","2.4e-7","-0.89","Thyroid"
"ENSG00000136235.17","GPNMB","chr7_23203211_C_G_b38","rs858305","chr7:23247993:23253307:clu_51380_+:ENSG00000136235.17","23247993:23253307:clu_51380_+","2.4e-7","0.38","Brain - Caudate (basal ganglia)"
"ENSG00000136235.17","GPNMB","chr7_23336201_T_C_b38","rs77374452","chr7:23246927:23253307:clu_49248_+:ENSG00000136235.17","23246927:23253307:clu_49248_+","2.5e-7","-1.3","Pancreas"
"ENSG00000136235.17","GPNMB","chr7_23264082_T_C_b38","rs10250602","chr7:23260773:23266481:clu_53810_+:ENSG00000136235.17","23260773:23266481:clu_53810_+","2.5e-7","0.36","Heart - Atrial Appendage"
"ENSG00000136235.17","GPNMB","chr7_23100480_C_T_b38","rs1006709","chr7:23260138:23260488:clu_61479_+:ENSG00000136235.17","23260138:23260488:clu_61479_+","2.5e-7","-0.29","Skin - Sun Exposed (Lower leg)"
"ENSG00000136235.17","GPNMB","chr7_23393527_G_A_b38","rs11981126","chr7:23260773:23266517:clu_60088_+:ENSG00000136235.17","23260773:23266517:clu_60088_+","2.5e-7","-0.61","Adipose - Subcutaneous"
"ENSG00000136235.17","GPNMB","chr7_23391773_A_C_b38","rs73281643","chr7:23260773:23266517:clu_60088_+:ENSG00000136235.17","23260773:23266517:clu_60088_+","2.5e-7","-0.61","Adipose - Subcutaneous"
"ENSG00000136235.17","GPNMB","chr7_23243617_CAGAAGCCAAG_C_b38","rs140224401","chr7:23247993:23253307:clu_51380_+:ENSG00000136235.17","23247993:23253307:clu_51380_+","2.6e-7","1.4","Brain - Caudate (basal ganglia)"
"ENSG00000136235.17","GPNMB","chr7_23114256_C_T_b38","rs764533","chr7:23247993:23253307:clu_51380_+:ENSG00000136235.17","23247993:23253307:clu_51380_+","2.6e-7","0.40","Brain - Caudate (basal ganglia)"
"ENSG00000136235.17","GPNMB","chr7_23105295_G_C_b38","rs10241208","chr7:23260773:23266517:clu_53810_+:ENSG00000136235.17","23260773:23266517:clu_53810_+","2.7e-7","-0.35","Heart - Atrial Appendage"
"ENSG00000136235.17","GPNMB","chr7_23323908_T_C_b38","rs533605820","chr7:23260773:23261482:clu_55461_+:ENSG00000136235.17","23260773:23261482:clu_55461_+","2.7e-7","-1.1","Artery - Tibial"
"ENSG00000136235.17","GPNMB","chr7_23128758_T_C_b38","rs6969733","chr7:23247993:23253307:clu_51380_+:ENSG00000136235.17","23247993:23253307:clu_51380_+","2.7e-7","0.40","Brain - Caudate (basal ganglia)"
"ENSG00000136235.17","GPNMB","chr7_23129132_G_C_b38","rs4440529","chr7:23247993:23253307:clu_51380_+:ENSG00000136235.17","23247993:23253307:clu_51380_+","2.7e-7","0.40","Brain - Caudate (basal ganglia)"
"ENSG00000136235.17","GPNMB","chr7_23132513_T_C_b38","rs6953020","chr7:23247993:23253307:clu_51380_+:ENSG00000136235.17","23247993:23253307:clu_51380_+","2.7e-7","0.40","Brain - Caudate (basal ganglia)"
"ENSG00000136235.17","GPNMB","chr7_23203135_A_T_b38","rs858306","chr7:23247993:23253307:clu_51380_+:ENSG00000136235.17","23247993:23253307:clu_51380_+","2.7e-7","0.38","Brain - Caudate (basal ganglia)"
"ENSG00000136235.17","GPNMB","chr7_23282797_A_G_b38","rs4282457","chr7:23247993:23253307:clu_51380_+:ENSG00000136235.17","23247993:23253307:clu_51380_+","2.7e-7","0.40","Brain - Caudate (basal ganglia)"
"ENSG00000136235.17","GPNMB","chr7_23246696_G_A_b38","rs858239","chr7:23260138:23260488:clu_60139_+:ENSG00000136235.17","23260138:23260488:clu_60139_+","2.7e-7","-0.33","Skin - Not Sun Exposed (Suprapubic)"
"ENSG00000136235.17","GPNMB","chr7_23132685_C_G_b38","rs6971002","chr7:23260138:23260488:clu_61479_+:ENSG00000136235.17","23260138:23260488:clu_61479_+","2.7e-7","-0.30","Skin - Sun Exposed (Lower leg)"
"ENSG00000136235.17","GPNMB","chr7_23251368_G_A_b38","rs10262243","chr7:23247993:23253307:clu_51380_+:ENSG00000136235.17","23247993:23253307:clu_51380_+","2.7e-7","0.39","Brain - Caudate (basal ganglia)"
"ENSG00000136235.17","GPNMB","chr7_23088333_T_C_b38","rs4409314","chr7:23260773:23266517:clu_53810_+:ENSG00000136235.17","23260773:23266517:clu_53810_+","2.7e-7","-0.35","Heart - Atrial Appendage"
"ENSG00000136235.17","GPNMB","chr7_23282797_A_G_b38","rs4282457","chr7:23260138:23260488:clu_60139_+:ENSG00000136235.17","23260138:23260488:clu_60139_+","2.8e-7","-0.33","Skin - Not Sun Exposed (Suprapubic)"
"ENSG00000136235.17","GPNMB","chr7_23254127_A_G_b38","rs199347","chr7:23260138:23260488:clu_60139_+:ENSG00000136235.17","23260138:23260488:clu_60139_+","2.8e-7","-0.33","Skin - Not Sun Exposed (Suprapubic)"
"ENSG00000136235.17","GPNMB","chr7_23255049_T_C_b38","rs858274","chr7:23260138:23260488:clu_60139_+:ENSG00000136235.17","23260138:23260488:clu_60139_+","2.8e-7","-0.33","Skin - Not Sun Exposed (Suprapubic)"
"ENSG00000136235.17","GPNMB","chr7_23286482_T_C_b38","rs113641877","chr7:23260773:23261482:clu_53526_+:ENSG00000136235.17","23260773:23261482:clu_53526_+","2.8e-7","-1.2","Artery - Aorta"
"ENSG00000136235.17","GPNMB","chr7_23083296_C_T_b38","rs2003555","chr7:23260773:23266517:clu_53810_+:ENSG00000136235.17","23260773:23266517:clu_53810_+","2.8e-7","-0.36","Heart - Atrial Appendage"
"ENSG00000136235.17","GPNMB","chr7_23084258_C_T_b38","rs10256359","chr7:23260773:23266517:clu_53810_+:ENSG00000136235.17","23260773:23266517:clu_53810_+","2.8e-7","-0.36","Heart - Atrial Appendage"
"ENSG00000136235.17","GPNMB","chr7_23084658_T_C_b38","rs7784929","chr7:23260773:23266517:clu_53810_+:ENSG00000136235.17","23260773:23266517:clu_53810_+","2.8e-7","-0.36","Heart - Atrial Appendage"
"ENSG00000136235.17","GPNMB","chr7_23088038_A_C_b38","rs7341483","chr7:23260773:23266517:clu_53810_+:ENSG00000136235.17","23260773:23266517:clu_53810_+","2.8e-7","-0.36","Heart - Atrial Appendage"
"ENSG00000136235.17","GPNMB","chr7_23088794_G_A_b38","rs7799422","chr7:23260773:23266517:clu_53810_+:ENSG00000136235.17","23260773:23266517:clu_53810_+","2.8e-7","-0.36","Heart - Atrial Appendage"
"ENSG00000136235.17","GPNMB","chr7_23089557_T_TAAAAC_b38","","chr7:23260773:23266517:clu_53810_+:ENSG00000136235.17","23260773:23266517:clu_53810_+","2.8e-7","-0.36","Heart - Atrial Appendage"
"ENSG00000136235.17","GPNMB","chr7_23092166_A_G_b38","rs28483572","chr7:23260773:23266517:clu_53810_+:ENSG00000136235.17","23260773:23266517:clu_53810_+","2.8e-7","-0.36","Heart - Atrial Appendage"
"ENSG00000136235.17","GPNMB","chr7_23095272_C_T_b38","rs6961406","chr7:23260773:23266517:clu_53810_+:ENSG00000136235.17","23260773:23266517:clu_53810_+","2.8e-7","-0.36","Heart - Atrial Appendage"
"ENSG00000136235.17","GPNMB","chr7_23095915_A_G_b38","rs6461690","chr7:23260773:23266517:clu_53810_+:ENSG00000136235.17","23260773:23266517:clu_53810_+","2.8e-7","-0.36","Heart - Atrial Appendage"
"ENSG00000136235.17","GPNMB","chr7_23096691_C_T_b38","rs6967419","chr7:23260773:23266517:clu_53810_+:ENSG00000136235.17","23260773:23266517:clu_53810_+","2.8e-7","-0.36","Heart - Atrial Appendage"
"ENSG00000136235.17","GPNMB","chr7_23106570_A_G_b38","rs2072369","chr7:23260773:23266481:clu_53810_+:ENSG00000136235.17","23260773:23266481:clu_53810_+","2.9e-7","0.36","Heart - Atrial Appendage"
"ENSG00000136235.17","GPNMB","chr7_23265809_T_C_b38","rs78196688","chr7:23260773:23261482:clu_53526_+:ENSG00000136235.17","23260773:23261482:clu_53526_+","2.9e-7","-1.2","Artery - Aorta"
"ENSG00000136235.17","GPNMB","chr7_23270508_C_CA_b38","rs111966075","chr7:23260773:23261482:clu_53526_+:ENSG00000136235.17","23260773:23261482:clu_53526_+","2.9e-7","-1.2","Artery - Aorta"
"ENSG00000136235.17","GPNMB","chr7_23276885_C_T_b38","rs113230097","chr7:23260773:23261482:clu_53526_+:ENSG00000136235.17","23260773:23261482:clu_53526_+","2.9e-7","-1.2","Artery - Aorta"
"ENSG00000136235.17","GPNMB","chr7_23276997_A_G_b38","rs78331284","chr7:23260773:23261482:clu_53526_+:ENSG00000136235.17","23260773:23261482:clu_53526_+","2.9e-7","-1.2","Artery - Aorta"
"ENSG00000136235.17","GPNMB","chr7_23280087_A_T_b38","rs76887094","chr7:23260773:23261482:clu_53526_+:ENSG00000136235.17","23260773:23261482:clu_53526_+","2.9e-7","-1.2","Artery - Aorta"
"ENSG00000136235.17","GPNMB","chr7_23284360_T_C_b38","rs80100814","chr7:23260773:23261482:clu_53526_+:ENSG00000136235.17","23260773:23261482:clu_53526_+","2.9e-7","-1.2","Artery - Aorta"
"ENSG00000136235.17","GPNMB","chr7_23286418_T_TC_b38","rs148763352","chr7:23260138:23260488:clu_60139_+:ENSG00000136235.17","23260138:23260488:clu_60139_+","2.9e-7","-0.34","Skin - Not Sun Exposed (Suprapubic)"
"ENSG00000136235.17","GPNMB","chr7_23254525_T_C_b38","rs858275","chr7:23247993:23253307:clu_51380_+:ENSG00000136235.17","23247993:23253307:clu_51380_+","2.9e-7","0.39","Brain - Caudate (basal ganglia)"
"ENSG00000136235.17","GPNMB","chr7_23352652_T_C_b38","rs200717","chr7:23260138:23260488:clu_61479_+:ENSG00000136235.17","23260138:23260488:clu_61479_+","2.9e-7","-0.29","Skin - Sun Exposed (Lower leg)"
"ENSG00000136235.17","GPNMB","chr7_23113058_A_G_b38","rs11984129","chr7:23247993:23253307:clu_51380_+:ENSG00000136235.17","23247993:23253307:clu_51380_+","3.0e-7","0.40","Brain - Caudate (basal ganglia)"
"ENSG00000136235.17","GPNMB","chr7_23391773_A_C_b38","rs73281643","chr7:23260773:23266481:clu_58875_+:ENSG00000136235.17","23260773:23266481:clu_58875_+","3.0e-7","0.73","Adipose - Visceral (Omentum)"
"ENSG00000136235.17","GPNMB","chr7_23393527_G_A_b38","rs11981126","chr7:23260773:23266481:clu_58875_+:ENSG00000136235.17","23260773:23266481:clu_58875_+","3.0e-7","0.73","Adipose - Visceral (Omentum)"
"ENSG00000136235.17","GPNMB","chr7_23154394_C_T_b38","rs1881201","chr7:23260773:23266481:clu_53810_+:ENSG00000136235.17","23260773:23266481:clu_53810_+","3.0e-7","-0.35","Heart - Atrial Appendage"
"ENSG00000136235.17","GPNMB","chr7_23193040_T_C_b38","rs1637221","chr7:23247993:23253307:clu_51380_+:ENSG00000136235.17","23247993:23253307:clu_51380_+","3.0e-7","0.38","Brain - Caudate (basal ganglia)"
"ENSG00000136235.17","GPNMB","chr7_23119622_C_A_b38","rs6967526","chr7:23260138:23260488:clu_61479_+:ENSG00000136235.17","23260138:23260488:clu_61479_+","3.0e-7","-0.29","Skin - Sun Exposed (Lower leg)"
"ENSG00000136235.17","GPNMB","chr7_23122462_A_G_b38","rs3807452","chr7:23260138:23260488:clu_61479_+:ENSG00000136235.17","23260138:23260488:clu_61479_+","3.0e-7","-0.29","Skin - Sun Exposed (Lower leg)"
"ENSG00000136235.17","GPNMB","chr7_23349059_A_G_b38","rs75711353","chr7:23246927:23253307:clu_49248_+:ENSG00000136235.17","23246927:23253307:clu_49248_+","3.0e-7","-1.2","Pancreas"
"ENSG00000136235.17","GPNMB","chr7_23157197_C_T_b38","rs10950940","chr7:23247993:23253307:clu_51380_+:ENSG00000136235.17","23247993:23253307:clu_51380_+","3.0e-7","-0.40","Brain - Caudate (basal ganglia)"
"ENSG00000136235.17","GPNMB","chr7_23105328_T_C_b38","rs10256524","chr7:23260773:23266481:clu_53810_+:ENSG00000136235.17","23260773:23266481:clu_53810_+","3.0e-7","0.36","Heart - Atrial Appendage"
"ENSG00000136235.17","GPNMB","chr7_24116799_G_A_b38","rs17148818","chr7:23261565:23266517:clu_54640_+:ENSG00000136235.17","23261565:23266517:clu_54640_+","3.1e-7","-0.80","Colon - Sigmoid"
"ENSG00000136235.17","GPNMB","chr7_23205950_A_G_b38","rs858295","chr7:23247993:23253307:clu_51380_+:ENSG00000136235.17","23247993:23253307:clu_51380_+","3.1e-7","0.38","Brain - Caudate (basal ganglia)"
"ENSG00000136235.17","GPNMB","chr7_23396402_G_C_b38","rs73088171","chr7:23260773:23266517:clu_53526_+:ENSG00000136235.17","23260773:23266517:clu_53526_+","3.1e-7","-1.2","Artery - Aorta"
"ENSG00000136235.17","GPNMB","chr7_23151805_G_C_b38","rs2141307","chr7:23260773:23266517:clu_53810_+:ENSG00000136235.17","23260773:23266517:clu_53810_+","3.1e-7","-0.36","Heart - Atrial Appendage"
"ENSG00000136235.17","GPNMB","chr7_23202247_C_T_b38","rs6968696","chr7:23260773:23266481:clu_53810_+:ENSG00000136235.17","23260773:23266481:clu_53810_+","3.1e-7","0.35","Heart - Atrial Appendage"
"ENSG00000136235.17","GPNMB","chr7_23400438_G_C_b38","rs75693095","chr7:23260773:23266481:clu_62059_+:ENSG00000136235.17","23260773:23266481:clu_62059_+","3.2e-7","1.0","Nerve - Tibial"
"ENSG00000136235.17","GPNMB","chr7_23101028_T_C_b38","rs1468592","chr7:23260773:23266517:clu_53810_+:ENSG00000136235.17","23260773:23266517:clu_53810_+","3.3e-7","-0.36","Heart - Atrial Appendage"
"ENSG00000136235.17","GPNMB","chr7_23101713_T_TA_b38","rs139569447","chr7:23260773:23266517:clu_53810_+:ENSG00000136235.17","23260773:23266517:clu_53810_+","3.3e-7","-0.36","Heart - Atrial Appendage"
"ENSG00000136235.17","GPNMB","chr7_23102087_T_A_b38","rs7785842","chr7:23260773:23266517:clu_53810_+:ENSG00000136235.17","23260773:23266517:clu_53810_+","3.3e-7","-0.36","Heart - Atrial Appendage"
"ENSG00000136235.17","GPNMB","chr7_23102856_GAA_G_b38","rs35152293","chr7:23260773:23266517:clu_53810_+:ENSG00000136235.17","23260773:23266517:clu_53810_+","3.3e-7","-0.36","Heart - Atrial Appendage"
"ENSG00000136235.17","GPNMB","chr7_23104232_T_C_b38","rs13438179","chr7:23260773:23266517:clu_53810_+:ENSG00000136235.17","23260773:23266517:clu_53810_+","3.3e-7","-0.36","Heart - Atrial Appendage"
"ENSG00000136235.17","GPNMB","chr7_23087427_T_TCAAA_b38","","chr7:23260773:23266517:clu_53810_+:ENSG00000136235.17","23260773:23266517:clu_53810_+","3.3e-7","-0.35","Heart - Atrial Appendage"
"ENSG00000136235.17","GPNMB","chr7_23190155_T_C_b38","rs1618339","chr7:23260138:23260456:clu_53875_+:ENSG00000136235.17","23260138:23260456:clu_53875_+","3.4e-7","0.41","Esophagus - Gastroesophageal Junction"
"ENSG00000136235.17","GPNMB","chr7_23288847_A_C_b38","rs73689707","chr7:23246927:23253307:clu_49248_+:ENSG00000136235.17","23246927:23253307:clu_49248_+","3.4e-7","-1.1","Pancreas"
"ENSG00000136235.17","GPNMB","chr7_23289424_G_C_b38","rs114046375","chr7:23246927:23253307:clu_49248_+:ENSG00000136235.17","23246927:23253307:clu_49248_+","3.4e-7","-1.1","Pancreas"
"ENSG00000136235.17","GPNMB","chr7_23340566_T_C_b38","rs1964536","chr7:23260138:23260488:clu_61479_+:ENSG00000136235.17","23260138:23260488:clu_61479_+","3.4e-7","-0.28","Skin - Sun Exposed (Lower leg)"
"ENSG00000136235.17","GPNMB","chr7_23143586_C_CT_b38","","chr7:23260138:23260488:clu_61479_+:ENSG00000136235.17","23260138:23260488:clu_61479_+","3.4e-7","-0.30","Skin - Sun Exposed (Lower leg)"
"ENSG00000136235.17","GPNMB","chr7_23151875_TA_T_b38","rs5882889","chr7:23260138:23260488:clu_61479_+:ENSG00000136235.17","23260138:23260488:clu_61479_+","3.4e-7","-0.30","Skin - Sun Exposed (Lower leg)"
"ENSG00000136235.17","GPNMB","chr7_23085094_T_G_b38","rs7789237","chr7:23260773:23266481:clu_53810_+:ENSG00000136235.17","23260773:23266481:clu_53810_+","3.4e-7","0.35","Heart - Atrial Appendage"
"ENSG00000136235.17","GPNMB","chr7_23266522_G_A_b38","rs75801644","chr7:23260773:23266481:clu_55840_+:ENSG00000136235.17","23260773:23266481:clu_55840_+","3.4e-7","1.1","Esophagus - Muscularis"
"ENSG00000136235.17","GPNMB","chr7_23182251_T_C_b38","rs7808488","chr7:23260773:23266481:clu_53810_+:ENSG00000136235.17","23260773:23266481:clu_53810_+","3.5e-7","0.35","Heart - Atrial Appendage"
"ENSG00000136235.17","GPNMB","chr7_22777162_G_A_b38","rs73276392","chr7:23247993:23253307:clu_51380_+:ENSG00000136235.17","23247993:23253307:clu_51380_+","3.5e-7","1.5","Brain - Caudate (basal ganglia)"
"ENSG00000136235.17","GPNMB","chr7_23180616_T_C_b38","rs10254544","chr7:23260773:23266481:clu_53810_+:ENSG00000136235.17","23260773:23266481:clu_53810_+","3.5e-7","0.35","Heart - Atrial Appendage"
"ENSG00000136235.17","GPNMB","chr7_23285877_G_A_b38","rs73277879","chr7:23260773:23261482:clu_53526_+:ENSG00000136235.17","23260773:23261482:clu_53526_+","3.5e-7","-1.3","Artery - Aorta"
"ENSG00000136235.17","GPNMB","chr7_23286126_G_A_b38","rs73277883","chr7:23260773:23261482:clu_53526_+:ENSG00000136235.17","23260773:23261482:clu_53526_+","3.5e-7","-1.3","Artery - Aorta"
"ENSG00000136235.17","GPNMB","chr7_23292784_G_T_b38","rs466225","chr7:23260138:23260488:clu_60139_+:ENSG00000136235.17","23260138:23260488:clu_60139_+","3.5e-7","-0.32","Skin - Not Sun Exposed (Suprapubic)"
"ENSG00000136235.17","GPNMB","chr7_23105328_T_C_b38","rs10256524","chr7:23260773:23266517:clu_53810_+:ENSG00000136235.17","23260773:23266517:clu_53810_+","3.6e-7","-0.36","Heart - Atrial Appendage"
"ENSG00000136235.17","GPNMB","chr7_23264294_T_G_b38","rs138617381","chr7:23260773:23266481:clu_53810_+:ENSG00000136235.17","23260773:23266481:clu_53810_+","3.6e-7","1.4","Heart - Atrial Appendage"
"ENSG00000136235.17","GPNMB","chr7_23202247_C_T_b38","rs6968696","chr7:23247993:23253307:clu_51380_+:ENSG00000136235.17","23247993:23253307:clu_51380_+","3.7e-7","0.37","Brain - Caudate (basal ganglia)"
"ENSG00000136235.17","GPNMB","chr7_23253479_C_A_b38","rs199348","chr7:23247993:23253307:clu_51380_+:ENSG00000136235.17","23247993:23253307:clu_51380_+","3.7e-7","0.38","Brain - Caudate (basal ganglia)"
"ENSG00000136235.17","GPNMB","chr7_23256914_G_A_b38","rs199355","chr7:23247993:23253307:clu_51380_+:ENSG00000136235.17","23247993:23253307:clu_51380_+","3.7e-7","0.38","Brain - Caudate (basal ganglia)"
"ENSG00000136235.17","GPNMB","chr7_23400438_G_C_b38","rs75693095","chr7:23260773:23266481:clu_56945_+:ENSG00000136235.17","23260773:23266481:clu_56945_+","3.8e-7","1.0","Esophagus - Mucosa"
"ENSG00000136235.17","GPNMB","chr7_23154394_C_T_b38","rs1881201","chr7:23247993:23253307:clu_51380_+:ENSG00000136235.17","23247993:23253307:clu_51380_+","3.8e-7","-0.37","Brain - Caudate (basal ganglia)"
"ENSG00000136235.17","GPNMB","chr7_23162018_T_C_b38","rs1881200","chr7:23260773:23266481:clu_53810_+:ENSG00000136235.17","23260773:23266481:clu_53810_+","3.9e-7","-0.35","Heart - Atrial Appendage"
"ENSG00000136235.17","GPNMB","chr7_23148490_G_A_b38","rs6962213","chr7:23260138:23260488:clu_61479_+:ENSG00000136235.17","23260138:23260488:clu_61479_+","3.9e-7","-0.30","Skin - Sun Exposed (Lower leg)"
"ENSG00000136235.17","GPNMB","chr7_23253189_T_C_b38","rs1881203","chr7:23247993:23253307:clu_51380_+:ENSG00000136235.17","23247993:23253307:clu_51380_+","4.0e-7","0.39","Brain - Caudate (basal ganglia)"
"ENSG00000136235.17","GPNMB","chr7_23187525_A_G_b38","rs6955115","chr7:23260773:23266481:clu_53810_+:ENSG00000136235.17","23260773:23266481:clu_53810_+","4.0e-7","0.35","Heart - Atrial Appendage"
"ENSG00000136235.17","GPNMB","chr7_23187716_C_G_b38","rs6955568","chr7:23260773:23266481:clu_53810_+:ENSG00000136235.17","23260773:23266481:clu_53810_+","4.0e-7","0.35","Heart - Atrial Appendage"
"ENSG00000136235.17","GPNMB","chr7_23188768_A_G_b38","rs10279691","chr7:23260773:23266481:clu_53810_+:ENSG00000136235.17","23260773:23266481:clu_53810_+","4.0e-7","0.35","Heart - Atrial Appendage"
"ENSG00000136235.17","GPNMB","chr7_23193600_T_A_b38","rs6969563","chr7:23260773:23266481:clu_53810_+:ENSG00000136235.17","23260773:23266481:clu_53810_+","4.0e-7","0.35","Heart - Atrial Appendage"
"ENSG00000136235.17","GPNMB","chr7_23193040_T_C_b38","rs1637221","chr7:23260773:23266481:clu_53810_+:ENSG00000136235.17","23260773:23266481:clu_53810_+","4.1e-7","0.35","Heart - Atrial Appendage"
"ENSG00000136235.17","GPNMB","chr7_23205950_A_G_b38","rs858295","chr7:23260773:23266481:clu_53810_+:ENSG00000136235.17","23260773:23266481:clu_53810_+","4.1e-7","0.35","Heart - Atrial Appendage"
"ENSG00000136235.17","GPNMB","chr7_23106570_A_G_b38","rs2072369","chr7:23260773:23266517:clu_53810_+:ENSG00000136235.17","23260773:23266517:clu_53810_+","4.1e-7","-0.36","Heart - Atrial Appendage"
"ENSG00000136235.17","GPNMB","chr7_23085094_T_G_b38","rs7789237","chr7:23260773:23266517:clu_53810_+:ENSG00000136235.17","23260773:23266517:clu_53810_+","4.1e-7","-0.35","Heart - Atrial Appendage"
"ENSG00000136235.17","GPNMB","chr7_23171733_G_A_b38","rs6964665","chr7:23260773:23266517:clu_53810_+:ENSG00000136235.17","23260773:23266517:clu_53810_+","4.1e-7","-0.35","Heart - Atrial Appendage"
"ENSG00000136235.17","GPNMB","chr7_23253189_T_C_b38","rs1881203","chr7:23260773:23266517:clu_53810_+:ENSG00000136235.17","23260773:23266517:clu_53810_+","4.1e-7","-0.36","Heart - Atrial Appendage"
"ENSG00000136235.17","GPNMB","chr7_23145876_A_G_b38","rs6978475","chr7:23260138:23260488:clu_61479_+:ENSG00000136235.17","23260138:23260488:clu_61479_+","4.1e-7","-0.30","Skin - Sun Exposed (Lower leg)"
"ENSG00000136235.17","GPNMB","chr7_23146579_C_G_b38","rs4504540","chr7:23260138:23260488:clu_61479_+:ENSG00000136235.17","23260138:23260488:clu_61479_+","4.1e-7","-0.30","Skin - Sun Exposed (Lower leg)"
"ENSG00000136235.17","GPNMB","chr7_23147714_T_A_b38","rs6976957","chr7:23260138:23260488:clu_61479_+:ENSG00000136235.17","23260138:23260488:clu_61479_+","4.1e-7","-0.30","Skin - Sun Exposed (Lower leg)"
"ENSG00000136235.17","GPNMB","chr7_23142502_A_T_b38","rs7791200","chr7:23260138:23260488:clu_61479_+:ENSG00000136235.17","23260138:23260488:clu_61479_+","4.1e-7","-0.30","Skin - Sun Exposed (Lower leg)"
"ENSG00000136235.17","GPNMB","chr7_23144805_T_A_b38","rs57864591","chr7:23260138:23260488:clu_61479_+:ENSG00000136235.17","23260138:23260488:clu_61479_+","4.1e-7","-0.30","Skin - Sun Exposed (Lower leg)"
"ENSG00000136235.17","GPNMB","chr7_23146376_G_A_b38","rs4294098","chr7:23260138:23260488:clu_61479_+:ENSG00000136235.17","23260138:23260488:clu_61479_+","4.1e-7","-0.30","Skin - Sun Exposed (Lower leg)"
"ENSG00000136235.17","GPNMB","chr7_23147728_A_G_b38","rs6956828","chr7:23260138:23260488:clu_61479_+:ENSG00000136235.17","23260138:23260488:clu_61479_+","4.1e-7","-0.30","Skin - Sun Exposed (Lower leg)"
"ENSG00000136235.17","GPNMB","chr7_23149369_T_C_b38","rs10270695","chr7:23260138:23260488:clu_61479_+:ENSG00000136235.17","23260138:23260488:clu_61479_+","4.1e-7","-0.30","Skin - Sun Exposed (Lower leg)"
"ENSG00000136235.17","GPNMB","chr7_23100321_T_C_b38","rs10235786","chr7:23260773:23266481:clu_53810_+:ENSG00000136235.17","23260773:23266481:clu_53810_+","4.2e-7","0.35","Heart - Atrial Appendage"
"ENSG00000136235.17","GPNMB","chr7_23103494_G_A_b38","rs10233039","chr7:23260773:23266481:clu_53810_+:ENSG00000136235.17","23260773:23266481:clu_53810_+","4.2e-7","0.35","Heart - Atrial Appendage"
"ENSG00000136235.17","GPNMB","chr7_23276020_G_A_b38","rs156407","chr7:23247993:23253307:clu_51380_+:ENSG00000136235.17","23247993:23253307:clu_51380_+","4.2e-7","0.39","Brain - Caudate (basal ganglia)"
"ENSG00000136235.17","GPNMB","chr7_23248690_G_A_b38","rs199357","chr7:23260138:23260488:clu_60139_+:ENSG00000136235.17","23260138:23260488:clu_60139_+","4.3e-7","-0.32","Skin - Not Sun Exposed (Suprapubic)"
"ENSG00000136235.17","GPNMB","chr7_23253189_T_C_b38","rs1881203","chr7:23260773:23266481:clu_53810_+:ENSG00000136235.17","23260773:23266481:clu_53810_+","4.3e-7","0.35","Heart - Atrial Appendage"
"ENSG00000136235.17","GPNMB","chr7_23184748_T_C_b38","rs2286272","chr7:23260773:23266481:clu_53810_+:ENSG00000136235.17","23260773:23266481:clu_53810_+","4.4e-7","0.35","Heart - Atrial Appendage"
"ENSG00000136235.17","GPNMB","chr7_23076240_A_G_b38","rs12539467","chr7:23260773:23266517:clu_53810_+:ENSG00000136235.17","23260773:23266517:clu_53810_+","4.4e-7","-0.35","Heart - Atrial Appendage"
"ENSG00000136235.17","GPNMB","chr7_23255253_G_A_b38","rs28458177","chr7:23260138:23260456:clu_53875_+:ENSG00000136235.17","23260138:23260456:clu_53875_+","4.4e-7","0.39","Esophagus - Gastroesophageal Junction"
"ENSG00000136235.17","GPNMB","chr7_23320234_A_G_b38","rs156411","chr7:23260773:23261482:clu_53526_+:ENSG00000136235.17","23260773:23261482:clu_53526_+","4.4e-7","-0.88","Artery - Aorta"
"ENSG00000136235.17","GPNMB","chr7_23298403_A_C_b38","rs7779544","chr7:23260773:23261482:clu_53526_+:ENSG00000136235.17","23260773:23261482:clu_53526_+","4.5e-7","-1.1","Artery - Aorta"
"ENSG00000136235.17","GPNMB","chr7_23264294_T_G_b38","rs138617381","chr7:23260773:23266481:clu_53526_+:ENSG00000136235.17","23260773:23266481:clu_53526_+","4.5e-7","1.4","Artery - Aorta"
"ENSG00000136235.17","GPNMB","chr7_23147035_T_C_b38","rs6975852","chr7:23260773:23266481:clu_53810_+:ENSG00000136235.17","23260773:23266481:clu_53810_+","4.6e-7","0.35","Heart - Atrial Appendage"
"ENSG00000136235.17","GPNMB","chr7_23394987_C_G_b38","rs78840640","chr7:23260773:23266517:clu_63846_+:ENSG00000136235.17","23260773:23266517:clu_63846_+","4.6e-7","-0.87","Thyroid"
"ENSG00000136235.17","GPNMB","chr7_23070400_C_G_b38","rs6960239","chr7:23260138:23260488:clu_61479_+:ENSG00000136235.17","23260138:23260488:clu_61479_+","4.6e-7","-0.28","Skin - Sun Exposed (Lower leg)"
"ENSG00000136235.17","GPNMB","chr7_23154612_A_G_b38","rs2103281","chr7:23260773:23266481:clu_53810_+:ENSG00000136235.17","23260773:23266481:clu_53810_+","4.7e-7","0.35","Heart - Atrial Appendage"
"ENSG00000136235.17","GPNMB","chr7_23079688_C_T_b38","rs7776644","chr7:23260773:23266481:clu_53810_+:ENSG00000136235.17","23260773:23266481:clu_53810_+","4.7e-7","0.34","Heart - Atrial Appendage"
"ENSG00000136235.17","GPNMB","chr7_23146348_G_A_b38","rs4559148","chr7:23260773:23266481:clu_53810_+:ENSG00000136235.17","23260773:23266481:clu_53810_+","4.7e-7","0.35","Heart - Atrial Appendage"
"ENSG00000136235.17","GPNMB","chr7_23146350_C_T_b38","rs4377861","chr7:23260773:23266481:clu_53810_+:ENSG00000136235.17","23260773:23266481:clu_53810_+","4.7e-7","0.35","Heart - Atrial Appendage"
"ENSG00000136235.17","GPNMB","chr7_23147560_G_A_b38","rs10247268","chr7:23260773:23266481:clu_53810_+:ENSG00000136235.17","23260773:23266481:clu_53810_+","4.7e-7","0.35","Heart - Atrial Appendage"
"ENSG00000136235.17","GPNMB","chr7_23148160_G_A_b38","rs6461694","chr7:23260773:23266481:clu_53810_+:ENSG00000136235.17","23260773:23266481:clu_53810_+","4.7e-7","0.35","Heart - Atrial Appendage"
"ENSG00000136235.17","GPNMB","chr7_23150593_C_T_b38","rs7805071","chr7:23260773:23266481:clu_53810_+:ENSG00000136235.17","23260773:23266481:clu_53810_+","4.7e-7","0.35","Heart - Atrial Appendage"
"ENSG00000136235.17","GPNMB","chr7_23150624_C_T_b38","rs7805085","chr7:23260773:23266481:clu_53810_+:ENSG00000136235.17","23260773:23266481:clu_53810_+","4.7e-7","0.35","Heart - Atrial Appendage"
"ENSG00000136235.17","GPNMB","chr7_23150875_A_G_b38","rs2390754","chr7:23260773:23266481:clu_53810_+:ENSG00000136235.17","23260773:23266481:clu_53810_+","4.7e-7","0.35","Heart - Atrial Appendage"
"ENSG00000136235.17","GPNMB","chr7_23142130_T_G_b38","rs7809661","chr7:23247993:23253307:clu_51380_+:ENSG00000136235.17","23247993:23253307:clu_51380_+","4.7e-7","0.38","Brain - Caudate (basal ganglia)"
"ENSG00000136235.17","GPNMB","chr7_23251368_G_A_b38","rs10262243","chr7:23260773:23266517:clu_53810_+:ENSG00000136235.17","23260773:23266517:clu_53810_+","4.7e-7","-0.35","Heart - Atrial Appendage"
"ENSG00000136235.17","GPNMB","chr7_23283694_A_C_b38","rs11983737","chr7:23260773:23261482:clu_53526_+:ENSG00000136235.17","23260773:23261482:clu_53526_+","4.7e-7","-1.1","Artery - Aorta"
"ENSG00000136235.17","GPNMB","chr7_23220895_G_A_b38","rs1637192","chr7:23247993:23253307:clu_51380_+:ENSG00000136235.17","23247993:23253307:clu_51380_+","4.8e-7","0.38","Brain - Caudate (basal ganglia)"
"ENSG00000136235.17","GPNMB","chr7_23121787_G_A_b38","rs11980840","chr7:23260773:23266481:clu_53810_+:ENSG00000136235.17","23260773:23266481:clu_53810_+","4.8e-7","0.36","Heart - Atrial Appendage"
"ENSG00000136235.17","GPNMB","chr7_23211209_T_C_b38","rs6970694","chr7:23260773:23266481:clu_53810_+:ENSG00000136235.17","23260773:23266481:clu_53810_+","5.0e-7","0.35","Heart - Atrial Appendage"
"ENSG00000136235.17","GPNMB","chr7_23253479_C_A_b38","rs199348","chr7:23260138:23260456:clu_53875_+:ENSG00000136235.17","23260138:23260456:clu_53875_+","5.1e-7","0.39","Esophagus - Gastroesophageal Junction"
"ENSG00000136235.17","GPNMB","chr7_23256914_G_A_b38","rs199355","chr7:23260138:23260456:clu_53875_+:ENSG00000136235.17","23260138:23260456:clu_53875_+","5.1e-7","0.39","Esophagus - Gastroesophageal Junction"
"ENSG00000136235.17","GPNMB","chr7_23351890_C_G_b38","rs274058","chr7:23260138:23260488:clu_60139_+:ENSG00000136235.17","23260138:23260488:clu_60139_+","5.1e-7","-0.31","Skin - Not Sun Exposed (Suprapubic)"
"ENSG00000136235.17","GPNMB","chr7_23081423_C_G_b38","rs6952947","chr7:23260773:23266481:clu_53810_+:ENSG00000136235.17","23260773:23266481:clu_53810_+","5.2e-7","0.34","Heart - Atrial Appendage"
"ENSG00000136235.17","GPNMB","chr7_23082887_T_G_b38","rs1985769","chr7:23260773:23266481:clu_53810_+:ENSG00000136235.17","23260773:23266481:clu_53810_+","5.2e-7","0.34","Heart - Atrial Appendage"
"ENSG00000136235.17","GPNMB","chr7_23084479_A_G_b38","rs28499396","chr7:23260773:23266481:clu_53810_+:ENSG00000136235.17","23260773:23266481:clu_53810_+","5.2e-7","0.34","Heart - Atrial Appendage"
"ENSG00000136235.17","GPNMB","chr7_23273843_A_G_b38","rs2268747","chr7:23260773:23266517:clu_47302_+:ENSG00000136235.17","23260773:23266517:clu_47302_+","5.2e-7","-0.29","Cells - Cultured fibroblasts"
"ENSG00000136235.17","GPNMB","chr7_23251368_G_A_b38","rs10262243","chr7:23260773:23266481:clu_53810_+:ENSG00000136235.17","23260773:23266481:clu_53810_+","5.3e-7","0.35","Heart - Atrial Appendage"
"ENSG00000136235.17","GPNMB","chr7_23224167_T_C_b38","rs59832199","chr7:23260138:23260488:clu_61479_+:ENSG00000136235.17","23260138:23260488:clu_61479_+","5.3e-7","-0.33","Skin - Sun Exposed (Lower leg)"
"ENSG00000136235.17","GPNMB","chr7_23079698_C_T_b38","rs7776649","chr7:23260773:23266481:clu_53810_+:ENSG00000136235.17","23260773:23266481:clu_53810_+","5.3e-7","0.35","Heart - Atrial Appendage"
"ENSG00000136235.17","GPNMB","chr7_23191929_C_T_b38","rs6942981","chr7:23260773:23266481:clu_53810_+:ENSG00000136235.17","23260773:23266481:clu_53810_+","5.3e-7","0.35","Heart - Atrial Appendage"
"ENSG00000136235.17","GPNMB","chr7_23100321_T_C_b38","rs10235786","chr7:23260773:23266517:clu_53810_+:ENSG00000136235.17","23260773:23266517:clu_53810_+","5.3e-7","-0.35","Heart - Atrial Appendage"
"ENSG00000136235.17","GPNMB","chr7_23103494_G_A_b38","rs10233039","chr7:23260773:23266517:clu_53810_+:ENSG00000136235.17","23260773:23266517:clu_53810_+","5.3e-7","-0.35","Heart - Atrial Appendage"
"ENSG00000136235.17","GPNMB","chr7_23140513_C_T_b38","rs1468593","chr7:23260773:23266481:clu_53810_+:ENSG00000136235.17","23260773:23266481:clu_53810_+","5.3e-7","0.35","Heart - Atrial Appendage"
"ENSG00000136235.17","GPNMB","chr7_23274928_C_T_b38","rs5850","chr7:23260773:23266517:clu_47302_+:ENSG00000136235.17","23260773:23266517:clu_47302_+","5.3e-7","-0.29","Cells - Cultured fibroblasts"
"ENSG00000136235.17","GPNMB","chr7_23180831_C_T_b38","rs10242104","chr7:23260773:23266481:clu_53810_+:ENSG00000136235.17","23260773:23266481:clu_53810_+","5.4e-7","0.35","Heart - Atrial Appendage"
"ENSG00000136235.17","GPNMB","chr7_23255253_G_A_b38","rs28458177","chr7:23260773:23266481:clu_53810_+:ENSG00000136235.17","23260773:23266481:clu_53810_+","5.6e-7","0.35","Heart - Atrial Appendage"
"ENSG00000136235.17","GPNMB","chr7_23260430_A_C_b38","rs199351","chr7:23260138:23260456:clu_53875_+:ENSG00000136235.17","23260138:23260456:clu_53875_+","5.8e-7","0.39","Esophagus - Gastroesophageal Junction"
"ENSG00000136235.17","GPNMB","chr7_23259940_A_G_b38","rs17147985","chr7:23260773:23261482:clu_60140_+:ENSG00000136235.17","23260773:23261482:clu_60140_+","5.8e-7","-1.2","Skin - Not Sun Exposed (Suprapubic)"
"ENSG00000136235.17","GPNMB","chr7_23308649_A_G_b38","rs77837709","chr7:23246927:23253307:clu_49248_+:ENSG00000136235.17","23246927:23253307:clu_49248_+","5.8e-7","-0.91","Pancreas"
"ENSG00000136235.17","GPNMB","chr7_23308895_A_AACATT_b38","rs150159025","chr7:23246927:23253307:clu_49248_+:ENSG00000136235.17","23246927:23253307:clu_49248_+","5.8e-7","-0.91","Pancreas"
"ENSG00000136235.17","GPNMB","chr7_23365981_C_T_b38","rs74833529","chr7:23246927:23253307:clu_49248_+:ENSG00000136235.17","23246927:23253307:clu_49248_+","5.8e-7","-0.91","Pancreas"
"ENSG00000136235.17","GPNMB","chr7_23391773_A_C_b38","rs73281643","chr7:23260773:23266481:clu_54640_+:ENSG00000136235.17","23260773:23266481:clu_54640_+","5.8e-7","0.78","Colon - Sigmoid"
"ENSG00000136235.17","GPNMB","chr7_23393527_G_A_b38","rs11981126","chr7:23260773:23266481:clu_54640_+:ENSG00000136235.17","23260773:23266481:clu_54640_+","5.8e-7","0.78","Colon - Sigmoid"
"ENSG00000136235.17","GPNMB","chr7_23158165_C_A_b38","rs6461695","chr7:23260773:23266481:clu_53810_+:ENSG00000136235.17","23260773:23266481:clu_53810_+","6.1e-7","0.35","Heart - Atrial Appendage"
"ENSG00000136235.17","GPNMB","chr7_23108221_G_A_b38","rs987257","chr7:23260773:23266481:clu_53810_+:ENSG00000136235.17","23260773:23266481:clu_53810_+","6.1e-7","0.35","Heart - Atrial Appendage"
"ENSG00000136235.17","GPNMB","chr7_23109189_C_T_b38","rs10235467","chr7:23260773:23266481:clu_53810_+:ENSG00000136235.17","23260773:23266481:clu_53810_+","6.1e-7","0.35","Heart - Atrial Appendage"
"ENSG00000136235.17","GPNMB","chr7_23109518_C_T_b38","rs6980224","chr7:23260773:23266481:clu_53810_+:ENSG00000136235.17","23260773:23266481:clu_53810_+","6.1e-7","0.35","Heart - Atrial Appendage"
"ENSG00000136235.17","GPNMB","chr7_23081423_C_G_b38","rs6952947","chr7:23260773:23266517:clu_53810_+:ENSG00000136235.17","23260773:23266517:clu_53810_+","6.1e-7","-0.34","Heart - Atrial Appendage"
"ENSG00000136235.17","GPNMB","chr7_23082887_T_G_b38","rs1985769","chr7:23260773:23266517:clu_53810_+:ENSG00000136235.17","23260773:23266517:clu_53810_+","6.1e-7","-0.34","Heart - Atrial Appendage"
"ENSG00000136235.17","GPNMB","chr7_23084479_A_G_b38","rs28499396","chr7:23260773:23266517:clu_53810_+:ENSG00000136235.17","23260773:23266517:clu_53810_+","6.1e-7","-0.34","Heart - Atrial Appendage"
"ENSG00000136235.17","GPNMB","chr7_23264294_T_G_b38","rs138617381","chr7:23260773:23266517:clu_53876_+:ENSG00000136235.17","23260773:23266517:clu_53876_+","6.2e-7","-1.5","Esophagus - Gastroesophageal Junction"
"ENSG00000136235.17","GPNMB","chr7_23266401_T_C_b38","rs156429","chr7:23247993:23253307:clu_51380_+:ENSG00000136235.17","23247993:23253307:clu_51380_+","6.3e-7","0.39","Brain - Caudate (basal ganglia)"
"ENSG00000136235.17","GPNMB","chr7_23394987_C_G_b38","rs78840640","chr7:23260773:23266517:clu_55840_+:ENSG00000136235.17","23260773:23266517:clu_55840_+","6.4e-7","-1.1","Esophagus - Muscularis"
"ENSG00000136235.17","GPNMB","chr7_23209654_C_G_b38","rs6461702","chr7:23260773:23266481:clu_53810_+:ENSG00000136235.17","23260773:23266481:clu_53810_+","6.5e-7","0.35","Heart - Atrial Appendage"
"ENSG00000136235.17","GPNMB","chr7_23282418_C_T_b38","rs76082360","chr7:23260773:23261482:clu_53526_+:ENSG00000136235.17","23260773:23261482:clu_53526_+","6.5e-7","-1.2","Artery - Aorta"
"ENSG00000136235.17","GPNMB","chr7_23211235_C_T_b38","rs28673077","chr7:23260773:23266481:clu_53810_+:ENSG00000136235.17","23260773:23266481:clu_53810_+","6.6e-7","0.34","Heart - Atrial Appendage"
"ENSG00000136235.17","GPNMB","chr7_23297729_G_A_b38","rs116317113","chr7:23246927:23253307:clu_49248_+:ENSG00000136235.17","23246927:23253307:clu_49248_+","6.7e-7","-0.91","Pancreas"
"ENSG00000136235.17","GPNMB","chr7_23362087_A_T_b38","rs77267793","chr7:23246927:23253307:clu_49248_+:ENSG00000136235.17","23246927:23253307:clu_49248_+","6.7e-7","-0.91","Pancreas"
"ENSG00000136235.17","GPNMB","chr7_23368669_G_A_b38","rs148134591","chr7:23246927:23253307:clu_49248_+:ENSG00000136235.17","23246927:23253307:clu_49248_+","6.7e-7","-0.91","Pancreas"
"ENSG00000136235.17","GPNMB","chr7_23370852_T_C_b38","rs147616257","chr7:23246927:23253307:clu_49248_+:ENSG00000136235.17","23246927:23253307:clu_49248_+","6.7e-7","-0.91","Pancreas"
"ENSG00000136235.17","GPNMB","chr7_23079698_C_T_b38","rs7776649","chr7:23260773:23266517:clu_53810_+:ENSG00000136235.17","23260773:23266517:clu_53810_+","6.7e-7","-0.35","Heart - Atrial Appendage"
"ENSG00000136235.17","GPNMB","chr7_23238664_G_T_b38","rs858271","chr7:23260138:23260488:clu_60139_+:ENSG00000136235.17","23260138:23260488:clu_60139_+","6.8e-7","-0.32","Skin - Not Sun Exposed (Suprapubic)"
"ENSG00000136235.17","GPNMB","chr7_23224665_T_G_b38","rs6461703","chr7:23260138:23260488:clu_60139_+:ENSG00000136235.17","23260138:23260488:clu_60139_+","6.9e-7","-0.32","Skin - Not Sun Exposed (Suprapubic)"
"ENSG00000136235.17","GPNMB","chr7_23271186_A_G_b38","rs7794684","chr7:23260773:23266517:clu_47302_+:ENSG00000136235.17","23260773:23266517:clu_47302_+","6.9e-7","-0.29","Cells - Cultured fibroblasts"
"ENSG00000136235.17","GPNMB","chr7_23203211_C_G_b38","rs858305","chr7:23260773:23266517:clu_53810_+:ENSG00000136235.17","23260773:23266517:clu_53810_+","6.9e-7","-0.34","Heart - Atrial Appendage"
"ENSG00000136235.17","GPNMB","chr7_23277123_A_C_b38","rs166663","chr7:23260138:23260488:clu_60139_+:ENSG00000136235.17","23260138:23260488:clu_60139_+","7.0e-7","-0.31","Skin - Not Sun Exposed (Suprapubic)"
"ENSG00000136235.17","GPNMB","chr7_23076996_G_A_b38","rs6461688","chr7:23260138:23260488:clu_61479_+:ENSG00000136235.17","23260138:23260488:clu_61479_+","7.1e-7","-0.28","Skin - Sun Exposed (Lower leg)"
"ENSG00000136235.17","GPNMB","chr7_23266401_T_C_b38","rs156429","chr7:23260138:23260488:clu_60139_+:ENSG00000136235.17","23260138:23260488:clu_60139_+","7.1e-7","-0.31","Skin - Not Sun Exposed (Suprapubic)"
"ENSG00000136235.17","GPNMB","chr7_23076961_A_G_b38","rs6461687","chr7:23260138:23260488:clu_61479_+:ENSG00000136235.17","23260138:23260488:clu_61479_+","7.1e-7","-0.28","Skin - Sun Exposed (Lower leg)"
"ENSG00000136235.17","GPNMB","chr7_23093607_C_A_b38","rs59073109","chr7:23260773:23266481:clu_53810_+:ENSG00000136235.17","23260773:23266481:clu_53810_+","7.1e-7","0.35","Heart - Atrial Appendage"
"ENSG00000136235.17","GPNMB","chr7_23205012_A_G_b38","rs858300","chr7:23260773:23266481:clu_53810_+:ENSG00000136235.17","23260773:23266481:clu_53810_+","7.2e-7","0.34","Heart - Atrial Appendage"
"ENSG00000136235.17","GPNMB","chr7_23208417_A_G_b38","rs858290","chr7:23260773:23266481:clu_53810_+:ENSG00000136235.17","23260773:23266481:clu_53810_+","7.2e-7","0.34","Heart - Atrial Appendage"
"ENSG00000136235.17","GPNMB","chr7_23208539_C_T_b38","rs858289","chr7:23260773:23266481:clu_53810_+:ENSG00000136235.17","23260773:23266481:clu_53810_+","7.2e-7","0.34","Heart - Atrial Appendage"
"ENSG00000136235.17","GPNMB","chr7_23388123_G_A_b38","rs9969225","chr7:23246927:23253307:clu_49248_+:ENSG00000136235.17","23246927:23253307:clu_49248_+","7.2e-7","-1.2","Pancreas"
"ENSG00000136235.17","GPNMB","chr7_23211386_T_C_b38","rs858279","chr7:23247993:23253307:clu_51380_+:ENSG00000136235.17","23247993:23253307:clu_51380_+","7.3e-7","0.38","Brain - Caudate (basal ganglia)"
"ENSG00000136235.17","GPNMB","chr7_23291589_C_T_b38","rs467459","chr7:23260773:23261482:clu_53526_+:ENSG00000136235.17","23260773:23261482:clu_53526_+","7.3e-7","-0.87","Artery - Aorta"
"ENSG00000136235.17","GPNMB","chr7_23255253_G_A_b38","rs28458177","chr7:23247993:23253307:clu_51380_+:ENSG00000136235.17","23247993:23253307:clu_51380_+","7.3e-7","0.38","Brain - Caudate (basal ganglia)"
"ENSG00000136235.17","GPNMB","chr7_23270562_C_T_b38","rs28635122","chr7:23260773:23266517:clu_47302_+:ENSG00000136235.17","23260773:23266517:clu_47302_+","7.4e-7","-0.29","Cells - Cultured fibroblasts"
"ENSG00000136235.17","GPNMB","chr7_23085094_T_G_b38","rs7789237","chr7:23247993:23253307:clu_51380_+:ENSG00000136235.17","23247993:23253307:clu_51380_+","7.4e-7","0.38","Brain - Caudate (basal ganglia)"
"ENSG00000136235.17","GPNMB","chr7_23394987_C_G_b38","rs78840640","chr7:23260773:23266481:clu_53526_+:ENSG00000136235.17","23260773:23266481:clu_53526_+","7.4e-7","1.4","Artery - Aorta"
"ENSG00000136235.17","GPNMB","chr7_23400438_G_C_b38","rs75693095","chr7:23260773:23266481:clu_53526_+:ENSG00000136235.17","23260773:23266481:clu_53526_+","7.4e-7","1.4","Artery - Aorta"
"ENSG00000136235.17","GPNMB","chr7_23173315_G_T_b38","rs858260","chr7:23247993:23253307:clu_51380_+:ENSG00000136235.17","23247993:23253307:clu_51380_+","7.5e-7","0.38","Brain - Caudate (basal ganglia)"
"ENSG00000136235.17","GPNMB","chr7_23146833_T_C_b38","rs6975524","chr7:23260138:23260488:clu_61479_+:ENSG00000136235.17","23260138:23260488:clu_61479_+","7.8e-7","-0.29","Skin - Sun Exposed (Lower leg)"
"ENSG00000136235.17","GPNMB","chr7_23121787_G_A_b38","rs11980840","chr7:23260773:23266517:clu_53810_+:ENSG00000136235.17","23260773:23266517:clu_53810_+","7.8e-7","-0.35","Heart - Atrial Appendage"
"ENSG00000136235.17","GPNMB","chr7_23151805_G_C_b38","rs2141307","chr7:23247993:23253307:clu_51380_+:ENSG00000136235.17","23247993:23253307:clu_51380_+","7.9e-7","0.38","Brain - Caudate (basal ganglia)"
"ENSG00000136235.17","GPNMB","chr7_23277981_G_A_b38","rs2268745","chr7:23260773:23266517:clu_53810_+:ENSG00000136235.17","23260773:23266517:clu_53810_+","8.2e-7","-0.35","Heart - Atrial Appendage"
"ENSG00000136235.17","GPNMB","chr7_23394987_C_G_b38","rs78840640","chr7:23260773:23266517:clu_62059_+:ENSG00000136235.17","23260773:23266517:clu_62059_+","8.3e-7","-1.0","Nerve - Tibial"
"ENSG00000136235.17","GPNMB","chr7_23113058_A_G_b38","rs11984129","chr7:23260773:23266481:clu_53810_+:ENSG00000136235.17","23260773:23266481:clu_53810_+","8.3e-7","0.35","Heart - Atrial Appendage"
"ENSG00000136235.17","GPNMB","chr7_23128758_T_C_b38","rs6969733","chr7:23260773:23266481:clu_53810_+:ENSG00000136235.17","23260773:23266481:clu_53810_+","8.3e-7","0.35","Heart - Atrial Appendage"
"ENSG00000136235.17","GPNMB","chr7_23129132_G_C_b38","rs4440529","chr7:23260773:23266481:clu_53810_+:ENSG00000136235.17","23260773:23266481:clu_53810_+","8.3e-7","0.35","Heart - Atrial Appendage"
"ENSG00000136235.17","GPNMB","chr7_23132513_T_C_b38","rs6953020","chr7:23260773:23266481:clu_53810_+:ENSG00000136235.17","23260773:23266481:clu_53810_+","8.3e-7","0.35","Heart - Atrial Appendage"
"ENSG00000136235.17","GPNMB","chr7_23282797_A_G_b38","rs4282457","chr7:23260138:23260456:clu_53875_+:ENSG00000136235.17","23260138:23260456:clu_53875_+","8.3e-7","0.39","Esophagus - Gastroesophageal Junction"
"ENSG00000136235.17","GPNMB","chr7_23258796_C_A_b38","rs10085838","chr7:23260773:23266517:clu_47302_+:ENSG00000136235.17","23260773:23266517:clu_47302_+","8.4e-7","-0.29","Cells - Cultured fibroblasts"
"ENSG00000136235.17","GPNMB","chr7_23273843_A_G_b38","rs2268747","chr7:23260773:23266517:clu_53810_+:ENSG00000136235.17","23260773:23266517:clu_53810_+","8.4e-7","-0.35","Heart - Atrial Appendage"
"ENSG00000136235.17","GPNMB","chr7_23151402_C_T_b38","rs4295546","chr7:23260138:23260488:clu_61479_+:ENSG00000136235.17","23260138:23260488:clu_61479_+","8.6e-7","-0.29","Skin - Sun Exposed (Lower leg)"
"ENSG00000136235.17","GPNMB","chr7_23151530_AG_A_b38","rs35378213","chr7:23260138:23260488:clu_61479_+:ENSG00000136235.17","23260138:23260488:clu_61479_+","8.6e-7","-0.29","Skin - Sun Exposed (Lower leg)"
"ENSG00000136235.17","GPNMB","chr7_23350848_G_C_b38","rs274054","chr7:23260138:23260488:clu_60139_+:ENSG00000136235.17","23260138:23260488:clu_60139_+","8.6e-7","-0.31","Skin - Not Sun Exposed (Suprapubic)"
"ENSG00000136235.17","GPNMB","chr7_23203135_A_T_b38","rs858306","chr7:23260773:23266517:clu_53810_+:ENSG00000136235.17","23260773:23266517:clu_53810_+","8.6e-7","-0.34","Heart - Atrial Appendage"
"ENSG00000136235.17","GPNMB","chr7_23192363_G_T_b38","rs6943926","chr7:23260773:23266481:clu_53810_+:ENSG00000136235.17","23260773:23266481:clu_53810_+","8.8e-7","0.35","Heart - Atrial Appendage"
"ENSG00000136235.17","GPNMB","chr7_23079688_C_T_b38","rs7776644","chr7:23260773:23266517:clu_53810_+:ENSG00000136235.17","23260773:23266517:clu_53810_+","8.9e-7","-0.34","Heart - Atrial Appendage"
"ENSG00000136235.17","GPNMB","chr7_23081423_C_G_b38","rs6952947","chr7:23247993:23253307:clu_51380_+:ENSG00000136235.17","23247993:23253307:clu_51380_+","8.9e-7","0.38","Brain - Caudate (basal ganglia)"
"ENSG00000136235.17","GPNMB","chr7_23082887_T_G_b38","rs1985769","chr7:23247993:23253307:clu_51380_+:ENSG00000136235.17","23247993:23253307:clu_51380_+","8.9e-7","0.38","Brain - Caudate (basal ganglia)"
"ENSG00000136235.17","GPNMB","chr7_23084479_A_G_b38","rs28499396","chr7:23247993:23253307:clu_51380_+:ENSG00000136235.17","23247993:23253307:clu_51380_+","8.9e-7","0.38","Brain - Caudate (basal ganglia)"
"ENSG00000136235.17","GPNMB","chr7_23237166_A_G_b38","rs858272","chr7:23260138:23260488:clu_60139_+:ENSG00000136235.17","23260138:23260488:clu_60139_+","9.1e-7","-0.31","Skin - Not Sun Exposed (Suprapubic)"
"ENSG00000136235.17","GPNMB","chr7_23244525_G_A_b38","rs6967339","chr7:23260773:23261482:clu_53526_+:ENSG00000136235.17","23260773:23261482:clu_53526_+","9.2e-7","-1.2","Artery - Aorta"
"ENSG00000136235.17","GPNMB","chr7_23245812_T_C_b38","rs3757450","chr7:23260773:23261482:clu_53526_+:ENSG00000136235.17","23260773:23261482:clu_53526_+","9.2e-7","-1.2","Artery - Aorta"
"ENSG00000136235.17","GPNMB","chr7_23266401_T_C_b38","rs156429","chr7:23260138:23260456:clu_53875_+:ENSG00000136235.17","23260138:23260456:clu_53875_+","9.3e-7","0.39","Esophagus - Gastroesophageal Junction"
"ENSG00000136235.17","GPNMB","chr7_23106218_G_C_b38","rs1005786","chr7:23260138:23260488:clu_61479_+:ENSG00000136235.17","23260138:23260488:clu_61479_+","9.4e-7","-0.27","Skin - Sun Exposed (Lower leg)"
"ENSG00000136235.17","GPNMB","chr7_23182251_T_C_b38","rs7808488","chr7:23260773:23266517:clu_53810_+:ENSG00000136235.17","23260773:23266517:clu_53810_+","9.4e-7","-0.34","Heart - Atrial Appendage"
"ENSG00000136235.17","GPNMB","chr7_23280170_T_G_b38","rs1728320","chr7:23260138:23260456:clu_53875_+:ENSG00000136235.17","23260138:23260456:clu_53875_+","9.4e-7","0.38","Esophagus - Gastroesophageal Junction"
"ENSG00000136235.17","GPNMB","chr7_23279529_C_T_b38","rs111727557","chr7:23260773:23261482:clu_53526_+:ENSG00000136235.17","23260773:23261482:clu_53526_+","9.7e-7","-1.3","Artery - Aorta"
"ENSG00000136235.17","GPNMB","chr7_23291189_C_T_b38","rs80325404","chr7:23260773:23261482:clu_53526_+:ENSG00000136235.17","23260773:23261482:clu_53526_+","9.7e-7","-1.3","Artery - Aorta"
"ENSG00000136235.17","GPNMB","chr7_23205012_A_G_b38","rs858300","chr7:23247993:23253307:clu_51380_+:ENSG00000136235.17","23247993:23253307:clu_51380_+","9.7e-7","0.36","Brain - Caudate (basal ganglia)"
"ENSG00000136235.17","GPNMB","chr7_23208417_A_G_b38","rs858290","chr7:23247993:23253307:clu_51380_+:ENSG00000136235.17","23247993:23253307:clu_51380_+","9.7e-7","0.36","Brain - Caudate (basal ganglia)"
"ENSG00000136235.17","GPNMB","chr7_23208539_C_T_b38","rs858289","chr7:23247993:23253307:clu_51380_+:ENSG00000136235.17","23247993:23253307:clu_51380_+","9.7e-7","0.36","Brain - Caudate (basal ganglia)"
"ENSG00000136235.17","GPNMB","chr7_23274928_C_T_b38","rs5850","chr7:23260773:23266517:clu_53810_+:ENSG00000136235.17","23260773:23266517:clu_53810_+","9.7e-7","-0.35","Heart - Atrial Appendage"
"ENSG00000136235.17","GPNMB","chr7_23237339_G_C_b38","rs17147927","chr7:23260773:23261482:clu_53526_+:ENSG00000136235.17","23260773:23261482:clu_53526_+","9.7e-7","-1.2","Artery - Aorta"
"ENSG00000136235.17","GPNMB","chr7_23238020_A_G_b38","rs9691484","chr7:23260773:23261482:clu_53526_+:ENSG00000136235.17","23260773:23261482:clu_53526_+","9.7e-7","-1.2","Artery - Aorta"
"ENSG00000136235.17","GPNMB","chr7_23241345_T_C_b38","rs73277825","chr7:23260773:23261482:clu_53526_+:ENSG00000136235.17","23260773:23261482:clu_53526_+","9.7e-7","-1.2","Artery - Aorta"
"ENSG00000136235.17","GPNMB","chr7_23351786_C_T_b38","rs74556574","chr7:23246927:23253307:clu_49248_+:ENSG00000136235.17","23246927:23253307:clu_49248_+","9.8e-7","-0.88","Pancreas"
"ENSG00000136235.17","GPNMB","chr7_23352784_T_C_b38","rs77145141","chr7:23246927:23253307:clu_49248_+:ENSG00000136235.17","23246927:23253307:clu_49248_+","9.8e-7","-0.88","Pancreas"
"ENSG00000136235.17","GPNMB","chr7_23087427_T_TCAAA_b38","","chr7:23247993:23253307:clu_51380_+:ENSG00000136235.17","23247993:23253307:clu_51380_+","9.8e-7","0.38","Brain - Caudate (basal ganglia)"
"ENSG00000136235.17","GPNMB","chr7_23259771_T_C_b38","rs78893170","chr7:23260773:23261482:clu_53526_+:ENSG00000136235.17","23260773:23261482:clu_53526_+","9.8e-7","-1.3","Artery - Aorta"
"ENSG00000136235.17","GPNMB","chr7_23259901_GTAGC_G_b38","rs111477784","chr7:23260773:23261482:clu_53526_+:ENSG00000136235.17","23260773:23261482:clu_53526_+","9.8e-7","-1.3","Artery - Aorta"
"ENSG00000136235.17","GPNMB","chr7_23260248_C_A_b38","rs79798727","chr7:23260773:23261482:clu_53526_+:ENSG00000136235.17","23260773:23261482:clu_53526_+","9.8e-7","-1.3","Artery - Aorta"
"ENSG00000136235.17","GPNMB","chr7_23260726_C_T_b38","rs35363287","chr7:23260773:23261482:clu_53526_+:ENSG00000136235.17","23260773:23261482:clu_53526_+","9.8e-7","-1.3","Artery - Aorta"
"ENSG00000136235.17","GPNMB","chr7_23277808_G_A_b38","rs76122174","chr7:23260773:23261482:clu_53526_+:ENSG00000136235.17","23260773:23261482:clu_53526_+","9.8e-7","-1.3","Artery - Aorta"
"ENSG00000136235.17","GPNMB","chr7_23289038_C_T_b38","rs74583958","chr7:23260773:23261482:clu_53526_+:ENSG00000136235.17","23260773:23261482:clu_53526_+","9.8e-7","-1.3","Artery - Aorta"
"ENSG00000136235.17","GPNMB","chr7_23292930_G_A_b38","rs77652512","chr7:23260773:23261482:clu_53526_+:ENSG00000136235.17","23260773:23261482:clu_53526_+","9.8e-7","-1.3","Artery - Aorta"
"ENSG00000136235.17","GPNMB","chr7_23116460_G_A_b38","rs1558313","chr7:23260773:23266481:clu_53810_+:ENSG00000136235.17","23260773:23266481:clu_53810_+","0.0000010","0.35","Heart - Atrial Appendage"
"ENSG00000136235.17","GPNMB","chr7_23118614_G_A_b38","rs6962526","chr7:23260773:23266481:clu_53810_+:ENSG00000136235.17","23260773:23266481:clu_53810_+","0.0000010","0.35","Heart - Atrial Appendage"
"ENSG00000136235.17","GPNMB","chr7_23119904_C_G_b38","rs6971673","chr7:23260773:23266481:clu_53810_+:ENSG00000136235.17","23260773:23266481:clu_53810_+","0.0000010","0.35","Heart - Atrial Appendage"
"ENSG00000136235.17","GPNMB","chr7_23120514_G_A_b38","rs6461693","chr7:23260773:23266481:clu_53810_+:ENSG00000136235.17","23260773:23266481:clu_53810_+","0.0000010","0.35","Heart - Atrial Appendage"
"ENSG00000136235.17","GPNMB","chr7_23120910_T_C_b38","rs10278700","chr7:23260773:23266481:clu_53810_+:ENSG00000136235.17","23260773:23266481:clu_53810_+","0.0000010","0.35","Heart - Atrial Appendage"
"ENSG00000136235.17","GPNMB","chr7_23120932_G_A_b38","rs10263110","chr7:23260773:23266481:clu_53810_+:ENSG00000136235.17","23260773:23266481:clu_53810_+","0.0000010","0.35","Heart - Atrial Appendage"
"ENSG00000136235.17","GPNMB","chr7_23123651_C_T_b38","rs11982002","chr7:23260773:23266481:clu_53810_+:ENSG00000136235.17","23260773:23266481:clu_53810_+","0.0000010","0.35","Heart - Atrial Appendage"
"ENSG00000136235.17","GPNMB","chr7_23129224_A_C_b38","rs4624924","chr7:23260773:23266481:clu_53810_+:ENSG00000136235.17","23260773:23266481:clu_53810_+","0.0000010","0.35","Heart - Atrial Appendage"
"ENSG00000136235.17","GPNMB","chr7_23135147_G_T_b38","rs6948469","chr7:23260773:23266481:clu_53810_+:ENSG00000136235.17","23260773:23266481:clu_53810_+","0.0000010","0.35","Heart - Atrial Appendage"
"ENSG00000136235.17","GPNMB","chr7_23108854_T_C_b38","rs1034963","chr7:23247993:23253307:clu_51380_+:ENSG00000136235.17","23247993:23253307:clu_51380_+","0.0000010","0.38","Brain - Caudate (basal ganglia)"
"ENSG00000136235.17","GPNMB","chr7_23391773_A_C_b38","rs73281643","chr7:23260773:23266517:clu_53810_+:ENSG00000136235.17","23260773:23266517:clu_53810_+","0.0000010","-0.81","Heart - Atrial Appendage"
"ENSG00000136235.17","GPNMB","chr7_23393527_G_A_b38","rs11981126","chr7:23260773:23266517:clu_53810_+:ENSG00000136235.17","23260773:23266517:clu_53810_+","0.0000010","-0.81","Heart - Atrial Appendage"
"ENSG00000136235.17","GPNMB","chr7_23076996_G_A_b38","rs6461688","chr7:23260138:23260488:clu_47301_+:ENSG00000136235.17","23260138:23260488:clu_47301_+","0.0000010","-0.32","Cells - Cultured fibroblasts"
"ENSG00000136235.17","GPNMB","chr7_23094026_A_T_b38","rs7788821","chr7:23247993:23253307:clu_51380_+:ENSG00000136235.17","23247993:23253307:clu_51380_+","0.0000010","0.38","Brain - Caudate (basal ganglia)"
"ENSG00000136235.17","GPNMB","chr7_23130215_T_A_b38","rs28706766","chr7:23260138:23260456:clu_53875_+:ENSG00000136235.17","23260138:23260456:clu_53875_+","0.0000010","0.39","Esophagus - Gastroesophageal Junction"
"ENSG00000136235.17","GPNMB","chr7_23231412_A_C_b38","rs1728313","chr7:23260138:23260456:clu_53875_+:ENSG00000136235.17","23260138:23260456:clu_53875_+","0.0000011","0.38","Esophagus - Gastroesophageal Junction"
"ENSG00000136235.17","GPNMB","chr7_23081685_G_A_b38","rs6953728","chr7:23260773:23266517:clu_53810_+:ENSG00000136235.17","23260773:23266517:clu_53810_+","0.0000011","-0.34","Heart - Atrial Appendage"
"ENSG00000136235.17","GPNMB","chr7_23396402_G_C_b38","rs73088171","chr7:23260773:23266517:clu_63172_+:ENSG00000136235.17","23260773:23266517:clu_63172_+","0.0000011","-0.86","Lung"
"ENSG00000136235.17","GPNMB","chr7_23092243_C_T_b38","rs61292332","chr7:23247993:23253307:clu_51380_+:ENSG00000136235.17","23247993:23253307:clu_51380_+","0.0000011","0.38","Brain - Caudate (basal ganglia)"
"ENSG00000136235.17","GPNMB","chr7_23254525_T_C_b38","rs858275","chr7:23260138:23260456:clu_53875_+:ENSG00000136235.17","23260138:23260456:clu_53875_+","0.0000011","0.38","Esophagus - Gastroesophageal Junction"
"ENSG00000136235.17","GPNMB","chr7_23088437_G_A_b38","rs4321896","chr7:23260773:23266481:clu_53810_+:ENSG00000136235.17","23260773:23266481:clu_53810_+","0.0000011","0.34","Heart - Atrial Appendage"
"ENSG00000136235.17","GPNMB","chr7_23089363_G_A_b38","rs6967475","chr7:23260773:23266481:clu_53810_+:ENSG00000136235.17","23260773:23266481:clu_53810_+","0.0000011","0.34","Heart - Atrial Appendage"
"ENSG00000136235.17","GPNMB","chr7_23094637_A_G_b38","rs6956595","chr7:23260773:23266481:clu_53810_+:ENSG00000136235.17","23260773:23266481:clu_53810_+","0.0000011","0.34","Heart - Atrial Appendage"
"ENSG00000136235.17","GPNMB","chr7_23096064_AT_A_b38","rs35386638","chr7:23260773:23266481:clu_53810_+:ENSG00000136235.17","23260773:23266481:clu_53810_+","0.0000011","0.34","Heart - Atrial Appendage"
"ENSG00000136235.17","GPNMB","chr7_23100076_G_C_b38","rs6461692","chr7:23260773:23266481:clu_53810_+:ENSG00000136235.17","23260773:23266481:clu_53810_+","0.0000011","0.34","Heart - Atrial Appendage"
"ENSG00000136235.17","GPNMB","chr7_23110331_C_T_b38","rs10239760","chr7:23247993:23253307:clu_51380_+:ENSG00000136235.17","23247993:23253307:clu_51380_+","0.0000011","0.37","Brain - Caudate (basal ganglia)"
"ENSG00000136235.17","GPNMB","chr7_23114316_C_T_b38","rs764534","chr7:23247993:23253307:clu_51380_+:ENSG00000136235.17","23247993:23253307:clu_51380_+","0.0000011","0.37","Brain - Caudate (basal ganglia)"
"ENSG00000136235.17","GPNMB","chr7_23114694_A_C_b38","rs2068459","chr7:23247993:23253307:clu_51380_+:ENSG00000136235.17","23247993:23253307:clu_51380_+","0.0000011","0.37","Brain - Caudate (basal ganglia)"
"ENSG00000136235.17","GPNMB","chr7_23115906_A_G_b38","rs73272053","chr7:23247993:23253307:clu_51380_+:ENSG00000136235.17","23247993:23253307:clu_51380_+","0.0000011","0.37","Brain - Caudate (basal ganglia)"
"ENSG00000136235.17","GPNMB","chr7_23117403_ACTTCT_A_b38","rs10590746","chr7:23247993:23253307:clu_51380_+:ENSG00000136235.17","23247993:23253307:clu_51380_+","0.0000011","0.37","Brain - Caudate (basal ganglia)"
"ENSG00000136235.17","GPNMB","chr7_23120591_C_T_b38","rs7805206","chr7:23247993:23253307:clu_51380_+:ENSG00000136235.17","23247993:23253307:clu_51380_+","0.0000011","0.37","Brain - Caudate (basal ganglia)"
"ENSG00000136235.17","GPNMB","chr7_23255253_G_A_b38","rs28458177","chr7:23260773:23266517:clu_53810_+:ENSG00000136235.17","23260773:23266517:clu_53810_+","0.0000011","-0.34","Heart - Atrial Appendage"
"ENSG00000136235.17","GPNMB","chr7_23391773_A_C_b38","rs73281643","chr7:23260773:23266481:clu_61481_+:ENSG00000136235.17","23260773:23266481:clu_61481_+","0.0000011","0.76","Breast - Mammary Tissue"
"ENSG00000136235.17","GPNMB","chr7_23393527_G_A_b38","rs11981126","chr7:23260773:23266481:clu_61481_+:ENSG00000136235.17","23260773:23266481:clu_61481_+","0.0000011","0.76","Breast - Mammary Tissue"
"ENSG00000136235.17","GPNMB","chr7_23094026_A_T_b38","rs7788821","chr7:23260773:23266481:clu_53810_+:ENSG00000136235.17","23260773:23266481:clu_53810_+","0.0000012","0.34","Heart - Atrial Appendage"
"ENSG00000136235.17","GPNMB","chr7_23193040_T_C_b38","rs1637221","chr7:23260773:23266517:clu_53810_+:ENSG00000136235.17","23260773:23266517:clu_53810_+","0.0000012","-0.34","Heart - Atrial Appendage"
"ENSG00000136235.17","GPNMB","chr7_23205950_A_G_b38","rs858295","chr7:23260773:23266517:clu_53810_+:ENSG00000136235.17","23260773:23266517:clu_53810_+","0.0000012","-0.34","Heart - Atrial Appendage"
"ENSG00000136235.17","GPNMB","chr7_23108221_G_A_b38","rs987257","chr7:23247993:23253307:clu_51380_+:ENSG00000136235.17","23247993:23253307:clu_51380_+","0.0000012","0.38","Brain - Caudate (basal ganglia)"
"ENSG00000136235.17","GPNMB","chr7_23109189_C_T_b38","rs10235467","chr7:23247993:23253307:clu_51380_+:ENSG00000136235.17","23247993:23253307:clu_51380_+","0.0000012","0.38","Brain - Caudate (basal ganglia)"
"ENSG00000136235.17","GPNMB","chr7_23109518_C_T_b38","rs6980224","chr7:23247993:23253307:clu_51380_+:ENSG00000136235.17","23247993:23253307:clu_51380_+","0.0000012","0.38","Brain - Caudate (basal ganglia)"
"ENSG00000136235.17","GPNMB","chr7_23276821_G_A_b38","rs10224388","chr7:23260773:23266517:clu_47302_+:ENSG00000136235.17","23260773:23266517:clu_47302_+","0.0000012","-0.28","Cells - Cultured fibroblasts"
"ENSG00000136235.17","GPNMB","chr7_23162018_T_C_b38","rs1881200","chr7:23260773:23266517:clu_53810_+:ENSG00000136235.17","23260773:23266517:clu_53810_+","0.0000012","0.34","Heart - Atrial Appendage"
"ENSG00000136235.17","GPNMB","chr7_23211386_T_C_b38","rs858279","chr7:23260138:23260456:clu_53875_+:ENSG00000136235.17","23260138:23260456:clu_53875_+","0.0000012","0.38","Esophagus - Gastroesophageal Junction"
"ENSG00000136235.17","GPNMB","chr7_23202247_C_T_b38","rs6968696","chr7:23260773:23266517:clu_53810_+:ENSG00000136235.17","23260773:23266517:clu_53810_+","0.0000013","-0.33","Heart - Atrial Appendage"
"ENSG00000136235.17","GPNMB","chr7_23081685_G_A_b38","rs6953728","chr7:23260773:23266481:clu_53810_+:ENSG00000136235.17","23260773:23266481:clu_53810_+","0.0000013","0.33","Heart - Atrial Appendage"
"ENSG00000136235.17","GPNMB","chr7_23153230_G_A_b38","rs55788996","chr7:23260138:23260488:clu_61479_+:ENSG00000136235.17","23260138:23260488:clu_61479_+","0.0000013","-0.27","Skin - Sun Exposed (Lower leg)"
"ENSG00000136235.17","GPNMB","chr7_23277981_G_A_b38","rs2268745","chr7:23260773:23266517:clu_47302_+:ENSG00000136235.17","23260773:23266517:clu_47302_+","0.0000013","-0.28","Cells - Cultured fibroblasts"
"ENSG00000136235.17","GPNMB","chr7_23079688_C_T_b38","rs7776644","chr7:23247993:23253307:clu_51380_+:ENSG00000136235.17","23247993:23253307:clu_51380_+","0.0000013","0.38","Brain - Caudate (basal ganglia)"
"ENSG00000136235.17","GPNMB","chr7_23276020_G_A_b38","rs156407","chr7:23260138:23260456:clu_53875_+:ENSG00000136235.17","23260138:23260456:clu_53875_+","0.0000013","0.39","Esophagus - Gastroesophageal Junction"
"ENSG00000136235.17","GPNMB","chr7_23277981_G_A_b38","rs2268745","chr7:23260773:23266481:clu_53810_+:ENSG00000136235.17","23260773:23266481:clu_53810_+","0.0000013","0.34","Heart - Atrial Appendage"
"ENSG00000136235.17","GPNMB","chr7_23396402_G_C_b38","rs73088171","chr7:23260773:23266481:clu_63172_+:ENSG00000136235.17","23260773:23266481:clu_63172_+","0.0000014","0.81","Lung"
"ENSG00000136235.17","GPNMB","chr7_23265470_AGGGC_A_b38","rs142550346","chr7:23260773:23261482:clu_60140_+:ENSG00000136235.17","23260773:23261482:clu_60140_+","0.0000014","-1.1","Skin - Not Sun Exposed (Suprapubic)"
"ENSG00000136235.17","GPNMB","chr7_23267352_G_A_b38","rs79954300","chr7:23260773:23261482:clu_60140_+:ENSG00000136235.17","23260773:23261482:clu_60140_+","0.0000014","-1.1","Skin - Not Sun Exposed (Suprapubic)"
"ENSG00000136235.17","GPNMB","chr7_23265053_T_C_b38","rs113093941","chr7:23260773:23261482:clu_60140_+:ENSG00000136235.17","23260773:23261482:clu_60140_+","0.0000014","-1.1","Skin - Not Sun Exposed (Suprapubic)"
"ENSG00000136235.17","GPNMB","chr7_23271516_C_G_b38","rs6962394","chr7:23260773:23261482:clu_60140_+:ENSG00000136235.17","23260773:23261482:clu_60140_+","0.0000014","-1.1","Skin - Not Sun Exposed (Suprapubic)"
"ENSG00000136235.17","GPNMB","chr7_23263034_AT_A_b38","rs146257332","chr7:23260773:23261482:clu_60140_+:ENSG00000136235.17","23260773:23261482:clu_60140_+","0.0000014","-1.1","Skin - Not Sun Exposed (Suprapubic)"
"ENSG00000136235.17","GPNMB","chr7_23265409_T_C_b38","rs113830119","chr7:23260773:23261482:clu_60140_+:ENSG00000136235.17","23260773:23261482:clu_60140_+","0.0000014","-1.1","Skin - Not Sun Exposed (Suprapubic)"
"ENSG00000136235.17","GPNMB","chr7_23265819_G_T_b38","rs76259529","chr7:23260773:23261482:clu_60140_+:ENSG00000136235.17","23260773:23261482:clu_60140_+","0.0000014","-1.1","Skin - Not Sun Exposed (Suprapubic)"
"ENSG00000136235.17","GPNMB","chr7_23266358_T_C_b38","rs76375148","chr7:23260773:23261482:clu_60140_+:ENSG00000136235.17","23260773:23261482:clu_60140_+","0.0000014","-1.1","Skin - Not Sun Exposed (Suprapubic)"
"ENSG00000136235.17","GPNMB","chr7_23261038_T_C_b38","rs75405258","chr7:23260773:23261482:clu_55461_+:ENSG00000136235.17","23260773:23261482:clu_55461_+","0.0000014","-0.96","Artery - Tibial"
"ENSG00000136235.17","GPNMB","chr7_23261483_A_C_b38","rs111416687","chr7:23260773:23261482:clu_55461_+:ENSG00000136235.17","23260773:23261482:clu_55461_+","0.0000014","-0.96","Artery - Tibial"
"ENSG00000136235.17","GPNMB","chr7_23154394_C_T_b38","rs1881201","chr7:23260773:23266517:clu_53810_+:ENSG00000136235.17","23260773:23266517:clu_53810_+","0.0000014","0.33","Heart - Atrial Appendage"
"ENSG00000136235.17","GPNMB","chr7_23076961_A_G_b38","rs6461687","chr7:23260138:23260488:clu_47301_+:ENSG00000136235.17","23260138:23260488:clu_47301_+","0.0000014","-0.32","Cells - Cultured fibroblasts"
"ENSG00000136235.17","GPNMB","chr7_23251368_G_A_b38","rs10262243","chr7:23260773:23266517:clu_47302_+:ENSG00000136235.17","23260773:23266517:clu_47302_+","0.0000014","-0.28","Cells - Cultured fibroblasts"
"ENSG00000136235.17","GPNMB","chr7_23083296_C_T_b38","rs2003555","chr7:23247993:23253307:clu_51380_+:ENSG00000136235.17","23247993:23253307:clu_51380_+","0.0000014","0.38","Brain - Caudate (basal ganglia)"
"ENSG00000136235.17","GPNMB","chr7_23084258_C_T_b38","rs10256359","chr7:23247993:23253307:clu_51380_+:ENSG00000136235.17","23247993:23253307:clu_51380_+","0.0000014","0.38","Brain - Caudate (basal ganglia)"
"ENSG00000136235.17","GPNMB","chr7_23084658_T_C_b38","rs7784929","chr7:23247993:23253307:clu_51380_+:ENSG00000136235.17","23247993:23253307:clu_51380_+","0.0000014","0.38","Brain - Caudate (basal ganglia)"
"ENSG00000136235.17","GPNMB","chr7_23088038_A_C_b38","rs7341483","chr7:23247993:23253307:clu_51380_+:ENSG00000136235.17","23247993:23253307:clu_51380_+","0.0000014","0.38","Brain - Caudate (basal ganglia)"
"ENSG00000136235.17","GPNMB","chr7_23088794_G_A_b38","rs7799422","chr7:23247993:23253307:clu_51380_+:ENSG00000136235.17","23247993:23253307:clu_51380_+","0.0000014","0.38","Brain - Caudate (basal ganglia)"
"ENSG00000136235.17","GPNMB","chr7_23089557_T_TAAAAC_b38","","chr7:23247993:23253307:clu_51380_+:ENSG00000136235.17","23247993:23253307:clu_51380_+","0.0000014","0.38","Brain - Caudate (basal ganglia)"
"ENSG00000136235.17","GPNMB","chr7_23092166_A_G_b38","rs28483572","chr7:23247993:23253307:clu_51380_+:ENSG00000136235.17","23247993:23253307:clu_51380_+","0.0000014","0.38","Brain - Caudate (basal ganglia)"
"ENSG00000136235.17","GPNMB","chr7_23095272_C_T_b38","rs6961406","chr7:23247993:23253307:clu_51380_+:ENSG00000136235.17","23247993:23253307:clu_51380_+","0.0000014","0.38","Brain - Caudate (basal ganglia)"
"ENSG00000136235.17","GPNMB","chr7_23095915_A_G_b38","rs6461690","chr7:23247993:23253307:clu_51380_+:ENSG00000136235.17","23247993:23253307:clu_51380_+","0.0000014","0.38","Brain - Caudate (basal ganglia)"
"ENSG00000136235.17","GPNMB","chr7_23096691_C_T_b38","rs6967419","chr7:23247993:23253307:clu_51380_+:ENSG00000136235.17","23247993:23253307:clu_51380_+","0.0000014","0.38","Brain - Caudate (basal ganglia)"
"ENSG00000136235.17","GPNMB","chr7_23154986_A_G_b38","rs955187","chr7:23260773:23266481:clu_53810_+:ENSG00000136235.17","23260773:23266481:clu_53810_+","0.0000014","-0.34","Heart - Atrial Appendage"
"ENSG00000136235.17","GPNMB","chr7_23219346_G_A_b38","rs111901213","chr7:23260773:23261482:clu_53526_+:ENSG00000136235.17","23260773:23261482:clu_53526_+","0.0000015","-1.3","Artery - Aorta"
"ENSG00000136235.17","GPNMB","chr7_23140060_A_C_b38","rs79298837","chr7:23247993:23253307:clu_53873_+:ENSG00000136235.17","23247993:23253307:clu_53873_+","0.0000015","0.58","Esophagus - Gastroesophageal Junction"
"ENSG00000136235.17","GPNMB","chr7_23202172_G_C_b38","rs6968810","chr7:23260773:23266517:clu_53810_+:ENSG00000136235.17","23260773:23266517:clu_53810_+","0.0000015","-0.34","Heart - Atrial Appendage"
"ENSG00000136235.17","GPNMB","chr7_23108221_G_A_b38","rs987257","chr7:23260773:23266517:clu_53810_+:ENSG00000136235.17","23260773:23266517:clu_53810_+","0.0000015","-0.34","Heart - Atrial Appendage"
"ENSG00000136235.17","GPNMB","chr7_23109189_C_T_b38","rs10235467","chr7:23260773:23266517:clu_53810_+:ENSG00000136235.17","23260773:23266517:clu_53810_+","0.0000015","-0.34","Heart - Atrial Appendage"
"ENSG00000136235.17","GPNMB","chr7_23109518_C_T_b38","rs6980224","chr7:23260773:23266517:clu_53810_+:ENSG00000136235.17","23260773:23266517:clu_53810_+","0.0000015","-0.34","Heart - Atrial Appendage"
"ENSG00000136235.17","GPNMB","chr7_23368404_A_G_b38","rs75766295","chr7:23246927:23253307:clu_49248_+:ENSG00000136235.17","23246927:23253307:clu_49248_+","0.0000015","-0.87","Pancreas"
"ENSG00000136235.17","GPNMB","chr7_23368438_AT_A_b38","rs151227403","chr7:23246927:23253307:clu_49248_+:ENSG00000136235.17","23246927:23253307:clu_49248_+","0.0000015","-0.87","Pancreas"
"ENSG00000136235.17","GPNMB","chr7_23088437_G_A_b38","rs4321896","chr7:23247993:23253307:clu_51380_+:ENSG00000136235.17","23247993:23253307:clu_51380_+","0.0000015","0.38","Brain - Caudate (basal ganglia)"
"ENSG00000136235.17","GPNMB","chr7_23089363_G_A_b38","rs6967475","chr7:23247993:23253307:clu_51380_+:ENSG00000136235.17","23247993:23253307:clu_51380_+","0.0000015","0.38","Brain - Caudate (basal ganglia)"
"ENSG00000136235.17","GPNMB","chr7_23094637_A_G_b38","rs6956595","chr7:23247993:23253307:clu_51380_+:ENSG00000136235.17","23247993:23253307:clu_51380_+","0.0000015","0.38","Brain - Caudate (basal ganglia)"
"ENSG00000136235.17","GPNMB","chr7_23096064_AT_A_b38","rs35386638","chr7:23247993:23253307:clu_51380_+:ENSG00000136235.17","23247993:23253307:clu_51380_+","0.0000015","0.38","Brain - Caudate (basal ganglia)"
"ENSG00000136235.17","GPNMB","chr7_23100076_G_C_b38","rs6461692","chr7:23247993:23253307:clu_51380_+:ENSG00000136235.17","23247993:23253307:clu_51380_+","0.0000015","0.38","Brain - Caudate (basal ganglia)"
"ENSG00000136235.17","GPNMB","chr7_23264294_T_G_b38","rs138617381","chr7:23260773:23266481:clu_53876_+:ENSG00000136235.17","23260773:23266481:clu_53876_+","0.0000016","1.4","Esophagus - Gastroesophageal Junction"
"ENSG00000136235.17","GPNMB","chr7_23111711_A_G_b38","rs12539331","chr7:23247993:23253307:clu_51380_+:ENSG00000136235.17","23247993:23253307:clu_51380_+","0.0000016","0.36","Brain - Caudate (basal ganglia)"
"ENSG00000136235.17","GPNMB","chr7_23317449_C_G_b38","rs76937977","chr7:23246927:23253307:clu_49248_+:ENSG00000136235.17","23246927:23253307:clu_49248_+","0.0000016","-1.2","Pancreas"
"ENSG00000136235.17","GPNMB","chr7_23292784_G_T_b38","rs466225","chr7:23260138:23260456:clu_53875_+:ENSG00000136235.17","23260138:23260456:clu_53875_+","0.0000017","0.38","Esophagus - Gastroesophageal Junction"
"ENSG00000136235.17","GPNMB","chr7_23391773_A_C_b38","rs73281643","chr7:23260773:23266517:clu_63172_+:ENSG00000136235.17","23260773:23266517:clu_63172_+","0.0000017","-0.66","Lung"
"ENSG00000136235.17","GPNMB","chr7_23393527_G_A_b38","rs11981126","chr7:23260773:23266517:clu_63172_+:ENSG00000136235.17","23260773:23266517:clu_63172_+","0.0000017","-0.66","Lung"
"ENSG00000136235.17","GPNMB","chr7_23131157_G_A_b38","rs4140959","chr7:23247993:23253307:clu_51380_+:ENSG00000136235.17","23247993:23253307:clu_51380_+","0.0000017","0.38","Brain - Caudate (basal ganglia)"
"ENSG00000136235.17","GPNMB","chr7_23134563_A_G_b38","rs13438452","chr7:23247993:23253307:clu_51380_+:ENSG00000136235.17","23247993:23253307:clu_51380_+","0.0000017","0.38","Brain - Caudate (basal ganglia)"
"ENSG00000136235.17","GPNMB","chr7_23220969_G_T_b38","rs7807879","chr7:23247993:23253307:clu_51380_+:ENSG00000136235.17","23247993:23253307:clu_51380_+","0.0000017","0.37","Brain - Caudate (basal ganglia)"
"ENSG00000136235.17","GPNMB","chr7_23305524_C_T_b38","rs146408557","chr7:23260773:23261482:clu_53526_+:ENSG00000136235.17","23260773:23261482:clu_53526_+","0.0000017","-1.3","Artery - Aorta"
"ENSG00000136235.17","GPNMB","chr7_23061551_C_G_b38","rs114167415","chr7:23246927:23253307:clu_51380_+:ENSG00000136235.17","23246927:23253307:clu_51380_+","0.0000017","-1.7","Brain - Caudate (basal ganglia)"
"ENSG00000136235.17","GPNMB","chr7_23266197_C_G_b38","rs113828785","chr7:23260773:23261482:clu_60140_+:ENSG00000136235.17","23260773:23261482:clu_60140_+","0.0000017","-1.0","Skin - Not Sun Exposed (Suprapubic)"
"ENSG00000136235.17","GPNMB","chr7_23258796_C_A_b38","rs10085838","chr7:23260773:23266517:clu_53810_+:ENSG00000136235.17","23260773:23266517:clu_53810_+","0.0000018","-0.34","Heart - Atrial Appendage"
"ENSG00000136235.17","GPNMB","chr7_23288521_AAAACTT_A_b38","rs71735507","chr7:23247993:23253307:clu_51380_+:ENSG00000136235.17","23247993:23253307:clu_51380_+","0.0000018","0.36","Brain - Caudate (basal ganglia)"
"ENSG00000136235.17","GPNMB","chr7_23116460_G_A_b38","rs1558313","chr7:23260773:23266517:clu_53810_+:ENSG00000136235.17","23260773:23266517:clu_53810_+","0.0000018","-0.34","Heart - Atrial Appendage"
"ENSG00000136235.17","GPNMB","chr7_23118614_G_A_b38","rs6962526","chr7:23260773:23266517:clu_53810_+:ENSG00000136235.17","23260773:23266517:clu_53810_+","0.0000018","-0.34","Heart - Atrial Appendage"
"ENSG00000136235.17","GPNMB","chr7_23119904_C_G_b38","rs6971673","chr7:23260773:23266517:clu_53810_+:ENSG00000136235.17","23260773:23266517:clu_53810_+","0.0000018","-0.34","Heart - Atrial Appendage"
"ENSG00000136235.17","GPNMB","chr7_23120514_G_A_b38","rs6461693","chr7:23260773:23266517:clu_53810_+:ENSG00000136235.17","23260773:23266517:clu_53810_+","0.0000018","-0.34","Heart - Atrial Appendage"
"ENSG00000136235.17","GPNMB","chr7_23120910_T_C_b38","rs10278700","chr7:23260773:23266517:clu_53810_+:ENSG00000136235.17","23260773:23266517:clu_53810_+","0.0000018","-0.34","Heart - Atrial Appendage"
"ENSG00000136235.17","GPNMB","chr7_23120932_G_A_b38","rs10263110","chr7:23260773:23266517:clu_53810_+:ENSG00000136235.17","23260773:23266517:clu_53810_+","0.0000018","-0.34","Heart - Atrial Appendage"
"ENSG00000136235.17","GPNMB","chr7_23123651_C_T_b38","rs11982002","chr7:23260773:23266517:clu_53810_+:ENSG00000136235.17","23260773:23266517:clu_53810_+","0.0000018","-0.34","Heart - Atrial Appendage"
"ENSG00000136235.17","GPNMB","chr7_23129224_A_C_b38","rs4624924","chr7:23260773:23266517:clu_53810_+:ENSG00000136235.17","23260773:23266517:clu_53810_+","0.0000018","-0.34","Heart - Atrial Appendage"
"ENSG00000136235.17","GPNMB","chr7_23135147_G_T_b38","rs6948469","chr7:23260773:23266517:clu_53810_+:ENSG00000136235.17","23260773:23266517:clu_53810_+","0.0000018","-0.34","Heart - Atrial Appendage"
"ENSG00000136235.17","GPNMB","chr7_23301696_C_T_b38","rs144737894","chr7:23260773:23261482:clu_53526_+:ENSG00000136235.17","23260773:23261482:clu_53526_+","0.0000018","-1.3","Artery - Aorta"
"ENSG00000136235.17","GPNMB","chr7_23276821_G_A_b38","rs10224388","chr7:23260773:23266517:clu_53810_+:ENSG00000136235.17","23260773:23266517:clu_53810_+","0.0000018","-0.34","Heart - Atrial Appendage"
"ENSG00000136235.17","GPNMB","chr7_23235145_A_G_b38","rs10268610","chr7:23247993:23253307:clu_51380_+:ENSG00000136235.17","23247993:23253307:clu_51380_+","0.0000018","0.37","Brain - Caudate (basal ganglia)"
"ENSG00000136235.17","GPNMB","chr7_23129182_C_T_b38","rs4599714","chr7:23247993:23253307:clu_51380_+:ENSG00000136235.17","23247993:23253307:clu_51380_+","0.0000019","0.37","Brain - Caudate (basal ganglia)"
"ENSG00000136235.17","GPNMB","chr7_23130140_C_T_b38","rs10278776","chr7:23247993:23253307:clu_51380_+:ENSG00000136235.17","23247993:23253307:clu_51380_+","0.0000019","0.37","Brain - Caudate (basal ganglia)"
"ENSG00000136235.17","GPNMB","chr7_23265053_T_C_b38","rs113093941","chr7:23260773:23261482:clu_55461_+:ENSG00000136235.17","23260773:23261482:clu_55461_+","0.0000019","-0.98","Artery - Tibial"
"ENSG00000136235.17","GPNMB","chr7_23266358_T_C_b38","rs76375148","chr7:23260773:23261482:clu_55461_+:ENSG00000136235.17","23260773:23261482:clu_55461_+","0.0000019","-0.98","Artery - Tibial"
"ENSG00000136235.17","GPNMB","chr7_23271516_C_G_b38","rs6962394","chr7:23260773:23261482:clu_55461_+:ENSG00000136235.17","23260773:23261482:clu_55461_+","0.0000019","-0.98","Artery - Tibial"
"ENSG00000136235.17","GPNMB","chr7_23263034_AT_A_b38","rs146257332","chr7:23260773:23261482:clu_55461_+:ENSG00000136235.17","23260773:23261482:clu_55461_+","0.0000019","-0.98","Artery - Tibial"
"ENSG00000136235.17","GPNMB","chr7_23265409_T_C_b38","rs113830119","chr7:23260773:23261482:clu_55461_+:ENSG00000136235.17","23260773:23261482:clu_55461_+","0.0000019","-0.98","Artery - Tibial"
"ENSG00000136235.17","GPNMB","chr7_23265470_AGGGC_A_b38","rs142550346","chr7:23260773:23261482:clu_55461_+:ENSG00000136235.17","23260773:23261482:clu_55461_+","0.0000019","-0.98","Artery - Tibial"
"ENSG00000136235.17","GPNMB","chr7_23265819_G_T_b38","rs76259529","chr7:23260773:23261482:clu_55461_+:ENSG00000136235.17","23260773:23261482:clu_55461_+","0.0000019","-0.98","Artery - Tibial"
"ENSG00000136235.17","GPNMB","chr7_23266098_A_G_b38","rs112105017","chr7:23260773:23261482:clu_55461_+:ENSG00000136235.17","23260773:23261482:clu_55461_+","0.0000019","-0.98","Artery - Tibial"
"ENSG00000136235.17","GPNMB","chr7_23267352_G_A_b38","rs79954300","chr7:23260773:23261482:clu_55461_+:ENSG00000136235.17","23260773:23261482:clu_55461_+","0.0000019","-0.98","Artery - Tibial"
"ENSG00000136235.17","GPNMB","chr7_23110683_T_C_b38","rs111279824","chr7:23247993:23253307:clu_51380_+:ENSG00000136235.17","23247993:23253307:clu_51380_+","0.0000019","0.37","Brain - Caudate (basal ganglia)"
"ENSG00000136235.17","GPNMB","chr7_23113034_C_G_b38","rs73272048","chr7:23247993:23253307:clu_51380_+:ENSG00000136235.17","23247993:23253307:clu_51380_+","0.0000019","0.37","Brain - Caudate (basal ganglia)"
"ENSG00000136235.17","GPNMB","chr7_23119244_G_T_b38","rs10255228","chr7:23247993:23253307:clu_51380_+:ENSG00000136235.17","23247993:23253307:clu_51380_+","0.0000019","0.37","Brain - Caudate (basal ganglia)"
"ENSG00000136235.17","GPNMB","chr7_23122967_G_A_b38","rs10271613","chr7:23247993:23253307:clu_51380_+:ENSG00000136235.17","23247993:23253307:clu_51380_+","0.0000019","0.37","Brain - Caudate (basal ganglia)"
"ENSG00000136235.17","GPNMB","chr7_23123180_A_G_b38","rs10242166","chr7:23247993:23253307:clu_51380_+:ENSG00000136235.17","23247993:23253307:clu_51380_+","0.0000019","0.37","Brain - Caudate (basal ganglia)"
"ENSG00000136235.17","GPNMB","chr7_23125082_C_T_b38","rs15775","chr7:23247993:23253307:clu_51380_+:ENSG00000136235.17","23247993:23253307:clu_51380_+","0.0000019","0.37","Brain - Caudate (basal ganglia)"
"ENSG00000136235.17","GPNMB","chr7_23126389_C_T_b38","rs6966776","chr7:23247993:23253307:clu_51380_+:ENSG00000136235.17","23247993:23253307:clu_51380_+","0.0000019","0.37","Brain - Caudate (basal ganglia)"
"ENSG00000136235.17","GPNMB","chr7_23127045_G_C_b38","rs929507","chr7:23247993:23253307:clu_51380_+:ENSG00000136235.17","23247993:23253307:clu_51380_+","0.0000019","0.37","Brain - Caudate (basal ganglia)"
"ENSG00000136235.17","GPNMB","chr7_23127090_C_A_b38","rs929508","chr7:23247993:23253307:clu_51380_+:ENSG00000136235.17","23247993:23253307:clu_51380_+","0.0000019","0.37","Brain - Caudate (basal ganglia)"
"ENSG00000136235.17","GPNMB","chr7_23127792_T_G_b38","rs6968242","chr7:23247993:23253307:clu_51380_+:ENSG00000136235.17","23247993:23253307:clu_51380_+","0.0000019","0.37","Brain - Caudate (basal ganglia)"
"ENSG00000136235.17","GPNMB","chr7_23128350_T_C_b38","rs1981665","chr7:23247993:23253307:clu_51380_+:ENSG00000136235.17","23247993:23253307:clu_51380_+","0.0000019","0.37","Brain - Caudate (basal ganglia)"
"ENSG00000136235.17","GPNMB","chr7_23130808_T_G_b38","rs3735228","chr7:23247993:23253307:clu_51380_+:ENSG00000136235.17","23247993:23253307:clu_51380_+","0.0000019","0.37","Brain - Caudate (basal ganglia)"
"ENSG00000136235.17","GPNMB","chr7_23220476_A_G_b38","rs78455309","chr7:23260773:23261482:clu_53526_+:ENSG00000136235.17","23260773:23261482:clu_53526_+","0.0000019","-1.3","Artery - Aorta"
"ENSG00000136235.17","GPNMB","chr7_23221900_T_A_b38","rs17147918","chr7:23260773:23261482:clu_53526_+:ENSG00000136235.17","23260773:23261482:clu_53526_+","0.0000019","-1.3","Artery - Aorta"
"ENSG00000136235.17","GPNMB","chr7_23222647_T_G_b38","rs75951443","chr7:23260773:23261482:clu_53526_+:ENSG00000136235.17","23260773:23261482:clu_53526_+","0.0000019","-1.3","Artery - Aorta"
"ENSG00000136235.17","GPNMB","chr7_23092243_C_T_b38","rs61292332","chr7:23260773:23266481:clu_53810_+:ENSG00000136235.17","23260773:23266481:clu_53810_+","0.0000019","0.34","Heart - Atrial Appendage"
"ENSG00000136235.17","GPNMB","chr7_23338635_T_C_b38","rs80036370","chr7:23246927:23253307:clu_49248_+:ENSG00000136235.17","23246927:23253307:clu_49248_+","0.0000019","-0.87","Pancreas"
"ENSG00000136235.17","GPNMB","chr7_23121768_C_T_b38","rs145506534","chr7:23260138:23260488:clu_61479_+:ENSG00000136235.17","23260138:23260488:clu_61479_+","0.0000020","-0.35","Skin - Sun Exposed (Lower leg)"
"ENSG00000136235.17","GPNMB","chr7_23135147_G_T_b38","rs6948469","chr7:23247993:23253307:clu_51380_+:ENSG00000136235.17","23247993:23253307:clu_51380_+","0.0000020","0.37","Brain - Caudate (basal ganglia)"
"ENSG00000136235.17","GPNMB","chr7_23129224_A_C_b38","rs4624924","chr7:23247993:23253307:clu_51380_+:ENSG00000136235.17","23247993:23253307:clu_51380_+","0.0000020","0.37","Brain - Caudate (basal ganglia)"
"ENSG00000136235.17","GPNMB","chr7_23157197_C_T_b38","rs10950940","chr7:23260138:23260456:clu_53875_+:ENSG00000136235.17","23260138:23260456:clu_53875_+","0.0000020","-0.38","Esophagus - Gastroesophageal Junction"
"ENSG00000136235.17","GPNMB","chr7_23104578_T_C_b38","rs13438188","chr7:23260773:23266481:clu_53810_+:ENSG00000136235.17","23260773:23266481:clu_53810_+","0.0000020","0.34","Heart - Atrial Appendage"
"ENSG00000136235.17","GPNMB","chr7_23205012_A_G_b38","rs858300","chr7:23260138:23260488:clu_60139_+:ENSG00000136235.17","23260138:23260488:clu_60139_+","0.0000020","-0.29","Skin - Not Sun Exposed (Suprapubic)"
"ENSG00000136235.17","GPNMB","chr7_23208417_A_G_b38","rs858290","chr7:23260138:23260488:clu_60139_+:ENSG00000136235.17","23260138:23260488:clu_60139_+","0.0000020","-0.29","Skin - Not Sun Exposed (Suprapubic)"
"ENSG00000136235.17","GPNMB","chr7_23208539_C_T_b38","rs858289","chr7:23260138:23260488:clu_60139_+:ENSG00000136235.17","23260138:23260488:clu_60139_+","0.0000020","-0.29","Skin - Not Sun Exposed (Suprapubic)"
"ENSG00000136235.17","GPNMB","chr7_23220895_G_A_b38","rs1637192","chr7:23260773:23266481:clu_53810_+:ENSG00000136235.17","23260773:23266481:clu_53810_+","0.0000020","0.33","Heart - Atrial Appendage"
"ENSG00000136235.17","GPNMB","chr7_23211386_T_C_b38","rs858279","chr7:23260138:23260488:clu_60139_+:ENSG00000136235.17","23260138:23260488:clu_60139_+","0.0000020","-0.30","Skin - Not Sun Exposed (Suprapubic)"
"ENSG00000136235.17","GPNMB","chr7_23144933_C_A_b38","rs57611130","chr7:23260138:23260488:clu_61479_+:ENSG00000136235.17","23260138:23260488:clu_61479_+","0.0000021","-0.30","Skin - Sun Exposed (Lower leg)"
"ENSG00000136235.17","GPNMB","chr7_23253665_T_C_b38","rs17147967","chr7:23260773:23261482:clu_53526_+:ENSG00000136235.17","23260773:23261482:clu_53526_+","0.0000021","-1.2","Artery - Aorta"
"ENSG00000136235.17","GPNMB","chr7_23255253_G_A_b38","rs28458177","chr7:23260773:23266517:clu_47302_+:ENSG00000136235.17","23260773:23266517:clu_47302_+","0.0000021","-0.28","Cells - Cultured fibroblasts"
"ENSG00000136235.17","GPNMB","chr7_23270562_C_T_b38","rs28635122","chr7:23260773:23266517:clu_53810_+:ENSG00000136235.17","23260773:23266517:clu_53810_+","0.0000021","-0.34","Heart - Atrial Appendage"
"ENSG00000136235.17","GPNMB","chr7_23271186_A_G_b38","rs7794684","chr7:23260773:23266517:clu_53810_+:ENSG00000136235.17","23260773:23266517:clu_53810_+","0.0000021","-0.34","Heart - Atrial Appendage"
"ENSG00000136235.17","GPNMB","chr7_23222816_T_A_b38","rs1624451","chr7:23260138:23260456:clu_53875_+:ENSG00000136235.17","23260138:23260456:clu_53875_+","0.0000021","0.37","Esophagus - Gastroesophageal Junction"
"ENSG00000136235.17","GPNMB","chr7_23130215_T_A_b38","rs28706766","chr7:23260773:23266481:clu_53810_+:ENSG00000136235.17","23260773:23266481:clu_53810_+","0.0000021","0.33","Heart - Atrial Appendage"
"ENSG00000136235.17","GPNMB","chr7_23253189_T_C_b38","rs1881203","chr7:23260138:23260456:clu_53875_+:ENSG00000136235.17","23260138:23260456:clu_53875_+","0.0000021","0.37","Esophagus - Gastroesophageal Junction"
"ENSG00000136235.17","GPNMB","chr7_23116460_G_A_b38","rs1558313","chr7:23247993:23253307:clu_51380_+:ENSG00000136235.17","23247993:23253307:clu_51380_+","0.0000021","0.37","Brain - Caudate (basal ganglia)"
"ENSG00000136235.17","GPNMB","chr7_23118614_G_A_b38","rs6962526","chr7:23247993:23253307:clu_51380_+:ENSG00000136235.17","23247993:23253307:clu_51380_+","0.0000021","0.37","Brain - Caudate (basal ganglia)"
"ENSG00000136235.17","GPNMB","chr7_23119904_C_G_b38","rs6971673","chr7:23247993:23253307:clu_51380_+:ENSG00000136235.17","23247993:23253307:clu_51380_+","0.0000021","0.37","Brain - Caudate (basal ganglia)"
"ENSG00000136235.17","GPNMB","chr7_23120514_G_A_b38","rs6461693","chr7:23247993:23253307:clu_51380_+:ENSG00000136235.17","23247993:23253307:clu_51380_+","0.0000021","0.37","Brain - Caudate (basal ganglia)"
"ENSG00000136235.17","GPNMB","chr7_23120910_T_C_b38","rs10278700","chr7:23247993:23253307:clu_51380_+:ENSG00000136235.17","23247993:23253307:clu_51380_+","0.0000021","0.37","Brain - Caudate (basal ganglia)"
"ENSG00000136235.17","GPNMB","chr7_23120932_G_A_b38","rs10263110","chr7:23247993:23253307:clu_51380_+:ENSG00000136235.17","23247993:23253307:clu_51380_+","0.0000021","0.37","Brain - Caudate (basal ganglia)"
"ENSG00000136235.17","GPNMB","chr7_23123651_C_T_b38","rs11982002","chr7:23247993:23253307:clu_51380_+:ENSG00000136235.17","23247993:23253307:clu_51380_+","0.0000021","0.37","Brain - Caudate (basal ganglia)"
"ENSG00000136235.17","GPNMB","chr7_23220969_G_T_b38","rs7807879","chr7:23260773:23266481:clu_53810_+:ENSG00000136235.17","23260773:23266481:clu_53810_+","0.0000021","0.34","Heart - Atrial Appendage"
"ENSG00000136235.17","GPNMB","chr7_23292784_G_T_b38","rs466225","chr7:23247993:23253307:clu_51380_+:ENSG00000136235.17","23247993:23253307:clu_51380_+","0.0000021","0.36","Brain - Caudate (basal ganglia)"
"ENSG00000136235.17","GPNMB","chr7_23215728_A_G_b38","rs116739163","chr7:23260773:23261482:clu_53526_+:ENSG00000136235.17","23260773:23261482:clu_53526_+","0.0000022","-1.3","Artery - Aorta"
"ENSG00000136235.17","GPNMB","chr7_23215954_G_T_b38","rs80126117","chr7:23260773:23261482:clu_53526_+:ENSG00000136235.17","23260773:23261482:clu_53526_+","0.0000022","-1.3","Artery - Aorta"
"ENSG00000136235.17","GPNMB","chr7_23215984_C_T_b38","rs78719061","chr7:23260773:23261482:clu_53526_+:ENSG00000136235.17","23260773:23261482:clu_53526_+","0.0000022","-1.3","Artery - Aorta"
"ENSG00000136235.17","GPNMB","chr7_23222677_C_T_b38","rs112552380","chr7:23260773:23261482:clu_53526_+:ENSG00000136235.17","23260773:23261482:clu_53526_+","0.0000022","-1.3","Artery - Aorta"
"ENSG00000136235.17","GPNMB","chr7_23222944_G_T_b38","rs113637765","chr7:23260773:23261482:clu_53526_+:ENSG00000136235.17","23260773:23261482:clu_53526_+","0.0000022","-1.3","Artery - Aorta"
"ENSG00000136235.17","GPNMB","chr7_23223494_A_G_b38","rs112640935","chr7:23260773:23261482:clu_53526_+:ENSG00000136235.17","23260773:23261482:clu_53526_+","0.0000022","-1.3","Artery - Aorta"
"ENSG00000136235.17","GPNMB","chr7_23224824_C_G_b38","rs112208754","chr7:23260773:23261482:clu_53526_+:ENSG00000136235.17","23260773:23261482:clu_53526_+","0.0000022","-1.3","Artery - Aorta"
"ENSG00000136235.17","GPNMB","chr7_23230387_A_T_b38","rs112032195","chr7:23260773:23261482:clu_53526_+:ENSG00000136235.17","23260773:23261482:clu_53526_+","0.0000022","-1.3","Artery - Aorta"
"ENSG00000136235.17","GPNMB","chr7_23235439_A_G_b38","rs75285040","chr7:23260773:23261482:clu_53526_+:ENSG00000136235.17","23260773:23261482:clu_53526_+","0.0000022","-1.3","Artery - Aorta"
"ENSG00000136235.17","GPNMB","chr7_23239314_T_C_b38","rs6960097","chr7:23260773:23261482:clu_53526_+:ENSG00000136235.17","23260773:23261482:clu_53526_+","0.0000022","-1.3","Artery - Aorta"
"ENSG00000136235.17","GPNMB","chr7_23241504_C_T_b38","rs111569947","chr7:23260773:23261482:clu_53526_+:ENSG00000136235.17","23260773:23261482:clu_53526_+","0.0000022","-1.3","Artery - Aorta"
"ENSG00000136235.17","GPNMB","chr7_23408598_T_C_b38","rs7785349","chr7:23260773:23266481:clu_61480_+:ENSG00000136235.17","23260773:23266481:clu_61480_+","0.0000022","0.42","Skin - Sun Exposed (Lower leg)"
"ENSG00000136235.17","GPNMB","chr7_23213475_G_A_b38","rs7795105","chr7:23260773:23266481:clu_53810_+:ENSG00000136235.17","23260773:23266481:clu_53810_+","0.0000022","0.33","Heart - Atrial Appendage"
"ENSG00000136235.17","GPNMB","chr7_23103945_A_G_b38","rs56400441","chr7:23260138:23260488:clu_61479_+:ENSG00000136235.17","23260138:23260488:clu_61479_+","0.0000022","-0.27","Skin - Sun Exposed (Lower leg)"
"ENSG00000136235.17","GPNMB","chr7_23232525_G_A_b38","rs10227559","chr7:23247993:23253307:clu_51380_+:ENSG00000136235.17","23247993:23253307:clu_51380_+","0.0000022","0.37","Brain - Caudate (basal ganglia)"
"ENSG00000136235.17","GPNMB","chr7_23113058_A_G_b38","rs11984129","chr7:23260773:23266517:clu_53810_+:ENSG00000136235.17","23260773:23266517:clu_53810_+","0.0000022","-0.34","Heart - Atrial Appendage"
"ENSG00000136235.17","GPNMB","chr7_23128758_T_C_b38","rs6969733","chr7:23260773:23266517:clu_53810_+:ENSG00000136235.17","23260773:23266517:clu_53810_+","0.0000022","-0.34","Heart - Atrial Appendage"
"ENSG00000136235.17","GPNMB","chr7_23129132_G_C_b38","rs4440529","chr7:23260773:23266517:clu_53810_+:ENSG00000136235.17","23260773:23266517:clu_53810_+","0.0000022","-0.34","Heart - Atrial Appendage"
"ENSG00000136235.17","GPNMB","chr7_23132513_T_C_b38","rs6953020","chr7:23260773:23266517:clu_53810_+:ENSG00000136235.17","23260773:23266517:clu_53810_+","0.0000022","-0.34","Heart - Atrial Appendage"
"ENSG00000136235.17","GPNMB","chr7_23157197_C_T_b38","rs10950940","chr7:23260138:23260488:clu_47301_+:ENSG00000136235.17","23260138:23260488:clu_47301_+","0.0000023","0.32","Cells - Cultured fibroblasts"
"ENSG00000136235.17","GPNMB","chr7_23251368_G_A_b38","rs10262243","chr7:23260138:23260456:clu_53875_+:ENSG00000136235.17","23260138:23260456:clu_53875_+","0.0000023","0.37","Esophagus - Gastroesophageal Junction"
"ENSG00000136235.17","GPNMB","chr7_23322186_G_T_b38","rs4428570","chr7:23260773:23266481:clu_53810_+:ENSG00000136235.17","23260773:23266481:clu_53810_+","0.0000023","0.33","Heart - Atrial Appendage"
"ENSG00000136235.17","GPNMB","chr7_23273843_A_G_b38","rs2268747","chr7:23260773:23266481:clu_53810_+:ENSG00000136235.17","23260773:23266481:clu_53810_+","0.0000023","0.33","Heart - Atrial Appendage"
"ENSG00000136235.17","GPNMB","chr7_23264294_T_G_b38","rs138617381","chr7:23260773:23266481:clu_56945_+:ENSG00000136235.17","23260773:23266481:clu_56945_+","0.0000023","1.2","Esophagus - Mucosa"
"ENSG00000136235.17","GPNMB","chr7_23337094_G_A_b38","rs76983703","chr7:23260138:23260488:clu_60139_+:ENSG00000136235.17","23260138:23260488:clu_60139_+","0.0000024","-0.33","Skin - Not Sun Exposed (Suprapubic)"
"ENSG00000136235.17","GPNMB","chr7_22546237_T_C_b38","rs9986899","chr7:23260773:23266481:clu_49276_+:ENSG00000136235.17","23260773:23266481:clu_49276_+","0.0000024","3.1","Brain - Cortex"
"ENSG00000136235.17","GPNMB","chr7_23235565_G_A_b38","rs112039128","chr7:23260773:23261482:clu_53526_+:ENSG00000136235.17","23260773:23261482:clu_53526_+","0.0000024","-1.3","Artery - Aorta"
"ENSG00000136235.17","GPNMB","chr7_23220688_A_G_b38","rs13225593","chr7:23247993:23253307:clu_51380_+:ENSG00000136235.17","23247993:23253307:clu_51380_+","0.0000024","0.36","Brain - Caudate (basal ganglia)"
"ENSG00000136235.17","GPNMB","chr7_23322186_G_T_b38","rs4428570","chr7:23260773:23266517:clu_53810_+:ENSG00000136235.17","23260773:23266517:clu_53810_+","0.0000024","-0.33","Heart - Atrial Appendage"
"ENSG00000136235.17","GPNMB","chr7_23220895_G_A_b38","rs1637192","chr7:23260138:23260456:clu_53875_+:ENSG00000136235.17","23260138:23260456:clu_53875_+","0.0000025","0.37","Esophagus - Gastroesophageal Junction"
"ENSG00000136235.17","GPNMB","chr7_23299080_C_T_b38","rs75167223","chr7:23260773:23261482:clu_53526_+:ENSG00000136235.17","23260773:23261482:clu_53526_+","0.0000025","-1.3","Artery - Aorta"
"ENSG00000136235.17","GPNMB","chr7_23301401_C_T_b38","rs150635383","chr7:23260773:23261482:clu_53526_+:ENSG00000136235.17","23260773:23261482:clu_53526_+","0.0000025","-1.3","Artery - Aorta"
"ENSG00000136235.17","GPNMB","chr7_23306675_C_T_b38","rs76500485","chr7:23260773:23261482:clu_53526_+:ENSG00000136235.17","23260773:23261482:clu_53526_+","0.0000025","-1.3","Artery - Aorta"
"ENSG00000136235.17","GPNMB","chr7_23106570_A_G_b38","rs2072369","chr7:23247993:23253307:clu_51380_+:ENSG00000136235.17","23247993:23253307:clu_51380_+","0.0000025","0.37","Brain - Caudate (basal ganglia)"
"ENSG00000136235.17","GPNMB","chr7_23033028_TGGA_T_b38","rs150156243","chr7:23247993:23253307:clu_51380_+:ENSG00000136235.17","23247993:23253307:clu_51380_+","0.0000026","1.3","Brain - Caudate (basal ganglia)"
"ENSG00000136235.17","GPNMB","chr7_23038577_G_T_b38","rs28850136","chr7:23247993:23253307:clu_51380_+:ENSG00000136235.17","23247993:23253307:clu_51380_+","0.0000026","1.3","Brain - Caudate (basal ganglia)"
"ENSG00000136235.17","GPNMB","chr7_23220688_A_G_b38","rs13225593","chr7:23260138:23260456:clu_63171_+:ENSG00000136235.17","23260138:23260456:clu_63171_+","0.0000026","0.31","Lung"
"ENSG00000136235.17","GPNMB","chr7_23187525_A_G_b38","rs6955115","chr7:23260773:23266517:clu_53810_+:ENSG00000136235.17","23260773:23266517:clu_53810_+","0.0000026","-0.33","Heart - Atrial Appendage"
"ENSG00000136235.17","GPNMB","chr7_23187716_C_G_b38","rs6955568","chr7:23260773:23266517:clu_53810_+:ENSG00000136235.17","23260773:23266517:clu_53810_+","0.0000026","-0.33","Heart - Atrial Appendage"
"ENSG00000136235.17","GPNMB","chr7_23188768_A_G_b38","rs10279691","chr7:23260773:23266517:clu_53810_+:ENSG00000136235.17","23260773:23266517:clu_53810_+","0.0000026","-0.33","Heart - Atrial Appendage"
"ENSG00000136235.17","GPNMB","chr7_23193600_T_A_b38","rs6969563","chr7:23260773:23266517:clu_53810_+:ENSG00000136235.17","23260773:23266517:clu_53810_+","0.0000026","-0.33","Heart - Atrial Appendage"
"ENSG00000136235.17","GPNMB","chr7_23288521_AAAACTT_A_b38","rs71735507","chr7:23260773:23266481:clu_53810_+:ENSG00000136235.17","23260773:23266481:clu_53810_+","0.0000026","0.33","Heart - Atrial Appendage"
"ENSG00000136235.17","GPNMB","chr7_23211209_T_C_b38","rs6970694","chr7:23247993:23253307:clu_51380_+:ENSG00000136235.17","23247993:23253307:clu_51380_+","0.0000026","0.36","Brain - Caudate (basal ganglia)"
"ENSG00000136235.17","GPNMB","chr7_23229446_A_G_b38","rs1637190","chr7:23260138:23260456:clu_53875_+:ENSG00000136235.17","23260138:23260456:clu_53875_+","0.0000026","0.37","Esophagus - Gastroesophageal Junction"
"ENSG00000136235.17","GPNMB","chr7_23154986_A_G_b38","rs955187","chr7:23260773:23266517:clu_53810_+:ENSG00000136235.17","23260773:23266517:clu_53810_+","0.0000026","0.33","Heart - Atrial Appendage"
"ENSG00000136235.17","GPNMB","chr7_23293751_T_C_b38","rs11971433","chr7:23260773:23261482:clu_53526_+:ENSG00000136235.17","23260773:23261482:clu_53526_+","0.0000026","-1.1","Artery - Aorta"
"ENSG00000136235.17","GPNMB","chr7_23180616_T_C_b38","rs10254544","chr7:23260773:23266517:clu_53810_+:ENSG00000136235.17","23260773:23266517:clu_53810_+","0.0000026","-0.33","Heart - Atrial Appendage"
"ENSG00000136235.17","GPNMB","chr7_23076347_T_C_b38","rs1990365","chr7:23260138:23260488:clu_47301_+:ENSG00000136235.17","23260138:23260488:clu_47301_+","0.0000026","-0.32","Cells - Cultured fibroblasts"
"ENSG00000136235.17","GPNMB","chr7_23220969_G_T_b38","rs7807879","chr7:23260138:23260456:clu_63171_+:ENSG00000136235.17","23260138:23260456:clu_63171_+","0.0000027","0.31","Lung"
"ENSG00000136235.17","GPNMB","chr7_23256914_G_A_b38","rs199355","chr7:23260773:23266481:clu_53810_+:ENSG00000136235.17","23260773:23266481:clu_53810_+","0.0000027","0.32","Heart - Atrial Appendage"
"ENSG00000136235.17","GPNMB","chr7_23222816_T_A_b38","rs1624451","chr7:23260773:23266481:clu_53810_+:ENSG00000136235.17","23260773:23266481:clu_53810_+","0.0000027","0.33","Heart - Atrial Appendage"
"ENSG00000136235.17","GPNMB","chr7_23231412_A_C_b38","rs1728313","chr7:23260138:23260488:clu_60139_+:ENSG00000136235.17","23260138:23260488:clu_60139_+","0.0000027","-0.29","Skin - Not Sun Exposed (Suprapubic)"
"ENSG00000136235.17","GPNMB","chr7_23106493_C_T_b38","rs2072368","chr7:23247993:23253307:clu_51380_+:ENSG00000136235.17","23247993:23253307:clu_51380_+","0.0000027","0.37","Brain - Caudate (basal ganglia)"
"ENSG00000136235.17","GPNMB","chr7_23235145_A_G_b38","rs10268610","chr7:23260138:23260456:clu_63171_+:ENSG00000136235.17","23260138:23260456:clu_63171_+","0.0000027","0.31","Lung"
"ENSG00000136235.17","GPNMB","chr7_23408598_T_C_b38","rs7785349","chr7:23260773:23266481:clu_54640_+:ENSG00000136235.17","23260773:23266481:clu_54640_+","0.0000027","0.64","Colon - Sigmoid"
"ENSG00000136235.17","GPNMB","chr7_23253189_T_C_b38","rs1881203","chr7:23260773:23266517:clu_47302_+:ENSG00000136235.17","23260773:23266517:clu_47302_+","0.0000027","-0.27","Cells - Cultured fibroblasts"
"ENSG00000136235.17","GPNMB","chr7_23142130_T_G_b38","rs7809661","chr7:23260138:23260488:clu_61479_+:ENSG00000136235.17","23260138:23260488:clu_61479_+","0.0000027","-0.27","Skin - Sun Exposed (Lower leg)"
"ENSG00000136235.17","GPNMB","chr7_23106218_G_C_b38","rs1005786","chr7:23260138:23260488:clu_47301_+:ENSG00000136235.17","23260138:23260488:clu_47301_+","0.0000027","-0.30","Cells - Cultured fibroblasts"
"ENSG00000136235.17","GPNMB","chr7_23288521_AAAACTT_A_b38","rs71735507","chr7:23260773:23266517:clu_53810_+:ENSG00000136235.17","23260773:23266517:clu_53810_+","0.0000028","-0.33","Heart - Atrial Appendage"
"ENSG00000136235.17","GPNMB","chr7_23132685_C_G_b38","rs6971002","chr7:23260773:23266481:clu_53810_+:ENSG00000136235.17","23260773:23266481:clu_53810_+","0.0000028","0.33","Heart - Atrial Appendage"
"ENSG00000136235.17","GPNMB","chr7_23220969_G_T_b38","rs7807879","chr7:23260138:23260456:clu_53875_+:ENSG00000136235.17","23260138:23260456:clu_53875_+","0.0000028","0.37","Esophagus - Gastroesophageal Junction"
"ENSG00000136235.17","GPNMB","chr7_23256914_G_A_b38","rs199355","chr7:23260773:23266517:clu_53810_+:ENSG00000136235.17","23260773:23266517:clu_53810_+","0.0000028","-0.32","Heart - Atrial Appendage"
"ENSG00000136235.17","GPNMB","chr7_23212699_C_G_b38","rs6956974","chr7:23260773:23266481:clu_53810_+:ENSG00000136235.17","23260773:23266481:clu_53810_+","0.0000028","0.32","Heart - Atrial Appendage"
"ENSG00000136235.17","GPNMB","chr7_23212794_G_A_b38","rs6961109","chr7:23260773:23266481:clu_53810_+:ENSG00000136235.17","23260773:23266481:clu_53810_+","0.0000028","0.32","Heart - Atrial Appendage"
"ENSG00000136235.17","GPNMB","chr7_23303451_T_C_b38","rs116728820","chr7:23260773:23261482:clu_53526_+:ENSG00000136235.17","23260773:23261482:clu_53526_+","0.0000028","-1.2","Artery - Aorta"
"ENSG00000136235.17","GPNMB","chr7_23305180_A_C_b38","rs77576132","chr7:23260773:23261482:clu_53526_+:ENSG00000136235.17","23260773:23261482:clu_53526_+","0.0000028","-1.2","Artery - Aorta"
"ENSG00000136235.17","GPNMB","chr7_23306086_T_C_b38","rs146703374","chr7:23260773:23261482:clu_53526_+:ENSG00000136235.17","23260773:23261482:clu_53526_+","0.0000028","-1.2","Artery - Aorta"
"ENSG00000136235.17","GPNMB","chr7_23309265_T_C_b38","rs76432102","chr7:23260773:23261482:clu_53526_+:ENSG00000136235.17","23260773:23261482:clu_53526_+","0.0000028","-1.2","Artery - Aorta"
"ENSG00000136235.17","GPNMB","chr7_23309954_G_GTGAT_b38","rs138011242","chr7:23260773:23261482:clu_53526_+:ENSG00000136235.17","23260773:23261482:clu_53526_+","0.0000028","-1.2","Artery - Aorta"
"ENSG00000136235.17","GPNMB","chr7_23312515_T_C_b38","rs80009109","chr7:23260773:23261482:clu_53526_+:ENSG00000136235.17","23260773:23261482:clu_53526_+","0.0000028","-1.2","Artery - Aorta"
"ENSG00000136235.17","GPNMB","chr7_23312834_C_T_b38","rs75441534","chr7:23260773:23261482:clu_53526_+:ENSG00000136235.17","23260773:23261482:clu_53526_+","0.0000028","-1.2","Artery - Aorta"
"ENSG00000136235.17","GPNMB","chr7_23313900_T_C_b38","rs79124778","chr7:23260773:23261482:clu_53526_+:ENSG00000136235.17","23260773:23261482:clu_53526_+","0.0000028","-1.2","Artery - Aorta"
"ENSG00000136235.17","GPNMB","chr7_23317053_T_C_b38","rs114350605","chr7:23260773:23261482:clu_53526_+:ENSG00000136235.17","23260773:23261482:clu_53526_+","0.0000028","-1.2","Artery - Aorta"
"ENSG00000136235.17","GPNMB","chr7_23320537_A_G_b38","rs76109075","chr7:23260773:23261482:clu_53526_+:ENSG00000136235.17","23260773:23261482:clu_53526_+","0.0000028","-1.2","Artery - Aorta"
"ENSG00000136235.17","GPNMB","chr7_23322924_C_T_b38","rs4537204","chr7:23260773:23261482:clu_53526_+:ENSG00000136235.17","23260773:23261482:clu_53526_+","0.0000028","-1.2","Artery - Aorta"
"ENSG00000136235.17","GPNMB","chr7_23324121_C_T_b38","rs987573381","chr7:23260773:23261482:clu_53526_+:ENSG00000136235.17","23260773:23261482:clu_53526_+","0.0000028","-1.2","Artery - Aorta"
"ENSG00000136235.17","GPNMB","chr7_23324981_A_T_b38","rs1234012215","chr7:23260773:23261482:clu_53526_+:ENSG00000136235.17","23260773:23261482:clu_53526_+","0.0000028","-1.2","Artery - Aorta"
"ENSG00000136235.17","GPNMB","chr7_23326079_A_G_b38","rs560762970","chr7:23260773:23261482:clu_53526_+:ENSG00000136235.17","23260773:23261482:clu_53526_+","0.0000028","-1.2","Artery - Aorta"
"ENSG00000136235.17","GPNMB","chr7_23328353_C_T_b38","rs140856611","chr7:23260773:23261482:clu_53526_+:ENSG00000136235.17","23260773:23261482:clu_53526_+","0.0000028","-1.2","Artery - Aorta"
"ENSG00000136235.17","GPNMB","chr7_23328672_G_C_b38","rs79793010","chr7:23260773:23261482:clu_53526_+:ENSG00000136235.17","23260773:23261482:clu_53526_+","0.0000028","-1.2","Artery - Aorta"
"ENSG00000136235.17","GPNMB","chr7_23329139_G_C_b38","rs137911490","chr7:23260773:23261482:clu_53526_+:ENSG00000136235.17","23260773:23261482:clu_53526_+","0.0000028","-1.2","Artery - Aorta"
"ENSG00000136235.17","GPNMB","chr7_23329730_C_T_b38","rs79314741","chr7:23260773:23261482:clu_53526_+:ENSG00000136235.17","23260773:23261482:clu_53526_+","0.0000028","-1.2","Artery - Aorta"
"ENSG00000136235.17","GPNMB","chr7_23253479_C_A_b38","rs199348","chr7:23260773:23266481:clu_53810_+:ENSG00000136235.17","23260773:23266481:clu_53810_+","0.0000028","0.32","Heart - Atrial Appendage"
"ENSG00000136235.17","GPNMB","chr7_23327072_A_T_b38","rs199651","chr7:23260138:23260488:clu_61479_+:ENSG00000136235.17","23260138:23260488:clu_61479_+","0.0000028","0.26","Skin - Sun Exposed (Lower leg)"
"ENSG00000136235.17","GPNMB","chr7_23229446_A_G_b38","rs1637190","chr7:23260773:23266481:clu_53810_+:ENSG00000136235.17","23260773:23266481:clu_53810_+","0.0000029","0.33","Heart - Atrial Appendage"
"ENSG00000136235.17","GPNMB","chr7_23083417_G_C_b38","rs2014816","chr7:23260138:23260488:clu_61479_+:ENSG00000136235.17","23260138:23260488:clu_61479_+","0.0000029","-0.27","Skin - Sun Exposed (Lower leg)"
"ENSG00000136235.17","GPNMB","chr7_23190155_T_C_b38","rs1618339","chr7:23260773:23266481:clu_53810_+:ENSG00000136235.17","23260773:23266481:clu_53810_+","0.0000029","0.33","Heart - Atrial Appendage"
"ENSG00000136235.17","GPNMB","chr7_23253479_C_A_b38","rs199348","chr7:23260773:23266517:clu_53810_+:ENSG00000136235.17","23260773:23266517:clu_53810_+","0.0000029","-0.32","Heart - Atrial Appendage"
"ENSG00000136235.17","GPNMB","chr7_23143586_C_CT_b38","","chr7:23247993:23253307:clu_51380_+:ENSG00000136235.17","23247993:23253307:clu_51380_+","0.0000029","0.37","Brain - Caudate (basal ganglia)"
"ENSG00000136235.17","GPNMB","chr7_23151875_TA_T_b38","rs5882889","chr7:23247993:23253307:clu_51380_+:ENSG00000136235.17","23247993:23253307:clu_51380_+","0.0000029","0.37","Brain - Caudate (basal ganglia)"
"ENSG00000136235.17","GPNMB","chr7_23258796_C_A_b38","rs10085838","chr7:23260773:23266481:clu_53810_+:ENSG00000136235.17","23260773:23266481:clu_53810_+","0.0000029","0.33","Heart - Atrial Appendage"
"ENSG00000136235.17","GPNMB","chr7_23274928_C_T_b38","rs5850","chr7:23260773:23266481:clu_53810_+:ENSG00000136235.17","23260773:23266481:clu_53810_+","0.0000029","0.33","Heart - Atrial Appendage"
"ENSG00000136235.17","GPNMB","chr7_23280170_T_G_b38","rs1728320","chr7:23260138:23260488:clu_60139_+:ENSG00000136235.17","23260138:23260488:clu_60139_+","0.0000029","-0.29","Skin - Not Sun Exposed (Suprapubic)"
"ENSG00000136235.17","GPNMB","chr7_23205012_A_G_b38","rs858300","chr7:23260773:23266517:clu_53810_+:ENSG00000136235.17","23260773:23266517:clu_53810_+","0.0000029","-0.33","Heart - Atrial Appendage"
"ENSG00000136235.17","GPNMB","chr7_23208417_A_G_b38","rs858290","chr7:23260773:23266517:clu_53810_+:ENSG00000136235.17","23260773:23266517:clu_53810_+","0.0000029","-0.33","Heart - Atrial Appendage"
"ENSG00000136235.17","GPNMB","chr7_23208539_C_T_b38","rs858289","chr7:23260773:23266517:clu_53810_+:ENSG00000136235.17","23260773:23266517:clu_53810_+","0.0000029","-0.33","Heart - Atrial Appendage"
"ENSG00000136235.17","GPNMB","chr7_23076961_A_G_b38","rs6461687","chr7:23260773:23266481:clu_53810_+:ENSG00000136235.17","23260773:23266481:clu_53810_+","0.0000030","0.31","Heart - Atrial Appendage"
"ENSG00000136235.17","GPNMB","chr7_23184748_T_C_b38","rs2286272","chr7:23260773:23266517:clu_53810_+:ENSG00000136235.17","23260773:23266517:clu_53810_+","0.0000030","-0.33","Heart - Atrial Appendage"
"ENSG00000136235.17","GPNMB","chr7_23190155_T_C_b38","rs1618339","chr7:23260773:23266517:clu_53810_+:ENSG00000136235.17","23260773:23266517:clu_53810_+","0.0000030","-0.33","Heart - Atrial Appendage"
"ENSG00000136235.17","GPNMB","chr7_23362902_C_T_b38","rs113848339","chr7:23246927:23253307:clu_49248_+:ENSG00000136235.17","23246927:23253307:clu_49248_+","0.0000031","-0.83","Pancreas"
"ENSG00000136235.17","GPNMB","chr7_23093607_C_A_b38","rs59073109","chr7:23260773:23266517:clu_53810_+:ENSG00000136235.17","23260773:23266517:clu_53810_+","0.0000031","-0.33","Heart - Atrial Appendage"
"ENSG00000136235.17","GPNMB","chr7_23264294_T_G_b38","rs138617381","chr7:23260773:23266481:clu_63846_+:ENSG00000136235.17","23260773:23266481:clu_63846_+","0.0000031","1.1","Thyroid"
"ENSG00000136235.17","GPNMB","chr7_23130215_T_A_b38","rs28706766","chr7:23260773:23266517:clu_53810_+:ENSG00000136235.17","23260773:23266517:clu_53810_+","0.0000031","-0.33","Heart - Atrial Appendage"
"ENSG00000136235.17","GPNMB","chr7_23306264_C_T_b38","rs166664","chr7:23260773:23261482:clu_53526_+:ENSG00000136235.17","23260773:23261482:clu_53526_+","0.0000031","-0.80","Artery - Aorta"
"ENSG00000136235.17","GPNMB","chr7_23394987_C_G_b38","rs78840640","chr7:23260773:23266517:clu_53876_+:ENSG00000136235.17","23260773:23266517:clu_53876_+","0.0000031","-1.1","Esophagus - Gastroesophageal Junction"
"ENSG00000136235.17","GPNMB","chr7_23400438_G_C_b38","rs75693095","chr7:23260773:23266517:clu_53876_+:ENSG00000136235.17","23260773:23266517:clu_53876_+","0.0000031","-1.1","Esophagus - Gastroesophageal Junction"
"ENSG00000136235.17","GPNMB","chr7_23120591_C_T_b38","rs7805206","chr7:23260138:23260456:clu_63171_+:ENSG00000136235.17","23260138:23260456:clu_63171_+","0.0000032","0.30","Lung"
"ENSG00000136235.17","GPNMB","chr7_23154986_A_G_b38","rs955187","chr7:23260138:23260488:clu_47301_+:ENSG00000136235.17","23260138:23260488:clu_47301_+","0.0000032","0.32","Cells - Cultured fibroblasts"
"ENSG00000136235.17","GPNMB","chr7_23297996_G_T_b38","rs199656","chr7:23260773:23266481:clu_53810_+:ENSG00000136235.17","23260773:23266481:clu_53810_+","0.0000032","-0.32","Heart - Atrial Appendage"
"ENSG00000136235.17","GPNMB","chr7_22777162_G_A_b38","rs73276392","chr7:23246927:23253307:clu_51380_+:ENSG00000136235.17","23246927:23253307:clu_51380_+","0.0000032","-1.5","Brain - Caudate (basal ganglia)"
"ENSG00000136235.17","GPNMB","chr7_23256914_G_A_b38","rs199355","chr7:23260138:23260488:clu_60139_+:ENSG00000136235.17","23260138:23260488:clu_60139_+","0.0000032","-0.29","Skin - Not Sun Exposed (Suprapubic)"
"ENSG00000136235.17","GPNMB","chr7_23280170_T_G_b38","rs1728320","chr7:23247993:23253307:clu_51380_+:ENSG00000136235.17","23247993:23253307:clu_51380_+","0.0000032","0.34","Brain - Caudate (basal ganglia)"
"ENSG00000136235.17","GPNMB","chr7_23148490_G_A_b38","rs6962213","chr7:23247993:23253307:clu_51380_+:ENSG00000136235.17","23247993:23253307:clu_51380_+","0.0000032","0.37","Brain - Caudate (basal ganglia)"
"ENSG00000136235.17","GPNMB","chr7_23254525_T_C_b38","rs858275","chr7:23260138:23260488:clu_60139_+:ENSG00000136235.17","23260138:23260488:clu_60139_+","0.0000032","-0.29","Skin - Not Sun Exposed (Suprapubic)"
"ENSG00000136235.17","GPNMB","chr7_23286418_T_TC_b38","rs148763352","chr7:23260138:23260488:clu_61479_+:ENSG00000136235.17","23260138:23260488:clu_61479_+","0.0000032","-0.28","Skin - Sun Exposed (Lower leg)"
"ENSG00000136235.17","GPNMB","chr7_23121787_G_A_b38","rs11980840","chr7:23247993:23253307:clu_51380_+:ENSG00000136235.17","23247993:23253307:clu_51380_+","0.0000033","0.36","Brain - Caudate (basal ganglia)"
"ENSG00000136235.17","GPNMB","chr7_23222816_T_A_b38","rs1624451","chr7:23260138:23260488:clu_60139_+:ENSG00000136235.17","23260138:23260488:clu_60139_+","0.0000033","-0.29","Skin - Not Sun Exposed (Suprapubic)"
"ENSG00000136235.17","GPNMB","chr7_24118564_G_A_b38","rs74837902","chr7:23261565:23266517:clu_54640_+:ENSG00000136235.17","23261565:23266517:clu_54640_+","0.0000033","-0.85","Colon - Sigmoid"
"ENSG00000136235.17","GPNMB","chr7_24122639_G_T_b38","rs74679758","chr7:23261565:23266517:clu_54640_+:ENSG00000136235.17","23261565:23266517:clu_54640_+","0.0000033","-0.85","Colon - Sigmoid"
"ENSG00000136235.17","GPNMB","chr7_24122765_C_T_b38","rs17360414","chr7:23261565:23266517:clu_54640_+:ENSG00000136235.17","23261565:23266517:clu_54640_+","0.0000033","-0.85","Colon - Sigmoid"
"ENSG00000136235.17","GPNMB","chr7_23187525_A_G_b38","rs6955115","chr7:23247993:23253307:clu_51380_+:ENSG00000136235.17","23247993:23253307:clu_51380_+","0.0000033","0.36","Brain - Caudate (basal ganglia)"
"ENSG00000136235.17","GPNMB","chr7_23187716_C_G_b38","rs6955568","chr7:23247993:23253307:clu_51380_+:ENSG00000136235.17","23247993:23253307:clu_51380_+","0.0000033","0.36","Brain - Caudate (basal ganglia)"
"ENSG00000136235.17","GPNMB","chr7_23193600_T_A_b38","rs6969563","chr7:23247993:23253307:clu_51380_+:ENSG00000136235.17","23247993:23253307:clu_51380_+","0.0000033","0.36","Brain - Caudate (basal ganglia)"
"ENSG00000136235.17","GPNMB","chr7_23188768_A_G_b38","rs10279691","chr7:23247993:23253307:clu_51380_+:ENSG00000136235.17","23247993:23253307:clu_51380_+","0.0000033","0.36","Brain - Caudate (basal ganglia)"
"ENSG00000136235.17","GPNMB","chr7_22862539_G_C_b38","rs112100406","chr7:23246927:23253307:clu_51380_+:ENSG00000136235.17","23246927:23253307:clu_51380_+","0.0000033","-1.8","Brain - Caudate (basal ganglia)"
"ENSG00000136235.17","GPNMB","chr7_23202172_G_C_b38","rs6968810","chr7:23247993:23253307:clu_51380_+:ENSG00000136235.17","23247993:23253307:clu_51380_+","0.0000034","0.36","Brain - Caudate (basal ganglia)"
"ENSG00000136235.17","GPNMB","chr7_23211209_T_C_b38","rs6970694","chr7:23260773:23266517:clu_53810_+:ENSG00000136235.17","23260773:23266517:clu_53810_+","0.0000034","-0.32","Heart - Atrial Appendage"
"ENSG00000136235.17","GPNMB","chr7_23232525_G_A_b38","rs10227559","chr7:23260138:23260488:clu_60139_+:ENSG00000136235.17","23260138:23260488:clu_60139_+","0.0000034","-0.29","Skin - Not Sun Exposed (Suprapubic)"
"ENSG00000136235.17","GPNMB","chr7_23102947_C_T_b38","rs4628176","chr7:23247993:23253307:clu_51380_+:ENSG00000136235.17","23247993:23253307:clu_51380_+","0.0000034","0.35","Brain - Caudate (basal ganglia)"
"ENSG00000136235.17","GPNMB","chr7_23104563_A_T_b38","rs10488077","chr7:23247993:23253307:clu_51380_+:ENSG00000136235.17","23247993:23253307:clu_51380_+","0.0000034","0.35","Brain - Caudate (basal ganglia)"
"ENSG00000136235.17","GPNMB","chr7_23101028_T_C_b38","rs1468592","chr7:23247993:23253307:clu_51380_+:ENSG00000136235.17","23247993:23253307:clu_51380_+","0.0000034","0.36","Brain - Caudate (basal ganglia)"
"ENSG00000136235.17","GPNMB","chr7_23101713_T_TA_b38","rs139569447","chr7:23247993:23253307:clu_51380_+:ENSG00000136235.17","23247993:23253307:clu_51380_+","0.0000034","0.36","Brain - Caudate (basal ganglia)"
"ENSG00000136235.17","GPNMB","chr7_23102087_T_A_b38","rs7785842","chr7:23247993:23253307:clu_51380_+:ENSG00000136235.17","23247993:23253307:clu_51380_+","0.0000034","0.36","Brain - Caudate (basal ganglia)"
"ENSG00000136235.17","GPNMB","chr7_23102856_GAA_G_b38","rs35152293","chr7:23247993:23253307:clu_51380_+:ENSG00000136235.17","23247993:23253307:clu_51380_+","0.0000034","0.36","Brain - Caudate (basal ganglia)"
"ENSG00000136235.17","GPNMB","chr7_23104232_T_C_b38","rs13438179","chr7:23247993:23253307:clu_51380_+:ENSG00000136235.17","23247993:23253307:clu_51380_+","0.0000034","0.36","Brain - Caudate (basal ganglia)"
"ENSG00000136235.17","GPNMB","chr7_23190155_T_C_b38","rs1618339","chr7:23260138:23260488:clu_60139_+:ENSG00000136235.17","23260138:23260488:clu_60139_+","0.0000035","-0.29","Skin - Not Sun Exposed (Suprapubic)"
"ENSG00000136235.17","GPNMB","chr7_23069505_T_C_b38","rs9986726","chr7:23260773:23266517:clu_55461_+:ENSG00000136235.17","23260773:23266517:clu_55461_+","0.0000035","-0.26","Artery - Tibial"
"ENSG00000136235.17","GPNMB","chr7_24121781_T_C_b38","rs73286734","chr7:23261565:23266517:clu_54640_+:ENSG00000136235.17","23261565:23266517:clu_54640_+","0.0000035","-0.66","Colon - Sigmoid"
"ENSG00000136235.17","GPNMB","chr7_23119622_C_A_b38","rs6967526","chr7:23260773:23266481:clu_53810_+:ENSG00000136235.17","23260773:23266481:clu_53810_+","0.0000035","0.32","Heart - Atrial Appendage"
"ENSG00000136235.17","GPNMB","chr7_23122462_A_G_b38","rs3807452","chr7:23260773:23266481:clu_53810_+:ENSG00000136235.17","23260773:23266481:clu_53810_+","0.0000035","0.32","Heart - Atrial Appendage"
"ENSG00000136235.17","GPNMB","chr7_23283494_CA_C_b38","rs113495933","chr7:23260773:23261482:clu_53526_+:ENSG00000136235.17","23260773:23261482:clu_53526_+","0.0000036","-1.1","Artery - Aorta"
"ENSG00000136235.17","GPNMB","chr7_23154986_A_G_b38","rs955187","chr7:23260138:23260488:clu_60139_+:ENSG00000136235.17","23260138:23260488:clu_60139_+","0.0000036","0.29","Skin - Not Sun Exposed (Suprapubic)"
"ENSG00000136235.17","GPNMB","chr7_23330889_C_G_b38","rs10279941","chr7:23260773:23266481:clu_53810_+:ENSG00000136235.17","23260773:23266481:clu_53810_+","0.0000037","0.32","Heart - Atrial Appendage"
"ENSG00000136235.17","GPNMB","chr7_23130215_T_A_b38","rs28706766","chr7:23247993:23253307:clu_51380_+:ENSG00000136235.17","23247993:23253307:clu_51380_+","0.0000037","0.36","Brain - Caudate (basal ganglia)"
"ENSG00000136235.17","GPNMB","chr7_23254525_T_C_b38","rs858275","chr7:23260773:23266481:clu_53810_+:ENSG00000136235.17","23260773:23266481:clu_53810_+","0.0000037","0.32","Heart - Atrial Appendage"
"ENSG00000136235.17","GPNMB","chr7_23253189_T_C_b38","rs1881203","chr7:23260138:23260456:clu_63171_+:ENSG00000136235.17","23260138:23260456:clu_63171_+","0.0000037","0.31","Lung"
"ENSG00000136235.17","GPNMB","chr7_23088437_G_A_b38","rs4321896","chr7:23260773:23266517:clu_53810_+:ENSG00000136235.17","23260773:23266517:clu_53810_+","0.0000037","-0.33","Heart - Atrial Appendage"
"ENSG00000136235.17","GPNMB","chr7_23089363_G_A_b38","rs6967475","chr7:23260773:23266517:clu_53810_+:ENSG00000136235.17","23260773:23266517:clu_53810_+","0.0000037","-0.33","Heart - Atrial Appendage"
"ENSG00000136235.17","GPNMB","chr7_23094637_A_G_b38","rs6956595","chr7:23260773:23266517:clu_53810_+:ENSG00000136235.17","23260773:23266517:clu_53810_+","0.0000037","-0.33","Heart - Atrial Appendage"
"ENSG00000136235.17","GPNMB","chr7_23096064_AT_A_b38","rs35386638","chr7:23260773:23266517:clu_53810_+:ENSG00000136235.17","23260773:23266517:clu_53810_+","0.0000037","-0.33","Heart - Atrial Appendage"
"ENSG00000136235.17","GPNMB","chr7_23100076_G_C_b38","rs6461692","chr7:23260773:23266517:clu_53810_+:ENSG00000136235.17","23260773:23266517:clu_53810_+","0.0000037","-0.33","Heart - Atrial Appendage"
"ENSG00000136235.17","GPNMB","chr7_23117403_ACTTCT_A_b38","rs10590746","chr7:23260138:23260456:clu_63171_+:ENSG00000136235.17","23260138:23260456:clu_63171_+","0.0000038","0.30","Lung"
"ENSG00000136235.17","GPNMB","chr7_23106493_C_T_b38","rs2072368","chr7:23260773:23266481:clu_53810_+:ENSG00000136235.17","23260773:23266481:clu_53810_+","0.0000038","0.33","Heart - Atrial Appendage"
"ENSG00000136235.17","GPNMB","chr7_23103430_T_C_b38","rs7456915","chr7:23247993:23253307:clu_51380_+:ENSG00000136235.17","23247993:23253307:clu_51380_+","0.0000038","0.36","Brain - Caudate (basal ganglia)"
"ENSG00000136235.17","GPNMB","chr7_23104578_T_C_b38","rs13438188","chr7:23247993:23253307:clu_51380_+:ENSG00000136235.17","23247993:23253307:clu_51380_+","0.0000038","0.36","Brain - Caudate (basal ganglia)"
"ENSG00000136235.17","GPNMB","chr7_23362336_G_T_b38","rs433395","chr7:23260138:23260456:clu_53875_+:ENSG00000136235.17","23260138:23260456:clu_53875_+","0.0000038","0.36","Esophagus - Gastroesophageal Junction"
"ENSG00000136235.17","GPNMB","chr7_23408598_T_C_b38","rs7785349","chr7:23260773:23266517:clu_53810_+:ENSG00000136235.17","23260773:23266517:clu_53810_+","0.0000038","-0.60","Heart - Atrial Appendage"
"ENSG00000136235.17","GPNMB","chr7_23153230_G_A_b38","rs55788996","chr7:23260773:23266481:clu_53810_+:ENSG00000136235.17","23260773:23266481:clu_53810_+","0.0000038","0.32","Heart - Atrial Appendage"
"ENSG00000136235.17","GPNMB","chr7_23094026_A_T_b38","rs7788821","chr7:23260773:23266517:clu_53810_+:ENSG00000136235.17","23260773:23266517:clu_53810_+","0.0000039","-0.33","Heart - Atrial Appendage"
"ENSG00000136235.17","GPNMB","chr7_23224019_G_A_b38","rs111721933","chr7:23260773:23261482:clu_53526_+:ENSG00000136235.17","23260773:23261482:clu_53526_+","0.0000039","-1.2","Artery - Aorta"
"ENSG00000136235.17","GPNMB","chr7_23119622_C_A_b38","rs6967526","chr7:23247993:23253307:clu_51380_+:ENSG00000136235.17","23247993:23253307:clu_51380_+","0.0000039","0.36","Brain - Caudate (basal ganglia)"
"ENSG00000136235.17","GPNMB","chr7_23122462_A_G_b38","rs3807452","chr7:23247993:23253307:clu_51380_+:ENSG00000136235.17","23247993:23253307:clu_51380_+","0.0000039","0.36","Brain - Caudate (basal ganglia)"
"ENSG00000136235.17","GPNMB","chr7_23350848_G_C_b38","rs274054","chr7:23247993:23253307:clu_51380_+:ENSG00000136235.17","23247993:23253307:clu_51380_+","0.0000039","0.36","Brain - Caudate (basal ganglia)"
"ENSG00000136235.17","GPNMB","chr7_23103945_A_G_b38","rs56400441","chr7:23260138:23260456:clu_53875_+:ENSG00000136235.17","23260138:23260456:clu_53875_+","0.0000039","0.36","Esophagus - Gastroesophageal Junction"
"ENSG00000136235.17","GPNMB","chr7_23264082_T_C_b38","rs10250602","chr7:23260138:23260456:clu_63171_+:ENSG00000136235.17","23260138:23260456:clu_63171_+","0.0000039","0.31","Lung"
"ENSG00000136235.17","GPNMB","chr7_23220632_G_T_b38","rs1637193","chr7:23260138:23260488:clu_60139_+:ENSG00000136235.17","23260138:23260488:clu_60139_+","0.0000039","-0.29","Skin - Not Sun Exposed (Suprapubic)"
"ENSG00000136235.17","GPNMB","chr7_23264294_T_G_b38","rs138617381","chr7:23260773:23266517:clu_63846_+:ENSG00000136235.17","23260773:23266517:clu_63846_+","0.0000039","-1.0","Thyroid"
"ENSG00000136235.17","GPNMB","chr7_23158165_C_A_b38","rs6461695","chr7:23247993:23253307:clu_51380_+:ENSG00000136235.17","23247993:23253307:clu_51380_+","0.0000040","0.36","Brain - Caudate (basal ganglia)"
"ENSG00000136235.17","GPNMB","chr7_23100480_C_T_b38","rs1006709","chr7:23260138:23260456:clu_53875_+:ENSG00000136235.17","23260138:23260456:clu_53875_+","0.0000040","0.36","Esophagus - Gastroesophageal Junction"
"ENSG00000136235.17","GPNMB","chr7_23253479_C_A_b38","rs199348","chr7:23260138:23260488:clu_60139_+:ENSG00000136235.17","23260138:23260488:clu_60139_+","0.0000040","-0.28","Skin - Not Sun Exposed (Suprapubic)"
"ENSG00000136235.17","GPNMB","chr7_23223855_G_C_b38","rs1728292","chr7:23260138:23260488:clu_60139_+:ENSG00000136235.17","23260138:23260488:clu_60139_+","0.0000041","-0.28","Skin - Not Sun Exposed (Suprapubic)"
"ENSG00000136235.17","GPNMB","chr7_23255253_G_A_b38","rs28458177","chr7:23260138:23260456:clu_63171_+:ENSG00000136235.17","23260138:23260456:clu_63171_+","0.0000041","0.31","Lung"
"ENSG00000136235.17","GPNMB","chr7_23258796_C_A_b38","rs10085838","chr7:23260138:23260456:clu_53875_+:ENSG00000136235.17","23260138:23260456:clu_53875_+","0.0000041","0.36","Esophagus - Gastroesophageal Junction"
"ENSG00000136235.17","GPNMB","chr7_23146348_G_A_b38","rs4559148","chr7:23260773:23266517:clu_53810_+:ENSG00000136235.17","23260773:23266517:clu_53810_+","0.0000041","-0.32","Heart - Atrial Appendage"
"ENSG00000136235.17","GPNMB","chr7_23146350_C_T_b38","rs4377861","chr7:23260773:23266517:clu_53810_+:ENSG00000136235.17","23260773:23266517:clu_53810_+","0.0000041","-0.32","Heart - Atrial Appendage"
"ENSG00000136235.17","GPNMB","chr7_23147560_G_A_b38","rs10247268","chr7:23260773:23266517:clu_53810_+:ENSG00000136235.17","23260773:23266517:clu_53810_+","0.0000041","-0.32","Heart - Atrial Appendage"
"ENSG00000136235.17","GPNMB","chr7_23148160_G_A_b38","rs6461694","chr7:23260773:23266517:clu_53810_+:ENSG00000136235.17","23260773:23266517:clu_53810_+","0.0000041","-0.32","Heart - Atrial Appendage"
"ENSG00000136235.17","GPNMB","chr7_23150593_C_T_b38","rs7805071","chr7:23260773:23266517:clu_53810_+:ENSG00000136235.17","23260773:23266517:clu_53810_+","0.0000041","-0.32","Heart - Atrial Appendage"
"ENSG00000136235.17","GPNMB","chr7_23150624_C_T_b38","rs7805085","chr7:23260773:23266517:clu_53810_+:ENSG00000136235.17","23260773:23266517:clu_53810_+","0.0000041","-0.32","Heart - Atrial Appendage"
"ENSG00000136235.17","GPNMB","chr7_23150875_A_G_b38","rs2390754","chr7:23260773:23266517:clu_53810_+:ENSG00000136235.17","23260773:23266517:clu_53810_+","0.0000041","-0.32","Heart - Atrial Appendage"
"ENSG00000136235.17","GPNMB","chr7_23122201_T_C_b38","rs10224327","chr7:23247993:23253307:clu_51380_+:ENSG00000136235.17","23247993:23253307:clu_51380_+","0.0000042","0.35","Brain - Caudate (basal ganglia)"
"ENSG00000136235.17","GPNMB","chr7_23391773_A_C_b38","rs73281643","chr7:23260773:23266481:clu_63172_+:ENSG00000136235.17","23260773:23266481:clu_63172_+","0.0000042","0.61","Lung"
"ENSG00000136235.17","GPNMB","chr7_23393527_G_A_b38","rs11981126","chr7:23260773:23266481:clu_63172_+:ENSG00000136235.17","23260773:23266481:clu_63172_+","0.0000042","0.61","Lung"
"ENSG00000136235.17","GPNMB","chr7_23093607_C_A_b38","rs59073109","chr7:23247993:23253307:clu_51380_+:ENSG00000136235.17","23247993:23253307:clu_51380_+","0.0000042","0.36","Brain - Caudate (basal ganglia)"
"ENSG00000136235.17","GPNMB","chr7_23143586_C_CT_b38","","chr7:23260138:23260488:clu_60139_+:ENSG00000136235.17","23260138:23260488:clu_60139_+","0.0000042","-0.30","Skin - Not Sun Exposed (Suprapubic)"
"ENSG00000136235.17","GPNMB","chr7_23151875_TA_T_b38","rs5882889","chr7:23260138:23260488:clu_60139_+:ENSG00000136235.17","23260138:23260488:clu_60139_+","0.0000042","-0.30","Skin - Not Sun Exposed (Suprapubic)"
"ENSG00000136235.17","GPNMB","chr7_23302857_G_A_b38","rs113585740","chr7:23260773:23261482:clu_53526_+:ENSG00000136235.17","23260773:23261482:clu_53526_+","0.0000042","-0.79","Artery - Aorta"
"ENSG00000136235.17","GPNMB","chr7_23142502_A_T_b38","rs7791200","chr7:23260138:23260488:clu_60139_+:ENSG00000136235.17","23260138:23260488:clu_60139_+","0.0000042","-0.30","Skin - Not Sun Exposed (Suprapubic)"
"ENSG00000136235.17","GPNMB","chr7_23144805_T_A_b38","rs57864591","chr7:23260138:23260488:clu_60139_+:ENSG00000136235.17","23260138:23260488:clu_60139_+","0.0000042","-0.30","Skin - Not Sun Exposed (Suprapubic)"
"ENSG00000136235.17","GPNMB","chr7_23145876_A_G_b38","rs6978475","chr7:23260138:23260488:clu_60139_+:ENSG00000136235.17","23260138:23260488:clu_60139_+","0.0000042","-0.30","Skin - Not Sun Exposed (Suprapubic)"
"ENSG00000136235.17","GPNMB","chr7_23146376_G_A_b38","rs4294098","chr7:23260138:23260488:clu_60139_+:ENSG00000136235.17","23260138:23260488:clu_60139_+","0.0000042","-0.30","Skin - Not Sun Exposed (Suprapubic)"
"ENSG00000136235.17","GPNMB","chr7_23146579_C_G_b38","rs4504540","chr7:23260138:23260488:clu_60139_+:ENSG00000136235.17","23260138:23260488:clu_60139_+","0.0000042","-0.30","Skin - Not Sun Exposed (Suprapubic)"
"ENSG00000136235.17","GPNMB","chr7_23147714_T_A_b38","rs6976957","chr7:23260138:23260488:clu_60139_+:ENSG00000136235.17","23260138:23260488:clu_60139_+","0.0000042","-0.30","Skin - Not Sun Exposed (Suprapubic)"
"ENSG00000136235.17","GPNMB","chr7_23147728_A_G_b38","rs6956828","chr7:23260138:23260488:clu_60139_+:ENSG00000136235.17","23260138:23260488:clu_60139_+","0.0000042","-0.30","Skin - Not Sun Exposed (Suprapubic)"
"ENSG00000136235.17","GPNMB","chr7_23149369_T_C_b38","rs10270695","chr7:23260138:23260488:clu_60139_+:ENSG00000136235.17","23260138:23260488:clu_60139_+","0.0000042","-0.30","Skin - Not Sun Exposed (Suprapubic)"
"ENSG00000136235.17","GPNMB","chr7_23147035_T_C_b38","rs6975852","chr7:23260773:23266517:clu_53810_+:ENSG00000136235.17","23260773:23266517:clu_53810_+","0.0000042","-0.32","Heart - Atrial Appendage"
"ENSG00000136235.17","GPNMB","chr7_23100480_C_T_b38","rs1006709","chr7:23260773:23266481:clu_53810_+:ENSG00000136235.17","23260773:23266481:clu_53810_+","0.0000042","0.32","Heart - Atrial Appendage"
"ENSG00000136235.17","GPNMB","chr7_23158165_C_A_b38","rs6461695","chr7:23260773:23266517:clu_53810_+:ENSG00000136235.17","23260773:23266517:clu_53810_+","0.0000042","-0.33","Heart - Atrial Appendage"
"ENSG00000136235.17","GPNMB","chr7_23224376_A_G_b38","rs114014835","chr7:23260773:23261482:clu_53526_+:ENSG00000136235.17","23260773:23261482:clu_53526_+","0.0000043","-1.3","Artery - Aorta"
"ENSG00000136235.17","GPNMB","chr7_23252582_T_C_b38","rs76080920","chr7:23260773:23261482:clu_53526_+:ENSG00000136235.17","23260773:23261482:clu_53526_+","0.0000043","-1.3","Artery - Aorta"
"ENSG00000136235.17","GPNMB","chr7_23111711_A_G_b38","rs12539331","chr7:23260138:23260456:clu_63171_+:ENSG00000136235.17","23260138:23260456:clu_63171_+","0.0000043","0.30","Lung"
"ENSG00000136235.17","GPNMB","chr7_23100321_T_C_b38","rs10235786","chr7:23247993:23253307:clu_51380_+:ENSG00000136235.17","23247993:23253307:clu_51380_+","0.0000043","0.35","Brain - Caudate (basal ganglia)"
"ENSG00000136235.17","GPNMB","chr7_23103494_G_A_b38","rs10233039","chr7:23247993:23253307:clu_51380_+:ENSG00000136235.17","23247993:23253307:clu_51380_+","0.0000043","0.35","Brain - Caudate (basal ganglia)"
"ENSG00000136235.17","GPNMB","chr7_23299155_C_T_b38","rs466240","chr7:23260138:23260488:clu_60139_+:ENSG00000136235.17","23260138:23260488:clu_60139_+","0.0000043","0.29","Skin - Not Sun Exposed (Suprapubic)"
"ENSG00000136235.17","GPNMB","chr7_23083417_G_C_b38","rs2014816","chr7:23247993:23253307:clu_51380_+:ENSG00000136235.17","23247993:23253307:clu_51380_+","0.0000043","0.35","Brain - Caudate (basal ganglia)"
"ENSG00000136235.17","GPNMB","chr7_23154612_A_G_b38","rs2103281","chr7:23260773:23266517:clu_53810_+:ENSG00000136235.17","23260773:23266517:clu_53810_+","0.0000043","-0.32","Heart - Atrial Appendage"
"ENSG00000136235.17","GPNMB","chr7_23391773_A_C_b38","rs73281643","chr7:23260773:23266481:clu_55461_+:ENSG00000136235.17","23260773:23266481:clu_55461_+","0.0000044","0.57","Artery - Tibial"
"ENSG00000136235.17","GPNMB","chr7_23393527_G_A_b38","rs11981126","chr7:23260773:23266481:clu_55461_+:ENSG00000136235.17","23260773:23266481:clu_55461_+","0.0000044","0.57","Artery - Tibial"
"ENSG00000136235.17","GPNMB","chr7_23119622_C_A_b38","rs6967526","chr7:23260138:23260456:clu_53875_+:ENSG00000136235.17","23260138:23260456:clu_53875_+","0.0000044","0.36","Esophagus - Gastroesophageal Junction"
"ENSG00000136235.17","GPNMB","chr7_23122462_A_G_b38","rs3807452","chr7:23260138:23260456:clu_53875_+:ENSG00000136235.17","23260138:23260456:clu_53875_+","0.0000044","0.36","Esophagus - Gastroesophageal Junction"
"ENSG00000136235.17","GPNMB","chr7_23289364_C_A_b38","rs78294387","chr7:23260773:23261482:clu_53526_+:ENSG00000136235.17","23260773:23261482:clu_53526_+","0.0000044","-0.87","Artery - Aorta"
"ENSG00000136235.17","GPNMB","chr7_23336808_C_T_b38","rs151148502","chr7:23260773:23261482:clu_53526_+:ENSG00000136235.17","23260773:23261482:clu_53526_+","0.0000044","-1.4","Artery - Aorta"
"ENSG00000136235.17","GPNMB","chr7_23132685_C_G_b38","rs6971002","chr7:23260773:23266517:clu_53810_+:ENSG00000136235.17","23260773:23266517:clu_53810_+","0.0000044","-0.33","Heart - Atrial Appendage"
"ENSG00000136235.17","GPNMB","chr7_23274119_C_A_b38","rs35878037","chr7:23260773:23261482:clu_53526_+:ENSG00000136235.17","23260773:23261482:clu_53526_+","0.0000044","-1.4","Artery - Aorta"
"ENSG00000136235.17","GPNMB","chr7_23292263_G_C_b38","rs77940817","chr7:23260773:23261482:clu_53526_+:ENSG00000136235.17","23260773:23261482:clu_53526_+","0.0000044","-1.4","Artery - Aorta"
"ENSG00000136235.17","GPNMB","chr7_23314426_T_G_b38","rs116812605","chr7:23260773:23261482:clu_53526_+:ENSG00000136235.17","23260773:23261482:clu_53526_+","0.0000044","-1.4","Artery - Aorta"
"ENSG00000136235.17","GPNMB","chr7_23317893_T_C_b38","rs79417995","chr7:23260773:23261482:clu_53526_+:ENSG00000136235.17","23260773:23261482:clu_53526_+","0.0000044","-1.4","Artery - Aorta"
"ENSG00000136235.17","GPNMB","chr7_23317914_C_T_b38","rs114188828","chr7:23260773:23261482:clu_53526_+:ENSG00000136235.17","23260773:23261482:clu_53526_+","0.0000044","-1.4","Artery - Aorta"
"ENSG00000136235.17","GPNMB","chr7_23333230_T_C_b38","rs75329491","chr7:23260773:23261482:clu_53526_+:ENSG00000136235.17","23260773:23261482:clu_53526_+","0.0000044","-1.4","Artery - Aorta"
"ENSG00000136235.17","GPNMB","chr7_23335758_T_C_b38","rs76125571","chr7:23260773:23261482:clu_53526_+:ENSG00000136235.17","23260773:23261482:clu_53526_+","0.0000044","-1.4","Artery - Aorta"
"ENSG00000136235.17","GPNMB","chr7_23336574_C_T_b38","rs145120425","chr7:23260773:23261482:clu_53526_+:ENSG00000136235.17","23260773:23261482:clu_53526_+","0.0000044","-1.4","Artery - Aorta"
"ENSG00000136235.17","GPNMB","chr7_23337175_G_GCAA_b38","rs140114747","chr7:23260773:23261482:clu_53526_+:ENSG00000136235.17","23260773:23261482:clu_53526_+","0.0000044","-1.4","Artery - Aorta"
"ENSG00000136235.17","GPNMB","chr7_23337924_T_C_b38","rs115915037","chr7:23260773:23261482:clu_53526_+:ENSG00000136235.17","23260773:23261482:clu_53526_+","0.0000044","-1.4","Artery - Aorta"
"ENSG00000136235.17","GPNMB","chr7_23338655_A_G_b38","rs77144468","chr7:23260773:23261482:clu_53526_+:ENSG00000136235.17","23260773:23261482:clu_53526_+","0.0000044","-1.4","Artery - Aorta"
"ENSG00000136235.17","GPNMB","chr7_23339317_T_C_b38","rs78515160","chr7:23260773:23261482:clu_53526_+:ENSG00000136235.17","23260773:23261482:clu_53526_+","0.0000044","-1.4","Artery - Aorta"
"ENSG00000136235.17","GPNMB","chr7_23339679_C_A_b38","rs78689523","chr7:23260773:23261482:clu_53526_+:ENSG00000136235.17","23260773:23261482:clu_53526_+","0.0000044","-1.4","Artery - Aorta"
"ENSG00000136235.17","GPNMB","chr7_23323362_A_G_b38","rs576845888","chr7:23260773:23261482:clu_60140_+:ENSG00000136235.17","23260773:23261482:clu_60140_+","0.0000044","-1.1","Skin - Not Sun Exposed (Suprapubic)"
"ENSG00000136235.17","GPNMB","chr7_23294617_C_G_b38","rs461344","chr7:23260773:23261482:clu_53526_+:ENSG00000136235.17","23260773:23261482:clu_53526_+","0.0000044","-0.78","Artery - Aorta"
"ENSG00000136235.17","GPNMB","chr7_23110331_C_T_b38","rs10239760","chr7:23260138:23260456:clu_63171_+:ENSG00000136235.17","23260138:23260456:clu_63171_+","0.0000045","0.30","Lung"
"ENSG00000136235.17","GPNMB","chr7_23263868_C_CA_b38","rs112399978","chr7:23260138:23260456:clu_53875_+:ENSG00000136235.17","23260138:23260456:clu_53875_+","0.0000045","0.36","Esophagus - Gastroesophageal Junction"
"ENSG00000136235.17","GPNMB","chr7_23104578_T_C_b38","rs13438188","chr7:23260773:23266517:clu_53810_+:ENSG00000136235.17","23260773:23266517:clu_53810_+","0.0000045","-0.33","Heart - Atrial Appendage"
"ENSG00000136235.17","GPNMB","chr7_23220688_A_G_b38","rs13225593","chr7:23260773:23266481:clu_53810_+:ENSG00000136235.17","23260773:23266481:clu_53810_+","0.0000045","0.32","Heart - Atrial Appendage"
"ENSG00000136235.17","GPNMB","chr7_23277981_G_A_b38","rs2268745","chr7:23260138:23260488:clu_60139_+:ENSG00000136235.17","23260138:23260488:clu_60139_+","0.0000045","-0.29","Skin - Not Sun Exposed (Suprapubic)"
"ENSG00000136235.17","GPNMB","chr7_23220969_G_T_b38","rs7807879","chr7:23260773:23266517:clu_53810_+:ENSG00000136235.17","23260773:23266517:clu_53810_+","0.0000046","-0.33","Heart - Atrial Appendage"
"ENSG00000136235.17","GPNMB","chr7_23262101_TC_T_b38","rs148700571","chr7:23246927:23253307:clu_49248_+:ENSG00000136235.17","23246927:23253307:clu_49248_+","0.0000046","-1.1","Pancreas"
"ENSG00000136235.17","GPNMB","chr7_23115906_A_G_b38","rs73272053","chr7:23260138:23260456:clu_63171_+:ENSG00000136235.17","23260138:23260456:clu_63171_+","0.0000046","0.29","Lung"
"ENSG00000136235.17","GPNMB","chr7_23191929_C_T_b38","rs6942981","chr7:23260773:23266517:clu_53810_+:ENSG00000136235.17","23260773:23266517:clu_53810_+","0.0000046","-0.32","Heart - Atrial Appendage"
"ENSG00000136235.17","GPNMB","chr7_23223855_G_C_b38","rs1728292","chr7:23260138:23260456:clu_53875_+:ENSG00000136235.17","23260138:23260456:clu_53875_+","0.0000046","0.36","Esophagus - Gastroesophageal Junction"
"ENSG00000136235.17","GPNMB","chr7_23090862_T_TA_b38","rs5882881","chr7:23260773:23266481:clu_53810_+:ENSG00000136235.17","23260773:23266481:clu_53810_+","0.0000046","0.32","Heart - Atrial Appendage"
"ENSG00000136235.17","GPNMB","chr7_23248690_G_A_b38","rs199357","chr7:23260773:23266517:clu_53810_+:ENSG00000136235.17","23260773:23266517:clu_53810_+","0.0000047","-0.32","Heart - Atrial Appendage"
"ENSG00000136235.17","GPNMB","chr7_23108854_T_C_b38","rs1034963","chr7:23260138:23260456:clu_53875_+:ENSG00000136235.17","23260138:23260456:clu_53875_+","0.0000047","0.36","Esophagus - Gastroesophageal Junction"
"ENSG00000136235.17","GPNMB","chr7_23122201_T_C_b38","rs10224327","chr7:23260138:23260456:clu_63171_+:ENSG00000136235.17","23260138:23260456:clu_63171_+","0.0000047","0.29","Lung"
"ENSG00000136235.17","GPNMB","chr7_23288521_AAAACTT_A_b38","rs71735507","chr7:23260138:23260488:clu_60139_+:ENSG00000136235.17","23260138:23260488:clu_60139_+","0.0000047","-0.28","Skin - Not Sun Exposed (Suprapubic)"
"ENSG00000136235.17","GPNMB","chr7_23108221_G_A_b38","rs987257","chr7:23260138:23260456:clu_53875_+:ENSG00000136235.17","23260138:23260456:clu_53875_+","0.0000048","0.36","Esophagus - Gastroesophageal Junction"
"ENSG00000136235.17","GPNMB","chr7_23119622_C_A_b38","rs6967526","chr7:23260138:23260488:clu_47301_+:ENSG00000136235.17","23260138:23260488:clu_47301_+","0.0000048","-0.31","Cells - Cultured fibroblasts"
"ENSG00000136235.17","GPNMB","chr7_23122462_A_G_b38","rs3807452","chr7:23260138:23260488:clu_47301_+:ENSG00000136235.17","23260138:23260488:clu_47301_+","0.0000048","-0.31","Cells - Cultured fibroblasts"
"ENSG00000136235.17","GPNMB","chr7_23391773_A_C_b38","rs73281643","chr7:23260773:23266517:clu_53876_+:ENSG00000136235.17","23260773:23266517:clu_53876_+","0.0000048","-0.78","Esophagus - Gastroesophageal Junction"
"ENSG00000136235.17","GPNMB","chr7_23393527_G_A_b38","rs11981126","chr7:23260773:23266517:clu_53876_+:ENSG00000136235.17","23260773:23266517:clu_53876_+","0.0000048","-0.78","Esophagus - Gastroesophageal Junction"
"ENSG00000136235.17","GPNMB","chr7_23114316_C_T_b38","rs764534","chr7:23260138:23260456:clu_63171_+:ENSG00000136235.17","23260138:23260456:clu_63171_+","0.0000048","0.29","Lung"
"ENSG00000136235.17","GPNMB","chr7_23114694_A_C_b38","rs2068459","chr7:23260138:23260456:clu_63171_+:ENSG00000136235.17","23260138:23260456:clu_63171_+","0.0000048","0.29","Lung"
"ENSG00000136235.17","GPNMB","chr7_23132685_C_G_b38","rs6971002","chr7:23247993:23253307:clu_51380_+:ENSG00000136235.17","23247993:23253307:clu_51380_+","0.0000049","0.35","Brain - Caudate (basal ganglia)"
"ENSG00000136235.17","GPNMB","chr7_23151402_C_T_b38","rs4295546","chr7:23260773:23266481:clu_53810_+:ENSG00000136235.17","23260773:23266481:clu_53810_+","0.0000049","0.33","Heart - Atrial Appendage"
"ENSG00000136235.17","GPNMB","chr7_23151530_AG_A_b38","rs35378213","chr7:23260773:23266481:clu_53810_+:ENSG00000136235.17","23260773:23266481:clu_53810_+","0.0000049","0.33","Heart - Atrial Appendage"
"ENSG00000136235.17","GPNMB","chr7_23396402_G_C_b38","rs73088171","chr7:23260773:23266517:clu_61481_+:ENSG00000136235.17","23260773:23266517:clu_61481_+","0.0000049","-1.0","Breast - Mammary Tissue"
"ENSG00000136235.17","GPNMB","chr7_23076240_A_G_b38","rs12539467","chr7:23247993:23253307:clu_51380_+:ENSG00000136235.17","23247993:23253307:clu_51380_+","0.0000049","0.34","Brain - Caudate (basal ganglia)"
"ENSG00000136235.17","GPNMB","chr7_23297888_G_C_b38","rs199657","chr7:23260773:23266481:clu_53810_+:ENSG00000136235.17","23260773:23266481:clu_53810_+","0.0000050","-0.31","Heart - Atrial Appendage"
"ENSG00000136235.17","GPNMB","chr7_23276821_G_A_b38","rs10224388","chr7:23260773:23266481:clu_53810_+:ENSG00000136235.17","23260773:23266481:clu_53810_+","0.0000050","0.32","Heart - Atrial Appendage"
"ENSG00000136235.17","GPNMB","chr7_23178069_A_C_b38","rs77551378","chr7:23260138:23260488:clu_61479_+:ENSG00000136235.17","23260138:23260488:clu_61479_+","0.0000050","-0.33","Skin - Sun Exposed (Lower leg)"
"ENSG00000136235.17","GPNMB","chr7_23148490_G_A_b38","rs6962213","chr7:23260138:23260488:clu_60139_+:ENSG00000136235.17","23260138:23260488:clu_60139_+","0.0000050","-0.29","Skin - Not Sun Exposed (Suprapubic)"
"ENSG00000136235.17","GPNMB","chr7_23103945_A_G_b38","rs56400441","chr7:23247993:23253307:clu_51380_+:ENSG00000136235.17","23247993:23253307:clu_51380_+","0.0000050","0.35","Brain - Caudate (basal ganglia)"
"ENSG00000136235.17","GPNMB","chr7_23182251_T_C_b38","rs7808488","chr7:23260773:23266517:clu_47302_+:ENSG00000136235.17","23260773:23266517:clu_47302_+","0.0000051","-0.26","Cells - Cultured fibroblasts"
"ENSG00000136235.17","GPNMB","chr7_23154394_C_T_b38","rs1881201","chr7:23260138:23260456:clu_63171_+:ENSG00000136235.17","23260138:23260456:clu_63171_+","0.0000051","-0.29","Lung"
"ENSG00000136235.17","GPNMB","chr7_23253479_C_A_b38","rs199348","chr7:23260773:23266517:clu_47302_+:ENSG00000136235.17","23260773:23266517:clu_47302_+","0.0000051","-0.26","Cells - Cultured fibroblasts"
"ENSG00000136235.17","GPNMB","chr7_23396402_G_C_b38","rs73088171","chr7:23260773:23266481:clu_53526_+:ENSG00000136235.17","23260773:23266481:clu_53526_+","0.0000051","1.1","Artery - Aorta"
"ENSG00000136235.17","GPNMB","chr7_23071112_C_G_b38","rs7797870","chr7:23260773:23266517:clu_53526_+:ENSG00000136235.17","23260773:23266517:clu_53526_+","0.0000051","-0.30","Artery - Aorta"
"ENSG00000136235.17","GPNMB","chr7_23184748_T_C_b38","rs2286272","chr7:23247993:23253307:clu_51380_+:ENSG00000136235.17","23247993:23253307:clu_51380_+","0.0000051","0.35","Brain - Caudate (basal ganglia)"
"ENSG00000136235.17","GPNMB","chr7_23269500_T_C_b38","rs156425","chr7:23260138:23260456:clu_53875_+:ENSG00000136235.17","23260138:23260456:clu_53875_+","0.0000052","0.36","Esophagus - Gastroesophageal Junction"
"ENSG00000136235.17","GPNMB","chr7_23132685_C_G_b38","rs6971002","chr7:23260138:23260456:clu_53875_+:ENSG00000136235.17","23260138:23260456:clu_53875_+","0.0000052","0.36","Esophagus - Gastroesophageal Junction"
"ENSG00000136235.17","GPNMB","chr7_23140513_C_T_b38","rs1468593","chr7:23260773:23266517:clu_53810_+:ENSG00000136235.17","23260773:23266517:clu_53810_+","0.0000052","-0.32","Heart - Atrial Appendage"
"ENSG00000136235.17","GPNMB","chr7_23320204_G_A_b38","rs138672833","chr7:23260773:23261482:clu_60140_+:ENSG00000136235.17","23260773:23261482:clu_60140_+","0.0000052","-1.1","Skin - Not Sun Exposed (Suprapubic)"
"ENSG00000136235.17","GPNMB","chr7_23130808_T_G_b38","rs3735228","chr7:23260138:23260456:clu_53875_+:ENSG00000136235.17","23260138:23260456:clu_53875_+","0.0000052","0.36","Esophagus - Gastroesophageal Junction"
"ENSG00000136235.17","GPNMB","chr7_23154986_A_G_b38","rs955187","chr7:23260138:23260456:clu_53875_+:ENSG00000136235.17","23260138:23260456:clu_53875_+","0.0000052","-0.37","Esophagus - Gastroesophageal Junction"
"ENSG00000136235.17","GPNMB","chr7_23408598_T_C_b38","rs7785349","chr7:23260773:23266517:clu_61480_+:ENSG00000136235.17","23260773:23266517:clu_61480_+","0.0000053","-0.42","Skin - Sun Exposed (Lower leg)"
"ENSG00000136235.17","GPNMB","chr7_23088333_T_C_b38","rs4409314","chr7:23247993:23253307:clu_51380_+:ENSG00000136235.17","23247993:23253307:clu_51380_+","0.0000053","0.34","Brain - Caudate (basal ganglia)"
"ENSG00000136235.17","GPNMB","chr7_23235145_A_G_b38","rs10268610","chr7:23260138:23260456:clu_53875_+:ENSG00000136235.17","23260138:23260456:clu_53875_+","0.0000053","0.35","Esophagus - Gastroesophageal Junction"
"ENSG00000136235.17","GPNMB","chr7_23286418_T_TC_b38","rs148763352","chr7:23260773:23266517:clu_47302_+:ENSG00000136235.17","23260773:23266517:clu_47302_+","0.0000053","-0.28","Cells - Cultured fibroblasts"
"ENSG00000136235.17","GPNMB","chr7_23202247_C_T_b38","rs6968696","chr7:23260773:23266517:clu_47302_+:ENSG00000136235.17","23260773:23266517:clu_47302_+","0.0000053","-0.26","Cells - Cultured fibroblasts"
"ENSG00000136235.17","GPNMB","chr7_23136327_A_G_b38","rs6953996","chr7:23247993:23253307:clu_51380_+:ENSG00000136235.17","23247993:23253307:clu_51380_+","0.0000053","0.35","Brain - Caudate (basal ganglia)"
"ENSG00000136235.17","GPNMB","chr7_23295638_G_A_b38","rs113742951","chr7:23260773:23261482:clu_53526_+:ENSG00000136235.17","23260773:23261482:clu_53526_+","0.0000053","-1.3","Artery - Aorta"
"ENSG00000136235.17","GPNMB","chr7_22681219_C_G_b38","rs114182584","chr7:23246927:23253307:clu_53873_+:ENSG00000136235.17","23246927:23253307:clu_53873_+","0.0000053","-1.3","Esophagus - Gastroesophageal Junction"
"ENSG00000136235.17","GPNMB","chr7_23264294_T_G_b38","rs138617381","chr7:23260773:23266481:clu_54640_+:ENSG00000136235.17","23260773:23266481:clu_54640_+","0.0000053","1.3","Colon - Sigmoid"
"ENSG00000136235.17","GPNMB","chr7_23396402_G_C_b38","rs73088171","chr7:23260773:23266481:clu_58875_+:ENSG00000136235.17","23260773:23266481:clu_58875_+","0.0000053","0.78","Adipose - Visceral (Omentum)"
"ENSG00000136235.17","GPNMB","chr7_23092243_C_T_b38","rs61292332","chr7:23260773:23266517:clu_53810_+:ENSG00000136235.17","23260773:23266517:clu_53810_+","0.0000054","-0.33","Heart - Atrial Appendage"
"ENSG00000136235.17","GPNMB","chr7_23288521_AAAACTT_A_b38","rs71735507","chr7:23260773:23266517:clu_47302_+:ENSG00000136235.17","23260773:23266517:clu_47302_+","0.0000054","-0.26","Cells - Cultured fibroblasts"
"ENSG00000136235.17","GPNMB","chr7_23211209_T_C_b38","rs6970694","chr7:23260138:23260456:clu_63171_+:ENSG00000136235.17","23260138:23260456:clu_63171_+","0.0000054","0.30","Lung"
"ENSG00000136235.17","GPNMB","chr7_23081685_G_A_b38","rs6953728","chr7:23247993:23253307:clu_51380_+:ENSG00000136235.17","23247993:23253307:clu_51380_+","0.0000054","0.35","Brain - Caudate (basal ganglia)"
"ENSG00000136235.17","GPNMB","chr7_23310026_GTGTT_G_b38","rs144212150","chr7:23260773:23261482:clu_53526_+:ENSG00000136235.17","23260773:23261482:clu_53526_+","0.0000054","-0.78","Artery - Aorta"
"ENSG00000136235.17","GPNMB","chr7_23212699_C_G_b38","rs6956974","chr7:23260138:23260456:clu_63171_+:ENSG00000136235.17","23260138:23260456:clu_63171_+","0.0000054","0.30","Lung"
"ENSG00000136235.17","GPNMB","chr7_23212794_G_A_b38","rs6961109","chr7:23260138:23260456:clu_63171_+:ENSG00000136235.17","23260138:23260456:clu_63171_+","0.0000055","0.30","Lung"
"ENSG00000136235.17","GPNMB","chr7_23270562_C_T_b38","rs28635122","chr7:23260773:23266481:clu_53810_+:ENSG00000136235.17","23260773:23266481:clu_53810_+","0.0000055","0.32","Heart - Atrial Appendage"
"ENSG00000136235.17","GPNMB","chr7_23271186_A_G_b38","rs7794684","chr7:23260773:23266481:clu_53810_+:ENSG00000136235.17","23260773:23266481:clu_53810_+","0.0000055","0.32","Heart - Atrial Appendage"
"ENSG00000136235.17","GPNMB","chr7_23264294_T_G_b38","rs138617381","chr7:23260773:23266517:clu_55840_+:ENSG00000136235.17","23260773:23266517:clu_55840_+","0.0000055","-1.3","Esophagus - Muscularis"
"ENSG00000136235.17","GPNMB","chr7_23145880_A_G_b38","rs6978478","chr7:23260773:23266481:clu_53810_+:ENSG00000136235.17","23260773:23266481:clu_53810_+","0.0000056","0.33","Heart - Atrial Appendage"
"ENSG00000136235.17","GPNMB","chr7_23147904_TCTGCCATTGGG_T_b38","rs11271006","chr7:23260773:23266481:clu_53810_+:ENSG00000136235.17","23260773:23266481:clu_53810_+","0.0000056","0.33","Heart - Atrial Appendage"
"ENSG00000136235.17","GPNMB","chr7_23148751_A_C_b38","rs10280815","chr7:23260773:23266481:clu_53810_+:ENSG00000136235.17","23260773:23266481:clu_53810_+","0.0000056","0.33","Heart - Atrial Appendage"
"ENSG00000136235.17","GPNMB","chr7_23149289_A_G_b38","rs10225608","chr7:23260773:23266481:clu_53810_+:ENSG00000136235.17","23260773:23266481:clu_53810_+","0.0000056","0.33","Heart - Atrial Appendage"
"ENSG00000136235.17","GPNMB","chr7_23149317_T_C_b38","rs28624974","chr7:23260773:23266481:clu_53810_+:ENSG00000136235.17","23260773:23266481:clu_53810_+","0.0000056","0.33","Heart - Atrial Appendage"
"ENSG00000136235.17","GPNMB","chr7_23149381_T_C_b38","rs10270788","chr7:23260773:23266481:clu_53810_+:ENSG00000136235.17","23260773:23266481:clu_53810_+","0.0000056","0.33","Heart - Atrial Appendage"
"ENSG00000136235.17","GPNMB","chr7_23149396_G_A_b38","rs28716381","chr7:23260773:23266481:clu_53810_+:ENSG00000136235.17","23260773:23266481:clu_53810_+","0.0000056","0.33","Heart - Atrial Appendage"
"ENSG00000136235.17","GPNMB","chr7_23150120_C_T_b38","rs1358442","chr7:23260773:23266481:clu_53810_+:ENSG00000136235.17","23260773:23266481:clu_53810_+","0.0000056","0.33","Heart - Atrial Appendage"
"ENSG00000136235.17","GPNMB","chr7_23151252_T_C_b38","rs4365988","chr7:23260773:23266481:clu_53810_+:ENSG00000136235.17","23260773:23266481:clu_53810_+","0.0000056","0.33","Heart - Atrial Appendage"
"ENSG00000136235.17","GPNMB","chr7_23151464_T_C_b38","rs10279194","chr7:23260773:23266481:clu_53810_+:ENSG00000136235.17","23260773:23266481:clu_53810_+","0.0000056","0.33","Heart - Atrial Appendage"
"ENSG00000136235.17","GPNMB","chr7_23151495_T_C_b38","rs3950345","chr7:23260773:23266481:clu_53810_+:ENSG00000136235.17","23260773:23266481:clu_53810_+","0.0000056","0.33","Heart - Atrial Appendage"
"ENSG00000136235.17","GPNMB","chr7_23151880_G_T_b38","rs2390758","chr7:23260773:23266481:clu_53810_+:ENSG00000136235.17","23260773:23266481:clu_53810_+","0.0000056","0.33","Heart - Atrial Appendage"
"ENSG00000136235.17","GPNMB","chr7_23152006_G_C_b38","rs2178140","chr7:23260773:23266481:clu_53810_+:ENSG00000136235.17","23260773:23266481:clu_53810_+","0.0000056","0.33","Heart - Atrial Appendage"
"ENSG00000136235.17","GPNMB","chr7_23152017_A_G_b38","rs2178139","chr7:23260773:23266481:clu_53810_+:ENSG00000136235.17","23260773:23266481:clu_53810_+","0.0000056","0.33","Heart - Atrial Appendage"
"ENSG00000136235.17","GPNMB","chr7_23152045_G_A_b38","rs2141306","chr7:23260773:23266481:clu_53810_+:ENSG00000136235.17","23260773:23266481:clu_53810_+","0.0000056","0.33","Heart - Atrial Appendage"
"ENSG00000136235.17","GPNMB","chr7_23152280_T_C_b38","rs2141305","chr7:23260773:23266481:clu_53810_+:ENSG00000136235.17","23260773:23266481:clu_53810_+","0.0000056","0.33","Heart - Atrial Appendage"
"ENSG00000136235.17","GPNMB","chr7_23152502_T_TTTC_b38","rs35687837","chr7:23260773:23266481:clu_53810_+:ENSG00000136235.17","23260773:23266481:clu_53810_+","0.0000056","0.33","Heart - Atrial Appendage"
"ENSG00000136235.17","GPNMB","chr7_23152621_C_T_b38","rs6945510","chr7:23260773:23266481:clu_53810_+:ENSG00000136235.17","23260773:23266481:clu_53810_+","0.0000056","0.33","Heart - Atrial Appendage"
"ENSG00000136235.17","GPNMB","chr7_23350848_G_C_b38","rs274054","chr7:23260138:23260456:clu_53875_+:ENSG00000136235.17","23260138:23260456:clu_53875_+","0.0000057","0.36","Esophagus - Gastroesophageal Junction"
"ENSG00000136235.17","GPNMB","chr7_23203211_C_G_b38","rs858305","chr7:23260138:23260488:clu_47301_+:ENSG00000136235.17","23260138:23260488:clu_47301_+","0.0000057","-0.30","Cells - Cultured fibroblasts"
"ENSG00000136235.17","GPNMB","chr7_23425237_A_C_b38","rs12534523","chr7:23260773:23266517:clu_47302_+:ENSG00000136235.17","23260773:23266517:clu_47302_+","0.0000057","-0.28","Cells - Cultured fibroblasts"
"ENSG00000136235.17","GPNMB","chr7_23182251_T_C_b38","rs7808488","chr7:23260138:23260456:clu_53875_+:ENSG00000136235.17","23260138:23260456:clu_53875_+","0.0000057","0.35","Esophagus - Gastroesophageal Junction"
"ENSG00000136235.17","GPNMB","chr7_23193040_T_C_b38","rs1637221","chr7:23260138:23260456:clu_53875_+:ENSG00000136235.17","23260138:23260456:clu_53875_+","0.0000057","0.35","Esophagus - Gastroesophageal Junction"
"ENSG00000136235.17","GPNMB","chr7_23205950_A_G_b38","rs858295","chr7:23260138:23260456:clu_53875_+:ENSG00000136235.17","23260138:23260456:clu_53875_+","0.0000057","0.35","Esophagus - Gastroesophageal Junction"
"ENSG00000136235.17","GPNMB","chr7_23258796_C_A_b38","rs10085838","chr7:23260138:23260456:clu_63171_+:ENSG00000136235.17","23260138:23260456:clu_63171_+","0.0000057","0.30","Lung"
"ENSG00000136235.17","GPNMB","chr7_23231412_A_C_b38","rs1728313","chr7:23260773:23266481:clu_53810_+:ENSG00000136235.17","23260773:23266481:clu_53810_+","0.0000057","0.31","Heart - Atrial Appendage"
"ENSG00000136235.17","GPNMB","chr7_23209654_C_G_b38","rs6461702","chr7:23260773:23266517:clu_53810_+:ENSG00000136235.17","23260773:23266517:clu_53810_+","0.0000058","-0.32","Heart - Atrial Appendage"
"ENSG00000136235.17","GPNMB","chr7_23298403_A_C_b38","rs7779544","chr7:23260773:23261482:clu_53876_+:ENSG00000136235.17","23260773:23261482:clu_53876_+","0.0000058","-1.0","Esophagus - Gastroesophageal Junction"
"ENSG00000136235.17","GPNMB","chr7_23251368_G_A_b38","rs10262243","chr7:23260138:23260456:clu_63171_+:ENSG00000136235.17","23260138:23260456:clu_63171_+","0.0000058","0.30","Lung"
"ENSG00000136235.17","GPNMB","chr7_23180831_C_T_b38","rs10242104","chr7:23260773:23266517:clu_53810_+:ENSG00000136235.17","23260773:23266517:clu_53810_+","0.0000058","-0.32","Heart - Atrial Appendage"
"ENSG00000136235.17","GPNMB","chr7_23070400_C_G_b38","rs6960239","chr7:23247993:23253307:clu_51380_+:ENSG00000136235.17","23247993:23253307:clu_51380_+","0.0000058","0.35","Brain - Caudate (basal ganglia)"
"ENSG00000136235.17","GPNMB","chr7_23259264_G_C_b38","rs112715342","chr7:23260773:23261482:clu_60140_+:ENSG00000136235.17","23260773:23261482:clu_60140_+","0.0000058","-1.0","Skin - Not Sun Exposed (Suprapubic)"
"ENSG00000136235.17","GPNMB","chr7_23259375_A_G_b38","rs113828431","chr7:23260773:23261482:clu_60140_+:ENSG00000136235.17","23260773:23261482:clu_60140_+","0.0000058","-1.0","Skin - Not Sun Exposed (Suprapubic)"
"ENSG00000136235.17","GPNMB","chr7_23106493_C_T_b38","rs2072368","chr7:23260773:23266517:clu_53810_+:ENSG00000136235.17","23260773:23266517:clu_53810_+","0.0000059","-0.33","Heart - Atrial Appendage"
"ENSG00000136235.17","GPNMB","chr7_23223855_G_C_b38","rs1728292","chr7:23260773:23266481:clu_53810_+:ENSG00000136235.17","23260773:23266481:clu_53810_+","0.0000060","0.31","Heart - Atrial Appendage"
"ENSG00000136235.17","GPNMB","chr7_22562116_C_T_b38","rs76981526","chr7:23246927:23253307:clu_53873_+:ENSG00000136235.17","23246927:23253307:clu_53873_+","0.0000060","-1.3","Esophagus - Gastroesophageal Junction"
"ENSG00000136235.17","GPNMB","chr7_23211235_C_T_b38","rs28673077","chr7:23260773:23266517:clu_53810_+:ENSG00000136235.17","23260773:23266517:clu_53810_+","0.0000060","-0.32","Heart - Atrial Appendage"
"ENSG00000136235.17","GPNMB","chr7_23154612_A_G_b38","rs2103281","chr7:23260138:23260456:clu_63171_+:ENSG00000136235.17","23260138:23260456:clu_63171_+","0.0000060","0.29","Lung"
"ENSG00000136235.17","GPNMB","chr7_23076996_G_A_b38","rs6461688","chr7:23260773:23266481:clu_53810_+:ENSG00000136235.17","23260773:23266481:clu_53810_+","0.0000061","0.30","Heart - Atrial Appendage"
"ENSG00000136235.17","GPNMB","chr7_23114682_G_A_b38","rs2068621","chr7:23246927:23253307:clu_53873_+:ENSG00000136235.17","23246927:23253307:clu_53873_+","0.0000062","-0.77","Esophagus - Gastroesophageal Junction"
"ENSG00000136235.17","GPNMB","chr7_23090862_T_TA_b38","rs5882881","chr7:23247993:23253307:clu_51380_+:ENSG00000136235.17","23247993:23253307:clu_51380_+","0.0000062","0.35","Brain - Caudate (basal ganglia)"
"ENSG00000136235.17","GPNMB","chr7_23143586_C_CT_b38","","chr7:23260773:23266481:clu_53810_+:ENSG00000136235.17","23260773:23266481:clu_53810_+","0.0000062","0.32","Heart - Atrial Appendage"
"ENSG00000136235.17","GPNMB","chr7_23151875_TA_T_b38","rs5882889","chr7:23260773:23266481:clu_53810_+:ENSG00000136235.17","23260773:23266481:clu_53810_+","0.0000062","0.32","Heart - Atrial Appendage"
"ENSG00000136235.17","GPNMB","chr7_23151402_C_T_b38","rs4295546","chr7:23260138:23260488:clu_60139_+:ENSG00000136235.17","23260138:23260488:clu_60139_+","0.0000063","-0.29","Skin - Not Sun Exposed (Suprapubic)"
"ENSG00000136235.17","GPNMB","chr7_23151530_AG_A_b38","rs35378213","chr7:23260138:23260488:clu_60139_+:ENSG00000136235.17","23260138:23260488:clu_60139_+","0.0000063","-0.29","Skin - Not Sun Exposed (Suprapubic)"
"ENSG00000136235.17","GPNMB","chr7_23090862_T_TA_b38","rs5882881","chr7:23260773:23266517:clu_53810_+:ENSG00000136235.17","23260773:23266517:clu_53810_+","0.0000063","-0.32","Heart - Atrial Appendage"
"ENSG00000136235.17","GPNMB","chr7_23153652_G_A_b38","rs870476","chr7:23260138:23260488:clu_60139_+:ENSG00000136235.17","23260138:23260488:clu_60139_+","0.0000063","-0.29","Skin - Not Sun Exposed (Suprapubic)"
"ENSG00000136235.17","GPNMB","chr7_23192363_G_T_b38","rs6943926","chr7:23260773:23266517:clu_53810_+:ENSG00000136235.17","23260773:23266517:clu_53810_+","0.0000064","-0.32","Heart - Atrial Appendage"
"ENSG00000136235.17","GPNMB","chr7_23408598_T_C_b38","rs7785349","chr7:23260773:23266517:clu_55461_+:ENSG00000136235.17","23260773:23266517:clu_55461_+","0.0000064","-0.49","Artery - Tibial"
"ENSG00000136235.17","GPNMB","chr7_23330085_C_G_b38","rs199649","chr7:23260773:23266481:clu_53810_+:ENSG00000136235.17","23260773:23266481:clu_53810_+","0.0000065","-0.31","Heart - Atrial Appendage"
"ENSG00000136235.17","GPNMB","chr7_23288521_AAAACTT_A_b38","rs71735507","chr7:23260138:23260456:clu_53875_+:ENSG00000136235.17","23260138:23260456:clu_53875_+","0.0000065","0.35","Esophagus - Gastroesophageal Junction"
"ENSG00000136235.17","GPNMB","chr7_23119622_C_A_b38","rs6967526","chr7:23260773:23266517:clu_53810_+:ENSG00000136235.17","23260773:23266517:clu_53810_+","0.0000065","-0.31","Heart - Atrial Appendage"
"ENSG00000136235.17","GPNMB","chr7_23122462_A_G_b38","rs3807452","chr7:23260773:23266517:clu_53810_+:ENSG00000136235.17","23260773:23266517:clu_53810_+","0.0000065","-0.31","Heart - Atrial Appendage"
"ENSG00000136235.17","GPNMB","chr7_23192363_G_T_b38","rs6943926","chr7:23247993:23253307:clu_51380_+:ENSG00000136235.17","23247993:23253307:clu_51380_+","0.0000066","0.35","Brain - Caudate (basal ganglia)"
"ENSG00000136235.17","GPNMB","chr7_23209654_C_G_b38","rs6461702","chr7:23247993:23253307:clu_51380_+:ENSG00000136235.17","23247993:23253307:clu_51380_+","0.0000066","0.35","Brain - Caudate (basal ganglia)"
"ENSG00000136235.17","GPNMB","chr7_23323908_T_C_b38","rs533605820","chr7:23260773:23261482:clu_53526_+:ENSG00000136235.17","23260773:23261482:clu_53526_+","0.0000066","-1.1","Artery - Aorta"
"ENSG00000136235.17","GPNMB","chr7_23254897_A_G_b38","rs9639460","chr7:23260138:23260488:clu_61479_+:ENSG00000136235.17","23260138:23260488:clu_61479_+","0.0000066","-0.27","Skin - Sun Exposed (Lower leg)"
"ENSG00000136235.17","GPNMB","chr7_23145880_A_G_b38","rs6978478","chr7:23260138:23260488:clu_60139_+:ENSG00000136235.17","23260138:23260488:clu_60139_+","0.0000066","-0.29","Skin - Not Sun Exposed (Suprapubic)"
"ENSG00000136235.17","GPNMB","chr7_23147904_TCTGCCATTGGG_T_b38","rs11271006","chr7:23260138:23260488:clu_60139_+:ENSG00000136235.17","23260138:23260488:clu_60139_+","0.0000066","-0.29","Skin - Not Sun Exposed (Suprapubic)"
"ENSG00000136235.17","GPNMB","chr7_23149289_A_G_b38","rs10225608","chr7:23260138:23260488:clu_60139_+:ENSG00000136235.17","23260138:23260488:clu_60139_+","0.0000066","-0.29","Skin - Not Sun Exposed (Suprapubic)"
"ENSG00000136235.17","GPNMB","chr7_23149317_T_C_b38","rs28624974","chr7:23260138:23260488:clu_60139_+:ENSG00000136235.17","23260138:23260488:clu_60139_+","0.0000066","-0.29","Skin - Not Sun Exposed (Suprapubic)"
"ENSG00000136235.17","GPNMB","chr7_23149381_T_C_b38","rs10270788","chr7:23260138:23260488:clu_60139_+:ENSG00000136235.17","23260138:23260488:clu_60139_+","0.0000066","-0.29","Skin - Not Sun Exposed (Suprapubic)"
"ENSG00000136235.17","GPNMB","chr7_23149396_G_A_b38","rs28716381","chr7:23260138:23260488:clu_60139_+:ENSG00000136235.17","23260138:23260488:clu_60139_+","0.0000066","-0.29","Skin - Not Sun Exposed (Suprapubic)"
"ENSG00000136235.17","GPNMB","chr7_23150120_C_T_b38","rs1358442","chr7:23260138:23260488:clu_60139_+:ENSG00000136235.17","23260138:23260488:clu_60139_+","0.0000066","-0.29","Skin - Not Sun Exposed (Suprapubic)"
"ENSG00000136235.17","GPNMB","chr7_23151252_T_C_b38","rs4365988","chr7:23260138:23260488:clu_60139_+:ENSG00000136235.17","23260138:23260488:clu_60139_+","0.0000066","-0.29","Skin - Not Sun Exposed (Suprapubic)"
"ENSG00000136235.17","GPNMB","chr7_23151464_T_C_b38","rs10279194","chr7:23260138:23260488:clu_60139_+:ENSG00000136235.17","23260138:23260488:clu_60139_+","0.0000066","-0.29","Skin - Not Sun Exposed (Suprapubic)"
"ENSG00000136235.17","GPNMB","chr7_23151495_T_C_b38","rs3950345","chr7:23260138:23260488:clu_60139_+:ENSG00000136235.17","23260138:23260488:clu_60139_+","0.0000066","-0.29","Skin - Not Sun Exposed (Suprapubic)"
"ENSG00000136235.17","GPNMB","chr7_23151880_G_T_b38","rs2390758","chr7:23260138:23260488:clu_60139_+:ENSG00000136235.17","23260138:23260488:clu_60139_+","0.0000066","-0.29","Skin - Not Sun Exposed (Suprapubic)"
"ENSG00000136235.17","GPNMB","chr7_23152006_G_C_b38","rs2178140","chr7:23260138:23260488:clu_60139_+:ENSG00000136235.17","23260138:23260488:clu_60139_+","0.0000066","-0.29","Skin - Not Sun Exposed (Suprapubic)"
"ENSG00000136235.17","GPNMB","chr7_23152017_A_G_b38","rs2178139","chr7:23260138:23260488:clu_60139_+:ENSG00000136235.17","23260138:23260488:clu_60139_+","0.0000066","-0.29","Skin - Not Sun Exposed (Suprapubic)"
"ENSG00000136235.17","GPNMB","chr7_23152045_G_A_b38","rs2141306","chr7:23260138:23260488:clu_60139_+:ENSG00000136235.17","23260138:23260488:clu_60139_+","0.0000066","-0.29","Skin - Not Sun Exposed (Suprapubic)"
"ENSG00000136235.17","GPNMB","chr7_23152280_T_C_b38","rs2141305","chr7:23260138:23260488:clu_60139_+:ENSG00000136235.17","23260138:23260488:clu_60139_+","0.0000066","-0.29","Skin - Not Sun Exposed (Suprapubic)"
"ENSG00000136235.17","GPNMB","chr7_23152502_T_TTTC_b38","rs35687837","chr7:23260138:23260488:clu_60139_+:ENSG00000136235.17","23260138:23260488:clu_60139_+","0.0000066","-0.29","Skin - Not Sun Exposed (Suprapubic)"
"ENSG00000136235.17","GPNMB","chr7_23152621_C_T_b38","rs6945510","chr7:23260138:23260488:clu_60139_+:ENSG00000136235.17","23260138:23260488:clu_60139_+","0.0000066","-0.29","Skin - Not Sun Exposed (Suprapubic)"
"ENSG00000136235.17","GPNMB","chr7_23220632_G_T_b38","rs1637193","chr7:23260773:23266481:clu_53810_+:ENSG00000136235.17","23260773:23266481:clu_53810_+","0.0000066","0.32","Heart - Atrial Appendage"
"ENSG00000136235.17","GPNMB","chr7_23312893_C_A_b38","rs199653","chr7:23273614:23274054:clu_60141_+:ENSG00000136235.17","23273614:23274054:clu_60141_+","0.0000066","0.58","Skin - Not Sun Exposed (Suprapubic)"
"ENSG00000136235.17","GPNMB","chr7_23146833_T_C_b38","rs6975524","chr7:23260138:23260488:clu_60139_+:ENSG00000136235.17","23260138:23260488:clu_60139_+","0.0000067","-0.29","Skin - Not Sun Exposed (Suprapubic)"
"ENSG00000136235.17","GPNMB","chr7_23219346_G_A_b38","rs111901213","chr7:23246927:23253307:clu_53873_+:ENSG00000136235.17","23246927:23253307:clu_53873_+","0.0000067","-1.2","Esophagus - Gastroesophageal Junction"
"ENSG00000136235.17","GPNMB","chr7_23147560_G_A_b38","rs10247268","chr7:23260138:23260456:clu_63171_+:ENSG00000136235.17","23260138:23260456:clu_63171_+","0.0000067","0.29","Lung"
"ENSG00000136235.17","GPNMB","chr7_23148160_G_A_b38","rs6461694","chr7:23260138:23260456:clu_63171_+:ENSG00000136235.17","23260138:23260456:clu_63171_+","0.0000067","0.29","Lung"
"ENSG00000136235.17","GPNMB","chr7_23150593_C_T_b38","rs7805071","chr7:23260138:23260456:clu_63171_+:ENSG00000136235.17","23260138:23260456:clu_63171_+","0.0000067","0.29","Lung"
"ENSG00000136235.17","GPNMB","chr7_23150624_C_T_b38","rs7805085","chr7:23260138:23260456:clu_63171_+:ENSG00000136235.17","23260138:23260456:clu_63171_+","0.0000067","0.29","Lung"
"ENSG00000136235.17","GPNMB","chr7_23150875_A_G_b38","rs2390754","chr7:23260138:23260456:clu_63171_+:ENSG00000136235.17","23260138:23260456:clu_63171_+","0.0000067","0.29","Lung"
"ENSG00000136235.17","GPNMB","chr7_23256914_G_A_b38","rs199355","chr7:23260773:23266517:clu_47302_+:ENSG00000136235.17","23260773:23266517:clu_47302_+","0.0000067","-0.26","Cells - Cultured fibroblasts"
"ENSG00000136235.17","GPNMB","chr7_23220688_A_G_b38","rs13225593","chr7:23260138:23260456:clu_53875_+:ENSG00000136235.17","23260138:23260456:clu_53875_+","0.0000068","0.35","Esophagus - Gastroesophageal Junction"
"ENSG00000136235.17","GPNMB","chr7_23268015_ATGGG_A_b38","rs2307783","chr7:23260138:23260456:clu_53875_+:ENSG00000136235.17","23260138:23260456:clu_53875_+","0.0000068","0.35","Esophagus - Gastroesophageal Junction"
"ENSG00000136235.17","GPNMB","chr7_23076347_T_C_b38","rs1990365","chr7:23260773:23266481:clu_53810_+:ENSG00000136235.17","23260773:23266481:clu_53810_+","0.0000068","0.31","Heart - Atrial Appendage"
"ENSG00000136235.17","GPNMB","chr7_23128758_T_C_b38","rs6969733","chr7:23260138:23260456:clu_53875_+:ENSG00000136235.17","23260138:23260456:clu_53875_+","0.0000068","0.36","Esophagus - Gastroesophageal Junction"
"ENSG00000136235.17","GPNMB","chr7_23129132_G_C_b38","rs4440529","chr7:23260138:23260456:clu_53875_+:ENSG00000136235.17","23260138:23260456:clu_53875_+","0.0000068","0.36","Esophagus - Gastroesophageal Junction"
"ENSG00000136235.17","GPNMB","chr7_23132513_T_C_b38","rs6953020","chr7:23260138:23260456:clu_53875_+:ENSG00000136235.17","23260138:23260456:clu_53875_+","0.0000068","0.36","Esophagus - Gastroesophageal Junction"
"ENSG00000136235.17","GPNMB","chr7_23109189_C_T_b38","rs10235467","chr7:23260138:23260456:clu_53875_+:ENSG00000136235.17","23260138:23260456:clu_53875_+","0.0000068","0.36","Esophagus - Gastroesophageal Junction"
"ENSG00000136235.17","GPNMB","chr7_23109518_C_T_b38","rs6980224","chr7:23260138:23260456:clu_53875_+:ENSG00000136235.17","23260138:23260456:clu_53875_+","0.0000068","0.36","Esophagus - Gastroesophageal Junction"
"ENSG00000136235.17","GPNMB","chr7_23126389_C_T_b38","rs6966776","chr7:23260138:23260456:clu_53875_+:ENSG00000136235.17","23260138:23260456:clu_53875_+","0.0000068","0.36","Esophagus - Gastroesophageal Junction"
"ENSG00000136235.17","GPNMB","chr7_23127045_G_C_b38","rs929507","chr7:23260138:23260456:clu_53875_+:ENSG00000136235.17","23260138:23260456:clu_53875_+","0.0000068","0.36","Esophagus - Gastroesophageal Junction"
"ENSG00000136235.17","GPNMB","chr7_23127090_C_A_b38","rs929508","chr7:23260138:23260456:clu_53875_+:ENSG00000136235.17","23260138:23260456:clu_53875_+","0.0000068","0.36","Esophagus - Gastroesophageal Junction"
"ENSG00000136235.17","GPNMB","chr7_23127792_T_G_b38","rs6968242","chr7:23260138:23260456:clu_53875_+:ENSG00000136235.17","23260138:23260456:clu_53875_+","0.0000068","0.36","Esophagus - Gastroesophageal Junction"
"ENSG00000136235.17","GPNMB","chr7_23128350_T_C_b38","rs1981665","chr7:23260138:23260456:clu_53875_+:ENSG00000136235.17","23260138:23260456:clu_53875_+","0.0000068","0.36","Esophagus - Gastroesophageal Junction"
"ENSG00000136235.17","GPNMB","chr7_23129182_C_T_b38","rs4599714","chr7:23260138:23260456:clu_53875_+:ENSG00000136235.17","23260138:23260456:clu_53875_+","0.0000068","0.36","Esophagus - Gastroesophageal Junction"
"ENSG00000136235.17","GPNMB","chr7_23130140_C_T_b38","rs10278776","chr7:23260138:23260456:clu_53875_+:ENSG00000136235.17","23260138:23260456:clu_53875_+","0.0000068","0.36","Esophagus - Gastroesophageal Junction"
"ENSG00000136235.17","GPNMB","chr7_23131157_G_A_b38","rs4140959","chr7:23260138:23260456:clu_53875_+:ENSG00000136235.17","23260138:23260456:clu_53875_+","0.0000068","0.36","Esophagus - Gastroesophageal Junction"
"ENSG00000136235.17","GPNMB","chr7_23134563_A_G_b38","rs13438452","chr7:23260138:23260456:clu_53875_+:ENSG00000136235.17","23260138:23260456:clu_53875_+","0.0000068","0.36","Esophagus - Gastroesophageal Junction"
"ENSG00000136235.17","GPNMB","chr7_23129224_A_C_b38","rs4624924","chr7:23260138:23260456:clu_53875_+:ENSG00000136235.17","23260138:23260456:clu_53875_+","0.0000068","0.36","Esophagus - Gastroesophageal Junction"
"ENSG00000136235.17","GPNMB","chr7_23135147_G_T_b38","rs6948469","chr7:23260138:23260456:clu_53875_+:ENSG00000136235.17","23260138:23260456:clu_53875_+","0.0000068","0.36","Esophagus - Gastroesophageal Junction"
"ENSG00000136235.17","GPNMB","chr7_23153230_G_A_b38","rs55788996","chr7:23260138:23260456:clu_63171_+:ENSG00000136235.17","23260138:23260456:clu_63171_+","0.0000068","0.29","Lung"
"ENSG00000136235.17","GPNMB","chr7_23349454_C_A_b38","rs7796541","chr7:23260773:23266481:clu_53810_+:ENSG00000136235.17","23260773:23266481:clu_53810_+","0.0000068","0.31","Heart - Atrial Appendage"
"ENSG00000136235.17","GPNMB","chr7_23277981_G_A_b38","rs2268745","chr7:23247993:23253307:clu_51380_+:ENSG00000136235.17","23247993:23253307:clu_51380_+","0.0000069","0.34","Brain - Caudate (basal ganglia)"
"ENSG00000136235.17","GPNMB","chr7_23146350_C_T_b38","rs4377861","chr7:23260138:23260456:clu_63171_+:ENSG00000136235.17","23260138:23260456:clu_63171_+","0.0000069","0.29","Lung"
"ENSG00000136235.17","GPNMB","chr7_23146348_G_A_b38","rs4559148","chr7:23260138:23260456:clu_63171_+:ENSG00000136235.17","23260138:23260456:clu_63171_+","0.0000069","0.29","Lung"
"ENSG00000136235.17","GPNMB","chr7_23264082_T_C_b38","rs10250602","chr7:23260138:23260456:clu_53875_+:ENSG00000136235.17","23260138:23260456:clu_53875_+","0.0000069","0.35","Esophagus - Gastroesophageal Junction"
"ENSG00000136235.17","GPNMB","chr7_23180616_T_C_b38","rs10254544","chr7:23247993:23253307:clu_51380_+:ENSG00000136235.17","23247993:23253307:clu_51380_+","0.0000070","0.35","Brain - Caudate (basal ganglia)"
"ENSG00000136235.17","GPNMB","chr7_23258796_C_A_b38","rs10085838","chr7:23247993:23253307:clu_51380_+:ENSG00000136235.17","23247993:23253307:clu_51380_+","0.0000070","0.34","Brain - Caudate (basal ganglia)"
"ENSG00000136235.17","GPNMB","chr7_23292661_C_T_b38","rs2268744","chr7:23260773:23266517:clu_53810_+:ENSG00000136235.17","23260773:23266517:clu_53810_+","0.0000070","-0.32","Heart - Atrial Appendage"
"ENSG00000136235.17","GPNMB","chr7_23205950_A_G_b38","rs858295","chr7:23260138:23260488:clu_60139_+:ENSG00000136235.17","23260138:23260488:clu_60139_+","0.0000070","-0.28","Skin - Not Sun Exposed (Suprapubic)"
"ENSG00000136235.17","GPNMB","chr7_23061551_C_G_b38","rs114167415","chr7:23247993:23253307:clu_51380_+:ENSG00000136235.17","23247993:23253307:clu_51380_+","0.0000070","1.4","Brain - Caudate (basal ganglia)"
"ENSG00000136235.17","GPNMB","chr7_23146833_T_C_b38","rs6975524","chr7:23260138:23260456:clu_53875_+:ENSG00000136235.17","23260138:23260456:clu_53875_+","0.0000070","0.36","Esophagus - Gastroesophageal Junction"
"ENSG00000136235.17","GPNMB","chr7_23158165_C_A_b38","rs6461695","chr7:23260138:23260456:clu_63171_+:ENSG00000136235.17","23260138:23260456:clu_63171_+","0.0000071","0.29","Lung"
"ENSG00000136235.17","GPNMB","chr7_23071112_C_G_b38","rs7797870","chr7:23260773:23266481:clu_53526_+:ENSG00000136235.17","23260773:23266481:clu_53526_+","0.0000071","0.30","Artery - Aorta"
"ENSG00000136235.17","GPNMB","chr7_23269500_T_C_b38","rs156425","chr7:23260138:23260488:clu_60139_+:ENSG00000136235.17","23260138:23260488:clu_60139_+","0.0000071","-0.28","Skin - Not Sun Exposed (Suprapubic)"
"ENSG00000136235.17","GPNMB","chr7_23334111_G_A_b38","rs10233942","chr7:23260773:23266481:clu_53810_+:ENSG00000136235.17","23260773:23266481:clu_53810_+","0.0000071","0.30","Heart - Atrial Appendage"
"ENSG00000136235.17","GPNMB","chr7_23268015_ATGGG_A_b38","rs2307783","chr7:23260138:23260488:clu_60139_+:ENSG00000136235.17","23260138:23260488:clu_60139_+","0.0000072","-0.28","Skin - Not Sun Exposed (Suprapubic)"
"ENSG00000136235.17","GPNMB","chr7_23334940_C_G_b38","rs274032","chr7:23260773:23266481:clu_53810_+:ENSG00000136235.17","23260773:23266481:clu_53810_+","0.0000072","0.31","Heart - Atrial Appendage"
"ENSG00000136235.17","GPNMB","chr7_22711400_T_A_b38","rs4552807","chr7:23247993:23253307:clu_55837_+:ENSG00000136235.17","23247993:23253307:clu_55837_+","0.0000072","0.25","Esophagus - Muscularis"
"ENSG00000136235.17","GPNMB","chr7_23211386_T_C_b38","rs858279","chr7:23260773:23266481:clu_53810_+:ENSG00000136235.17","23260773:23266481:clu_53810_+","0.0000073","0.31","Heart - Atrial Appendage"
"ENSG00000136235.17","GPNMB","chr7_23211235_C_T_b38","rs28673077","chr7:23247993:23253307:clu_51380_+:ENSG00000136235.17","23247993:23253307:clu_51380_+","0.0000073","0.35","Brain - Caudate (basal ganglia)"
"ENSG00000136235.17","GPNMB","chr7_23327573_A_G_b38","rs586508","chr7:23260773:23266517:clu_61481_+:ENSG00000136235.17","23260773:23266517:clu_61481_+","0.0000073","0.73","Breast - Mammary Tissue"
"ENSG00000136235.17","GPNMB","chr7_23157197_C_T_b38","rs10950940","chr7:23260138:23260488:clu_60139_+:ENSG00000136235.17","23260138:23260488:clu_60139_+","0.0000073","0.28","Skin - Not Sun Exposed (Suprapubic)"
"ENSG00000136235.17","GPNMB","chr7_24128292_C_A_b38","rs74644465","chr7:23261565:23266517:clu_54640_+:ENSG00000136235.17","23261565:23266517:clu_54640_+","0.0000073","-0.83","Colon - Sigmoid"
"ENSG00000136235.17","GPNMB","chr7_23211386_T_C_b38","rs858279","chr7:23260773:23266517:clu_53810_+:ENSG00000136235.17","23260773:23266517:clu_53810_+","0.0000073","-0.31","Heart - Atrial Appendage"
"ENSG00000136235.17","GPNMB","chr7_23400438_G_C_b38","rs75693095","chr7:23260773:23266517:clu_55840_+:ENSG00000136235.17","23260773:23266517:clu_55840_+","0.0000074","-0.96","Esophagus - Muscularis"
"ENSG00000136235.17","GPNMB","chr7_23248690_G_A_b38","rs199357","chr7:23260773:23266481:clu_53810_+:ENSG00000136235.17","23260773:23266481:clu_53810_+","0.0000074","0.31","Heart - Atrial Appendage"
"ENSG00000136235.17","GPNMB","chr7_23321130_C_T_b38","rs6461705","chr7:23260773:23266481:clu_53810_+:ENSG00000136235.17","23260773:23266481:clu_53810_+","0.0000074","0.30","Heart - Atrial Appendage"
"ENSG00000136235.17","GPNMB","chr7_23391773_A_C_b38","rs73281643","chr7:23260773:23266517:clu_61481_+:ENSG00000136235.17","23260773:23266517:clu_61481_+","0.0000074","-0.72","Breast - Mammary Tissue"
"ENSG00000136235.17","GPNMB","chr7_23393527_G_A_b38","rs11981126","chr7:23260773:23266517:clu_61481_+:ENSG00000136235.17","23260773:23266517:clu_61481_+","0.0000074","-0.72","Breast - Mammary Tissue"
"ENSG00000136235.17","GPNMB","chr7_23394987_C_G_b38","rs78840640","chr7:23260773:23266517:clu_56945_+:ENSG00000136235.17","23260773:23266517:clu_56945_+","0.0000074","-0.94","Esophagus - Mucosa"
"ENSG00000136235.17","GPNMB","chr7_23142502_A_T_b38","rs7791200","chr7:23260773:23266481:clu_53810_+:ENSG00000136235.17","23260773:23266481:clu_53810_+","0.0000075","0.32","Heart - Atrial Appendage"
"ENSG00000136235.17","GPNMB","chr7_23144805_T_A_b38","rs57864591","chr7:23260773:23266481:clu_53810_+:ENSG00000136235.17","23260773:23266481:clu_53810_+","0.0000075","0.32","Heart - Atrial Appendage"
"ENSG00000136235.17","GPNMB","chr7_23145876_A_G_b38","rs6978475","chr7:23260773:23266481:clu_53810_+:ENSG00000136235.17","23260773:23266481:clu_53810_+","0.0000075","0.32","Heart - Atrial Appendage"
"ENSG00000136235.17","GPNMB","chr7_23146376_G_A_b38","rs4294098","chr7:23260773:23266481:clu_53810_+:ENSG00000136235.17","23260773:23266481:clu_53810_+","0.0000075","0.32","Heart - Atrial Appendage"
"ENSG00000136235.17","GPNMB","chr7_23146579_C_G_b38","rs4504540","chr7:23260773:23266481:clu_53810_+:ENSG00000136235.17","23260773:23266481:clu_53810_+","0.0000075","0.32","Heart - Atrial Appendage"
"ENSG00000136235.17","GPNMB","chr7_23146833_T_C_b38","rs6975524","chr7:23260773:23266481:clu_53810_+:ENSG00000136235.17","23260773:23266481:clu_53810_+","0.0000075","0.32","Heart - Atrial Appendage"
"ENSG00000136235.17","GPNMB","chr7_23147714_T_A_b38","rs6976957","chr7:23260773:23266481:clu_53810_+:ENSG00000136235.17","23260773:23266481:clu_53810_+","0.0000075","0.32","Heart - Atrial Appendage"
"ENSG00000136235.17","GPNMB","chr7_23147728_A_G_b38","rs6956828","chr7:23260773:23266481:clu_53810_+:ENSG00000136235.17","23260773:23266481:clu_53810_+","0.0000075","0.32","Heart - Atrial Appendage"
"ENSG00000136235.17","GPNMB","chr7_23149369_T_C_b38","rs10270695","chr7:23260773:23266481:clu_53810_+:ENSG00000136235.17","23260773:23266481:clu_53810_+","0.0000075","0.32","Heart - Atrial Appendage"
"ENSG00000136235.17","GPNMB","chr7_23374070_G_A_b38","rs7808331","chr7:23260138:23260488:clu_61479_+:ENSG00000136235.17","23260138:23260488:clu_61479_+","0.0000075","-0.35","Skin - Sun Exposed (Lower leg)"
"ENSG00000136235.17","GPNMB","chr7_23224167_T_C_b38","rs59832199","chr7:23260138:23260488:clu_60139_+:ENSG00000136235.17","23260138:23260488:clu_60139_+","0.0000075","-0.32","Skin - Not Sun Exposed (Suprapubic)"
"ENSG00000136235.17","GPNMB","chr7_23154394_C_T_b38","rs1881201","chr7:23260138:23260488:clu_47301_+:ENSG00000136235.17","23260138:23260488:clu_47301_+","0.0000075","0.30","Cells - Cultured fibroblasts"
"ENSG00000136235.17","GPNMB","chr7_23083417_G_C_b38","rs2014816","chr7:23260138:23260456:clu_53875_+:ENSG00000136235.17","23260138:23260456:clu_53875_+","0.0000076","0.35","Esophagus - Gastroesophageal Junction"
"ENSG00000136235.17","GPNMB","chr7_23153652_G_A_b38","rs870476","chr7:23260138:23260456:clu_53875_+:ENSG00000136235.17","23260138:23260456:clu_53875_+","0.0000077","0.36","Esophagus - Gastroesophageal Junction"
"ENSG00000136235.17","GPNMB","chr7_23154612_A_G_b38","rs2103281","chr7:23247993:23253307:clu_51380_+:ENSG00000136235.17","23247993:23253307:clu_51380_+","0.0000077","0.35","Brain - Caudate (basal ganglia)"
"ENSG00000136235.17","GPNMB","chr7_23071112_C_G_b38","rs7797870","chr7:23260773:23266517:clu_55461_+:ENSG00000136235.17","23260773:23266517:clu_55461_+","0.0000078","-0.26","Artery - Tibial"
"ENSG00000136235.17","GPNMB","chr7_23083417_G_C_b38","rs2014816","chr7:23260138:23260488:clu_47301_+:ENSG00000136235.17","23260138:23260488:clu_47301_+","0.0000078","-0.30","Cells - Cultured fibroblasts"
"ENSG00000136235.17","GPNMB","chr7_23330889_C_G_b38","rs10279941","chr7:23260773:23266517:clu_53810_+:ENSG00000136235.17","23260773:23266517:clu_53810_+","0.0000079","-0.31","Heart - Atrial Appendage"
"ENSG00000136235.17","GPNMB","chr7_23079698_C_T_b38","rs7776649","chr7:23260138:23260456:clu_53875_+:ENSG00000136235.17","23260138:23260456:clu_53875_+","0.0000079","0.35","Esophagus - Gastroesophageal Junction"
"ENSG00000136235.17","GPNMB","chr7_23110683_T_C_b38","rs111279824","chr7:23260138:23260456:clu_53875_+:ENSG00000136235.17","23260138:23260456:clu_53875_+","0.0000079","0.35","Esophagus - Gastroesophageal Junction"
"ENSG00000136235.17","GPNMB","chr7_23071112_C_G_b38","rs7797870","chr7:23260773:23266481:clu_47302_+:ENSG00000136235.17","23260773:23266481:clu_47302_+","0.0000079","0.24","Cells - Cultured fibroblasts"
"ENSG00000136235.17","GPNMB","chr7_23203135_A_T_b38","rs858306","chr7:23260138:23260488:clu_47301_+:ENSG00000136235.17","23260138:23260488:clu_47301_+","0.0000080","-0.30","Cells - Cultured fibroblasts"
"ENSG00000136235.17","GPNMB","chr7_23079698_C_T_b38","rs7776649","chr7:23247993:23253307:clu_51380_+:ENSG00000136235.17","23247993:23253307:clu_51380_+","0.0000080","0.35","Brain - Caudate (basal ganglia)"
"ENSG00000136235.17","GPNMB","chr7_23351890_C_G_b38","rs274058","chr7:23260138:23260456:clu_53875_+:ENSG00000136235.17","23260138:23260456:clu_53875_+","0.0000080","0.35","Esophagus - Gastroesophageal Junction"
"ENSG00000136235.17","GPNMB","chr7_23081685_G_A_b38","rs6953728","chr7:23260138:23260456:clu_53875_+:ENSG00000136235.17","23260138:23260456:clu_53875_+","0.0000080","0.35","Esophagus - Gastroesophageal Junction"
"ENSG00000136235.17","GPNMB","chr7_23140513_C_T_b38","rs1468593","chr7:23260138:23260456:clu_63171_+:ENSG00000136235.17","23260138:23260456:clu_63171_+","0.0000080","0.29","Lung"
"ENSG00000136235.17","GPNMB","chr7_23148490_G_A_b38","rs6962213","chr7:23260773:23266481:clu_53810_+:ENSG00000136235.17","23260773:23266481:clu_53810_+","0.0000080","0.32","Heart - Atrial Appendage"
"ENSG00000136235.17","GPNMB","chr7_23263868_C_CA_b38","rs112399978","chr7:23260773:23266481:clu_53810_+:ENSG00000136235.17","23260773:23266481:clu_53810_+","0.0000080","0.31","Heart - Atrial Appendage"
"ENSG00000136235.17","GPNMB","chr7_23266197_C_G_b38","rs113828785","chr7:23260773:23261482:clu_55461_+:ENSG00000136235.17","23260773:23261482:clu_55461_+","0.0000081","-0.91","Artery - Tibial"
"ENSG00000136235.17","GPNMB","chr7_23148751_A_C_b38","rs10280815","chr7:23260138:23260488:clu_60139_+:ENSG00000136235.17","23260138:23260488:clu_60139_+","0.0000081","-0.29","Skin - Not Sun Exposed (Suprapubic)"
"ENSG00000136235.17","GPNMB","chr7_23153652_G_A_b38","rs870476","chr7:23260773:23266481:clu_53810_+:ENSG00000136235.17","23260773:23266481:clu_53810_+","0.0000082","0.32","Heart - Atrial Appendage"
"ENSG00000136235.17","GPNMB","chr7_23152747_T_C_b38","rs6965833","chr7:23260773:23266481:clu_53810_+:ENSG00000136235.17","23260773:23266481:clu_53810_+","0.0000082","0.32","Heart - Atrial Appendage"
"ENSG00000136235.17","GPNMB","chr7_23152775_A_G_b38","rs6949363","chr7:23260773:23266481:clu_53810_+:ENSG00000136235.17","23260773:23266481:clu_53810_+","0.0000082","0.32","Heart - Atrial Appendage"
"ENSG00000136235.17","GPNMB","chr7_23079688_C_T_b38","rs7776644","chr7:23260138:23260456:clu_53875_+:ENSG00000136235.17","23260138:23260456:clu_53875_+","0.0000082","0.35","Esophagus - Gastroesophageal Junction"
"ENSG00000136235.17","GPNMB","chr7_23327076_T_TAAATA_b38","rs1554312128","chr7:23260773:23261482:clu_53526_+:ENSG00000136235.17","23260773:23261482:clu_53526_+","0.0000082","-1.2","Artery - Aorta"
"ENSG00000136235.17","GPNMB","chr7_23272868_A_G_b38","rs156421","chr7:23260138:23260488:clu_60139_+:ENSG00000136235.17","23260138:23260488:clu_60139_+","0.0000082","-0.28","Skin - Not Sun Exposed (Suprapubic)"
"ENSG00000136235.17","GPNMB","chr7_23085925_A_T_b38","rs6978827","chr7:23247993:23253307:clu_51380_+:ENSG00000136235.17","23247993:23253307:clu_51380_+","0.0000083","0.34","Brain - Caudate (basal ganglia)"
"ENSG00000136235.17","GPNMB","chr7_23128758_T_C_b38","rs6969733","chr7:23260138:23260488:clu_60139_+:ENSG00000136235.17","23260138:23260488:clu_60139_+","0.0000083","-0.29","Skin - Not Sun Exposed (Suprapubic)"
"ENSG00000136235.17","GPNMB","chr7_23129132_G_C_b38","rs4440529","chr7:23260138:23260488:clu_60139_+:ENSG00000136235.17","23260138:23260488:clu_60139_+","0.0000083","-0.29","Skin - Not Sun Exposed (Suprapubic)"
"ENSG00000136235.17","GPNMB","chr7_23132513_T_C_b38","rs6953020","chr7:23260138:23260488:clu_60139_+:ENSG00000136235.17","23260138:23260488:clu_60139_+","0.0000083","-0.29","Skin - Not Sun Exposed (Suprapubic)"
"ENSG00000136235.17","GPNMB","chr7_23130215_T_A_b38","rs28706766","chr7:23260138:23260488:clu_47301_+:ENSG00000136235.17","23260138:23260488:clu_47301_+","0.0000083","-0.30","Cells - Cultured fibroblasts"
"ENSG00000136235.17","GPNMB","chr7_23143586_C_CT_b38","","chr7:23260138:23260456:clu_53875_+:ENSG00000136235.17","23260138:23260456:clu_53875_+","0.0000083","0.36","Esophagus - Gastroesophageal Junction"
"ENSG00000136235.17","GPNMB","chr7_23148490_G_A_b38","rs6962213","chr7:23260138:23260456:clu_53875_+:ENSG00000136235.17","23260138:23260456:clu_53875_+","0.0000083","0.36","Esophagus - Gastroesophageal Junction"
"ENSG00000136235.17","GPNMB","chr7_23151875_TA_T_b38","rs5882889","chr7:23260138:23260456:clu_53875_+:ENSG00000136235.17","23260138:23260456:clu_53875_+","0.0000083","0.36","Esophagus - Gastroesophageal Junction"
"ENSG00000136235.17","GPNMB","chr7_23129224_A_C_b38","rs4624924","chr7:23260138:23260488:clu_60139_+:ENSG00000136235.17","23260138:23260488:clu_60139_+","0.0000083","-0.29","Skin - Not Sun Exposed (Suprapubic)"
"ENSG00000136235.17","GPNMB","chr7_23135147_G_T_b38","rs6948469","chr7:23260138:23260488:clu_60139_+:ENSG00000136235.17","23260138:23260488:clu_60139_+","0.0000083","-0.29","Skin - Not Sun Exposed (Suprapubic)"
"ENSG00000136235.17","GPNMB","chr7_23288778_T_C_b38","rs74670215","chr7:23246927:23253307:clu_49248_+:ENSG00000136235.17","23246927:23253307:clu_49248_+","0.0000083","-0.88","Pancreas"
"ENSG00000136235.17","GPNMB","chr7_23184748_T_C_b38","rs2286272","chr7:23260138:23260456:clu_63171_+:ENSG00000136235.17","23260138:23260456:clu_63171_+","0.0000083","0.29","Lung"
"ENSG00000136235.17","GPNMB","chr7_23187525_A_G_b38","rs6955115","chr7:23260138:23260456:clu_63171_+:ENSG00000136235.17","23260138:23260456:clu_63171_+","0.0000083","0.29","Lung"
"ENSG00000136235.17","GPNMB","chr7_23187716_C_G_b38","rs6955568","chr7:23260138:23260456:clu_63171_+:ENSG00000136235.17","23260138:23260456:clu_63171_+","0.0000083","0.29","Lung"
"ENSG00000136235.17","GPNMB","chr7_23188768_A_G_b38","rs10279691","chr7:23260138:23260456:clu_63171_+:ENSG00000136235.17","23260138:23260456:clu_63171_+","0.0000083","0.29","Lung"
"ENSG00000136235.17","GPNMB","chr7_23193600_T_A_b38","rs6969563","chr7:23260138:23260456:clu_63171_+:ENSG00000136235.17","23260138:23260456:clu_63171_+","0.0000083","0.29","Lung"
"ENSG00000136235.17","GPNMB","chr7_23271186_A_G_b38","rs7794684","chr7:23260138:23260456:clu_53875_+:ENSG00000136235.17","23260138:23260456:clu_53875_+","0.0000084","0.35","Esophagus - Gastroesophageal Junction"
"ENSG00000136235.17","GPNMB","chr7_23212794_G_A_b38","rs6961109","chr7:23247993:23253307:clu_51380_+:ENSG00000136235.17","23247993:23253307:clu_51380_+","0.0000084","0.34","Brain - Caudate (basal ganglia)"
"ENSG00000136235.17","GPNMB","chr7_23142502_A_T_b38","rs7791200","chr7:23260138:23260456:clu_53875_+:ENSG00000136235.17","23260138:23260456:clu_53875_+","0.0000084","0.36","Esophagus - Gastroesophageal Junction"
"ENSG00000136235.17","GPNMB","chr7_23144805_T_A_b38","rs57864591","chr7:23260138:23260456:clu_53875_+:ENSG00000136235.17","23260138:23260456:clu_53875_+","0.0000084","0.36","Esophagus - Gastroesophageal Junction"
"ENSG00000136235.17","GPNMB","chr7_23145876_A_G_b38","rs6978475","chr7:23260138:23260456:clu_53875_+:ENSG00000136235.17","23260138:23260456:clu_53875_+","0.0000084","0.36","Esophagus - Gastroesophageal Junction"
"ENSG00000136235.17","GPNMB","chr7_23146376_G_A_b38","rs4294098","chr7:23260138:23260456:clu_53875_+:ENSG00000136235.17","23260138:23260456:clu_53875_+","0.0000084","0.36","Esophagus - Gastroesophageal Junction"
"ENSG00000136235.17","GPNMB","chr7_23146579_C_G_b38","rs4504540","chr7:23260138:23260456:clu_53875_+:ENSG00000136235.17","23260138:23260456:clu_53875_+","0.0000084","0.36","Esophagus - Gastroesophageal Junction"
"ENSG00000136235.17","GPNMB","chr7_23147714_T_A_b38","rs6976957","chr7:23260138:23260456:clu_53875_+:ENSG00000136235.17","23260138:23260456:clu_53875_+","0.0000084","0.36","Esophagus - Gastroesophageal Junction"
"ENSG00000136235.17","GPNMB","chr7_23147728_A_G_b38","rs6956828","chr7:23260138:23260456:clu_53875_+:ENSG00000136235.17","23260138:23260456:clu_53875_+","0.0000084","0.36","Esophagus - Gastroesophageal Junction"
"ENSG00000136235.17","GPNMB","chr7_23149369_T_C_b38","rs10270695","chr7:23260138:23260456:clu_53875_+:ENSG00000136235.17","23260138:23260456:clu_53875_+","0.0000084","0.36","Esophagus - Gastroesophageal Junction"
"ENSG00000136235.17","GPNMB","chr7_23096868_G_C_b38","rs10266123","chr7:23247993:23253307:clu_51380_+:ENSG00000136235.17","23247993:23253307:clu_51380_+","0.0000085","0.34","Brain - Caudate (basal ganglia)"
"ENSG00000136235.17","GPNMB","chr7_23099726_G_A_b38","rs6461691","chr7:23247993:23253307:clu_51380_+:ENSG00000136235.17","23247993:23253307:clu_51380_+","0.0000085","0.34","Brain - Caudate (basal ganglia)"
"ENSG00000136235.17","GPNMB","chr7_23105295_G_C_b38","rs10241208","chr7:23247993:23253307:clu_51380_+:ENSG00000136235.17","23247993:23253307:clu_51380_+","0.0000085","0.34","Brain - Caudate (basal ganglia)"
"ENSG00000136235.17","GPNMB","chr7_23203211_C_G_b38","rs858305","chr7:23260773:23266517:clu_47302_+:ENSG00000136235.17","23260773:23266517:clu_47302_+","0.0000085","-0.26","Cells - Cultured fibroblasts"
"ENSG00000136235.17","GPNMB","chr7_23272868_A_G_b38","rs156421","chr7:23260138:23260456:clu_53875_+:ENSG00000136235.17","23260138:23260456:clu_53875_+","0.0000086","0.35","Esophagus - Gastroesophageal Junction"
"ENSG00000136235.17","GPNMB","chr7_23152747_T_C_b38","rs6965833","chr7:23260138:23260488:clu_60139_+:ENSG00000136235.17","23260138:23260488:clu_60139_+","0.0000086","-0.29","Skin - Not Sun Exposed (Suprapubic)"
"ENSG00000136235.17","GPNMB","chr7_23152775_A_G_b38","rs6949363","chr7:23260138:23260488:clu_60139_+:ENSG00000136235.17","23260138:23260488:clu_60139_+","0.0000086","-0.29","Skin - Not Sun Exposed (Suprapubic)"
"ENSG00000136235.17","GPNMB","chr7_23202247_C_T_b38","rs6968696","chr7:23260138:23260456:clu_53875_+:ENSG00000136235.17","23260138:23260456:clu_53875_+","0.0000086","0.34","Esophagus - Gastroesophageal Junction"
"ENSG00000136235.17","GPNMB","chr7_23082821_C_A_b38","rs2014768","chr7:23247993:23253307:clu_51380_+:ENSG00000136235.17","23247993:23253307:clu_51380_+","0.0000086","0.35","Brain - Caudate (basal ganglia)"
"ENSG00000136235.17","GPNMB","chr7_23084266_C_T_b38","rs10256361","chr7:23247993:23253307:clu_51380_+:ENSG00000136235.17","23247993:23253307:clu_51380_+","0.0000086","0.35","Brain - Caudate (basal ganglia)"
"ENSG00000136235.17","GPNMB","chr7_23087379_G_A_b38","rs7790157","chr7:23247993:23253307:clu_51380_+:ENSG00000136235.17","23247993:23253307:clu_51380_+","0.0000086","0.35","Brain - Caudate (basal ganglia)"
"ENSG00000136235.17","GPNMB","chr7_23089977_C_CA_b38","rs11462155","chr7:23247993:23253307:clu_51380_+:ENSG00000136235.17","23247993:23253307:clu_51380_+","0.0000086","0.35","Brain - Caudate (basal ganglia)"
"ENSG00000136235.17","GPNMB","chr7_23091257_T_C_b38","rs6960001","chr7:23247993:23253307:clu_51380_+:ENSG00000136235.17","23247993:23253307:clu_51380_+","0.0000086","0.35","Brain - Caudate (basal ganglia)"
"ENSG00000136235.17","GPNMB","chr7_23091945_A_G_b38","rs10237755","chr7:23247993:23253307:clu_51380_+:ENSG00000136235.17","23247993:23253307:clu_51380_+","0.0000086","0.35","Brain - Caudate (basal ganglia)"
"ENSG00000136235.17","GPNMB","chr7_23095171_A_G_b38","rs6961131","chr7:23247993:23253307:clu_51380_+:ENSG00000136235.17","23247993:23253307:clu_51380_+","0.0000086","0.35","Brain - Caudate (basal ganglia)"
"ENSG00000136235.17","GPNMB","chr7_23097569_C_T_b38","rs1115941","chr7:23247993:23253307:clu_51380_+:ENSG00000136235.17","23247993:23253307:clu_51380_+","0.0000086","0.35","Brain - Caudate (basal ganglia)"
"ENSG00000136235.17","GPNMB","chr7_23098855_C_T_b38","rs7787110","chr7:23247993:23253307:clu_51380_+:ENSG00000136235.17","23247993:23253307:clu_51380_+","0.0000086","0.35","Brain - Caudate (basal ganglia)"
"ENSG00000136235.17","GPNMB","chr7_23099292_T_C_b38","rs10231555","chr7:23247993:23253307:clu_51380_+:ENSG00000136235.17","23247993:23253307:clu_51380_+","0.0000086","0.35","Brain - Caudate (basal ganglia)"
"ENSG00000136235.17","GPNMB","chr7_23099976_T_C_b38","rs28646184","chr7:23247993:23253307:clu_51380_+:ENSG00000136235.17","23247993:23253307:clu_51380_+","0.0000086","0.35","Brain - Caudate (basal ganglia)"
"ENSG00000136235.17","GPNMB","chr7_23105328_T_C_b38","rs10256524","chr7:23247993:23253307:clu_51380_+:ENSG00000136235.17","23247993:23253307:clu_51380_+","0.0000086","0.35","Brain - Caudate (basal ganglia)"
"ENSG00000136235.17","GPNMB","chr7_23266098_A_G_b38","rs112105017","chr7:23260773:23261482:clu_60140_+:ENSG00000136235.17","23260773:23261482:clu_60140_+","0.0000086","-0.95","Skin - Not Sun Exposed (Suprapubic)"
"ENSG00000136235.17","GPNMB","chr7_23088333_T_C_b38","rs4409314","chr7:23260138:23260488:clu_47301_+:ENSG00000136235.17","23260138:23260488:clu_47301_+","0.0000086","-0.29","Cells - Cultured fibroblasts"
"ENSG00000136235.17","GPNMB","chr7_23193040_T_C_b38","rs1637221","chr7:23260773:23266517:clu_47302_+:ENSG00000136235.17","23260773:23266517:clu_47302_+","0.0000087","-0.26","Cells - Cultured fibroblasts"
"ENSG00000136235.17","GPNMB","chr7_23193040_T_C_b38","rs1637221","chr7:23260138:23260488:clu_60139_+:ENSG00000136235.17","23260138:23260488:clu_60139_+","0.0000088","-0.27","Skin - Not Sun Exposed (Suprapubic)"
"ENSG00000136235.17","GPNMB","chr7_23203211_C_G_b38","rs858305","chr7:23260138:23260488:clu_60139_+:ENSG00000136235.17","23260138:23260488:clu_60139_+","0.0000088","-0.27","Skin - Not Sun Exposed (Suprapubic)"
"ENSG00000136235.17","GPNMB","chr7_23362528_A_T_b38","rs10255155","chr7:23260138:23260488:clu_60139_+:ENSG00000136235.17","23260138:23260488:clu_60139_+","0.0000088","-0.27","Skin - Not Sun Exposed (Suprapubic)"
"ENSG00000136235.17","GPNMB","chr7_23171733_G_A_b38","rs6964665","chr7:23260773:23266517:clu_47302_+:ENSG00000136235.17","23260773:23266517:clu_47302_+","0.0000089","-0.25","Cells - Cultured fibroblasts"
"ENSG00000136235.17","GPNMB","chr7_22815978_A_G_b38","rs79813734","chr7:23260138:23260456:clu_51381_+:ENSG00000136235.17","23260138:23260456:clu_51381_+","0.0000089","-1.7","Brain - Caudate (basal ganglia)"
"ENSG00000136235.17","GPNMB","chr7_22841447_A_C_b38","rs117646699","chr7:23260138:23260456:clu_51381_+:ENSG00000136235.17","23260138:23260456:clu_51381_+","0.0000089","-1.7","Brain - Caudate (basal ganglia)"
"ENSG00000136235.17","GPNMB","chr7_23073884_C_T_b38","rs6461685","chr7:23247993:23253307:clu_51380_+:ENSG00000136235.17","23247993:23253307:clu_51380_+","0.0000091","0.34","Brain - Caudate (basal ganglia)"
"ENSG00000136235.17","GPNMB","chr7_23425237_A_C_b38","rs12534523","chr7:23260773:23266517:clu_60088_+:ENSG00000136235.17","23260773:23266517:clu_60088_+","0.0000091","-0.25","Adipose - Subcutaneous"
"ENSG00000136235.17","GPNMB","chr7_22864146_C_T_b38","rs113210016","chr7:23260773:23266481:clu_51382_+:ENSG00000136235.17","23260773:23266481:clu_51382_+","0.0000091","1.4","Brain - Caudate (basal ganglia)"
"ENSG00000136235.17","GPNMB","chr7_22867388_C_G_b38","rs58683339","chr7:23260773:23266481:clu_51382_+:ENSG00000136235.17","23260773:23266481:clu_51382_+","0.0000091","1.4","Brain - Caudate (basal ganglia)"
"ENSG00000136235.17","GPNMB","chr7_23173315_G_T_b38","rs858260","chr7:23260138:23260456:clu_63171_+:ENSG00000136235.17","23260138:23260456:clu_63171_+","0.0000092","0.29","Lung"
"ENSG00000136235.17","GPNMB","chr7_23286482_T_C_b38","rs113641877","chr7:23260773:23261482:clu_58875_+:ENSG00000136235.17","23260773:23261482:clu_58875_+","0.0000092","-0.91","Adipose - Visceral (Omentum)"
"ENSG00000136235.17","GPNMB","chr7_23191929_C_T_b38","rs6942981","chr7:23247993:23253307:clu_51380_+:ENSG00000136235.17","23247993:23253307:clu_51380_+","0.0000092","0.35","Brain - Caudate (basal ganglia)"
"ENSG00000136235.17","GPNMB","chr7_23173315_G_T_b38","rs858260","chr7:23260773:23266517:clu_47302_+:ENSG00000136235.17","23260773:23266517:clu_47302_+","0.0000093","-0.25","Cells - Cultured fibroblasts"
"ENSG00000136235.17","GPNMB","chr7_23248690_G_A_b38","rs199357","chr7:23260138:23260456:clu_63171_+:ENSG00000136235.17","23260138:23260456:clu_63171_+","0.0000094","0.29","Lung"
"ENSG00000136235.17","GPNMB","chr7_23299841_T_C_b38","rs149821","chr7:23260138:23260488:clu_61479_+:ENSG00000136235.17","23260138:23260488:clu_61479_+","0.0000094","0.24","Skin - Sun Exposed (Lower leg)"
"ENSG00000136235.17","GPNMB","chr7_23213475_G_A_b38","rs7795105","chr7:23247993:23253307:clu_51380_+:ENSG00000136235.17","23247993:23253307:clu_51380_+","0.0000095","0.34","Brain - Caudate (basal ganglia)"
"ENSG00000136235.17","GPNMB","chr7_23376798_C_T_b38","rs449271","chr7:23260138:23260488:clu_61479_+:ENSG00000136235.17","23260138:23260488:clu_61479_+","0.0000095","-0.34","Skin - Sun Exposed (Lower leg)"
"ENSG00000136235.17","GPNMB","chr7_23261038_T_C_b38","rs75405258","chr7:23260773:23261482:clu_58875_+:ENSG00000136235.17","23260773:23261482:clu_58875_+","0.0000097","-0.94","Adipose - Visceral (Omentum)"
"ENSG00000136235.17","GPNMB","chr7_23261483_A_C_b38","rs111416687","chr7:23260773:23261482:clu_58875_+:ENSG00000136235.17","23260773:23261482:clu_58875_+","0.0000097","-0.94","Adipose - Visceral (Omentum)"
"ENSG00000136235.17","GPNMB","chr7_23320065_C_A_b38","rs10950941","chr7:23260773:23261482:clu_55461_+:ENSG00000136235.17","23260773:23261482:clu_55461_+","0.0000097","-0.92","Artery - Tibial"
"ENSG00000136235.17","GPNMB","chr7_23320319_C_T_b38","rs75115455","chr7:23260773:23261482:clu_55461_+:ENSG00000136235.17","23260773:23261482:clu_55461_+","0.0000097","-0.92","Artery - Tibial"
"ENSG00000136235.17","GPNMB","chr7_23320886_G_T_b38","rs115147760","chr7:23260773:23261482:clu_55461_+:ENSG00000136235.17","23260773:23261482:clu_55461_+","0.0000097","-0.92","Artery - Tibial"
"ENSG00000136235.17","GPNMB","chr7_23321411_C_T_b38","rs11979442","chr7:23260773:23261482:clu_55461_+:ENSG00000136235.17","23260773:23261482:clu_55461_+","0.0000097","-0.92","Artery - Tibial"
"ENSG00000136235.17","GPNMB","chr7_23327432_C_T_b38","rs189183590","chr7:23260773:23261482:clu_55461_+:ENSG00000136235.17","23260773:23261482:clu_55461_+","0.0000097","-0.92","Artery - Tibial"
"ENSG00000136235.17","GPNMB","chr7_23213475_G_A_b38","rs7795105","chr7:23260138:23260456:clu_63171_+:ENSG00000136235.17","23260138:23260456:clu_63171_+","0.0000098","0.29","Lung"
"ENSG00000136235.17","GPNMB","chr7_23073884_C_T_b38","rs6461685","chr7:23260138:23260456:clu_63171_+:ENSG00000136235.17","23260138:23260456:clu_63171_+","0.000010","0.28","Lung"
"ENSG00000136235.17","GPNMB","chr7_23202172_G_C_b38","rs6968810","chr7:23260773:23266517:clu_47302_+:ENSG00000136235.17","23260773:23266517:clu_47302_+","0.000010","-0.25","Cells - Cultured fibroblasts"
"ENSG00000136235.17","GPNMB","chr7_23105676_T_G_b38","rs10256996","chr7:23260138:23260488:clu_47301_+:ENSG00000136235.17","23260138:23260488:clu_47301_+","0.000010","-0.27","Cells - Cultured fibroblasts"
"ENSG00000136235.17","GPNMB","chr7_23147035_T_C_b38","rs6975852","chr7:23260138:23260456:clu_63171_+:ENSG00000136235.17","23260138:23260456:clu_63171_+","0.000010","0.29","Lung"
"ENSG00000136235.17","GPNMB","chr7_23271186_A_G_b38","rs7794684","chr7:23260138:23260456:clu_63171_+:ENSG00000136235.17","23260138:23260456:clu_63171_+","0.000010","0.29","Lung"
"ENSG00000136235.17","GPNMB","chr7_23146348_G_A_b38","rs4559148","chr7:23247993:23253307:clu_51380_+:ENSG00000136235.17","23247993:23253307:clu_51380_+","0.000011","0.34","Brain - Caudate (basal ganglia)"
"ENSG00000136235.17","GPNMB","chr7_23146350_C_T_b38","rs4377861","chr7:23247993:23253307:clu_51380_+:ENSG00000136235.17","23247993:23253307:clu_51380_+","0.000011","0.34","Brain - Caudate (basal ganglia)"
"ENSG00000136235.17","GPNMB","chr7_23162018_T_C_b38","rs1881200","chr7:23260138:23260456:clu_63171_+:ENSG00000136235.17","23260138:23260456:clu_63171_+","0.000011","-0.29","Lung"
"ENSG00000136235.17","GPNMB","chr7_23203135_A_T_b38","rs858306","chr7:23260773:23266517:clu_47302_+:ENSG00000136235.17","23260773:23266517:clu_47302_+","0.000011","-0.25","Cells - Cultured fibroblasts"
"ENSG00000136235.17","GPNMB","chr7_23273843_A_G_b38","rs2268747","chr7:23260138:23260456:clu_63171_+:ENSG00000136235.17","23260138:23260456:clu_63171_+","0.000011","0.29","Lung"
"ENSG00000136235.17","GPNMB","chr7_23153652_G_A_b38","rs870476","chr7:23247993:23253307:clu_51380_+:ENSG00000136235.17","23247993:23253307:clu_51380_+","0.000011","0.35","Brain - Caudate (basal ganglia)"
"ENSG00000136235.17","GPNMB","chr7_23391773_A_C_b38","rs73281643","chr7:23260773:23266481:clu_47302_+:ENSG00000136235.17","23260773:23266481:clu_47302_+","0.000011","0.53","Cells - Cultured fibroblasts"
"ENSG00000136235.17","GPNMB","chr7_23393527_G_A_b38","rs11981126","chr7:23260773:23266481:clu_47302_+:ENSG00000136235.17","23260773:23266481:clu_47302_+","0.000011","0.53","Cells - Cultured fibroblasts"
"ENSG00000136235.17","GPNMB","chr7_23277123_A_C_b38","rs166663","chr7:23260138:23260488:clu_47301_+:ENSG00000136235.17","23260138:23260488:clu_47301_+","0.000011","-0.29","Cells - Cultured fibroblasts"
"ENSG00000136235.17","GPNMB","chr7_23100480_C_T_b38","rs1006709","chr7:23260138:23260488:clu_47301_+:ENSG00000136235.17","23260138:23260488:clu_47301_+","0.000011","-0.30","Cells - Cultured fibroblasts"
"ENSG00000136235.17","GPNMB","chr7_23154986_A_G_b38","rs955187","chr7:23260138:23260456:clu_63171_+:ENSG00000136235.17","23260138:23260456:clu_63171_+","0.000011","-0.29","Lung"
"ENSG00000136235.17","GPNMB","chr7_23162018_T_C_b38","rs1881200","chr7:23260138:23260488:clu_47301_+:ENSG00000136235.17","23260138:23260488:clu_47301_+","0.000011","0.29","Cells - Cultured fibroblasts"
"ENSG00000136235.17","GPNMB","chr7_22857256_G_A_b38","rs1916818","chr7:23246927:23253307:clu_49274_+:ENSG00000136235.17","23246927:23253307:clu_49274_+","0.000011","-1.5","Brain - Cortex"
"ENSG00000136235.17","GPNMB","chr7_22858726_A_G_b38","rs60238000","chr7:23246927:23253307:clu_49274_+:ENSG00000136235.17","23246927:23253307:clu_49274_+","0.000011","-1.5","Brain - Cortex"
"ENSG00000136235.17","GPNMB","chr7_22865645_A_C_b38","rs17147381","chr7:23246927:23253307:clu_49274_+:ENSG00000136235.17","23246927:23253307:clu_49274_+","0.000011","-1.5","Brain - Cortex"
"ENSG00000136235.17","GPNMB","chr7_23254628_T_C_b38","rs76829379","chr7:23246927:23253307:clu_49274_+:ENSG00000136235.17","23246927:23253307:clu_49274_+","0.000011","-2.2","Brain - Cortex"
"ENSG00000136235.17","GPNMB","chr7_23182251_T_C_b38","rs7808488","chr7:23260138:23260488:clu_47301_+:ENSG00000136235.17","23260138:23260488:clu_47301_+","0.000011","-0.29","Cells - Cultured fibroblasts"
"ENSG00000136235.17","GPNMB","chr7_23193040_T_C_b38","rs1637221","chr7:23260138:23260488:clu_47301_+:ENSG00000136235.17","23260138:23260488:clu_47301_+","0.000011","-0.29","Cells - Cultured fibroblasts"
"ENSG00000136235.17","GPNMB","chr7_23171733_G_A_b38","rs6964665","chr7:23260138:23260456:clu_63171_+:ENSG00000136235.17","23260138:23260456:clu_63171_+","0.000011","0.29","Lung"
"ENSG00000136235.17","GPNMB","chr7_23212699_C_G_b38","rs6956974","chr7:23247993:23253307:clu_51380_+:ENSG00000136235.17","23247993:23253307:clu_51380_+","0.000011","0.33","Brain - Caudate (basal ganglia)"
"ENSG00000136235.17","GPNMB","chr7_23408598_T_C_b38","rs7785349","chr7:23260773:23266517:clu_47302_+:ENSG00000136235.17","23260773:23266517:clu_47302_+","0.000012","-0.49","Cells - Cultured fibroblasts"
"ENSG00000136235.17","GPNMB","chr7_23103945_A_G_b38","rs56400441","chr7:23260138:23260488:clu_47301_+:ENSG00000136235.17","23260138:23260488:clu_47301_+","0.000012","-0.29","Cells - Cultured fibroblasts"
"ENSG00000136235.17","GPNMB","chr7_23260430_A_C_b38","rs199351","chr7:23260138:23260488:clu_47301_+:ENSG00000136235.17","23260138:23260488:clu_47301_+","0.000012","-0.30","Cells - Cultured fibroblasts"
"ENSG00000136235.17","GPNMB","chr7_23102947_C_T_b38","rs4628176","chr7:23260138:23260456:clu_63171_+:ENSG00000136235.17","23260138:23260456:clu_63171_+","0.000012","0.28","Lung"
"ENSG00000136235.17","GPNMB","chr7_23122201_T_C_b38","rs10224327","chr7:23260138:23260488:clu_47301_+:ENSG00000136235.17","23260138:23260488:clu_47301_+","0.000013","-0.29","Cells - Cultured fibroblasts"
"ENSG00000136235.17","GPNMB","chr7_23071112_C_G_b38","rs7797870","chr7:23247993:23253307:clu_51380_+:ENSG00000136235.17","23247993:23253307:clu_51380_+","0.000013","0.32","Brain - Caudate (basal ganglia)"
"ENSG00000136235.17","GPNMB","chr7_23151805_G_C_b38","rs2141307","chr7:23260138:23260456:clu_63171_+:ENSG00000136235.17","23260138:23260456:clu_63171_+","0.000013","0.28","Lung"
"ENSG00000136235.17","GPNMB","chr7_23270562_C_T_b38","rs28635122","chr7:23260138:23260456:clu_63171_+:ENSG00000136235.17","23260138:23260456:clu_63171_+","0.000013","0.29","Lung"
"ENSG00000136235.17","GPNMB","chr7_23271186_A_G_b38","rs7794684","chr7:23247993:23253307:clu_51380_+:ENSG00000136235.17","23247993:23253307:clu_51380_+","0.000013","0.33","Brain - Caudate (basal ganglia)"
"ENSG00000136235.17","GPNMB","chr7_23274928_C_T_b38","rs5850","chr7:23260138:23260456:clu_63171_+:ENSG00000136235.17","23260138:23260456:clu_63171_+","0.000013","0.29","Lung"
"ENSG00000136235.17","GPNMB","chr7_23180616_T_C_b38","rs10254544","chr7:23260138:23260456:clu_63171_+:ENSG00000136235.17","23260138:23260456:clu_63171_+","0.000013","0.29","Lung"
"ENSG00000136235.17","GPNMB","chr7_23180831_C_T_b38","rs10242104","chr7:23247993:23253307:clu_51380_+:ENSG00000136235.17","23247993:23253307:clu_51380_+","0.000013","0.34","Brain - Caudate (basal ganglia)"
"ENSG00000136235.17","GPNMB","chr7_23136327_A_G_b38","rs6953996","chr7:23260138:23260456:clu_63171_+:ENSG00000136235.17","23260138:23260456:clu_63171_+","0.000013","0.28","Lung"
"ENSG00000136235.17","GPNMB","chr7_23104563_A_T_b38","rs10488077","chr7:23260138:23260456:clu_63171_+:ENSG00000136235.17","23260138:23260456:clu_63171_+","0.000014","0.28","Lung"
"ENSG00000136235.17","GPNMB","chr7_23147560_G_A_b38","rs10247268","chr7:23247993:23253307:clu_51380_+:ENSG00000136235.17","23247993:23253307:clu_51380_+","0.000014","0.34","Brain - Caudate (basal ganglia)"
"ENSG00000136235.17","GPNMB","chr7_23148160_G_A_b38","rs6461694","chr7:23247993:23253307:clu_51380_+:ENSG00000136235.17","23247993:23253307:clu_51380_+","0.000014","0.34","Brain - Caudate (basal ganglia)"
"ENSG00000136235.17","GPNMB","chr7_23150593_C_T_b38","rs7805071","chr7:23247993:23253307:clu_51380_+:ENSG00000136235.17","23247993:23253307:clu_51380_+","0.000014","0.34","Brain - Caudate (basal ganglia)"
"ENSG00000136235.17","GPNMB","chr7_23150624_C_T_b38","rs7805085","chr7:23247993:23253307:clu_51380_+:ENSG00000136235.17","23247993:23253307:clu_51380_+","0.000014","0.34","Brain - Caudate (basal ganglia)"
"ENSG00000136235.17","GPNMB","chr7_23150875_A_G_b38","rs2390754","chr7:23247993:23253307:clu_51380_+:ENSG00000136235.17","23247993:23253307:clu_51380_+","0.000014","0.34","Brain - Caudate (basal ganglia)"
"ENSG00000136235.17","GPNMB","chr7_23140513_C_T_b38","rs1468593","chr7:23247993:23253307:clu_51380_+:ENSG00000136235.17","23247993:23253307:clu_51380_+","0.000015","0.34","Brain - Caudate (basal ganglia)"
"ENSG00000136235.17","GPNMB","chr7_22546237_T_C_b38","rs9986899","chr7:23246927:23253307:clu_49274_+:ENSG00000136235.17","23246927:23253307:clu_49274_+","0.000017","-2.2","Brain - Cortex"
"ENSG00000136235.17","GPNMB","chr7_23396402_G_C_b38","rs73088171","chr7:23260773:23266481:clu_63846_+:ENSG00000136235.17","23260773:23266481:clu_63846_+","0.000019","0.67","Thyroid"
"ENSG00000136235.17","GPNMB","chr7_22315450_T_C_b38","rs181819502","chr7:23260138:23260456:clu_49275_+:ENSG00000136235.17","23260138:23260456:clu_49275_+","0.000019","-2.4","Brain - Cortex"
"ENSG00000136235.17","GPNMB","chr7_22334911_C_T_b38","rs150121894","chr7:23260138:23260456:clu_49275_+:ENSG00000136235.17","23260138:23260456:clu_49275_+","0.000019","-2.4","Brain - Cortex"
"ENSG00000136235.17","GPNMB","chr7_22370037_T_G_b38","rs111665763","chr7:23246927:23253307:clu_49274_+:ENSG00000136235.17","23246927:23253307:clu_49274_+","0.000024","-1.4","Brain - Cortex"
"ENSG00000136235.17","GPNMB","chr7_22388380_A_G_b38","rs6947885","chr7:23246927:23253307:clu_49274_+:ENSG00000136235.17","23246927:23253307:clu_49274_+","0.000024","-1.4","Brain - Cortex"