snp,position,V.df1,z.df1,r.df1,lABF.df1,V.df2,z.df2,r.df2,lABF.df2,internal.sum.lABF,SNP.PP.H4
rs1001027,22932616,5.97889272289e-5,2.6824644059423224,0.9972216738218029,0.6448584480183137,3.9601e-4,-0.030150753768844216,0.9901968040903049,-2.3120733385265915,-1.6672148905082778,0
rs1001028,22930977,7.09863541156e-5,1.2602696152321449,0.9967030571238903,-2.0658583023894588,4.972900000000001e-4,-0.9641255605381165,0.9877204128967643,-1.740846613941015,-3.8067049163304736,0
rs1001029,22931153,5.98656565441e-5,2.4998546002540944,0.9972181182131652,0.17363030253722522,3.9601e-4,-0.13065326633165827,0.9901968040903049,-2.304071950245768,-2.1304416477085426,0
rs1003764558,22879920,7.900146918399999e-4,-0.0043827560198098706,0.9644937074257695,-1.6690134080353187,0.0049984899999999995,-0.008486562942008486,0.8889187170502832,-1.098714522673366,-2.7677279307086846,0
rs10046478,22955068,7.75806878401e-5,1.293654965548326,0.9963978882242698,-1.9793600604036303,6.300100000000001e-4,2.541832669322709,0.9844939737893247,1.0971018423698067,-0.8822582180338236,0
rs1005786,23145837,5.86178578129e-5,-15.998605057580559,0.9972759439005869,124.67624686106403,2.9584e-4,-5.151162790697675,0.9926582992189765,10.712742574271733,135.38898943533576,0
rs1006709,23140099,6.0169807886399996e-5,-20.998798492185045,0.9972040241997259,216.91853988395425,3.1684e-4,-5.696629213483146,0.9921412491653612,13.675213933945466,230.5937538178997,2.86247608866805e-302
rs10081320,23698080,5.80487038609e-5,2.685257981065682,0.9973023219507651,0.6378973308395066,3.459599999999999e-4,-0.7419354838709677,0.9914251637586514,-2.10658764815456,-1.4686903173150534,0
rs10085838,23298415,6.168782930560002e-5,-28.080151155565964,0.9971336868384897,390.1900434768961,3.1684e-4,-5.219101123595506,0.9921412491653612,11.089412141149333,401.27945561804546,3.8423798764804907e-228
rs1010499,23675080,8.076958409610002e-5,5.481312846395815,0.9962503812853548,12.173016445494182,4.8399999999999995e-4,-0.23636363636363636,0.9880446596186148,-2.1856886780935105,9.987327767400672,0
rs1011545953,23437069,0.014166236484,-1.8809211742366956,0.6023647939088543,0.6044323684682188,0.23068809,-0.5419529460753695,0.14777155507654585,-0.05824911705931268,0.5461832514089061,0
rs1013879,23733072,5.81383375225e-5,8.4454776159531,0.9972981676900355,32.609777959200045,3.0976e-4,0.09659090909090907,0.9923155087006224,-2.4296464946120815,30.180131464587962,0
rs1015368069,23384653,8.5730083209e-4,2.8040519540842292,0.9615857783658049,2.1506700225448467,0.004006889999999999,-0.8546603475513429,0.9089485760070752,-0.8661972590585754,1.2844727634862714,0
rs1019183,23015593,6.53534812225e-5,1.5706289467662031,0.9969638801484839,-1.668894692029231,4.4944e-4,-1,0.9888888449382734,-1.7554584349222124,-3.424353126951443,0
rs1019284943,23034995,6.34549255396e-5,5.457238766435765,0.9970518211192212,11.933543134774867,4.1208999999999994e-4,2.8325123152709364,0.9898028040618538,1.6778350618136737,13.611378196588541,0
rs1020334016,23263597,0.00273332387344,-7.269917293405659,0.887021454379173,22.350016100536507,0.022470010000000002,-2.509673115410273,0.6403072450284545,1.5052219767443247,23.85523807728083,0
rs10215102,22947360,7.768800624640001e-5,1.2542432108626198,0.9963929233482455,-2.028702990319431,6.300100000000001e-4,2.49003984063745,0.9844939737893247,0.9688149377520476,-1.0598880525673833,0
rs10215551,22927227,5.98837631716e-5,2.882433972650889,0.9972172791623115,1.2004897331542401,4.0401e-4,1.199004975124378,0.9900007449755606,-1.591003407131725,-0.3905136739774848,0
rs10215618,23772498,6.957394921000001e-5,-1.1678339787318217,0.9967684439186676,-2.187681305060617,3.4969000000000005e-4,0.7807486631016042,0.9913335145821442,-2.0720031422680267,-4.2596844473286435,0
rs10215872,22947491,7.768553832359998e-5,1.2646557612146214,0.9963930375213078,-2.0156519478347223,6.300100000000001e-4,2.5139442231075697,0.9844939737893247,1.0276961188958098,-0.9879558289389125,0
rs10216132,22923607,7.82462315761e-5,1.6013561406741588,0.9963670989439362,-1.5313491352591073,6.4009e-4,2.5454545454545454,0.9842497888169046,1.1131931912608137,-0.4181559439982936,0
rs10216323,23542152,6.17964215449e-5,1.3182556573087378,0.9971286556089035,-2.0600833841931463,3.8416e-4,0.7142857142857143,0.9904873594003193,-2.0748915409068163,-4.134974925099963,0
rs10224110,22965002,7.768236533760001e-5,1.2085647896017135,0.9963931843126187,-2.0847846726722823,6.300100000000001e-4,2.6294820717131473,0.9844939737893247,1.320219014442694,-0.7645656582295883,0
rs10224113,23713197,1.0250347536000001e-4,-4.1172909011892065,0.9952462111884993,5.76134220083547,5.712100000000001e-4,-0.5941422594142259,0.9859208044325027,-1.957511032613973,3.803831168221497,0
rs10224244,22870074,6.93259394884e-5,-1.3525945747289885,0.9967799263281255,-1.9573650601649315,4.5369e-4,-0.009389671361502348,0.9887849538571142,-2.2452059097424653,-4.202570969907397,0
rs10224273,22860919,6.12955897225e-5,3.132357918803446,0.9971518602672094,1.9613159560902784,3.8416e-4,0.14285714285714285,0.9904873594003193,-2.3174598738211802,-0.3561439177309018,0
rs10224327,23161820,6.28273413769e-5,-26.117503977230434,0.9970808941870793,337.1481719440971,3.2041e-4,-4.87709497206704,0.9920534042188559,9.381012776842347,346.52918472093944,6.410025626889288e-252
rs10224388,23316440,6.222085952040001e-5,-27.16486520064604,0.9971089912937917,364.97519489768735,3.2399999999999996e-4,-5.166666666666667,0.9919650828290845,10.827999103014111,375.80319400070147,3.3143659544509018e-239
rs10224419,22870016,6.93267721129e-5,-1.3480826348412915,0.9967798877786479,-1.9634321372643613,4.5369e-4,-0.01408450704225352,0.9887849538571142,-2.2451514240278883,-4.208583561292249,0
rs10224533,22861141,6.953508511290001e-5,-1.4116110649412321,0.996770243239832,-1.874569206803557,4.5795999999999993e-4,0.04205607476635514,0.9886805958580215,-2.2397440762921144,-4.1143132830956715,0
rs10224604,22988381,5.91782487076e-5,4.5588567922482754,0.9972499733469667,7.414938145505707,3.920400000000001e-4,0.25757575757575757,0.990294127258737,-2.2846614036489514,5.130276741856756,0
rs10224708,22956391,7.758579655839999e-5,1.285619894008819,0.9963976518782949,-1.9896524529539472,6.300100000000001e-4,2.545816733067729,0.9844939737893247,1.107079452284959,-0.88257300066898825,0
rs10225081,22864724,1.2632186449000002e-4,3.9456371838103794,0.994148053398843,5.1679842259621225,7.0756e-4,1.8045112781954888,0.9826184620252355,-0.4263422711348892,4.741641954827234,0
rs10225133,23040468,8.078540232490002e-5,1.326068889094099,0.996249649699506,-1.9170210836915267,6.6564e-4,2.5813953488372094,0.9836313900383714,1.2210691204082988,-0.6959519632832278,0
rs10225608,23188908,6.369540328360002e-5,-23.974870128080152,0.9970406813483076,283.63530082702476,3.2761000000000004e-4,-4.92817679558011,0.9918762852546927,9.638329358432317,293.2736301854571,4.7672321396615955e-275
rs10226007,23071278,1.5723655235999997e-4,5.476346555656571,0.9927263263288073,12.424368812794343,0.00141376,2.3164893617021276,0.9658625538951305,0.902788429246,13.327157242040343,0
rs10226018,22882483,5.9320803999999994e-5,0.6735705011685277,0.9972433670316906,-2.7206493698363703,4.8399999999999995e-4,1.6727272727272728,0.9880446596186148,-0.8310059588312939,-3.551655328667664,0
rs10226246,23703263,5.8032552768100006e-5,2.818870267566826,0.9973030705108396,1.0044791622602927,3.4224999999999994e-4,-0.891891891891892,0.9915163383301625,-1.990445241472146,-0.9859660792118534,0
rs10227207,23602976,1.4452367523999998e-4,-5.963649370310603,0.993310482767672,15.15999340013166,0.00104329,-2.526315789473684,0.9745807414561551,1.273895338865974,16.433888738997634,0
rs10227559,23272144,6.289156137640001e-5,-24.6579626299742,0.9970779190940398,300.2014962039675,3.3124e-4,-4.917582417582417,0.9917870117556515,9.59098342018545,309.792479624153,7.11723751021179e-268
rs10227690,23417797,7.219109185600001e-4,1.5485775111283142,0.9674549370079972,-0.5525416768376976,0.0034809999999999997,-0.5050847457627119,0.91994204365125,-1.1451587425740937,-1.6977004194117913,0
rs10228640,23530800,1.1656441225000001e-4,-4.62875005788913,0.9945976320526093,8.044330842638546,8.179600000000001e-4,-1.2587412587412585,0.9799607819695056,-1.1786925984197438,6.865638244218802,0
rs10228959,23731667,0.002315919376,0.8694788463136897,0.902593811719208,-0.8232552565830815,0.03936256,-0.8961693548387097,0.5040159994838878,-0.148213262988761,-0.9714685195718425,0
rs10229685,22976869,5.97224476809e-5,5.73733538819078,0.997224754480447,13.469324245733727,3.920400000000001e-4,2.1565656565656566,0.990294127258737,-0.014694271418078664,13.454629974315647,0
rs10229956,23402936,5.9804083556100006e-5,-21.544073624360074,0.9972209714810879,228.48578820742057,3.2761000000000004e-4,-5.193370165745856,0.9918762852546927,10.969510229287247,239.4552984367078,2.0195834199014302e-298
rs10230496,23704386,2.7949821124e-4,0.8613367467789594,0.9871432858046324,-1.8107632581392967,0.0017724099999999999,2.2636579572446553,0.9575698409548311,0.8734165445571529,-0.9373467135821438,0
rs10230819,22897641,9.238977504159999e-5,0.2366083504300892,0.9957132421336318,-2.698240525064789,6.300100000000001e-4,-1.5059760956175299,0.9844939737893247,-0.9668648257480643,-3.6651053508128535,0
rs10230879,23198558,4.7813070243999994e-4,-2.274254328598476,0.9782054713647543,0.6167050278116892,0.0025000000000000005,2.262,0.9411764705882353,0.9912257985601276,1.6079308263718168,0
rs10231536,22993333,5.96402497441e-5,5.898706542133525,0.997228563554691,14.404958970958807,3.920400000000001e-4,2.1111111111111107,0.990294127258737,-0.11074552687418926,14.294213444084619,0
rs10231555,23138911,6.24844401841e-5,-26.70192834398732,0.9970967799276185,352.54053348804894,3.2041e-4,-4.994413407821229,0.9920534042188559,9.955466221964986,362.4959997100139,5.510099091797383e-245
rs10231702,23797541,5.8894880490000004e-5,-1.3522275647290307,0.997263105492439,-2.038708235305374,2.9584e-4,-0.5406976744186046,0.9926582992189765,-2.3119885747235833,-4.350696810028957,0
rs10231712,23767480,5.7431163904e-4,0.009538281145680332,0.9739355481226809,-1.8235471412788056,0.005402249999999999,0.6870748299319729,0.8810136061538801,-0.8564222158182463,-2.6799693570970518,0
rs10232205,23230554,2.3587737889e-4,-6.707448089957873,0.9891279973677759,19.989582822211737,0.00187489,-2.4180138568129332,0.9552263898484271,1.2394363490503297,21.229019171262067,0
rs10232446,23047738,6.64593431076e-5,7.35080824213163,0.9969126638500033,24.043556432507174,5.382399999999999e-4,1.7629310344827587,0.9867226598885398,-0.6275178018908099,23.416038630616363,0
rs10232644,23591920,5.90566121289e-5,-1.3461325754766207,0.9972556103137885,-2.0455483443618414,3.5721e-4,-1.5185185185185186,0.9911487934869632,-1.2208564963782873,-3.2664048407401287,0
rs10233021,23762529,5.85322924096e-5,-0.6785680675080777,0.9972799094318301,-2.7239439790703304,2.9928999999999996e-4,0.10982658959537572,0.9925733182892303,-2.4453519134329613,-5.169295892503292,0
rs10233039,23143113,6.246009604889999e-5,-26.709029414779135,0.9970979077487587,352.72982842888507,3.1684e-4,-5.03932584269663,0.9921412491653612,10.17455294611035,362.9043813749954,8.289289600897606e-245
rs10234251,23780641,5.81750951076e-5,2.0451774293783087,0.9972964640923841,-0.8708761332249941,2.9928999999999996e-4,0.5144508670520231,0.9925733182892303,-2.3199909878045313,-3.1908671210295254,0
rs10234332,23034115,6.482890668960001e-5,5.549974911943405,0.9969881768543272,12.452120496067511,4.2025000000000005e-4,2.7707317073170734,0.9896029836529958,1.5154501859879987,13.96757068205551,0
rs10234671,22993493,6.367130312489998e-5,5.484614815845243,0.9970417977407998,12.084420228481275,4.1208999999999994e-4,3.0197044334975374,0.9898028040618538,2.2199940293519345,14.304414257833209,0
rs10234873,23264413,5.8678764169e-4,-2.9348571853185104,0.9733844095301054,2.378939099149644,0.00480249,-1.3506493506493507,0.892807520296305,-0.3022108953699194,2.076728203779725,0
rs10235467,23148808,6.23889877689e-5,-26.956563573361084,0.9971012020854212,359.3532153602012,3.1684e-4,-4.97752808988764,0.9921412491653612,9.867475772775535,369.22069113297675,4.588342055990746e-242
rs10235786,23139940,6.24782746624e-5,-26.6951489818226,0.9970970655651973,352.3601124867347,3.2041e-4,-5.016759776536313,0.9920534042188559,10.066434025738914,362.4265465124736,5.140392351111803e-245
rs10236037,22872538,1.7522611129e-4,1.2456014444033148,0.9919008795238753,-1.6385214097274616,0.00140625,0.9760000000000001,0.9660377358490566,-1.2311404431929258,-2.8696618529203874,0
rs10237455,23576937,1.2870448704e-4,-3.7805249982370777,0.9940383348112402,4.542378749579306,0.00104329,-0.11455108359133126,0.9745807414561551,-1.8297298906865764,2.71264885889273,0
rs10237755,23131564,6.256683440640001e-5,-26.69913222889738,0.9970929627665597,352.46538893022756,3.2399999999999996e-4,-4.9944444444444445,0.9919650828290845,9.960044963641792,362.42543389386935,5.134676235466922e-245
rs10238231,23580722,1.1611355535999999e-4,-4.53127436059245,0.9946184152991141,7.5985889162107485,9.424900000000001e-4,-0.9315960912052117,0.976980149473078,-1.4617526794102291,6.136836236800519,0
rs10238290,23541591,1.1601444099999999e-4,-4.697864636524,0.9946229843114301,8.362820004141408,8.065600000000001e-4,-1.3873239436619718,0.9802345505232493,-1.0185970197303496,7.344222984411059,0
rs10238497,22855448,6.406689747239999e-5,2.347311029986832,0.9970234729263213,-0.16176463628400928,4.0804e-4,0.31683168316831684,0.9899020096000697,-2.248025094717316,-2.409789731001325,0
rs10239223,22996793,4.28779849e-4,0.42881875694209687,0.9804109541434142,-1.8762506847749454,0.00380689,1.0648298217179901,0.9130983733380754,-0.7038252394124653,-2.580075924187411,0
rs10239352,22994919,5.970621992039999e-5,5.837675262521709,0.9972255064768775,14.048307481184235,3.920400000000001e-4,2.095959595959596,0.990294127258737,-0.14230793152702503,13.90599954965721,0
rs10239515,22964963,7.770175681960001e-5,1.218329048901514,0.9963922872084647,-2.0728553162487606,6.300100000000001e-4,2.6175298804780875,0.9844939737893247,1.2893485862713825,-0.7835067299773781,0
rs1023960,23449111,4.2773271489e-4,2.9879265244153044,0.9804578581729166,2.4090282068625397,0.00312481,2.1663685152057246,0.9275403184385045,0.86418160831786,3.2732098151803997,0
rs10239760,23149950,6.26993165241e-5,-26.032262016167635,0.9970868251938306,334.9329787345249,3.1684e-4,-4.825842696629214,0.9921412491653612,9.129804788139351,344.06278352266423,5.4414586743809576e-253
rs10239835,22944205,6.504406370009999e-5,3.980277718881239,0.9969782112890698,4.996415681328703,5.1984e-4,1.7982456140350878,0.9871707292032742,-0.5819122496325215,4.414503431696181,0
rs10239974,22870228,6.933093531040001e-5,-1.3571215826059386,0.9967796950278324,-1.9512156560608027,4.5369e-4,-0.01408450704225352,0.9887849538571142,-2.2451514240278883,-4.196367080088691,0
rs10240211,23687039,8.06355508729e-5,5.447268459073936,0.996256580303763,11.986950220767552,5.29e-4,-0.02608695652173913,0.9869476177551876,-2.169056483802995,9.817893736964557,0
rs10240562,22991882,5.9774700588100005e-5,5.646072320572832,0.9972223330819642,12.951720936458372,3.920400000000001e-4,2.01010101010101,0.990294127258737,-0.31686735317842585,12.634853583279947,0
rs10240716,22991985,7.76259675136e-5,1.2473440961754985,0.9963957934427626,-2.037697000194897,6.300100000000001e-4,2.6573705179282867,0.9844939737893247,1.3927969459241707,-0.6449000542707264,0
rs10240943,23010545,8.080643577760001e-5,1.1907680738304904,0.9962486769136008,-2.0865185904233545,6.5536e-4,2.51953125,0.9838801083055223,1.0590033892905142,-1.0275152011328403,0
rs10241073,22843972,6.96867665796e-5,-1.4004547273193368,0.9967632207624427,-1.8891256359786404,4.6656000000000003e-4,-0.037037037037037035,0.9884704803175759,-2.2307443385282952,-4.119869974506935,0
rs10241204,23681653,8.06472249444e-5,5.525946563508448,0.9962560403764712,12.417074023564295,4.7961e-4,-0.2191780821917808,0.9881518127274448,-2.1940552698067703,10.223018753757525,0
rs10241208,23144914,6.248870880040001e-5,-26.69317316425848,0.9970965821703655,352.3074338404812,3.1684e-4,-5.050561797752809,0.9921412491653612,10.230792236714468,362.5382260771957,5.747752875572187e-245
rs10241321,23681772,8.06624923129e-5,5.5739247296862455,0.9962553342596192,12.682436155567947,4.7961e-4,-0.18721461187214614,0.9881518127274448,-2.2004731778917686,10.48196297767618,0
rs10242166,23162799,6.25091053129e-5,-27.03790788829625,0.997095637238009,361.54184588556706,3.1684e-4,-5.061797752808989,0.9921412491653612,10.287156781863366,371.8290026674304,6.229183049103219e-241
rs10242772,22980161,5.9683195740099996e-5,5.715093799875477,0.997226573422189,13.342019483407693,3.920400000000001e-4,2.116161616161616,0.990294127258737,-0.10017420526777698,13.241845278139916,0
rs10242898,22980260,5.9683195740099996e-5,5.705204459522956,0.997226573422189,13.285706489512688,3.920400000000001e-4,2.1363636363636362,0.990294127258737,-0.057636318564794564,13.228070170947893,0
rs10243153,23582146,1.1591106244e-4,-4.629479296316249,0.9946277499412223,8.045215808441618,9.424900000000001e-4,-0.8534201954397395,0.976980149473078,-1.5299191476267084,6.51529666081491,0
rs10244502,22897567,1.7883177984e-4,-0.6296721703756879,0.9917355993576142,-2.2012938767582666,0.00108241,1.4772036474164134,0.9736527141421353,-0.7558763079868043,-2.957170184745071,0
rs10244532,23740501,2.2538416384e-4,2.0069940317595654,0.9896066213122532,-0.29021304317701735,0.00145161,1.4671916010498687,0.9649806123332725,-0.6372933850057196,-0.927506428182737,0
rs10244574,23443104,0.017979055396000004,-0.42742642781498436,0.5441304058866094,-0.3430697404251864,0.2515022499999999,-0.7146560319042872,0.13722021013559935,-0.038756432789508174,-0.3818261732146946,0
rs10246526,23603597,1.4461024516e-4,-6.119754852229448,0.9933065025568665,16.097049925092705,0.00104329,-2.5015479876160986,0.9745807414561551,1.2132134910911536,17.310263416183858,0
rs10247268,23187179,6.39710432761e-5,-23.09897614335243,0.9970279130451307,263.07920661986077,3.2761000000000004e-4,-4.701657458563536,0.9918762852546927,8.556517829889904,271.6357244497507,1.9100434175464342e-284
rs10247567,22975659,5.9726775456100005e-5,5.5479529159673975,0.997224553931,12.403705067472785,3.920400000000001e-4,2.05050505050505,0.990294127258737,-0.23563110398793263,12.168073963484852,0
rs10247992,22850980,6.95766183876e-5,-1.38431124314552,0.996768320341926,-1.9123142828477846,5.152900000000001e-4,0.07929515418502202,0.9872815917151277,-2.179248556034484,-4.091562838882268,0
rs10248214,23047770,6.500568001209999e-5,5.486337550743494,0.9969799891163659,12.103251426097913,4.2436000000000004e-4,2.7864077669902914,0.9895023693634235,1.562979111170034,13.666230537267946,0
rs10248219,22999207,8.109903024999999e-5,1.2843262450724557,0.9962351447732222,-1.9693810364079583,6.6049e-4,2.649805447470817,0.9837559753952793,1.393690920628197,-0.5756901157797611,0
rs10248519,22993504,6.367130312489998e-5,5.484589751398284,0.9970417977407998,12.084283166617942,4.1208999999999994e-4,3.0197044334975374,0.9898028040618538,2.2199940293519345,14.304277195969876,0
rs10248887,23711767,6.28370119204e-5,-2.7627166966486607,0.9970804461827225,0.8869976362216656,3.61e-4,1.0052631578947369,0.9910557221079755,-1.857612976081858,-0.9706153398601924,0
rs10249385,23579399,1.1662056081000002e-4,-4.428156050041206,0.9945950438212473,7.141071814038352,9.4864e-4,-0.7402597402597403,0.9768334186434519,-1.614877470798356,5.526194343239996,0
rs10249628,23712295,3.2137732899999996e-4,0.9367657722987673,0.9852453004675285,-1.6758056077782348,0.00196249,2.471783295711061,0.9532322795906535,1.3807066392845595,-0.29509896849367534,0
rs10250385,22921549,7.16916130681e-5,1.7764426739292958,0.9966704106166573,-1.2798325320444923,5.8081e-4,2.7385892116182573,0.9856875700608243,1.5729513004265985,0.29311876838210615,0
rs10250602,23303701,6.25136910336e-5,-28.054931601100858,0.9970954247903743,389.47579416038366,3.2399999999999996e-4,-5.322222222222223,0.9919650828290845,11.63724666688258,401.1130408272662,3.2533236761268655e-228
rs10250677,22972837,7.76781347904e-5,1.202198440577658,0.9963933800297706,-2.0924578653441235,6.300100000000001e-4,2.613545816733068,0.9844939737893247,1.2790896968284748,-0.8133681685156486,0
rs10251610,23672321,0.0032211186740099995,-0.3231491906425701,0.8694904472276301,-0.9727559831700724,0.03429904,-0.6673866090712743,0.5383649640695223,-0.2665951400878307,-1.239351123257903,0
rs10251623,23785122,2.1162393729e-4,-1.0757735112357618,0.9902349649104065,-1.741479719015239,0.0013987600000000002,-1.2219251336898393,0.9662125145777314,-0.97250594792719125,-2.7139856669424303,0
rs10252515,23778365,2.1183347025e-4,1.1182726991652066,0.9902253908662921,-1.6948284049635851,0.0013987600000000002,1.192513368983957,0.9662125145777314,-1.0068127228825108,-2.701641127846096,0
rs10253646,23647516,7.30336032409e-5,1.556136986205194,0.996608295663883,-1.6365368167479983,4.3680999999999993e-4,0.6172248803827751,0.9891977136673243,-2.075573113305748,-3.712109930053746,0
rs10253651,22870183,6.931977822249998e-5,-1.3707429271485796,0.9967802115871573,-1.9327766182352129,4.5369e-4,-0.01408450704225352,0.9887849538571142,-2.2451514240278883,-4.177928042263101,0
rs10253654,22957765,7.758843906490001e-5,1.2636190558362839,0.9963975296273675,-2.017577259858263,6.300100000000001e-4,2.553784860557769,0.9844939737893247,1.1270815520365551,-0.890495707821708,0
rs10253843,23684965,8.05421887209e-5,5.484142345058738,0.9962608983362233,12.187225414624034,4.7524e-4,-0.15137614678899083,0.9882585007525588,-2.21099004204224,9.976235372581794,0
rs10254365,22864754,6.939789669160001e-5,-1.4183354260348067,0.9967765948102248,-1.8660630149813362,4.5795999999999993e-4,0.004672897196261683,0.9886805958580215,-2.240607628214429,-4.106670643195765,0
rs10254411,23730832,1.0071928881000001e-4,-4.2968742215446545,0.9953285696120576,6.505294448473592,5.152900000000001e-4,-0.6916299559471365,0.9872815917151277,-1.946218371881187,4.5590760765924045,0
rs10254544,23220235,6.388980747209999e-5,-23.28905770094494,0.9970316760477214,267.4752453111142,3.2761000000000004e-4,-4.87292817679558,0.9918762852546927,9.369780087951897,276.84502539906606,3.4947321574526765e-282
rs10255155,23402147,6.0686281219600004e-5,-22.501777888459,0.9971800923489741,249.51557656760426,3.2761000000000004e-4,-5.397790055248618,0.9918762852546927,12.043238031198511,261.55881459880277,8.029655195698188e-289
rs10255228,23158863,6.250657533209998e-5,-26.99557683867288,0.9970957544472003,360.40154292007645,3.1684e-4,-4.99438202247191,0.9921412491653612,9.950848329141616,370.35239124921804,1.4228099783179405e-241
rs10255405,23065439,6.666150962250001e-5,7.250316914993293,0.9969033013866131,23.313446109055704,5.4756e-4,1.7735042735042736,0.9864958581971393,-0.6009581222679934,22.71248798678771,0
rs10255504,23576129,1.1638310161e-4,-4.57100879672973,0.9946059898635544,7.779476070995675,9.424900000000001e-4,-0.9446254071661238,0.976980149473078,-1.4498111083358094,6.329664962659866,0
rs10255521,22944360,7.76423560201e-5,1.2712605927033906,0.9963950352605717,-2.0075828954320736,6.3504e-4,2.376984126984127,0.9843721084069315,0.7015285385961132,-1.3060543568359604,0
rs10256165,23049586,6.50471284324e-5,5.602776379448444,0.9969780693393373,12.747191030377442,4.2436000000000004e-4,2.8058252427184462,0.9895023693634235,1.6167026821713835,14.363893712548826,0
rs10256359,23123877,6.25562355625e-5,-26.70480766191485,0.9970934537883587,352.61658424860184,3.2761000000000004e-4,-5.011049723756906,0.9918762852546927,10.046830038472578,362.66341428707443,6.514283216649626e-245
rs10256361,23123885,6.256493603999999e-5,-26.696250221244533,0.9970930507137846,352.3886858685326,3.2761000000000004e-4,-4.983425414364641,0.9918762852546927,9.90990624188321,362.2985921104158,4.5229978149461744e-245
rs10256524,23144947,6.243812716840001e-5,-26.70613456714816,0.9970989255306996,352.65292598801284,3.1684e-4,-5.050561797752809,0.9921412491653612,10.230792236714468,362.8837182247273,8.119764259807478e-245
rs10256628,22883259,6.985649832040002e-5,-1.6703477617904718,0.9967553627192436,-1.4748714028361753,4.5795999999999993e-4,0.056074766355140186,0.9886805958580215,-2.2390640291532917,-3.713935431989467,0
rs10256996,23145295,5.95610410564e-5,-21.236449767932438,0.9972322341338677,221.92442902376666,2.8900000000000003e-4,-4.46470588235294,0.9928268261808435,7.426602189246667,229.35103121301333,8.261031871569947e-303
rs10257096,23691283,8.00432619561e-5,5.087758712998886,0.9962839745095866,10.096998865281545,4.7524e-4,-0.3486238532110092,0.9882585007525588,-2.162257111385864,7.934741753895681,0
rs10257481,22958700,7.766967404159999e-5,1.2416941259769616,0.9963937714483168,-2.0444242857383834,6.300100000000001e-4,2.549800796812749,0.9844939737893247,1.1170726888405418,-0.9273515968978416,0
rs10258276,22959390,7.75944289129e-5,1.2599261871975314,0.9963972525176688,-2.022181794830165,6.300100000000001e-4,2.5697211155378485,0.9844939737893247,1.1672732712249196,-0.8549085236052454,0
rs10259241,23555814,1.162084e-4,-4.705510204081633,0.9946140431533146,8.399305531555033,8.1225e-4,-1.3614035087719298,0.9800978872764917,-1.050198418132779,7.349107113422254,0
rs10259561,22859093,6.424535470239999e-5,3.6787551838229793,0.9970152066089775,3.8393105139051737,3.3489e-4,0.2568306010928962,0.9916972625932537,-2.362877858834057,1.4764326550711169,0
rs10261253,23744881,2.4813810576e-4,1.0564421929356798,0.9885693386119546,-1.6840716255462003,0.0015523599999999998,1.1903553299492386,0.9626408704583806,-0.96158400784414,-2.6456556333903403,0
rs10261667,22959718,7.75953097924e-5,1.258874627929734,0.9963972117653533,-2.023495734355008,6.300100000000001e-4,2.5657370517928286,0.9844939737893247,1.157201901467182,-0.866293832887826,0
rs10261773,22929579,5.4918047716e-4,0.8775101772592662,0.9750476367005652,-1.469988275014202,0.005314410000000001,2.2016460905349793,0.8827214124601865,1.067782158465593,-0.4022061165486088,0
rs10261856,23745345,2.4964632004e-4,1.0319679497727876,0.9885006605692421,-1.706377074248676,0.0015523599999999998,1.3020304568527918,0.9626408704583806,-0.8276144816686213,-2.5339915559172974,0
rs10261935,23024920,6.355485673689999e-5,5.395007356879529,0.9970471919261171,11.597580484415666,4.1208999999999994e-4,2.807881773399015,0.9898028040618538,1.6090804080577699,13.206660892473435,0
rs10262213,23591963,1.17115684e-4,-4.5323969691369435,0.9945722211410645,7.607448098125868,9.4864e-4,-0.8441558441558441,0.9768334186434519,-1.5344769465450243,6.072971151580844,0
rs10262243,23290987,6.160978365610001e-5,-28.220491541165394,0.9971373028334136,394.1301554050626,3.1684e-4,-5.219101123595506,0.9921412491653612,11.089412141149333,405.219567546212,1.9759191377688453e-226
rs10262258,22842319,6.0773406232899996e-5,-1.0986963376104613,0.9971760553460918,-2.332947897167321,4.9284e-4,-0.6576576576576576,0.9878289593913393,-1.9907232077171646,-4.323671104884486,0
rs10263110,23160551,6.247321599999999e-5,-27.004807692307693,0.9970972999240894,360.6503512879968,3.1684e-4,-4.960674157303371,0.9921412491653612,9.78438503913521,370.434736327132,1.5449303866300443e-241
rs10263762,23697963,0.00329304970201,-0.14074210901436088,0.8669637524484025,-0.9999802680252313,0.03463321,-0.7361633530360022,0.5359544363695465,-0.23865963607490195,-1.2386399041001332,0
rs10264437,23604779,1.4454531529000002e-4,-6.029968309947017,0.9933094878237042,15.555091241239136,0.00104329,-2.557275541795666,0.9745807414561551,1.3505883761552715,16.90567961739441,0
rs10264441,22885014,6.037196760360001e-5,0.6838160912439477,0.9971946565779516,-2.7049683299066087,4.8399999999999995e-4,-0.5590909090909091,0.9880446596186148,-2.0588657969389517,-4.763834126845561,0
rs10264498,22956496,7.75847395684e-5,1.285026940743987,0.9963977007780913,-1.9904185910723604,6.300100000000001e-4,2.545816733067729,0.9844939737893247,1.107079452284959,-0.8833391387874014,0
rs10265277,22842467,4.6174273923999995e-4,2.403942628977765,0.9789367459148357,0.8984958045820375,0.00444889,1.7661169415292355,0.8999099865036001,0.25264300791009386,1.1511388124921313,0
rs10265299,23537697,1.1613941823999999e-4,-4.716789770618366,0.9946172230689188,8.451899135046336,8.065600000000001e-4,-1.3838028169014085,0.9802345505232493,-1.0233793334532082,7.4285198015931275,0
rs10265560,23776086,9.888452816489998e-5,-5.192823461620845,0.9954132767632594,10.728571602025974,4.7524e-4,-1.0779816513761469,0.9882585007525588,-1.6481127358733514,9.080458866152624,0
rs10265975,23048752,6.49866536449e-5,5.530073448507276,0.996980870367932,12.34329775075349,4.2436000000000004e-4,2.796116504854369,0.9895023693634235,1.5897942616264373,13.933092012379927,0
rs10266123,23136487,6.260528252250001e-5,-26.688025681371524,0.9970911815515252,352.16944921939063,3.2041e-4,-4.994413407821229,0.9920534042188559,9.955466221964986,362.1249154413556,3.8018901020058405e-245
rs10266530,22952098,7.76474667684e-5,1.2739196847855938,0.9963947988220364,-2.0041785595041457,6.300100000000001e-4,2.5338645418326693,0.9844939737893247,1.077193502460796,-0.9269850570433498,0
rs10266564,22961112,1.3543140625000001e-4,4.752025778732546,0.9937286941855931,8.68418063288206,0.0011902500000000001,2.0405797101449274,0.9711035985457724,0.2498018622047653,8.933982495086825,0
rs10266770,23073540,8.184386649759999e-5,1.4777113574362535,0.9962006986568137,-1.6988017509787754,6.812100000000001e-4,2.758620689655172,0.9832549228501315,1.6964536529916203,-0.0023480979871550733,0
rs10266881,22955445,7.758227328639998e-5,1.292858375491594,0.9963978148763397,-1.9803764250925793,6.300100000000001e-4,2.541832669322709,0.9844939737893247,1.0971018423698067,-0.8832745827227726,0
rs10267552,23074161,6.713311451039999e-5,7.231542641222045,0.9968814617397068,23.180866734271838,5.5225e-4,1.8425531914893616,0.986381766733042,-0.47378868602756463,22.707078048244274,0
rs10267647,22956035,7.788221350810002e-5,1.480982063639011,0.996383938855167,-1.71849659481493,6.300100000000001e-4,2.6095617529880477,0.9844939737893247,1.268846434025996,-0.44965016078893405,0
rs10268610,23274764,6.25176443761e-5,-24.539479259018492,0.99709524163968,297.29771614509906,3.2761000000000004e-4,-4.845303867403315,0.9918762852546927,9.236640807575611,306.53435695267467,2.737327505624226e-269
rs10268645,23022447,6.58598794681e-5,7.062933357649213,0.9969404264366577,21.971460485891885,5.29e-4,1.7217391304347829,0.9869476177551876,-0.7065456377570745,21.26491484813481,0
rs10269243,23686785,8.049750176160001e-5,5.4962416574157045,0.9962629651370984,12.25315934777255,4.7961e-4,-0.2054794520547945,0.9881518127274448,-2.196929421260566,10.056229926511985,0
rs10269414,22856293,6.952808072249999e-5,-1.376963068232924,0.9967705675282029,-1.9227723316679899,4.6224999999999993e-4,0.03255813953488372,0.9885757712435665,-2.2354854634955044,-4.158257795163494,0
rs10269452,22997164,5.98084142881e-5,5.7561882644412234,0.9972207707961454,13.578017762611694,3.920400000000001e-4,2.0050505050505047,0.990294127258737,-0.32690821420243754,13.251109548409257,0
rs10270336,22992040,1.5447755521e-4,5.318395030935964,0.9928530438076112,11.571051500554566,0.0013689999999999998,2.3027027027027027,0.9669075878072952,0.8592589769299745,12.43031047748454,0
rs10270419,23019810,6.35054391409e-5,5.390881951755734,0.9970494811317299,11.575043578914654,4.1208999999999994e-4,2.74384236453202,0.9898028040618538,1.4331285421751927,13.008172121089846,0
rs10270695,23188988,6.450306470439999e-5,-23.904858193735073,0.9970032694658814,281.95977671557847,3.3124e-4,-4.884615384615385,0.9917870117556515,9.430735742159968,291.39051245773845,7.251680517586644e-276
rs10270788,23189000,6.45067591921e-5,-23.877902437991885,0.9970030983390628,281.31767619558235,3.3489e-4,-4.912568306010929,0.9916972625932537,9.570892335439613,290.888568531022,4.389824771079548e-276
rs10271105,23534122,1.1653634304e-4,-4.617505928560842,0.9945989259396333,7.992522652671063,8.179600000000001e-4,-1.2727272727272727,0.9799607819695056,-1.16134476707968,6.831177885591384,0
rs10271613,23162586,6.25135329025e-5,-27.040365266772486,0.9970954321162829,361.60805861713857,3.1684e-4,-5.056179775280898,0.9921412491653612,10.258958852470819,371.8670174696094,6.470542765843245e-241
rs10272642,23773818,5.95142817025e-5,2.7350396329014655,0.997234401003695,0.7846279294737406,3.1684e-4,1.151685393258427,0.9921412491653612,-1.7650860255080993,-0.9804580960343587,0
rs10273123,23481701,4.5437185600000007e-4,2.333810283355226,0.9792660109417675,0.7288791458062702,0.00495616,1.1789772727272727,0.8897557086726269,-0.48415365632901886,0.24472548947725137,0
rs10273405,22975329,7.768095514240002e-5,1.1528101769068084,0.996393249552253,-2.1503850144313748,6.300100000000001e-4,2.605577689243028,0.9844939737893247,1.258618797863949,-0.8917662165674258,0
rs10273483,22958902,6.65358333025e-5,7.288030452558861,0.9969091215184219,23.585957368881033,5.336099999999999e-4,1.787878787878788,0.9868353694625276,-0.5878959354058715,22.99806143347516,0
rs10274219,23540219,1.1613941823999999e-4,-4.625937198426249,0.9946172230689188,8.029778226366258,8.179600000000001e-4,-1.276223776223776,0.9799607819695056,-1.1569778578784002,6.872800368487857,0
rs10274260,22844846,6.728625595239999e-5,-1.3867182261709998,0.9968743700872603,-1.9255712761478359,4.972900000000001e-4,0.04035874439461883,0.9877204128967643,-2.19910407671634,-4.124675352864176,0
rs10275904,23045947,6.64948917136e-5,7.370254732391188,0.9969110175580913,24.186472861115075,5.428900000000001e-4,1.7038626609442058,0.9866094893580601,-0.7244678251656009,23.462005035949474,0
rs10276099,22862950,6.78766720129e-5,4.669032727131487,0.996847030127363,7.985860915389248,3.3489e-4,0.06557377049180327,0.9916972625932537,-2.393452896118763,5.592408019270485,0
rs10276605,22921307,5.9026184122499996e-5,2.5131949732195733,0.9972570204395619,0.20005669364571732,4.7961e-4,1.634703196347032,0.9881518127274448,-0.8974936139835368,-0.6974369203378195,0
rs10276756,23039120,6.47873668836e-5,5.532931795762487,0.9969901009031106,12.357671243008276,4.2025000000000005e-4,2.717073170731707,0.9896029836529958,1.3697471886922705,13.727418431700547,0
rs10277050,22959467,7.759495744e-5,1.2600240668422487,0.9963972280663068,-2.022055539213609,6.300100000000001e-4,2.5697211155378485,0.9844939737893247,1.1672732712249196,-0.8547822679886892,0
rs10277208,22945963,8.169068612409999e-5,1.430115652407701,0.9962077825280303,-1.768664763332335,6.6564e-4,2.6201550387596897,0.9836313900383714,1.3202243188212157,-0.4484404445111192,0
rs10277261,22998887,6.682343119360001e-5,7.089225597463349,0.9968958028196915,22.163055704384874,5.1984e-4,0.5877192982456141,0.9871707292032742,-2.007521686819891,20.15553401756498,0
rs10277454,22959756,6.653795412640002e-5,7.287350375379425,0.9969090233014667,23.581029775939456,5.336099999999999e-4,1.7705627705627707,0.9868353694625276,-0.6182993638910272,22.96273041204843,0
rs10277516,22908774,8.7682316544e-4,-0.00831080807262117,0.9607453536624485,-1.6188095527511206,0.004108810000000001,-0.28861154446177845,0.9068483144297023,-1.1489943420830135,-2.767803894834134,0
rs10277591,22959888,5.86731488256e-5,2.4645292852070018,0.997273381453679,0.07632515573927279,3.9601e-4,0.9447236180904522,0.9901968040903049,-1.8706467488089014,-1.7943215930696286,0
rs10277598,22998910,5.97757829904e-5,5.719810437328946,0.9972222829235916,13.369614560025736,3.920400000000001e-4,1.9898989898989896,0.990294127258737,-0.3568792371080718,13.012735322917665,0
rs10277714,23055002,6.393953428840001e-5,5.559164205086904,0.9970293726001862,12.496759688118733,4.1616000000000005e-4,2.9999999999999996,0.9897031286495304,2.1657064877877685,14.662466175906502,0
rs10277862,23025079,6.352233460810001e-5,5.395560150512729,0.9970486984700887,11.600320916838253,4.1208999999999994e-4,2.812807881773399,0.9898028040618538,1.622783300622919,13.223104217461172,0
rs10278456,23021507,6.341796933159999e-5,5.381325390467054,0.9970535330822107,11.52309436715851,4.1208999999999994e-4,2.7389162561576357,0.9898028040618538,1.4197619169122544,12.942856284070764,0
rs10278700,23160529,6.24728998404e-5,-27.000574394165977,0.9970973145712088,360.5363754711897,3.1684e-4,-4.960674157303371,0.9921412491653612,9.78438503913521,370.3207605103249,1.3785097651196762e-241
rs10278749,23712179,6.28252805376e-5,-2.850645451058762,0.9970809896590132,1.1329742206077618,3.61e-4,1.063157894736842,0.9910557221079755,-1.7982731715573044,-0.6652989509495426,0
rs10278776,23169759,6.256145577639999e-5,-27.11205904738305,0.9970932119469386,363.54318235253027,3.1684e-4,-5.134831460674157,0.9921412491653612,10.656579404860093,374.1997617573904,6.668661661878418e-240
rs10278920,23595704,5.9230724822499994e-5,-1.7202107547280134,0.9972475414820753,-1.4721402942066477,3.5721e-4,-1.656084656084656,0.9911487934869632,-1.0044302880079086,-2.4765705822145563,0
rs10279194,23191083,6.373595291039999e-5,-23.983400722491947,0.9970388029721727,283.8390287998398,3.2761000000000004e-4,-4.961325966850828,0.9918762852546927,9.800912174946395,293.6399409747862,6.876272116678652e-275
rs10279691,23228387,6.370306521639999e-5,-23.440816295847107,0.997040326424851,271.01146747521426,3.2761000000000004e-4,-4.9226519337016565,0.9918762852546927,9.611338188800602,280.6228056640149,1.5278580936564615e-280
rs10279703,23789988,2.1104244528999999e-4,1.0711969877403233,0.9902615355906109,-1.747691686421131,0.0013987600000000002,1.2192513368983957,0.9662125145777314,-0.9756592838311683,-2.7233509702522993,0
rs10279864,22863824,6.94058942404e-5,-1.3925425698173814,0.9967762245362725,-1.90213937871182,4.5795999999999993e-4,0.004672897196261683,0.9886805958580215,-2.240607628214429,-4.142747006926249,0
rs10279941,23370508,6.094066160250001e-5,-21.61212843225794,0.9971683055346142,229.94728796459452,3.2041e-4,-5.391061452513966,0.9920534042188559,11.998787853147572,241.9460758177421,2.4377696670682028e-297
rs10280782,23584282,1.1597566863999999e-4,-4.615059614456041,0.994624771666184,7.979167619824996,9.424900000000001e-4,-0.8631921824104234,0.976980149473078,-1.5217248664337149,6.457442753391281,0
rs10280815,23188370,6.368247481690001e-5,-23.958381630374443,0.9970412802338108,283.24136730070074,3.2761000000000004e-4,-4.889502762430938,0.9918762852546927,9.45002696973412,292.69139427043484,2.6632041278540278e-275
rs10281516,23034799,8.083250667610002e-5,1.3017132166719128,0.9962474711511661,-1.9486132540131689,6.6564e-4,2.5930232558139537,0.9836313900383714,1.2506605190404705,-0.6979527349726984,0
rs10281759,23064983,6.552708221440001e-5,5.582676951356906,0.9969558397363747,12.638438297404669,4.2849e-4,2.927536231884058,0.9894012860732618,1.9663049167148436,14.604743214119512,0
rs10281939,23532683,1.1660328289000001e-4,-4.600807534519323,0.9945958402650716,7.916225748140808,8.179600000000001e-4,-1.2727272727272727,0.9799607819695056,-1.16134476707968,6.7548809810611274,0
rs1029738,22874047,6.937757166239999e-5,-1.3563532197106127,0.99677753582840245,-1.9519216164892328,4.5369e-4,0.04694835680751174,0.9887849538571142,-2.244159784022587,-4.19608140051182,0
rs1029740,22873586,6.432473087289999e-5,3.6179205936957235,0.9970115298694299,3.6186193039853083,3.3124e-4,0.2637362637362637,0.9917870117556515,-2.366526449040573,1.2520928549447352,0
rs1029741,22850333,6.121341121e-5,3.0996178376512993,0.9971556678846091,1.858938225262742,4.3264e-4,0.2932692307692308,0.9892997340762315,-2.2262000697480517,-0.36726184448530974,0
rs1034963,23148473,6.24311737956e-5,-26.940873320221634,0.9970992476694072,358.9312365775671,3.1684e-4,-4.98314606741573,0.9921412491653612,9.89523531126137,368.8264718888285,3.093488773210274e-242
rs1036096601,23326193,0.021896008728999997,-0.5033012779358397,0.49497148577778183,-0.27887904159502375,1.4505793599999999,-0.3737960810362006,0.026835203192401652,-0.011726166279337242,-0.290605207874361,0
rs1038294566,23502518,1.1718928516000002e-4,-4.468730947586232,0.9945688285884742,7.322748879997972,8.179600000000001e-4,-1.3846153846153848,0.9799607819695056,-1.015661321571963,6.307087558426009,0
rs1040204926,23546308,0.001769127721,1.9835263070302656,0.9238400363912309,0.5299076324316396,0.03594816,1.3602320675105486,0.5266750372885927,0.11324876271879325,0.6431563951504329,0
rs10447616,23722897,8.899054491039999e-5,-0.4829384278124298,0.9958703103805973,-2.628643334005458,4.884100000000001e-4,-0.9230769230769231,0.9879370417361413,-1.7879116566587558,-4.416554990664213,0
rs1046135,23570584,1.1915250649e-4,-4.713275374002583,0.9944783449201537,8.44661187394178,9.672099999999999e-4,-0.3054662379421222,0.976390630457871,-1.8275024950402206,6.61910937890156,0
rs10488075,23036691,8.343027864900001e-4,-0.05780198931599519,0.9625777186496788,-1.6411364772082675,0.0055651599999999996,0.17158176943699732,0.8778637011260358,-1.0383865400442243,-2.6795230172524915,0
rs10488076,23067738,7.965865952889999e-5,3.785126781898832,0.9963017637262814,4.337150092463172,6.6049e-4,-0.1245136186770428,0.9837559753952793,-2.0523891773784744,2.2847609150846973,0
rs10488077,23144182,6.248112025000001e-5,-26.698589411094947,0.9970969337341995,352.451670266728,3.1684e-4,-5.03932584269663,0.9921412491653612,10.17455294611035,362.62622321283834,6.27645989042876e-245
rs10488277,22983600,6.48345429601e-5,1.7262689099216466,0.9969879157930301,-1.417047343474661,4.4521000000000003e-4,-1.3744075829383886,0.9889922688001866,-1.320477387561938,-2.737524731036599,0
rs10488279,22907053,6.200853770249999e-5,6.522633039348281,0.9971188281185429,18.28630244400224,4.1208999999999994e-4,-0.3842364532019705,0.9898028040618538,-2.2197551713033414,16.066547272698898,0
rs10488280,22889263,2.0242744729e-4,-2.542976025640125,0.9906553562038233,0.8666729250811476,0.0017056900000000004,-0.40677966101694907,0.9591017436709475,-1.5189827893349772,-0.6523098642538296,0
rs10488282,23383135,1.0172336164000001e-4,-11.476630510222293,0.9952822197237435,62.8676188891759,5.8081e-4,-4.178423236514523,0.9856875700608243,6.48135498850113,69.34897387767703,0
rs1048844343,23152677,6.249187083239999e-5,-26.99419874057264,0.9970964356792071,360.3645802656106,3.1684e-4,-5.03932584269663,0.9921412491653612,10.17455294611035,370.5391332117209,1.7149359564214813e-241
rs10499565,23567212,6.08183179321e-5,-2.8638821533580985,0.997173974341569,1.154879258209823,3.7636e-4,-1.3453608247422681,0.9906787040733737,-1.441164684639236,-0.286285426429413,0
rs1051576,23741943,6.353684100000001e-5,2.5690377618868396,0.9970480264803891,0.377595393469651,3.2041e-4,-1.3519553072625698,0.9920534042188559,-1.5108765733533316,-1.1332811798836806,0
rs1054352386,23435021,7.80856762921e-5,4.792188407092765,0.9963745263532506,8.631020067968542,5.0625e-4,1.9422222222222225,0.9875019287147045,-0.32854967360881515,8.302470394359727,0
rs1054471,22852643,6.785706525159999e-5,4.685707140724051,0.9968479380190859,8.063473380482183,3.3856e-4,0.04891304347826087,0.9916070380301131,-2.388994689641158,5.674478690841025,0
rs1060974,23564625,6.205595155360001e-5,0.8898808768197258,0.997116631428055,-2.5295956776336395,3.8416e-4,0.6224489795918368,0.9904873594003193,-2.135688323327317,-4.665284000960956,0
rs10634,23240596,0.00039857726736000003,0.6819238244074453,0.981765615682164,-1.7739527360089034,0.00203401,-2.656319290465632,0.9516103745514644,1.8430617902138422,0.06910905420493885,0
rs1063950,22900774,2.652533395599999e-4,-3.1795586555818898,0.9877905392346096,2.7903082035110547,0.0019980899999999997,1.0581655480984342,0.9524242650082421,-0.9894946608579789,1.8008135426530758,0
rs1073599,22888517,6.376725199359999e-5,1.5844086236951251,0.9970373531128444,-1.6593793936981773,4.6224999999999993e-4,0.08372093023255814,0.9885757712435665,-2.232544864933125,-3.8919242586313025,0
rs1076412,23658890,3.4238691369000004e-4,-2.5361738463118186,0.9842958807038702,1.0886669330262801,0.0030140099999999997,0.7941712204007286,0.929929574108529,-1.0358702521497651,0.05279668087651501,0
rs10807815,23492818,6.11503668169e-5,-4.388500064579079,0.9971585889711639,6.67037788182351,3.4969000000000005e-4,-0.5828877005347594,0.9913335145821442,-2.205739190054388,4.464638691769123,0
rs10950922,22854006,6.42120152976e-5,3.6932376916203684,0.9970167509131339,3.892285420298203,3.3856e-4,0.24456521739130432,0.9916070380301131,-2.360525820283724,1.531759600014479,0
rs10950927,22956130,7.758297793439998e-5,1.2858816637375514,0.9963977822770226,-1.98933508641605,6.300100000000001e-4,2.545816733067729,0.9844939737893247,1.107079452284959,-0.882255634131091,0
rs10950931,23004402,5.961075264e-5,5.934475701999793,0.9972299304654316,14.615781343623032,3.8808999999999995e-4,2.0101522842639596,0.9903909791228057,-0.3215840145162119,14.29419732910682,0
rs10950932,23013685,6.18937799076e-5,6.4881928396926005,0.9971241449036204,18.062088623018415,4.884100000000001e-4,1.597285067873303,0.9879370417361413,-0.9485363479549256,17.11355227506349,0
rs10950933,23013848,6.189126241e-5,6.47190197150157,0.997124261541158,17.956808779768366,4.884100000000001e-4,1.592760180995475,0.9879370417361413,-0.9556665829462647,17.0011421968221,0
rs10950934,23057024,8.405167392089999e-5,3.9124146348646436,0.9960986091452905,4.850423785511211,7.0225e-4,-0.23773584905660378,0.9827466540547513,-2.002102991457206,2.848320794054005,0
rs10950935,23073660,6.35291890704e-5,1.3477916120905538,0.9970483809459427,-2.0071104691677597,4.4100000000000004e-4,-0.8904761904761905,0.9890952251428007,-1.867126798650469,-3.874237267818229,0
rs10950937,23084212,6.71018190649e-5,7.26669002401249,0.9968829109772303,23.434665487309275,6.3504e-4,2.6706349206349205,0.9843721084069315,1.431065086058695,24.86573057336797,0
rs10950939,23103034,8.97652028025e-5,-6.887259946487659,0.9958345113992768,20.877920314464426,7.344099999999999e-4,-1.789667896678967,0.9819707711490114,-0.435297925633509,20.442622388830916,0
rs10950940,23196816,6.128368999209998e-5,21.986896411650417,0.9971524116214646,238.0928697630728,3.1329000000000003e-4,5.536723163841808,0.9922286174112804,12.779881055448115,250.8727508185209,1.8356858634426216e-293
rs10950941,23359684,0.004227665420249999,-8.546950577125676,0.8354202593823474,29.61169705011542,0.02951524,-1.7974388824214202,0.5754133913656919,0.5011992842459803,30.112896334361402,0
rs10950942,23484702,8.366943841e-5,3.117621978550579,0.9961162823035129,2.0654281663267535,4.2849e-4,0.7536231884057971,0.9894012860732618,-1.9925471101063366,0.07288105622041696,0
rs10950943,23490230,6.0446737562500004e-5,-3.67281263063121,0.9971911919525969,3.7883339938619454,3.5344e-4,-0.3829787234042553,0.9912413910685186,-2.2961650653410532,1.4921689285208921,0
rs10950944,23491066,6.10754754064e-5,-4.434708281936973,0.9971620589973417,6.873074149996298,3.5344e-4,-0.5638297872340425,0.9912413910685186,-2.2112992762573804,4.661774873738917,0
rs10950945,23496539,8.31417536041e-5,0.887910017426666,0.9961406815304242,-2.385961550017152,4.2025000000000005e-4,1.1365853658536587,0.9896029836529958,-1.6439206244644304,-4.029882174481582,0
rs10950946,23502093,6.111330624999999e-5,-4.379021426287176,0.9971603061361951,6.628658070935947,3.459599999999999e-4,-0.6559139784946237,0.9914251637586514,-2.166194664590506,4.4624634063454405,0
rs10950949,23519260,6.01021865536e-5,-1.2237673749058375,0.9972071576578618,-2.1936357161584352,3.459599999999999e-4,-1.0430107526881722,0.9914251637586514,-1.8401901362369846,-4.03382585239542,0
rs10950950,23523743,6.09576808516e-5,-0.5229662608196692,0.9971675169510072,-2.7969412529451736,3.61e-4,-0.8263157894736841,0.9910557221079755,-2.020025321012351,-4.816966573957524,0
rs10950951,23523837,8.19787187241e-5,5.513357874403178,0.9961944624595046,12.35506983164376,4.4100000000000004e-4,1.0761904761904761,0.9890952251428007,-1.6864991706303434,10.668570661013417,0
rs10950952,23574171,6.460188850089998e-5,2.5729795098743025,0.9969986920173896,0.3958235686463074,3.8025e-4,-0.6153846153846154,0.9905832678103776,-2.145067513402033,-1.7492439447557255,0
rs10950956,23745998,1.0134247561e-4,-4.251994159075783,0.9952998016303236,6.317163371105488,5.0625e-4,-0.7022222222222223,0.9875019287147045,-1.9476139469548357,4.3695494241506525,0
rs10950957,23763280,1.1571304899999999e-4,5.186055591707726,0.9946368782549745,10.761360728476797,6.300100000000001e-4,0.7330677290836654,0.9844939737893247,-1.818735502200045,8.942625226276752,0
rs10950958,23788269,5.81822649529e-5,2.0448809803178665,0.997296131793441,-0.8714199833794356,3.0275999999999995e-4,0.4597701149425288,0.99248785939226,-2.340717120740925,-3.2121371041203606,0
rs111231600,23253348,0.0041466258724900005,-8.160629124006318,0.838064190014441,26.9955283325145,0.02893401,-1.8559670781893003,0.580265097010895,0.5653286038819108,27.560856936396412,0
rs111254487,23586607,2.3830405641000002e-4,4.450265917821352,0.9890173759438549,7.537958223533063,0.0013838399999999997,-0.24462365591397853,0.9665608604711405,-1.6700942562389272,5.867863967294136,0
rs111279824,23150302,6.24076300225e-5,-26.96367652550365,0.9971003384165318,359.54426050000404,3.1684e-4,-5,0.9921412491653612,9.978701808536028,369.52296230854006,6.207696707240426e-242
rs111295755,23495752,0.0028397708102499996,-1.126137419191398,0.8831357877479104,-0.5133813041165675,0.03013696,-0.9913594470046083,0.5703127138672677,-0.14209895896889108,-0.6554802630854586,0
rs111319354,23295498,0.00404895506596,-8.369594256923467,0.841273042789013,28.545348861580937,0.02521744,-1.778337531486146,0.6133328753781196,0.49473226821037986,29.040081129791318,0
rs111325858,23785148,0.00253164954025,-0.08321809382794566,0.8944777835636663,-1.1213196413048991,0.024649,1.297452229299363,0.6187257343501059,0.038657818215293294,-1.082661823089606,0
rs111342539,23419908,5.9488673409e-4,-4.637868332902834,0.9730269586476361,8.658359978341196,0.00474721,-1.6676342525399128,0.8939104806757784,0.12124830163412414,8.779608279975319,0
rs111395042,23126075,0.00194708622564,-1.9172570242352545,0.9168162934143034,0.4416989233686477,0.03892729,-0.6436898124683224,0.5067955582916885,-0.24842378307617152,0.19327514029247617,0
rs111416687,23301102,0.004137641300250001,-8.656188544022884,0.8383583442735877,30.497741044749734,0.02553604,-2.076971214017522,0.6103511899711976,0.8452146412570944,31.342955686006828,0
rs111433228,23782803,1.28255625e-4,-5.4313112582781455,0.9940590028342278,12.099004689353222,7.344099999999999e-4,-0.5387453874538746,0.9819707711490114,-1.8653736713730409,10.233631017980182,0
rs111508799,22868404,2.8022760000000007e-4,-1.8434647550776582,0.9871101669241148,-0.4983792158068503,0.00221841,0.28450106157112526,0.9474539661725774,-1.4346889627953168,-1.933068178602167,0
rs111518868,23379791,0.00202291253824,-2.510472065598264,0.9138558910898341,1.6539078153110378,0.04206601,-0.9863481228668942,0.4874125109774437,-0.0970443559012289,1.556863459409809,0
rs111523797,23508312,0.0033575071360000004,-0.5273074002485157,0.8647120229824329,-0.879956877847385,0.057360249999999995,0.46722338204592906,0.41084528850326496,-0.21968994241988343,-1.0996468202672685,0
rs111525634,23613973,0.00210848109124,1.8923063186274725,0.910538010552532,0.4232670965243528,0.036557440000000004,0.7217573221757323,0.5224835104204112,-0.23348867685175512,0.18977841967259768,0
rs111569947,23281123,0.00417799347876,-8.494973498315218,0.837038833181858,29.29515404402503,0.026569000000000002,-2.0159509202453987,0.6008802896242995,0.7617592674027152,30.056913311427746,0
rs111641576,23153229,0.00355882640481,-7.5250729600928,0.8577539285493079,23.310798668742095,0.01971216,-1.4487179487179487,0.669880305786962,0.1488169413985213,23.459615610140617,0
rs111644248,23752657,0.0031306039232400005,0.9982949610200208,0.8726909292919445,-0.5957099995693169,0.05004169000000001,0.3111309789897183,0.444238663223669,-0.2722064601360511,-0.867916459705368,0
rs111646736,23275043,0.004178795020959999,-8.494205149465687,0.8370126649252739,29.288827095976757,0.02608225,-2.1603715170278637,0.605306266054803,0.9477216574864403,30.236548753463197,0
rs111665084,23427720,1.4170997764e-4,-7.02627644024798,0.993439865042673,22.008976045513684,6.864400000000001e-4,-1.3435114503816794,0.9831285312747932,-1.1537808484640961,20.85519519704959,0
rs111685595,23585157,0.0020675027120399996,-1.618931686526002,0.9121239166229633,-0.02060285978044285,0.038025,-1.0369230769230768,0.512656199935918,-0.08378632514528295,-0.1043891849257258,0
rs111702551,22880349,0.00124156864881,-0.11561589174676962,0.9453090682300244,-1.4467106928055766,0.010899360000000002,0.9482758620689655,0.7858644980997797,-0.4172378079764383,-1.863948500782015,0
rs111721933,23263638,0.00416901371041,-8.315757520377774,0.8373321110208637,28.043498700619374,0.023777640000000003,-2.2600518806744487,0.6271790552300148,1.1084349013250883,29.151933601944464,0
rs111727557,23319148,0.00414361276681,-8.447419563809113,0.8381628158734659,28.994604901162475,0.025249210000000005,-1.8797986154814348,0.6130342421004024,0.6084124931588153,29.60301739432129,0
rs111741353,23455681,8.3959119049e-4,-12.702885521316137,0.9623494406865519,76.00423728969145,0.006561,-1.3382716049382715,0.8590880780051976,-0.2105092560280465,75.7937280336634,0
rs111752764,23519735,1.87717401e-4,-4.926822859645282,0.9913285265799503,9.657689599145693,0.0012040900000000001,-0.45533141210374645,0.9707774155429716,-1.6657726776757698,7.991916921469922,0
rs111754448,23305195,0.00418918323121,-8.579659136733108,0.8366736649858668,29.88800219046548,0.025985440000000002,-2.1712158808932998,0.606194336205078,0.9629052581747064,30.850907448640186,0
rs111771065,23785436,0.00277936676809,1.4565314294277092,0.8853365475246052,-0.1437633969692642,0.04774225,0.5029748283752861,0.4558807188099234,-0.24662820415191544,-0.39039160112117965,0
rs111783501,23288741,0.00414258289641,-8.334879254974526,0.8381965312167646,28.204159024433853,0.025824490000000002,-1.87678904791537,0.6076765653634384,0.602386519203528,28.80654554363738,0
rs111789364,23798085,0.0014370846992100002,0.25731872990247673,0.9372371547648045,-1.3531674000088552,0.014018560000000001,0.5523648648648648,0.7404862328799583,-0.561509016878079,-1.9146764168869341,0
rs111822833,23573440,0.0027392767116099998,3.3363649043431076,0.8868032536290521,3.8463362462495043,0.02286144,0.2976190476190476,0.6363201352053024,-0.4775589499935209,3.3687772962559834,0
rs111842108,23209517,0.0041406007562500005,-8.114689770387349,0.8382614290899397,26.688111951838064,0.02927521,-2.2530683810637053,0.5774071273114871,1.034877825941791,27.722989777779855,0
rs111867002,23109300,4.3445566096e-4,4.233707229077511,0.9801567969122289,6.824354045292102,0.0030580900000000003,0.9294755877034357,0.9289775742491132,-0.9210963839156773,5.903257661376425,0
rs111874121,23603333,0.00103953366724,0.024952359979901865,0.9537974975335661,-1.5370637313835829,0.007586409999999999,-0.66130884041331806,0.8405761224685787,-0.7342900455150296,-2.2713537768986125,0
rs111884017,23793027,0.011866398489,-0.28644855094415833,0.6439337148136078,-0.4899009123079775,0.30769209,1.0403821885703983,0.11504431981757195,0.0011528468695297875,-0.48874806543844773,0
rs111888750,23785131,0.00251473163841,-0.08608753048531222,0.8951089773761338,-1.1240998193146332,0.024523559999999996,1.3141762452107282,0.6199285966242408,0.051628624002499623,-1.0724711953121335,0
rs111900719,23620934,6.585382440000001e-4,0.46442989634479,0.9702268323178482,-1.652437251525375,0.0048860100000000005,1.6351931330472103,0.8911462613852289,0.08252357572355651,-1.5699136758018184,0
rs111901213,23258965,0.004117198557159999,-8.457657865453967,0.8390284082782722,29.095416531624984,0.025888809999999995,-2.216283405842138,0.6070833575534299,1.0238911577928276,30.119307689417813,0
rs111915816,22902126,6.137171268010001e-5,6.14352036824053,0.9971483332507536,15.887680437308276,4.0804e-4,-0.39108910891089116,0.9899020096000697,-2.222006324368917,13.66567411293936,0
rs111939023,23294798,0.0041023640700900005,-8.280554007278724,0.8395153181569286,27.866986240502282,0.02553604,-1.852941176470588,0.6103511899711976,0.5765324259760944,28.443518666478376,0
rs111966471,23240815,3.9860921103999995e-4,0.6824374411475969,0.9817641809504166,-1.7735697398268118,0.00203401,-2.6496674057649665,0.9516103745514644,1.8262683357104101,0.052698595883598376,0
rs112023876,22905817,2.6514585889e-4,-3.255685272641295,0.9877954261295112,3.0320899436378173,0.0019891600000000002,0.9820627802690582,0.9526268208270896,-1.06547034061348,1.9666196030243372,0
rs112032195,23270006,0.004181691556,-8.46324188909164,0.8369181142696219,29.065990868298442,0.026569000000000002,-2.0754601226993863,0.6008802896242995,0.8349094147917648,29.900900283090206,0
rs112039128,23275184,0.00393970884241,-8.408083215569938,0.8448914302685904,28.93334957543836,0.026146890000000002,-1.938157081014224,0.604714749249738,0.6717174174273086,29.60506699286567,0
rs112044776,23298950,0.0041954378928400005,-8.581443891052025,0.8364696881325245,29.89392866661362,0.02611456,-2.1627475247524752,0.6050104545806553,0.9505132085539321,30.84444187516755,0
rs112046917,23658217,0.020778357609,-0.07998154661560768,0.5080687219503781,-0.35308305555362035,1.00861849,-0.4043612466394504,0.038145426941689736,-0.016327464027146042,-0.36941051958076637,0
rs112078491,23743605,9.5579287281e-4,0.35746654634023267,0.9573606926825438,-1.5163224812587992,0.00646416,-0.06716417910447761,0.8608785782418106,-0.9842623714318146,-2.500584852690614,0
rs112091434,23301235,0.004167941952159999,-8.541208433757335,0.8373671282074828,29.63577451492034,0.025888809999999995,-2.2311995027967684,0.6070833575534299,1.04402783540753,30.67980235032787,0
rs112095813,22853756,7.904532250000001e-4,-0.05183923172683621,0.9644746982434155,-1.6674591361200093,0.00512656,0.01675977653631285,0.8863959495250691,-1.0873935689430931,-2.7548527050631026,0
rs112105017,23305717,0.004087032114009999,-8.587531030081387,0.8400191506116247,30.05754501730558,0.025504090000000004,-2.132122730118973,0.6106488923058087,0.916351976702993,30.973896994008573,0
rs112113535,23443161,8.3918557969e-4,-12.733536541163392,0.962366945350076,76.38057286893606,0.00654481,-1.515451174289246,0.8593869004943838,0.00595908505026399,76.38653195398632,0
rs112118429,23419835,0.018265252200999997,-1.0994309983795663,0.5402102677443373,-0.062003818031573066,0.08105409000000001,-1.376887952230418,0.3304308016358638,0.11265835225723661,0.050654534225663544,0
rs112129872,23746969,0.0025773999776099996,-0.11131300954733386,0.8927753203146556,-1.1108834132137217,0.02411809,1.0985189954925951,0.6238489013007095,-0.11246922492064715,-1.223352638134369,0
rs112177483,23198143,0.00460122092329,-1.3616123881985425,0.823445528063388,-0.10373372809009329,0.08643599999999999,0.427891156462585,0.31636559207820564,-0.16120417651496663,-0.26493790460505995,0
rs112177980,23608471,8.950388558400001e-4,-2.978427125533138,0.9599625029351533,2.6489577707763288,0.00850084,-2.289587852494577,0.8247279840926466,1.2909916201763365,3.9399493909526653,0
rs112184458,23049299,8.228406990400001e-4,2.108976057339673,0.9630728602631663,0.4923638562061141,0.006972250000000001,0.4682634730538922,0.8515666164597183,-0.8604477129265602,-0.3680838567204461,0
rs112208754,23264443,0.004185468903039999,-8.455635039384685,0.8367948436408612,29.008106468941694,0.026536409999999996,-2.0828729281767955,0.6011746050019832,0.8444400377477239,29.852546506689418,0
rs112290629,23513152,0.00287726032801,-1.06821016366487,0.881775389472948,-0.5644994682890951,0.03048516,-1.1311569301260023,0.5674953422819783,-0.056021406339023194,-0.6205208746281183,0
rs112297815,23461064,7.601269561599999e-4,-12.05285378521893,0.9657910251110416,68.46321770157617,0.005821690000000001,-1.1612057667103537,0.8729490335253893,-0.44304175222121744,68.02017594935495,0
rs112301293,23289741,0.00117691535844,-2.5382175816616237,0.9480089681303566,1.5754548542873505,0.013782760000000002,-0.31516183986371377,0.7437327500485286,-0.6438308509877688,0.9316240032995817,0
rs112302609,23679103,0.00323712067849,-0.1817817515207652,0.8689270777751933,-1.0016440501162953,0.032256160000000006,-0.6252783964365256,0.5535860195172287,-0.29503566143568405,-1.2966797115519793,0
rs112330055,23109316,2.6863865604e-4,9.771204744298421,0.9876366415476311,44.951507266233264,0.00157609,0.5415617128463476,0.9620914328403657,-1.4952036131548732,43.45630365307839,0
rs112342216,23605048,9.2283503524e-4,0.6563061669223325,0.9587703698520884,-1.3878097387897,0.007072809999999999,0.4803804994054697,0.8497474444376701,-0.8496726837454723,-2.237482422535172,0
rs112361235,23599680,0.00102883770025,0.3159732506118377,0.95425113579676,-1.494658371914632,0.007208010000000001,-0.34393404004711425,0.8473138350885793,-0.8895706958682505,-2.384229067782883,0
rs112364578,23104068,0.00481185005625,-0.5384279381554763,0.816843717633127,-0.7303043504725734,0.12264004,0.5048543689320388,0.24594189721055162,-0.10980034596872718,-0.8401046964413006,0
rs112397234,22850905,2.8229712288999997e-4,-2.616128129891618,0.9870162095425377,1.2056050508261782,0.00212521,0.019522776572668113,0.9495501624799021,-1.493206921192959,-0.28760187036678087,0
rs112402356,23581220,0.00494140108401,-0.9465325463652516,0.8128354819496669,-0.47376428480989546,0.09072144000000001,-0.21015936254980078,0.30599418121465005,-0.17588005102269572,-0.6496443358325912,0
rs112421919,23674914,0.0013725691232400002,-1.0364417164666568,0.9398854094204661,-0.9009335219876428,0.019516089999999996,-1.1675017895490336,0.6720871616398187,-0.09945601400877618,-1.000389535996419,0
rs112427333,23489300,0.0028393658244899997,-1.1324783196992814,0.883150506558632,-0.5071108593583552,0.030206440000000005,-0.9441887226697353,0.5697483022924963,-0.16772932426255882,-0.674840183620914,0
rs112430891,23417141,0.010823073156,1.8804621566026491,0.6647443992947683,0.6288829140774904,0.26666895999999995,-0.6541440743609606,0.1304338071906593,-0.041973805753116475,0.5869091083243739,0
rs112431158,23704338,0.00114148703881,-1.3213322717464977,0.9494949942407735,-0.6639707495317798,0.008836,-2.1904255319148938,0.8190679007289705,1.1101124249516592,0.44614167541987937,0
rs112447671,23744197,6.0641032516e-4,-4.696979541449073,0.9725188208661913,8.930541832714141,0.00369664,-1.2023026315789473,0.9154021911066846,-0.5733020509851946,8.357239781728946,0
rs112457944,23267595,0.004127908301439999,-8.532906451171073,0.8386772350641751,29.6200771838033,0.025792359999999997,-2.0585305105853053,0.6079733269941981,0.8199453372236676,30.440022521026968,0
rs112469282,23726364,2.4822002500000007e-4,1.1624754046334496,0.9885656080925005,-1.5676162097767812,0.00156025,1.4860759493670888,0.9624581180334575,-0.5783923486556077,-2.146008558432389,0
rs112471806,23253383,0.004146728904009999,-8.162158300864508,0.8380608179669057,27.00588564055473,0.02900209,-1.8596594245449205,0.5796925861231159,0.5690006022129208,27.57488624276765,0
rs112477739,23486439,9.636926835599999e-4,-7.725700148823905,0.9570234165535086,26.98711175886793,0.006889000000000001,-2.716867469879518,0.8530785472072342,2.1895151221286224,29.17662688099655,0
rs112506627,23467134,8.5958030596e-4,-12.47917704119569,0.9614875725775376,73.23777520479399,0.0067732899999999995,-1.385176184690158,0.8551889336841604,-0.14573159951940196,73.09204360527458,0
rs112510931,23285929,0.004100596488810001,-8.296549279388593,0.8395733728636751,27.980104325436617,0.025568009999999995,-1.9036898061288308,0.6100535916828954,0.6345547649053229,28.61465909034194,0
rs1125230,23743031,8.90611213284e-5,-0.42538798502101255,0.9958670487518874,-2.6542782397103193,4.7961e-4,-1.0091324200913243,0.9881518127274448,-1.7146488676373295,-4.368927107347648,0
rs112542407,23281644,0.004177967623840001,-8.495711447896877,0.8370396773046194,29.300429426203017,0.02611456,-2.135519801980198,0.6050104545806553,0.9151104073635696,30.215539833566588,0
rs112547903,23540088,0.0011206024051600002,0.6290380398740567,0.9503731761208271,-1.313585856478553,0.012791610000000002,-0.6171529619805481,0.7576961566430727,-0.5644865802013938,-1.8780724366799468,0
rs112552380,23262296,0.0041862582216900006,-8.450989392794272,0.8367690894595069,28.974403837288644,0.026569000000000002,-2.0754601226993863,0.6008802896242995,0.8349094147917648,29.809313252080408,0
rs112562503,22902081,6.217953316000001e-5,6.355150024095163,0.9971109059200841,17.212217500427112,4.1616000000000005e-4,-0.41176470588235287,0.9897031286495304,-2.204055422789396,15.008162077637717,0
rs112640935,23263113,0.00418593472144,-8.451532331356995,0.8367796445538,28.978587999072246,0.026569000000000002,-2.089570552147239,0.6008802896242995,0.8525663937115522,29.831154392783798,0
rs112694198,23403924,0.00202758382369,-2.201398219357876,0.9136741403377259,0.9890898111971154,0.04000000000000001,-1.267,0.5,0.05474865972002729,1.0438384709171427,0
rs112712855,23481420,0.00330466319044,-0.6028107615392911,0.8665571859207409,-0.8495959980379804,0.05579044,0.5148179508890771,0.4175782050901949,-0.21494323363502635,-1.0645392316730067,0
rs112715342,23298883,0.004075647744640001,-8.492719389481335,0.8403936504966314,29.389712571995727,0.025408359999999994,-1.8663739021329988,0.6115426223803808,0.5923230558509887,29.982035627846717,0
rs112737637,22905739,1.68298729e-4,0.5386317736838048,0.9922185783029017,-2.2840748055483524,0.00101761,1.5893416927899688,0.975190899713562,-0.6166028455203207,-2.900677651068673,0
rs112764474,23338022,0.00371510973289,-8.240541281047125,0.8524291150346351,27.986024310745226,0.02119936,-1.3262362637362637,0.6536016062913077,0.04472792153790128,28.030752232283128,0
rs112764517,23275330,0.004178523522250001,-8.494419219851025,0.8370215284648679,29.290641687063275,0.02608225,-2.160990712074303,0.605306266054803,0.9485314864756563,30.23917317353893,0
rs112767056,23503419,0.00286421913856,-1.0851744446769709,0.8822481450841286,-0.5501186115926191,0.03076516,-1.1242873432155074,0.5652499054619534,-0.059247787634928495,-0.6093663992275475,0
rs112768617,23565125,0.0016246623104099998,-2.3476608339473692,0.9296214970464389,1.2348760261503822,0.019740250000000004,-1.9131672597864766,0.6695653265595641,0.6717013555940261,1.9065773817444083,0
rs112798964,23405552,0.0039034629972899996,-1.0683795978405095,0.8460988297659866,-0.4528389230483722,0.059438439999999995,0.7998359310910583,0.40225892522046813,-0.12862873911931555,-0.5814676621676877,0
rs112800077,23779584,1.2805638244e-4,-5.422624202470794,0.9940681773089441,12.051502560069286,7.344099999999999e-4,-0.5867158671586716,0.9819707711490114,-1.8388659025000285,10.212636657569258,0
rs112846656,23500668,9.1304291556e-4,-6.969712012602344,0.9591900000367409,21.69781735555133,0.00632025,-3.0553459119496855,0.8635531975755745,3.034784178837527,24.732601534388856,0
rs112858377,23508489,9.1711459921e-4,-6.946463302282731,0.9590154680455809,21.540575396670288,0.00633616,-3.051507537688442,0.8632566876495592,3.0243680234139028,24.56494342008419,0
rs112920574,23687544,0.0012383572140900001,1.0785813136006228,0.9454428136591223,-0.9043183078389456,0.013456000000000001,-0.6189655172413793,0.7482789583956899,-0.5463772056434576,-1.4506955134824033,0
rs112947531,23266270,0.0041846020322499995,-8.455428708348471,0.8368231300488596,29.007571055861803,0.02608225,-2.1727554179566564,0.605306266054803,0.9639623316991773,29.97153338756098,0
rs112984177,22902022,4.540947902499999e-4,-2.654341960158615,0.9792783920767006,1.5114791216679409,0.00357604,-0.16387959866220736,0.9179356361890617,-1.2377994278456,0.2736796938223409,0
rs112988905,23213052,0.00414003451761,-8.11589743111538,0.838279970332518,26.69688066439944,0.029070250000000006,-2.250439882697947,0.57912053308045075,1.0337676877966813,27.730648352196123,0
rs113003533,23608716,0.00221815566729,-1.2918107832083792,0.9063204958349069,-0.42771538842287604,0.04072324,-1.3850346878097126,0.495520249187223,0.13316968281888503,-0.294545705603991,0
rs113059072,23326326,0.0038099509350400006,-8.149236611540255,0.8492298417999514,27.25270188254612,0.019572009999999997,-1.857755539671194,0.6714562761941388,0.6021409575894635,27.854842840135582,0
rs113072099,23262660,0.004130697170249999,-8.530352183350061,0.8385858361105553,29.598758463872425,0.025792359999999997,-2.068493150684932,0.6079733269941981,0.8324440685109715,30.431202532383395,0
rs113093941,23304672,0.004189649256249999,-8.58021706384458,0.8366584635601572,29.89149430000963,0.025792359999999997,-2.0672478206724785,0.6079733269941981,0.8308784270427629,30.72237272705239,0
rs113108863,23267881,0.004127664159609999,-8.535835970295844,0.8386852372164191,29.641312177740797,0.025792359999999997,-2.0579078455790785,0.6079733269941981,0.8191661701244257,30.460478347865223,0
rs113109708,23485945,5.3117803729e-4,0.10313919634837922,0.9758458320175517,-1.8564587886651256,0.0039312900000000005,1.3189792663476871,0.91051275753568806,-0.4148172105208552,-2.2712759991859808,0
rs113116805,23288463,0.004100558067359999,-8.296150891066844,0.8395746348727487,27.977368889849945,0.02553604,-1.881101376720901,0.6103511899711976,0.6086220627747359,28.58599095262468,0
rs113118278,23243588,0.00386596689361,-1.3863782208505089,0.8473515139852681,-0.12548505023628598,0.08014561,0.7569763334510773,0.33292935130963175,-0.10704320790911946,-0.23252825814540545,0
rs113122435,23347581,0.0022196159238400005,3.3762374556383827,0.9062646054958788,3.981606055835934,0.06275025,0.13253493013972056,0.38929345670691806,-0.24315029359079088,3.738455762245143,0
rs113137390,23331027,0.00282560286096,0.6938393119172855,0.8836509997980886,-0.8628799558450383,0.04084441,-0.22612568035625927,0.494777560996487,-0.3287285499024638,-1.191608505747502,0
rs113158620,23287498,0.00410063491044,-8.297119441815722,0.8395721108524831,27.984036457034296,0.025568009999999995,-1.8955597248280176,0.6100535916828954,0.6251330339213399,28.609169490955637,0
rs113172031,23408754,0.003817509796,-1.128689347101285,0.848975892089161,-0.40438587780834334,0.059829160000000006,0.8675388389206868,0.40068452945011257,-0.10520125481293291,-0.5095871326212762,0
rs113179220,23761508,0.0025376910002499996,-0.0602876398249149,0.8942525970207176,-1.121725884708415,0.024242490000000002,1.1239563262684649,0.6226408721081639,-0.09399477271755019,-1.2157206574259654,0
rs113194579,23153875,6.249202893609999e-5,-27.001375046014076,0.997096428354553,360.5577606725853,3.1684e-4,-4.98314606741573,0.9921412491653612,9.89523531126137,370.4529959838467,1.5733994114523842e-241
rs113194611,23291537,0.004159024590250001,-8.469061334615176,0.8376585956909366,29.131504478040974,0.026049959999999997,-2.1493184634448577,0.6056021835592331,0.9336132000057635,30.065117678046736,0
rs113205632,23698354,0.017672511844,-4.31971294889347,0.5483928403765564,4.719011957797841,0.14899600000000002,-0.022797927461139896,0.21164469089292898,-0.11884819474601903,4.600163763051822,0
rs113218179,23490477,9.568257427600001e-4,-7.767597938744237,0.9573165816141351,27.303152133737065,0.00683929,-2.633615477629988,0.8539839096621662,1.9995672881644562,29.30271942190152,0
rs113230093,23509248,0.002873281609,-1.070802007350335,0.8819195681320495,-0.5625826725553346,0.03059001,-1.133218982275586,0.5666524200804052,-0.054264230789394796,-0.6168469033447294,0
rs113230097,23316504,0.004132908371290001,-8.443714738589184,0.8385133830872694,28.97979214630419,0.02611456,-1.665222772277228,0.6050104545806553,0.3743889858373919,29.354181132141584,0
rs113232130,23578581,2.9304304224999993e-4,-7.4653153021584835,0.9865286268119909,25.336486010209267,0.00203401,-0.6873614190687362,0.9516103745514644,-1.2894332786485627,24.047052731560704,0
rs113256550,23213734,0.00413990583241,-8.11603910969645,0.8382841841888496,26.697970323192592,0.029480889999999996,-2.316249271986022,0.5756978645495187,1.1156578517983438,27.813628174990935,0
rs113257715,22905629,4.5480254121e-4,-2.700709459301044,0.9792467656922674,1.6337039067518262,0.00357604,-0.19397993311036787,0.9179356361890617,-1.2328555680585165,0.4008483386933097,0
rs113259769,23256169,0.004196565004810001,-8.403078685229751,0.8364329413635482,28.625722976640397,0.02650384,-2.2180589680589677,0.6014690279538746,1.0195642959119258,29.645287272552324,0
rs113290925,23507154,9.1830817296e-4,-6.978312807719215,0.9589643177580272,21.752613951042463,0.00633616,-3.0427135678391957,0.8632566876495592,3.001236026003391,24.753849977045853,0
rs113295903,23492193,0.00283597786521,-1.1231477882371055,0.883273657842478,-0.5168539042360494,0.03013696,-0.9625576036866359,0.5703127138672677,-0.158146535810067,-0.6750004400461164,0
rs113305591,23533678,1.7682084675999999e-4,1.5996360190713976,0.9918277716835309,-1.1345448285468056,0.0010562500000000001,-1.72,0.974273100928604,-0.3889643180911073,-1.523509146637913,0
rs113332561,23499180,0.00284883725025,-1.1032084609691895,0.882806405254717,-0.534745913872718,0.030870489999999997,-1.0887877063175868,0.5644098128854479,-0.08098445483342165,-0.6157303687061396,0
rs113369120,23616668,0.0014581094990400003,-1.7997470224065868,0.9363773437099586,0.13911211774874643,0.01605289,-1.3212312549329122,0.7136117334895667,-0.002344521565250224,0.1367675961834962,0
rs113375428,22912314,4.5272349528999997e-4,0.23492877385758534,0.9793396752381888,-1.9127444210924203,0.00334084,-0.23875432525951557,0.9229170454472041,-1.255131742701354,-3.1678761637937742,0
rs113393001,23548714,2.4421875624999994e-4,4.66832186850104,0.9887478547344483,8.53040600520389,0.00140625,-0.10666666666666667,0.9660377358490566,-1.6857569429832824,6.844649062220608,0
rs113393234,23749685,0.0025744867123599995,-0.1037724135484456,0.8928835353935436,-1.1121116874647725,0.024429689999999997,1.1810620601407549,0.6208317935411454,-0.051886187489395774,-1.1639978749541684,0
rs113393402,22895384,2.0230795225e-4,-3.038956656237916,0.9906608209276604,2.2377354550083695,0.00153664,0.6938775510204082,0.9630051925239981,-1.4166617014517793,0.8210737535565902,0
rs113396742,23202452,0.00200675329024,-2.3816656546896207,0.9144851745138303,1.364098674864906,0.04177936,-0.7891389432485323,0.48912097135511945,-0.1835135623668073,1.1805851124980986,0
rs113403127,23302264,0.0041936633222499995,-8.580788622343015,0.8365275502732084,29.891178496110744,0.025760250000000002,-2.098442367601246,0.6082701936200061,0.870655372829805,30.76183386894055,0
rs113419362,23015139,0.00144927160249,-1.908080789507556,0.9367385780076216,0.3249861418330595,0.028123289999999995,-0.38998211091234347,0.5871707018260569,-0.3977103111093328,-0.07272416927627329,0
rs113424631,22868389,2.8021086025e-4,-1.8431076197019025,0.9871109269901278,-0.4990572261394828,0.00221841,0.2823779193205945,0.9474539661725774,-1.4352591238768304,-1.9343163500163132,0
rs113432205,23304107,0.0041679806880100005,-8.459972831432514,0.8373658625534386,29.05748874095784,0.025376489999999998,-2.0646578782172003,0.6118407396909807,0.8309112913280903,29.88840003228593,0
rs113437574,23361705,7.088799750400001e-4,-1.0714972506835732,0.9680236109375542,-1.1656817138466709,0.0032376099999999997,-1.421792618629174,0.9251205142929962,-0.36087475725292417,-1.5265564710995951,0
rs113525358,23549582,2.9451021769000003e-4,-7.363428178517944,0.9864620929240336,24.59189330627735,0.00203401,-0.5254988913525499,0.9516103745514644,-1.3828417522209997,23.209051554056348,0
rs113528888,23298879,0.004131147076,-8.416342533528331,0.838571093319346,28.788171694796226,0.025632009999999997,-1.886945658963148,0.6094587077250873,0.6148975560755489,29.403069250871773,0
rs113556001,23514899,9.73190416e-4,-7.260033337607385,0.9566182329054521,23.641899098582737,0.006789760000000001,-2.9733009708737863,0.8548879070976214,2.8137018585477556,26.455600957130493,0
rs113559625,23461133,7.567395792099999e-4,-12.17060660368099,0.9659382790196231,69.84936853658103,0.005745640000000001,-1.4076517150395778,0.8744002707143238,-0.17102280095831857,69.67834573562271,0
rs113585740,23342476,7.014287402500001e-4,-1.0029753251902056,0.968349085390855,-1.2394341342967932,0.00319225,-1.2424778761061945,0.9260920651274245,-0.587639639793947,-1.8270737740907401,0
rs113637765,23262563,0.0041862582216900006,-8.450850292034316,0.8367690894595069,28.973420190646067,0.026569000000000002,-2.076073619631902,0.6008802896242995,0.8356746217848561,29.809094812430924,0
rs113640747,23495995,9.6389137156e-4,-7.758369676550734,0.9570149367911894,27.229013812666178,0.006789760000000001,-2.75,0.8548879070976214,2.2674205083553196,29.496434321021496,0
rs113688526,22893628,2.6452745448999997e-4,-3.1397969786587803,0.9878235444719696,2.6650172719155343,0.0019891600000000002,0.8183856502242152,0.9526268208270896,-1.2058362026106626,1.4591810693048717,0
rs113689750,23537093,0.0011055957502500002,0.4982030345408339,0.9510051974240767,-1.389997804817594,0.01263376,-0.5827402135231317,0.7599685069050739,-0.5844551793658957,-1.9744529841834897,0
rs113690117,23559682,0.00195234957316,-1.420297202243275,0.9166101830611801,-0.31760127660382076,0.036710559999999996,-1.1560542797494782,0.5214405943588472,-0.020044824181131515,-0.3376461007849523,0
rs113739048,23479654,0.00284154029721,-1.1279384535728556,0.8830714832321565,-0.5113545412970103,0.030171689999999998,-0.9591249280368451,0.5700304496015416,-0.15982905844530565,-0.6711835997423159,0
rs113742951,23335257,0.004196837088999999,-8.571785808005187,0.83642407119813,29.823104414356983,0.027922409999999998,-1.9491322561340514,0.5889072546159656,0.6741954332363479,30.497299847593332,0
rs113781073,23259140,0.0041356217574399995,-8.514075834100465,0.8384244923885497,29.477089447103037,0.02601769,-2.0384376937383757,0.6058982069805836,0.7932496448879959,30.270339091991033,0
rs113784234,23391460,0.00194404273569,-2.389314898857598,0.9169355174315261,1.3732434799151023,0.03728761,-1.0906266183324702,0.5175473791982959,-0.05663366481017795,1.3166098151049244,0
rs113806824,23301055,0.00419516585401,-8.580734011526925,0.8364785577865474,29.88913269042273,0.025953209999999997,-2.212290502793296,0.6064905711185248,1.0178268272782158,30.906959517700948,0
rs113811657,23445366,3.684633811600001e-4,-3.880507830000937,0.9831200312237565,5.3612645264581396,0.00179776,1.3820754716981132,0.9569890826685449,-0.659162625186405,4.702101901271734,0
rs113826045,23423675,1.2397040964e-4,-5.324486716602899,0.9942563604794435,11.513831748020626,6.3504e-4,-0.8849206349206349,0.9843721084069315,-1.6939257342807694,9.819906013739857,0
rs113826996,23537751,0.0018883804802500002,-1.5083476199790589,0.91912148278044,-0.21185111189694594,0.03059001,-1.6906803887935964,0.5666524200804052,0.39175211494041917,0.17990100304347323,0
rs113828431,23298994,0.004073515740809999,-8.479461520021434,0.8404638219590749,29.29746483416331,0.025376489999999998,-1.8719397363465162,0.6118407396909807,0.5988236471088038,29.896288481272116,0
rs113828785,23305816,0.0041648565744900005,-8.618315134104071,0.8374679520390446,30.193174994548503,0.025632009999999997,-2.1430356027482826,0.6094587077250873,0.9293897298690458,31.12256472441755,0
rs113830119,23305028,0.00418885961796,-8.579588822244265,0.8366842213590376,29.88785365477197,0.025792359999999997,-2.068493150684932,0.6079733269941981,0.8324440685109715,30.72029772328294,0
rs113846935,23176861,0.0036226194192399996,-7.604148321431776,0.8555723876419596,23.76842333041274,0.019516089999999996,-1.6692913385826773,0.6720871616398187,0.37889299865887405,24.147316329071614,0
rs113848339,23402521,0.0131905225,1.1435524597300828,0.6193266205009103,-0.07795627416403855,0.10439361,0.24512534818941506,0.2770205689850126,-0.1538646639721076,-0.23182093813614615,0
rs113879696,23745543,0.0025559596922499995,-0.11898232670378686,0.8935723476548858,-1.1138198628340985,0.023592959999999996,1.2389322916666667,0.6290004428163118,-0.013034076385352145,-1.1268539392194508,0
rs113901618,23009067,1.9518325264000002e-4,-4.075929796432559,0.9909867552958564,5.877202342742896,0.0018318399999999997,-1.5420560747663552,0.9562094328148129,-0.4272655576858815,5.449936785057014,0
rs113933903,22860970,0.0013611524784399999,-1.3701733082523353,0.9403556025450456,-0.5269775291145518,0.026699559999999997,0.20563035495716034,0.5997041059941026,-0.4450967380681363,-0.9720742671826881,0
rs113937247,23142368,0.0019361144016900001,-2.0216425423794298,0.9172462433179418,0.6284674530355583,0.03833764,-0.8646578140960164,0.5106102251740032,-0.16642344891194258,0.4620440041236157,0
rs113952113,22897195,8.51565376809e-5,7.548675069326823,0.9960475278518878,25.611929770553868,5.76e-4,1.0041666666666667,0.9858044164037855,-1.6303939046169238,23.981535865936944,0
rs113955086,23249165,0.00393338445889,-1.2841986265221226,0.8451018560360655,-0.23563708565971542,0.07845601,0.7600856836843984,0.33767809670442217,-0.10845836620754234,-0.34409545186725776,0
rs113980601,23229673,0.004141501670249999,-8.10804217265304,0.8382319307361175,26.64203354225204,0.028968039999999997,-2.2837837837837838,0.5799787843760675,1.0787634729869535,27.720797015238993,0
rs113984076,23550035,0.0020098185610000004,-1.47135241239321,0.9143657382479374,-0.2390898114668586,0.038103040000000005,-1.315061475409836,0.5121439575207316,0.08398001445709036,-0.15510979700976824,0
rs113996538,23351161,7.398508800400001e-4,-0.8680083234682098,0.9666731244235681,-1.3365312164961836,0.0034809999999999997,-1.0847457627118644,0.91994204365125,-0.7212665738939064,-2.05779779039009,0
rs114014835,23263995,0.0042329207088100005,-8.42003415261701,0.835249380461172,28.706666104904286,0.027522809999999998,-1.874020494273659,0.592392407839662,0.5915019158888177,29.298168020793103,0
rs114139908,23128152,3.2755208256e-4,13.543572912522654,0.9849660743522621,88.23663644012329,0.00207936,-1.3377192982456139,0.9505847997688177,-0.6532162176147656,87.58342022250852,0
rs114188828,23357533,0.00425252668996,-8.576061854215673,0.8346124963903755,29.79265717137091,0.02900209,-1.673517322372284,0.5796925861231159,0.37837653647269587,30.171033707843605,0
rs114274084,23321173,0.0010615215609999999,-7.500905435683374,0.9528662984577466,25.27845222724747,0.011491840000000001,-0.8526119402985074,0.7768221139504823,-0.4675387655796762,24.810913461667795,0
rs114328493,23581922,9.799529376399998e-4,1.6305990889401425,0.9563299453882668,-0.29417577238694337,0.008154090000000001,-0.8205980066445182,0.8306667201062257,-0.6082655877432331,-0.9024413601301765,0
rs114350605,23356672,0.0042466466556899994,-8.573848753113188,0.8348034024490647,29.78325788247576,0.030275999999999997,-1.485057471264368,0.5691843588138199,0.20660085318562005,29.98985873566138,0
rs114421672,23604499,1.4514707529e-4,-6.030072129950115,0.993281821519489,15.557273405879304,0.00104329,-2.479876160990712,0.9745807414561551,1.1606072987044702,16.717880704583774,0
rs114479506,23248070,2.9664895225e-4,-10.948877986471972,0.9863651210572761,56.974141984733976,0.0014976899999999999,-1.5633074935400517,0.9639090754208246,-0.4829936137108699,56.49114837102311,0
rs114558027,23646662,0.00431893438596,0.9375701856095534,0.8324624950385868,-0.5273909991343534,0.026211609999999996,-0.9969116738727609,0.6041236574673234,-0.1631277125613555,-0.6905187116957089,0
rs114621315,23205241,0.004146651630249999,-8.122230935871853,0.8380633470039406,26.733510717884705,0.02996361,-2.345465049104564,0.5717257871627837,1.1485949479501105,27.882105665834814,0
rs114655442,22965176,7.772150336039999e-5,1.2128090127246205,0.9963913736799584,-2.079415173749983,6.300100000000001e-4,2.605577689243028,0.9844939737893247,1.258618797863949,-0.8207963758860339,0
rs114688903,22921922,8.2394832025e-4,0.1879956104443554,0.963024990781358,-1.6317387276091477,0.005314410000000001,-0.03978052126200274,0.8827214124601865,-1.0709030933543389,-2.7026418209634864,0
rs114834251,22850716,0.00535462453009,-0.41581107286201763,0.8003093705075492,-0.7363066970636122,0.11009123999999999,-1.6015672091621458,0.2665045608258017,0.18682748491046464,-0.5494792121531475,0
rs114838565,23533463,9.526976096399999e-4,-1.7470566128206624,0.9574929073079517,-0.11780897971183846,0.010383610000000001,-1.6378802747791952,0.7939089715881812,0.2751720025041512,0.15736302279231273,0
rs115054255,23060485,0.0027628374312899996,-0.44674835957818,0.8859406898057303,-0.9971085143179031,0.03359889,-1.098745226404801,0.5434864574723887,-0.06400886977813175,-1.0611173840960348,0
rs115140622,23719790,0.00356226341409,-1.4084882725388586,0.8576361090319613,-0.12397837124288225,0.046224999999999995,0.7897674418604652,0.4639025804581039,-0.16704410661183727,-0.2910224778547195,0
rs115147760,23360505,0.004227665420249999,-8.546673741358495,0.8354202593823474,29.609720392898733,0.029583999999999996,-1.7982558139534885,0.5748447919061854,0.5017942013979404,30.111514594296672,0
rs115219160,22885619,0.0055879512067600005,-1.306394693963822,0.793405568901663,-0.1114592495475385,0.0576,-1.3345833333333332,0.40983606557377056,0.10130464238957793,-0.010154607157960571,0
rs11526173,23103506,7.23115531044e-5,-9.316432295892808,0.9966417152967167,40.40405020216423,5.904899999999999e-4,-2.4526748971193415,0.9854525037761308,0.8488828229040317,41.25293302506826,0
rs115283770,23277865,0.0042345083436099995,0.20943062494333298,0.8351977712929511,-0.8831881862711115,0.06916900000000001,-0.8330798479087451,0.3664043821964111,-0.10102582031108961,-0.9842140065822012,0
rs11532668,23109033,1.0420122241000002e-4,12.384035893768552,0.9951678554843184,73.64540071435857,8.410000000000001e-4,1.8724137931034481,0.9794079478954971,-0.224555524353667,73.42084519000491,0
rs11537976,23313823,0.00370692234025,28.88173508856934,0.8527064305651424,354.6868412094672,0.016103610000000004,-1.0181245074862095,0.7129665987625395,-0.2545557728805184,354.4322854365867,1.734334233296935e-248
rs115441524,23353979,0.004249957748890001,-8.5764445473887,0.8346958910156184,29.798211311055486,0.02989441,-1.6576055523423945,0.5722918327803326,0.3615735077471245,30.15978481880261,0
rs11547479,23682857,0.0014094618318400002,1.9909356787453254,0.9383691973366495,0.4664688389671636,0.01461681,-0.1273779983457403,0.7323752522346142,-0.6531432864866931,-0.18667444751952944,0
rs11561822,22975908,6.575734062809999e-5,1.6232524241314379,0.9969451754090425,-1.582066988930471,4.5369e-4,-1,0.9887849538571142,-1.7508570213855696,-3.3329240103160407,0
rs115653781,23722143,0.0035255331264399995,-1.5521959977229933,0.858896888645389,0.05554328382798146,0.04524129,0.5928537846732487,0.4692561550863438,-0.2342718410349015,-0.17872855720692005,0
rs1157102843,23495796,0.018323683225000005,-0.48420418867506365,0.5394168505611566,-0.32439680086213174,0.34833603999999996,0.5457472043375128,0.10300357391500416,-0.03901240781835486,-0.3634092086804866,0
rs1157686853,23727431,0.00574471527721,1.7578327543509438,0.7888336557851398,0.4411839816891101,0.12110399999999999,-0.5873563218390805,0.2482868209355448,-0.09987230084007775,0.34131168084903235,0
rs115786207,23609146,0.016244267209,-0.891889559288522,0.5691660759100041,-0.19463988357698062,0.42784681,-1.838403913774652,0.08549807147343808,0.09979230251086713,-0.09484758106611349,0
rs115800865,23719749,0.0035623947216399995,-1.4085326828156781,0.8576316084953844,-0.12391338234507598,0.046224999999999995,0.7860465116279071,0.4639025804581039,-0.16840415155945612,-0.2923175339045321,0
rs1158366765,23491190,7.959708775839998e-5,0.8862181283429653,0.9963046116964936,-2.4090946818803687,4e-4,0.065,0.9900990099009902,-2.305468674262219,-4.7145633561425875,0
rs115859317,23170919,0.0043265611075600004,-8.178485966133852,0.8322162828551319,26.939948763090438,0.033306249999999996,-1.9254794520547944,0.5456560661607981,0.6170516513374417,27.55700041442788,0
rs115915037,23377543,0.0042269892340899996,-8.434183953623226,0.8354422510658432,28.81253712704115,0.031328999999999996,-1.6514124293785313,0.5607817297312454,0.35329220019810487,29.165829327239255,0
rs116069640,23389444,0.00565589731249,-3.647928282031814,0.7914174781126723,4.4821365932512425,0.136161,1.526558265582656,0.22706501439024532,0.13579372955122634,4.617930322802469,0
rs116118056,23576938,0.00210091139449,2.729357247734844,0.9108305503198307,2.1839580503374902,0.01782225,1.2659176029962547,0.6917752249350381,-0.03416170020584708,2.149796350131643,0
rs1162520298,23284144,0.0039010892056899997,-8.033372452516623,0.8461780244784548,26.36810059961258,0.024806250000000002,-1.7257142857142855,0.6172244189410744,0.43892166603242183,26.807022265645,0
rs116315121,23714754,0.0035690229256899997,-1.4100463163674042,0.8574044896546603,-0.12151270029054762,0.046354089999999994,0.8750580585229912,0.46320909640759356,-0.13372755496228364,-0.2552402552528312,0
rs116616384,23270403,0.004249710024040001,-8.534233883214858,0.834703933700829,29.49704902272025,0.02775556,-1.893157262905162,0.5903574555357524,0.6116985016113146,30.108747524331566,0
rs116657884,23741956,7.8361924624e-4,-5.280103739479588,0.9647710172253317,11.775721536028879,0.004774809999999999,-1.7568740955137483,0.8933594581417543,0.25957883328056885,12.035300369309448,0
rs1166949850,22942226,4.1060537956000005e-4,0.9480343871216084,0.9812256763644309,-1.546684845685637,0.0037699600000000006,1.3289902280130292,0.9138687812371772,-0.41889728632806245,-1.9655821320136995,0
rs116728820,23343070,0.004092519139839999,-8.276955205962533,0.8398387687472291,27.85204479000979,0.028696359999999997,-1.2768595041322315,0.5822724813949386,0.03819688482923628,27.890241674839025,0
rs116739163,23255347,0.00419773114201,-8.394734364461128,0.8363949256691067,28.565879786532545,0.026961640000000005,-2.0834348355663823,0.5973569345075778,0.841621434549864,29.40750122108241,0
rs116812605,23354045,0.004249957748890001,-8.5764445473887,0.8346958910156184,29.798211311055486,0.02989441,-1.6581839213418161,0.5722918327803326,0.3621222640325521,30.16033357508804,0
rs116855827,23650367,0.0011688672076900003,3.378894196035532,0.9483461360049383,3.9320036853478744,0.01442401,-0.4454621149042465,0.7349697311903332,-0.5910332098039975,3.3409704755438767,0
rs116859589,22917555,0.001739307025,-3.27238940175039,0.9250275537997662,3.6575264553746796,0.021933610000000003,-0.007427413909520594,0.6458528737465812,-0.519003605938664,3.138522849436016,0
rs116861896,23489286,0.0010756628872900002,-1.2334490948950065,0.9522683658633752,-0.796691495485541,0.011193640000000001,-2.1408317580340266,0.7813470579548553,1.0303847589472677,0.2336932634617267,0
rs116863286,23464032,0.00241596825625,1.7176745842022278,0.8988116158036952,0.18054392713568035,0.04024036,-1.198903290129611,0.4985022499899054,0.013187785924339834,0.19373171306002018,0
rs116872778,23351084,6.0509604169e-4,5.551025054169529,0.9725767479551045,13.186249183435123,0.00535824,-0.009562841530054645,0.8818684322848506,-1.067937824979517,12.118311358455607,0
rs116876691,23047742,0.00220951703025,3.467062365042389,0.9066512749385572,4.263504012551023,0.026308840000000003,1.2663378545006165,0.6032378186679183,0.02147046161943328,4.284974474170456,0
rs116884754,23463246,0.0011854799886399999,3.5929458508079977,0.9476504261731735,4.641827075400065,0.012566410000000002,-2.119536128456735,0.7609422062491998,0.9937161206352866,5.635543196035352,0
rs116885101,23289260,0.0017259205536400003,3.621131228908006,0.9255616221994314,4.76936385331202,0.01352569,1.5554600171969046,0.7473047054601258,0.21624993357153766,4.985613786883558,0
rs116887923,23400566,9.809361360099999e-4,0.24711413510260252,0.9562880459314637,-1.5358687789082612,0.0038316099999999996,0.6397415185783523,0.9125834072716015,-1.0317889377471268,-2.567657716655388,0
rs116889372,23340328,3.6941993208999997e-4,-5.235298096283617,0.9830769514991569,11.432717308010265,0.0017892899999999998,1.264775413711584,0.9571830485753646,-0.8098283879365122,10.622888920073752,0
rs116903350,23774715,0.00159256066761,-7.255386913040101,0.9309160347023026,23.16579126817513,0.00986049,0.2719033232628399,0.8022384055993033,-0.7806912100923622,22.38510005808277,0
rs116909631,23755221,0.016023255889,-1.8528001390392075,0.5725220337132509,0.5577701197096161,4.7089,-0.6154377880184332,0.008423003221798734,-0.0026341747777160534,0.5551359449319,0
rs116921120,23323194,0.00157210664004,4.0190618868191015,0.9317427502991619,6.1829185648184914,0.01281424,1.4037102473498235,0.7573714967781418,0.03805143024828361,6.220969995066775,0
rs116922179,23156994,5.5737071569e-4,-3.736207415063091,0.9746849284824729,4.964755596465321,0.0027248400000000005,-0.5421455938697317,0.9362235177475211,-1.2385971148477015,3.7261584816176194,0
rs116922788,23192511,3.1585464729000004e-4,-3.6427699284842143,0.9854951736503468,4.422011584582723,0.00219024,-1.4230769230769231,0.9480865716810333,-0.5190811153299231,3.9029304692527997,0
rs116926160,23630246,0.00182803278025,3.3739752780344046,0.9215032607670058,3.972713466271553,0.01454436,1.791044776119403,0.7333480491841871,0.5153265997752144,4.488040066046768,0
rs116932565,23107957,2.7654359616e-4,-1.5325443786982247,0.9872774668255628,-1.02278481732006,0.00268324,-2.833976833976834,0.9371359812422861,2.3798778725133687,1.3570930551933087,0
rs116973377,23267018,0.0018086988294399998,-3.9764583059009424,0.9222689381669709,6.0143098107685,0.028866009999999998,0.279576221306651,0.5808380651064292,-0.4120489939270784,5.602260816841422,0
rs116981,23630468,1.3677770303999998e-4,5.301234694575553,0.9936667472028387,11.431582006666813,8.2944e-4,0.7638888888888888,0.9796852467239325,-1.6623679257239417,9.769214080942872,0
rs116993342,23342131,0.00315556321536,1.644909424933778,0.8718060513564645,0.1523291239975153,0.059340960000000005,0.6564039408866994,0.4026536486057715,-0.1708841799823747,-0.018555055984859403,0
rs117001241,23646594,0.004046740996,-0.4533766152104883,0.8413460681551022,-0.8340454974748464,0.08538084000000001,0.3764544832306639,0.3190280109783919,-0.16951105059096572,-1.003556548065812,0
rs117013275,23638254,7.4072154244e-4,2.623555088513459,0.9666352136359676,1.626567932115032,0.007726410000000001,1.2491467576791808,0.8381103879382505,-0.25654013492692074,1.3700277971881112,0
rs1170135935,22843821,0.010398084841,-2.0087377783879727,0.6736121266945827,0.7991873103603996,0.22629049,0.026487281900357366,0.15021189829197432,-0.08133143380313733,0.7178558765572622,0
rs117014922,22895026,0.0010655197492899999,1.1572867108016285,0.9526971683813658,-0.8876129321645817,0.01030225,-0.0857142857142857,0.795193057964604,-0.7899226275112398,-1.6775355596758215,0
rs117020636,23752482,9.710702439999999e-4,-11.510557730569284,0.9567086520119907,61.8086694247355,0.00820836,-1.2582781456953642,0.8297316067171753,-0.2283476049862022,61.580321819749294,0
rs117032690,22938840,6.0433372224e-4,1.0807177259266492,0.9726103503731738,-1.230814523973392,0.006740410000000001,-1.956151035322777,0.8557905247300996,0.6691085467331229,-0.5617059772402692,0
rs117037465,23051419,0.0128686336,-0.6730668194640338,0.6251338572309186,-0.34899439491214457,0.13586595999999998,-1.424036896364623,0.22744594803906346,0.1015900163855834,-0.24740437852656116,0
rs117037468,23739011,0.0012173260560400002,2.0702661492338823,0.9463196268215507,0.5656099556275556,0.007242009999999999,1.164512338425382,0.8467040246594081,-0.363589372200229,0.20202058342732654,0
rs117043456,23070940,0.00442807731844,-20.758808484036077,0.8289528685893183,177.72664655665727,0.04247721,-1.2508491023774866,0.48498245757828135,0.04763031153845193,177.77427686819573,0
rs117047908,23417649,0.00405746068324,-1.4443814738878022,0.8409926248724503,-0.04214702722152763,0.03378244,0.08161044613710555,0.5421344157227656,-0.3887844316117134,-0.430931458833241,0
rs117060890,22867199,0.00372070720576,1.9504701824334072,0.8522396265787828,0.6650203570938202,0.05963364,-1.334152334152334,0.401470828527393,0.10066149282069764,0.7656818499145179,0
rs117066934,23622303,0.0011675888999999999,-6.1840796019900495,0.9483997112855681,16.652635450097307,0.007413209999999999,-2.362369337979094,0.8436467389573498,1.426288504531401,18.078923954628706,0
rs117078487,23018223,0.00653887328689,-1.8498997691165213,0.766459216331855,0.5842619380944827,0.10543008999999999,1.0911610717585465,0.2750462438687895,0.0029157909436708096,0.5871777290381535,0
rs117093507,23023837,0.012876802575999999,0.5813229229088089,0.6249851332202317,-0.38479221006981845,0.51308569,-0.7576434454837357,0.07232152399386793,-0.01677790758959094,-0.4015701176594094,0
rs1171129906,23192549,0.022282727075999997,1.8000991465359006,0.49059556614356514,0.45759586689628984,0.817216,-0.5757743362831858,0.04666268478423175,-0.016158528204176355,0.4414373386921135,0
rs117138956,23571292,0.0012566528704900002,3.588082134202932,0.9446813672009449,4.633748696451583,0.015725160000000002,-2.430622009569378,0.71780861643107,1.4877942575960277,6.1215429540476105,0
rs117139140,23777922,5.2349897601e-4,-0.9939991521016079,0.9761867053249556,-1.3865026461851762,0.0035164899999999997,-1.2006745362563238,0.9191917822416285,-0.5952759806980895,-1.9817786268832656,0
rs117140374,23736644,3.3073787044e-4,-5.122021092916607,0.984822072969398,10.82449628304784,0.00237169,-0.8993839835728953,0.9440265422502618,-1.0596312882228864,9.764864994824952,0
rs117151817,23358880,9.589179289600001e-4,-13.57755502738452,0.9572272424827836,86.656494382692685,0.00923521,-0.2643080124869927,0.8124267165713318,-0.8084152850127609,85.84807909767993,0
rs117154014,23589354,0.0017988540864100004,2.094155315953401,0.922659306062904,0.7433874494306778,0.036252160000000005,1.2053571428571428,0.524575303834016,0.009300627347445467,0.7526880767781232,0
rs117162588,23298910,0.00375028860816,29.025336546940217,0.8512396195033671,357.6192807024673,0.016230760000000004,-1.04160125588697,0.711354425940535,-0.23539185702474968,357.3838888454425,3.3189282960174124e-247
rs117163136,23472461,9.662337064899999e-4,-7.742461628539166,0.9569149801106379,27.109184981974742,0.007157159999999999,-2.8250591016548463,0.848227501401696,2.442148125532988,29.55133310750773,0
rs117165885,23504987,0.0017476162202500001,2.217158439880874,0.924696358974985,0.9796938768630918,0.03568321000000001,1.4235044997353095,0.5285188088613049,0.15954798949492055,1.1392418663580124,0
rs117166983,22952432,0.00213195516361,3.3308788017265463,0.9096320213528098,3.844138921636855,0.02544025,1.1404388714733542,0.611244608631538,-0.07490985408529383,3.769229067551561,0
rs117172555,22951617,0.00390573751681,-1.4319995391697695,0.8460229608858925,-0.06803895639922675,0.08678915999999999,-0.32620502376103194,0.31548438368075005,-0.17273660808159755,-0.2407755644808243,0
rs117173417,23192207,5.6259570481e-4,4.320357855061954,0.9744536785570236,7.260697694923628,0.00416025,1.1968992248062016,0.9057919735508745,-0.5323207605564416,6.728376934367187,0
rs117176484,23222085,5.018764867600001e-4,-7.160642068331354,0.9771478075914689,23.162172567594318,0.0029376399999999996,-1.2822878228782288,0.931583570964776,-0.5751873852554231,22.586985182338896,0
rs117192443,23545627,0.0026973065473599998,-0.1855644297938216,0.8883439599396313,-1.0808714140341331,0.046569639999999995,0.35773864689527346,0.4620557507227708,-0.28043393461043487,-1.361305348644568,0
rs117200168,23012595,0.004253491873439999,2.7703514937410687,0.8345811682868852,2.303004230641402,0.062001,-1.3775100401606426,0.3921530181076657,0.1231457734245765,2.4261500040659785,0
rs117205573,23346316,0.0016182276198399997,-3.096934412536791,0.9298806951490101,3.130465588413859,0.015129,-2.2934959349593496,0.7255709336283989,1.2617651661946119,4.392230754608471,0
rs117207752,23287271,0.0010077005824900003,-15.67563310578592,0.9551488751886499,115.80000139249486,0.00889249,-0.8271474019088018,0.8181215560917433,-0.5723400849273428,115.22766130756752,0
rs117213652,23189630,0.00207326319561,3.851593675809466,0.9119006462642657,5.549274886730544,0.021315999999999998,1.5945205479452056,0.6523582751647204,0.3010176521812872,5.850292538911831,0
rs117216056,23560650,0.00207696213169,-14.30408327610003,0.9117573369632738,92.0620424405166,0.02146225,-0.8750853242320821,0.6508059825339945,-0.27687853775000726,91.7851639027666,0
rs117218924,23430223,0.0021432455430400003,-20.888040228792615,0.9091969074218541,197.14642247390998,0.018604959999999997,1.315982404692082,0.6825360856828502,0.017315741894189496,197.16373821580416,8.6750215e-317
rs117219133,23394890,1.9244070729000003e-4,-6.633953994651211,0.9911122759760643,19.447559203707403,0.00126736,-2.3455056179775284,0.9692890458706348,0.9246537946062692,20.37221299831367,0
rs117220543,23335548,0.00266855929561,2.4593432588500157,0.889402351871411,1.5887886971825576,0.037403559999999995,0.08014477766287488,0.5167720967872795,-0.3619737821667195,1.226814915015838,0
rs117247257,23323204,0.019672306563999997,1.338105491308874,0.5217307387649625,0.09829560763707962,0.66341025,0.41780233271945977,0.056865819057939526,-0.024310143193517583,0.07398546444356204,0
rs117256703,23069162,4.6102531225000005e-4,0.28029434366485806,0.9789687843980092,-1.8924174421833315,0.00341056,-0.363013698630137,0.92143478453169,-1.2112002623206666,-3.103617704503998,0
rs117262166,23218218,0.0016461764436100001,2.5211038841005493,0.9287559266986442,1.630748163841682,0.021550240000000005,-0.5803814713896457,0.6498756138075172,-0.4152804865359885,1.2154676773056936,0
rs117263884,23399965,0.0017219097168100002,2.1304418026841203,0.9257217591542697,0.800856143080215,0.023901159999999998,0.10090556274256145,0.6259667273645737,-0.488518485117869,0.312337657962346,0
rs117268956,22928283,0.012296813881,1.062538889540179,0.6357232487012844,-0.14605845421615266,0.26904969000000006,0.8278388278388278,0.12942902482769034,-0.02495303106382571,-0.17101148527997836,0
rs117302461,23603457,0.0021468766233599997,3.2411340170586005,0.9090570595988199,3.576037851428935,0.018550439999999998,1.2701908957415566,0.6831716379928144,-0.023588141861864975,3.5524497095670697,0
rs117310933,23022831,8.626027740099999e-4,-0.11917494322457192,0.9613573875549222,-1.6198729115642831,0.005898239999999999,0.24869791666666669,0.871493111718445,-0.9989351760387277,-2.6188080876030106,0
rs117333076,23377776,0.006295470336,-1.2144484775156283,0.773180723540048,-0.17162449263194757,0.077061760000000007,-1.1822766570605185,0.3416999710238425,0.029763126833938808,-0.14186136579800876,0
rs117338323,23174835,7.152308384400001e-4,-4.289667137803902,0.9677463740365527,7.186806248945719,0.005520490000000001,-1.8344549125168237,0.8787251631078663,0.4237059021888514,7.610512151134571,0
rs117346250,23435090,0.00329609181456,2.054288680336378,0.8668572168994704,0.8209463449108303,0.07672900000000002,-0.08628158844765342,0.34267405700382936,-0.20851211707739037,0.6124342278334399,0
rs117369149,23772768,0.0013073503432900003,-0.5038982446145037,0.9425777843536672,-1.3089954249014613,0.013087360000000001,-0.029720279720279717,0.753475026823711,-0.6998132194135579,-2.0088086443150193,0
rs117370271,23714977,5.4696580129e-4,3.274349753926276,0.9751457609405384,3.38008397730235,0.0037088100000000003,1.045977011494253,0.9151473124068122,-0.7328026535206376,2.6472813237817125,0
rs117381361,23584830,0.0020841690172899996,1.840044509963266,0.9114782471632877,0.33077154504650164,0.01752976,-0.7643504531722055,0.6952923147949862,-0.39109530947631493,-0.0603237644298133,0
rs117390837,22979138,0.0017238273610000001,-2.5705098870396688,0.9256451882440412,1.7586566014004483,0.026569000000000002,0.30122699386503066,0.6008802896242995,-0.4319856922647894,1.326670909135659,0
rs117398425,23264688,3.5348888169e-4,-6.0343699637791,0.9837949230957073,15.850552318338584,0.0016728099999999998,1.1075794621026895,0.9598584784659351,-1.0189273327029031,14.831624985635681,0
rs117398845,23334323,0.00869024806225,2.7091389861780812,0.7117683788241405,1.9899930954170473,0.07017201,-1.5537938844847112,0.36306862332819384,0.2127271502727418,2.202720245689789,0
rs117398992,23248208,9.602871322499999e-4,-14.115333107443083,0.9571687847090602,93.77916834731927,0.0071233600000000005,-2.5959715639810423,0.8488359064379111,1.9154869404375132,95.69465528775679,0
rs117402302,23520939,7.149741209999999e-4,-0.9945734694640788,0.9677575775507159,-1.2385946414595044,0.00571536,-0.7407407407407407,0.8749794379832073,-0.7995893010091212,-2.0381839424686254,0
rs117406871,23448547,0.005968211417639999,0.7907440631059541,0.7824059151345915,-0.5179520856404654,0.14371681,-0.4220522289633342,0.21772640184640701,-0.10338377153706649,-0.6213358571775318,0
rs117416732,23345366,7.6559569636e-4,3.6461578494654745,0.9655533862240915,4.734086555351999,0.00525625,-0.7793103448275863,0.8838558210191964,-0.8080677712383977,3.9260187841136007,0
rs117424211,23007231,5.323264128400001e-4,3.7599838767000975,0.9757948761214843,5.037044195391651,0.0030030400000000002,0.698905109489051,0.9301667975101295,-1.1036443296066523,3.933399865784999,0
rs117432643,23792076,0.004412838612639999,1.2123749796776118,0.8294411095829206,-0.274759032271194,0.026471290000000005,-0.8647818070067608,0.6017635583723439,-0.23534097928045053,-0.5101000115516445,0
rs117435549,23253551,2.0760199056e-4,-6.857340162682879,0.9904187728198904,20.962312685350007,0.0014592399999999999,-2.6335078534031413,0.9648030209912193,1.6722323713613632,22.63454505671137,0
rs117444157,23402695,5.675829760000001e-4,5.584494627266621,0.9742330519917153,13.362167278511562,0.004303360000000001,1.6204268292682926,0.9028660580145614,0.019533018538629987,13.381700297050191,0
rs117463464,23061055,5.0448304449e-4,2.895804672160707,0.9770318478892497,2.2097171520605468,0.00455625,0.711111111111111,0.8977416187403564,-0.9131417120013684,1.2965754400591782,0
rs117471924,23756827,0.0018531733522500003,1.6409398701464624,0.9205095246409281,-0.026738558894156217,0.02611456,-0.10952970297029704,0.6050104545806553,-0.4608189095121031,-0.4875574684062593,0
rs117478640,23027255,0.005682476076839999,0.8217921472177782,0.7906424966069667,-0.514878798685126,0.15800625000000001,-0.7242767295597483,0.20201382532117043,-0.059846122222743894,-0.5747249209078699,0
rs117478655,23709792,0.0012264704409999997,3.57588304160361,0.9459381871434408,4.5890135954803135,0.014113440000000001,0.1414141414141414,0.7391878986070743,-0.6645863996901565,3.924427195790157,0
rs117501931,23577971,0.00102656800801,-12.686196360186141,0.9543474536819399,75.25279032586204,0.0083356900000000015,-1.5487404162102956,0.8275458569020118,0.11366249640592163,75.36645282226796,0
rs117513993,23614522,0.00339981120241,2.364327989860722,0.8632405367614392,1.4180116993816498,0.08398404,0.07384403036576949,0.3226221697566881,-0.19388341362683648,1.2241282857548135,0
rs117517207,23053991,0.00110733876289,4.765436476573699,0.9509317454395918,9.290265968733342,0.01240996,0.6427289048473968,0.7632137097605113,-0.5626566751839193,8.727609293549422,0
rs117525978,23330428,0.001628283904,4.057816217287867,0.9294756778631292,6.326415163156316,0.01340964,1.5379965457685665,0.7489284705907023,0.19476149847384827,6.5211766616301645,0
rs117550784,23217365,0.0020737731976900003,1.7018294329877663,0.9118808843803664,0.10597248973804962,0.03697929,-1.3520540821632865,0.5196202770901109,0.10835678719061753,0.21432927692866716,0
rs117551118,23556362,7.322706602500001e-4,-3.604416030745921,0.9670033115715203,4.575889990185093,0.007832249999999999,-0.9175141242937853,0.8362558733908608,-0.5527315890067523,4.023158401178341,0
rs117553971,23381067,7.672789200400001e-4,-0.17007306911963263,0.9654802668801162,-1.6691488865966044,0.004774809999999999,-3.3386396526772795,0.8933594581417543,3.859776418905975,2.1906275323093705,0
rs117568325,23599791,0.007027318006810001,1.6751462201073373,0.7533174643454271,0.3571211401306825,0.07628644,1.2107168718320056,0.34397819728594325,0.04132707215575168,0.39844821228643423,0
rs117574942,23507672,0.00409173870889,2.7243550159692465,0.8398644201043506,2.200915937698923,0.09560463999999999,-0.045601552393272966,0.2949751571922613,-0.1744544187299551,2.026461518968968,0
rs117580079,23694664,0.0018367310204100002,2.9755396422063085,0.9211592011305245,2.8077339911439063,0.013994890000000001,1.893491124260355,0.740810843396477,0.6529191831128843,3.4606531742567905,0
rs117582415,23243814,0.00354176146129,3.02412762317959,0.8583393887462357,2.9477455832786204,0.06791236,-0.06331542594013814,0.3706711631549899,-0.2308077016281509,2.7169378816504697,0
rs117596074,23123453,3.7763371584e-4,4.66360997900457,0.9827071866089754,8.657843950473836,0.0027248400000000005,-0.7164750957854407,0.9362235177475211,-1.1358865053154517,7.521957445158384,0
rs117597109,23537362,0.00678532760361,2.093219752564854,0.7597714786909453,0.9514132351527228,0.061058409999999994,1.330635370295427,0.3958106999704429,0.09847547059035822,1.049888705743081,0
rs117603007,22908759,0.0026315566216900004,1.5945862175844612,0.8907684029750697,0.02533827374541775,0.03301489,-0.46285085305448537,0.5478334624622458,-0.3381709293735546,-0.31283265562813684,0
rs11760419,23647800,7.464718081959998e-5,1.767331878062839,0.9965336203486611,-1.276004847800611,4.4100000000000004e-4,0.7476190476190475,0.9890952251428007,-1.9828576685311234,-3.2588625163317344,0
rs11760592,23061607,6.45250725625e-5,1.6407207992281598,0.997002250073792,-1.5629991962021832,4.4521000000000003e-4,-1.1706161137440758,0.9889922688001866,-1.5769498441427099,-3.1399490403448933,0
rs11760896,23509023,0.00102542129284,-0.44973799426647765,0.9543961236996903,-1.4473611652270526,0.006972250000000001,-0.9281437125748503,0.8515666164597183,-0.587018157818711,-2.034379323045764,0
rs117609665,23424245,0.0020383238448400003,3.628150208869535,0.9132565407876099,4.788414206174778,0.019376639999999997,1.2722701149425288,0.6736656031732345,-0.014694762676085715,4.773719443498693,0
rs11761205,22870821,6.93362643856e-5,-1.349155261779979,0.9967794482984526,-1.9619223950955156,4.5369e-4,-0.004694835680751174,0.9887849538571142,-2.245238601171211,-4.207160996266727,0
rs11761252,23037559,3.0851868608999995e-4,0.6584684053812476,0.9858272845447124,-1.9145004918487434,0.00234256,0.29338842975206614,0.9446759950272255,-1.406616859656825,-3.3211173515055683,0
rs117613807,22893404,4.4304356196e-4,0.838088994042359,0.9797724896537441,-1.6062631029015548,0.0032604099999999996,0.13835376532399302,0.9246329380604577,-1.2838429189389653,-2.89010602184052,0
rs11761484,22953748,5.91579416164e-5,5.754425060651999,0.9972509144278615,13.562944622634156,3.8808999999999995e-4,-0.2588832487309645,0.9903909791228057,-2.289338206139592,11.273606416494564,0
rs11762106,23494460,6.11528692009e-5,-4.419727290048759,0.9971584730258678,6.8075346282444755,3.4969000000000005e-4,-0.5989304812834224,0.9913335145821442,-2.1963415218315627,4.611193106412912,0
rs11762184,22902182,2.6529568641000005e-4,-3.1789733483137788,0.9877886138355758,2.7885391894747613,0.0019980899999999997,1.0111856823266219,0.9524242650082421,-1.0357909772095577,1.7527482122652036,0
rs11762251,23434735,9.70094984356e-5,-1.6067167952370414,0.9954998579532118,-1.4168623741120405,5.5225e-4,0.7531914893617021,0.986381766733042,-1.8683869358513023,-3.285249309963343,0
rs11762335,23495196,8.24870834176e-5,1.1327602001268409,0.996170954001707,-2.1434535731148516,4.1616000000000005e-4,1.0588235294117647,0.9897031286495304,-1.7331759065634083,-3.87662947967826,0
rs11762463,23680307,7.47918821329e-5,1.7711716732788096,0.9965269242132753,-1.2682803984011166,4.3680999999999993e-4,0.7607655502392345,0.9891977136673243,-1.9777426121028714,-3.246023010503988,0
rs11762669,23034297,6.348360587559999e-5,1.5016705030084114,0.9970504925325864,-1.7888769823394302,4.3680999999999993e-4,-0.9856459330143541,0.9891977136673243,-1.783496981531651,-3.5723739638710814,0
rs11762836,22942737,3.0694689601e-4,0.5538199418946455,0.9858984711579355,-1.979540351443528,0.0022944099999999998,0.23799582463465555,0.9457514598264878,-1.4303049650585447,-3.4098453165020723,0
rs11763171,23474687,8.005149312249998e-5,3.6289880017659257,0.9962835937960968,3.7628061766071546,4.2436000000000004e-4,0.9854368932038834,0.9895023693634235,-1.7978569656195555,1.964949210987599,0
rs11763210,23106760,7.223589068890001e-5,-9.31640383708056,0.9966452174133925,40.403416255580616,5.953600000000001e-4,-2.4221311475409832,0.9853342845093626,0.7792184355425804,41.1826346911232,0
rs11763528,23727104,1.87197124e-4,-2.675931881303903,0.9913523525742471,1.1741105107093057,9.060099999999998e-4,1.2790697674418605,0.9778514208547839,-1.105098984110806,0.06901152659849963,0
rs11763760,23480467,8.3521321e-5,3.09041470620418,0.9961231308740663,1.9804545040974126,4.2849e-4,0.8599033816425121,0.9894012860732618,-1.9077129173589407,0.07274158673847197,0
rs11764384,23725627,1.8759959088999998e-4,-2.6859389487978858,0.9913339215730461,1.2017048591626684,9.1204e-4,1.225165562913907,0.9777072959451545,-1.167963601065332,0.03374125809733641,0
rs11764386,22979398,6.539229090249999e-5,1.5427221744748998,0.9969620826485294,-1.7119107952905936,4.4944e-4,-1.3018867924528301,0.9888888449382734,-1.4118644467912922,-3.123775242081886,0
rs11764404,23587160,7.376782899240001e-5,4.514508395798258,0.9965743147886285,7.317257066391203,4.2025000000000005e-4,0.7073170731707317,0.9896029836529958,-2.0355702811953438,5.281686785195859,0
rs11764441,23065583,6.28956852624e-5,1.6331134278523405,0.9970777280491057,-1.5880641523534385,4.3680999999999993e-4,-0.9712918660287081,0.9891977136673243,-1.7973902714594208,-3.385454423812859,0
rs11764613,23007990,6.386231413209999e-5,1.2707801771656748,0.9970329495998644,-2.1050480646455925,4.3264e-4,-1.5673076923076923,0.9892997340762315,-1.0536589937011314,-3.1587070583467236,0
rs117646699,22881066,0.0018612666777599997,1.8783910955347871,0.920190074120735,0.3593240549833485,0.026732250000000003,1.165137614678899,0.5994103300877762,-0.0505453748847961,0.3087786800985524,0
rs11764757,23062618,6.453198091239998e-5,1.637371501696713,0.9970019300831893,-1.5684194528164463,4.4521000000000003e-4,-1.1658767772511849,0.9889922688001866,-1.5824256105059822,-3.1508450633224285,0
rs11765452,23582555,6.218000628490001e-5,2.070400726402999,0.9971108840004405,-0.7863149524698416,3.6480999999999997e-4,-0.8481675392670157,0.990962177203361,-1.9967252514215224,-2.783040203891364,0
rs117655012,23464598,4.3106894884000006e-4,5.56944832435869,0.9803084346644565,13.240190956823596,0.0035046400000000003,-0.10304054054054054,0.9194421560550782,-1.2545088761729102,11.985682080650687,0
rs11765548,22972030,5.937627136e-5,5.622118978405315,0.9972407965799762,12.814097518394723,3.8808999999999995e-4,-0.16243654822335027,0.9903909791228057,-2.3094604274552233,10.5046370909395,0
rs117657517,23776159,2.4964000000000003e-4,0.13077278481012658,0.9885009483386626,-2.22429292063707,0.00173889,-1.3836930455635492,0.9583388537644388,-0.671672292096202,-2.895965212733272,0
rs11765991,22963877,3.1724596996000003e-4,0.7628428983684606,0.9854322114526941,-1.8277452933783778,0.00237169,0.11498973305954825,0.9440265422502618,-1.435197573730188,-3.262942867108566,0
rs117661739,23352279,0.00063599291720999995,-4.130632184591715,0.9712167902928417,6.511528271823872,0.00528529,-1.220082530949106,0.8832890327079721,-0.41659474525628615,6.094933526567586,0
rs11766730,23034963,3.0846950689e-4,0.7940307345430528,0.9858295117224127,-1.817521618750684,0.0023328900000000002,0.32505175983436846,0.9448917850871982,-1.3993102478955086,-3.2168318666461926,0
rs11767035,22927553,7.114450147839999e-5,1.355184285903978,0.9966957362806774,-1.941042760328209,5.0176e-4,-0.875,0.9876114025662095,-1.8174194055643973,-3.758462165892606,0
rs11767307,23584496,8.055511256250001e-5,5.257357733767861,0.9962603006017587,10.973847856560996,4.6224999999999993e-4,0.9674418604651163,0.9885757712435665,-1.7733837657746747,9.20046409078632,0
rs11767313,23584522,9.12901900681e-5,1.3937071083112933,0.9957640452415019,-1.7649775144618787,5.428900000000001e-4,0.9957081545064377,0.9866094893580601,-1.6675250361385996,-3.4325025506004785,0
rs11767419,22878983,6.93692425924e-5,-1.3399737297720444,0.9967779214522865,-1.9739921784410095,4.5369e-4,0.06103286384976526,0.9887849538571142,-2.243407881161425,-4.217400059602435,0
rs11767546,23725812,1.8758315520999997e-4,-2.6845087287622027,0.9913346742328137,1.1978569645056392,9.1204e-4,1.225165562913907,0.9777072959451545,-1.167963601065332,0.02989336344030713,0
rs11767678,23454673,5.641052508099999e-4,4.210320451014488,0.974386888818452,6.804054470699936,0.00427716,3.0336391437308867,0.9034003084208653,2.9883915013695277,9.792445972069464,0
rs11767869,23050288,8.40722114281e-5,3.8968861686383276,0.9960976595845664,4.7901415780229115,7.0756e-4,-0.2556390977443609,0.9826184620252355,-1.994065615319196,2.7960759627037155,0
rs117679362,23746018,0.00371706044329,0.10201434530087243,0.8523630690438634,-0.9520643542233919,0.019154559999999998,-1.5202312138728324,0.6761947007973689,0.21757134563771774,-0.7344930085856741,0
rs117679878,23428278,9.978965102499999e-4,4.982035169914053,0.9555658491660608,10.302020950188455,0.00802816,1.7399553571428572,0.8328447310910932,0.36627958828003115,10.668300538468486,0
rs11768060,23014816,6.56033581681e-5,1.6506391064239052,0.9969523070204855,-1.5385323441015761,4.4944e-4,-1.0660377358490565,0.9888888449382734,-1.6879981910947661,-3.2265305351963423,0
rs11768107,22959129,1.1714815225e-4,6.182547235182704,0.9945707245552007,16.400206348326037,6.4516e-4,1.1062992125984252,0.9841270153691116,-1.4693328300833735,14.930873518242663,0
rs117686104,23745827,9.0230547456e-4,-0.5865758495792054,0.9596505633241657,-1.4399948490991183,0.005475999999999999,0.35270270270270276,0.8795848359574281,-1.0036950799997153,-2.4436899290988334,0
rs11768826,23574214,6.457858176639999e-5,2.5650939263919725,0.9969997715650911,0.37544968969066517,3.8025e-4,-0.6153846153846154,0.9905832678103776,-2.145067513402033,-1.7696178237113678,0
rs11768946,22929539,7.10343866761e-5,1.1890334698197358,0.996700833624006,-2.1524746133910266,5.0176e-4,-0.9151785714285715,0.9876114025662095,-1.7819015329573595,-3.934376146348386,0
rs11769126,23504289,6.104531292249999e-5,-4.364603265008352,0.997163456555739,6.565278559601567,3.459599999999999e-4,-0.6666666666666667,0.9914251637586514,-2.159144988608178,4.406133570993389,0
rs11769549,23122239,2.5536679204e-4,9.851065693796073,0.9882402598786892,45.72960779148472,0.0014364100000000002,1.04221635883905,0.965334593416756,-1.1567260807912512,44.572881710693466,0
rs11769741,22855099,0.00145810186201,0.7571592060777633,0.9363776557405659,-1.1089872699624297,0.01459264,0.9420529801324503,0.732699499419702,-0.33456874418291055,-1.4435560141453403,0
rs11769767,23662866,7.477424078410001e-5,1.789918366733316,0.996527740571885,-1.2351332285129997,4.4100000000000004e-4,0.8285714285714285,0.9890952251428007,-1.919755187444065,-3.154888415957065,0
rs11769806,23480132,7.83338284096e-5,0.5590025128126328,0.9963630466946123,-2.6526308157618423,4.0401e-4,0.06965174129353234,0.9900007449755606,-2.300220915645256,-4.952851731407098,0
rs11770192,23498358,6.12046487556e-5,-4.479186638954718,0.99715607388143,7.071742595141977,3.4969000000000005e-4,-0.6363636363636364,0.9913335145821442,-2.1734214169804185,4.8983211781615585,0
rs11770216,23492482,1.0052669169e-4,3.5512202906356283,0.9953374607504302,3.5920852111704695,5.5225e-4,0.6936170212765956,0.986381766733042,-1.910896462421237,1.6811887487492325,0
rs11770370,23044156,3.0852571201000004e-4,0.6508149775973675,0.9858269663627992,-1.9194285782235756,0.0023619599999999998,0.24074074074074076,0.9442433730639471,-1.4160171697645951,-3.335445747988171,0
rs11770853,22958339,7.085110763610001e-5,1.4979726302108392,0.9967093179413077,-1.7400612280136403,4.972900000000001e-4,-1.2376681614349776,0.9877204128967643,-1.4434023250283987,-3.183463553042039,0
rs11770879,23208043,2.3593267201e-4,9.249549156581013,0.9891254765251143,40.05123318084768,0.0013912899999999999,0.8847184986595175,0.9663868896089007,-1.3182110795526736,38.733022101295006,0
rs117711583,22935908,0.00340629813225,3.393439392771167,0.8630153409525471,3.975053598955099,0.06086089,-0.0044588569112282124,0.39658583222892446,-0.25257179397513174,3.7224818049799673,0
rs11771307,23727703,5.80416946201e-5,8.754139588974747,0.9973026468102438,35.25638205136731,3.2761000000000004e-4,0.12707182320441987,0.9918762852546927,-2.398475837929057,32.857906213438255,0
rs117714879,23499478,0.00204988901049,1.7821679178897287,0.9128072841452812,0.22977662832285262,0.01982464,-0.8423295454545454,0.6686208224571013,-0.31504639410497487,-0.08526976578212225,0
rs11771510,23669812,7.383088440009999e-5,1.7096790336677727,0.9965713966144745,-1.3813108473548679,4.3264e-4,0.5817307692307693,0.9892997340762315,-2.1013485408081425,-3.48265938816301,0
rs11771543,23062463,6.452700043689999e-5,1.655062262927198,0.9970021607757914,-1.5394220943372832,4.4521000000000003e-4,-1.1469194312796207,0.9889922688001866,-1.604106535335815,-3.1435286296730984,0
rs117717407,23197495,0.0010705460486399997,-14.519700970683882,0.9524846326455025,98.87887144290431,0.008064040000000001,-2.5189309576837418,0.832223009135312,1.7476731681290716,100.62654461103338,0
rs11772019,23145952,1.2904278409000002e-4,1.920702131218254,0.9940227583631344,-0.7263750137830671,8.0089e-4,-0.9363957597173145,0.9803707713238609,-1.5355550900594666,-2.2619301038425337,0
rs11772096,23021082,6.595876225e-5,7.110595333374376,0.996935846833392,22.3088283186775,5.29e-4,1.7304347826086959,0.9869476177551876,-0.6917320950633579,21.61709622361414,0
rs11772116,23594922,1.9379145681e-4,8.042008778168078,0.9910504509651584,29.689475383621584,0.00128164,0.3016759776536313,0.9689537528063323,-1.6920472074425261,27.997428176179056,0
rs117721181,23136176,0.00331098969744,2.184573835790703,0.8663358671360278,1.0610220030548634,0.08398404,-1.1107660455486543,0.3226221697566881,0.004262777951230312,1.0652847810060937,0
rs11772121,23594957,6.850608038560002e-5,0.5736851262075864,0.9968178862307144,-2.7110711259163005,4.2436000000000004e-4,-1.5097087378640777,0.9895023693634235,-1.150655821212656,-3.8617269471289566,0
rs11772260,23494500,6.108516649e-5,-4.389817930575636,0.9971616099683349,6.675642993266525,3.4969000000000005e-4,-0.6203208556149732,0.9913335145821442,-2.1834144126019748,4.49222858066455,0
rs11772530,23670937,7.483426446239999e-5,1.7771782102678635,0.9965249629639656,-1.2573815887008983,4.4100000000000004e-4,0.7476190476190475,0.9890952251428007,-1.9828576685311234,-3.2402392572320218,0
rs11772647,22959577,3.0683477889e-4,0.5701656133860831,0.9859035493522803,-1.9706630061561419,0.0022848400000000002,0.21548117154811713,0.9459655044219157,-1.4371047155419983,-3.40776772169814,0
rs11772725,22989984,6.524746020810002e-5,1.5319668366431074,0.9969687906257364,-1.7294926151218555,4.4521000000000003e-4,-1.113744075829384,0.9889922688001866,-1.6411929123884847,-3.3706855275103402,0
rs11772749,22990045,6.524891418240001e-5,1.4014419981975021,0.9969687232830265,-1.920342631447278,4.4521000000000003e-4,-1.1421800947867298,0.9889922688001866,-1.609471231387459,-3.529813862834737,0
rs11772978,22963898,7.170820952489999e-5,1.2542409309323141,0.9966696423907728,-2.068397165487738,5.0176e-4,-1.1964285714285714,0.9876114025662095,-1.4886355075162079,-3.5570326730039463,0
rs11773115,23589042,7.37728105921e-5,4.486029402347857,0.9965740842419518,7.189564313194616,4.2025000000000005e-4,0.7170731707317073,0.9896029836529958,-2.0286942771209433,5.160870036073673,0
rs11773147,23589186,7.376885965440001e-5,4.4918196551820495,0.9965742670899459,7.215442432636379,4.2025000000000005e-4,0.7268292682926829,0.9896029836529958,-2.0217240812099075,5.193718351426471,0
rs11773148,22957386,1.2930418944e-4,2.386960039397777,0.9940107226277825,0.27283467007666085,0.00104329,-0.23219814241486064,0.9745807414561551,-1.8098513543465493,-1.5370166842698885,0
rs11773741,23484232,6.0523732089999994e-5,-3.6648199802048924,0.997187624272276,3.7597035182945833,3.5344e-4,-0.4521276595744681,0.9912413910685186,-2.267544596814983,1.4921589214796,0
rs117780342,23790463,0.00436676464225,1.131181949562283,0.8309208024767719,-0.35708227765321543,0.026049959999999997,-0.885997521685254,0.6056021835592331,-0.22750128026721558,-0.584583557920431,0
rs117793632,22942364,4.27496976e-4,3.261109498935965,0.9804684181879397,3.245698733786835,0.0034222500000000004,0.6376068376068376,0.9211867187904819,-1.083086110219393,2.162612623567442,0
rs117802655,23392874,0.00206600248089,-22.62497992444993,0.9121820819695359,232.25206884449065,0.01625625,1.3898039215686273,0.7110321075436064,0.06597894215290034,232.31804778664355,1.6054368356451907e-301
rs117804920,23436925,9.387728323600001e-4,-4.524990698251271,0.9580881582021261,8.222593160104198,0.00525625,-0.4303448275862069,0.8838558210191964,-0.9946178910229972,7.227975269081201,0
rs117806616,23354786,0.004597924863999999,4.025350991033506,0.8235496855417627,5.8048153502162005,0.07901721,-0.5606545713269299,0.3360858484247783,-0.15197968518759708,5.652835665028603,0
rs117808459,23071328,8.717787708100001e-4,0.0013116043880118812,0.9609623710296807,-1.6216137997372104,0.00614656,0.2908163265306123,0.8668035060468212,-0.9713103427414632,-2.5929241424786738,0
rs117829503,22924260,0.0022625528956899997,-0.3969617144911418,0.904624297354803,-1.1036909947049345,0.035758809999999995,-1.436277102062401,0.5279913979641444,0.169215558281604,-0.9344754364233305,0
rs117841439,22910541,1.4529168369000002e-4,-0.4150377062644665,0.9932751732846832,-2.4154256085981025,0.00116964,-0.5935672514619882,0.9715897442872952,-1.6093462803961538,-4.024771888994256,0
rs1178514,23173154,3.7778919424e-4,13.3045563055647,0.9827001900258907,84.94594914156012,0.0022657600000000003,-1.6512605042016806,0.9463925409125495,-0.17278759366161967,84.7731615478985,0
rs117867394,23324900,0.0048032661913599995,2.4803623372425894,0.8171106944200319,1.6640760154659828,0.09211224999999999,-0.008237232289950576,0.3027728314369032,-0.18031172712460214,1.4837642883413806,0
rs117870419,23767886,5.0753331225e-4,3.3763943449408527,0.9768961835016419,3.684448454975734,0.0033640000000000002,1.3017241379310345,0.922424130615257,-0.49673216708976997,3.187716287885964,0
rs117886838,23206391,3.444736e-4,7.610183189655173,0.984201683567799,26.426039275477336,0.0027772899999999995,0.08538899430740038,0.9350755973555127,-1.3638569119244939,25.062182363552843,0
rs117920785,22957648,6.2546008464e-4,1.0690945731970636,0.9716799762420913,-1.226795854984567,0.007005689999999999,-1.8195937873357229,0.8509608092126719,0.4569592499996026,-0.7698366049849644,0
rs117921967,23035517,8.6769128356e-4,-0.8093058940950415,0.9611382927382583,-1.3091116794390156,0.008611839999999999,0.19288793103448276,0.8228448048870399,-0.8500572803460807,-2.1591689597850965,0
rs117923239,23030112,0.013501975203999999,0.29181225150174706,0.613809452779441,-0.44957790803289704,0.31629376000000003,-0.520448079658606,0.11226691143847146,-0.04433742251133803,-0.4939153305442351,0
rs117927252,23603745,0.006573074550249999,2.785068054690439,0.7655241103527662,2.243732458545878,0.06275025,-1.0806387225548901,0.38929345670691806,-0.019264796284862273,2.224467662261016,0
rs117934198,23786658,0.00130702494784,-0.5463587882542984,0.9425912560673213,-1.2880938467452925,0.013087360000000001,0.020979020979020976,0.753475026823711,-0.6999801803268199,-1.9880740270721122,0
rs117947744,23620230,0.0016263153217599999,3.4977038058302505,0.9295549348238257,4.359594846026981,0.01404225,2.0717299578059074,0.740161632796562,0.9145631729808555,5.274158019007837,0
rs117954403,22872766,7.536891715599999e-4,-3.2101998295293117,0.96607092284251606,3.2861239567174065,0.00702244,-0.8532219570405727,0.8506576859899232,-0.6411229297435376,2.645001026973869,0
rs117959689,23102193,2.5407084816000004e-4,-3.773796080202765,0.9882992403121776,4.8133992729627275,0.0016646400000000002,0.4142156862745097,0.960046696671326,-1.527662131141588,3.2857371418211394,0
rs117963875,23662499,8.041307918399999e-4,1.2749495718900314,0.9638821899939525,-0.8770910715018845,0.005402249999999999,0.37551020408163266,0.8810136061538801,-1.0022581197906795,-1.879349191292564,0
rs117970759,23006090,8.6357225956e-4,-0.09838089469349975,0.9613156369304241,-1.6215077167189944,0.005898239999999999,0.34375000000000006,0.871493111718445,-0.9743968021291138,-2.5959045188481085,0
rs117976797,23285263,0.004939461129690001,-1.997060384483497,0.8128952129081635,0.7829715091607098,0.10778088999999999,-1.8930855924459338,0.27067099135754297,0.32719653663187875,1.1101680457925887,0
rs117979909,23708536,0.0049637379344399995,1.2991691008859707,0.8121483649006986,-0.15066301003112592,0.03258025,-1.4941828254847647,0.5511141116212744,0.21471052499942855,0.06404751496830263,0
rs117992120,23090493,2.4848793225e-4,-3.849563865892727,0.9885534080635154,5.089725022996669,0.00164025,0.019753086419753086,0.9606090261225616,-1.6169218818248319,3.472803141171837,0
rs118002839,23038395,0.019145149955999998,-0.27490279403899803,0.5285041152208901,-0.35595251586802285,0.54597321,-0.3334686696440655,0.06826250640366308,-0.03155664004340283,-0.38750915591142565,0
rs118003225,23509295,1.2767870025000001e-4,-4.499101730165051,0.9940855688155843,7.4959185029018425,8.820900000000001e-4,-0.7407407407407407,0.9784235590695094,-1.6496476686348225,5.84627083426702,0
rs118010204,23142192,4.3964444328999997e-4,3.8275538089537724,0.9799245636550609,5.223900679220721,0.00310249,-1.1579892280071813,0.9280206317546852,-0.6934783234145835,4.530422355806137,0
rs118019201,22948369,0.0028087350062500002,2.2270484456813997,0.8842651773066433,1.114637940354876,0.03728761,1.3599171413775246,0.5175473791982959,0.11413321769455953,1.2287711580494356,0
rs118038949,23711027,0.0010094218579599998,-0.9860755270463374,0.9550757057021524,-1.0870567601584873,0.01052676,-0.297270955165692,0.7916597066584123,-0.7493117628500562,-1.8363685230085434,0
rs118065920,23546281,9.5263587904e-4,-1.6667498250434152,0.9574955445111054,-0.2490855542220547,0.01032256,-1.5885826771653542,0.7948721209731778,0.21090677704143346,-0.03817877718062124,0
rs118086898,23199941,0.002391894649,1.6501400617498516,0.8997187831210125,0.07506169358064496,0.026536409999999996,-0.32535297728667895,0.6011746050019832,-0.4277972455990847,-0.35273555201843976,0
rs118093153,23101780,2.5390829025000004e-4,-3.75886284477078,0.9883066390739189,4.757549882745527,0.0016646400000000002,0.4142156862745097,0.960046696671326,-1.527662131141588,3.2298877516039393,0
rs118140024,23436522,0.0060749865408400005,0.5497163282535006,0.7793719002241443,-0.6378799666255253,0.13675204000000002,-0.5186587344510546,0.2263057331615522,-0.09785034383457306,-0.7357303104600983,0
rs118146480,23672373,0.00282317944896,-0.6291593266784107,0.8837391864594155,-0.9010493053853998,0.04363921,0.3427477261847774,0.4782445936541008,-0.29718705371383053,-1.1982363590992304,0
rs118163088,23093449,1.6199689283999998e-4,-0.792784298936187,0.9925077655497848,-2.1350450891123423,0.0011088900000000002,0.6876876876876876,0.9730255426502638,-1.5763535685740726,-3.7113986576864146,0
rs118184215,22887578,2.5130175624999996e-4,4.940350102507491,0.9884252896132432,9.83281089727814,0.00268324,-0.11196911196911197,0.9371359812422861,-1.3775161835527636,8.455294713725376,0
rs118185564,23212627,0.0021439492878399997,3.8160759176550876,0.9091697999565328,5.420481519441733,0.021170249999999998,1.3580756013745705,0.6539126454444767,0.07249618384912304,5.4929777032908556,0
rs1183009143,22870499,1.2637581889e-4,3.9428111406637782,0.9941455685574349,5.157095856826675,7.0756e-4,1.8270676691729324,0.9826184620252355,-0.3860965209094791,4.770999335917196,0
rs1184487000,23239133,3.9858525316e-4,0.6814010799114433,0.9817652570042238,-1.7742928219059158,0.00203401,-2.6518847006651884,0.9516103745514644,1.8318614753841402,0.057568653478224485,0
rs1189729566,23493613,1.9279600200999998e-4,-1.1534306558829248,0.9910960130720446,-1.7013498698401546,0.00116964,-0.34502923976608185,0.9715897442872952,-1.7226710049818332,-3.424020874821988,0
rs1193329519,23220450,6.39019575769e-5,-23.344762924590967,0.9970311132291076,268.77020497014877,3.5344e-4,-4.50531914893617,0.9912413910685186,7.691200537785017,276.46140550793376,2.3812768744677852e-282
rs1194185408,23572663,0.00209638526769,0.8360732358806018,0.9110055575909155,-0.8911858289946482,0.029825289999999997,0.42733063115228725,0.5728583440183349,-0.3730145351992994,-1.2642003641939477,0
rs1196267004,23221870,6.115490242559999e-5,-22.677668999099765,0.9971583788185879,253.47595559974977,3.0976e-4,-5.698863636363636,0.9923155087006224,13.679463032285994,267.1554186320358,2.1640692075336793e-286
rs11970940,23727249,7.708174849599999e-4,-5.363425492371307,0.9653265875005981,12.203561992740086,0.004830250000000001,-1.9179856115107912,0.8922546717896955,0.5271622597358769,12.730724252475962,0
rs11971262,23755572,7.23559488129e-5,8.655832254712134,0.9966396604048244,34.4879753031822,4.2436000000000004e-4,1.0097087378640777,0.9895023693634235,-1.7738982116248123,32.71407709155739,0
rs11971294,22906890,4.5473003536e-4,-2.6917943763951153,0.9792500055768384,1.61009912355629,0.00357604,-0.19063545150501673,0.9179356361890617,-1.2334459562989264,0.37665316725736364,0
rs11971433,23333370,0.0038635175118400004,-8.030911945840545,0.8474334729504153,26.38776528965907,0.02271049,-1.7173191771731915,0.6378518171361761,0.4327206525105619,26.820485942169633,0
rs11971694,23787494,7.34582698084e-5,1.0061662999166938,0.9965886412877252,-2.3358637769780946,3.61e-4,-0.5842105263157895,0.9910557221079755,-2.1892460265822553,-4.525109803560349,0
rs11971819,23788045,7.436992643999998e-5,1.0456793988728867,0.9965464507038094,-2.28934182882493,3.6480999999999997e-4,-0.7225130890052356,0.990962177203361,-2.094514890903228,-4.383856719728158,0
rs11972194,23578414,6.464433362889999e-5,2.560567749189383,0.9969967260019268,0.36438197895435476,3.8025e-4,-0.5743589743589743,0.9905832678103776,-2.16924269479659,-1.8048607158422354,0
rs11972773,22862710,1.64968336e-4,4.415026471504205,0.9923713869160591,7.233954548312531,0.0012602499999999999,-0.8197183098591551,0.9694560745511722,-1.4185874863626224,5.8153670619499085,0
rs11974206,23755328,8.95341750625e-5,5.281397130703585,0.9958451875302392,11.146888417977225,5.0176e-4,-0.4107142857142857,0.9876114025662095,-2.1121911762282917,9.034697241748933,0
rs11974535,22914010,4.586407728100001e-4,-2.7505544945577816,0.9790752869963913,1.7702093431560637,0.0036240399999999994,-0.12956810631229235,0.9169256217443409,-1.2363128492998539,0.5338964938562099,0
rs11975157,23726211,7.7078972161e-4,-5.364710713140823,0.9653277930685853,12.210216928839337,0.004830250000000001,-1.9136690647482013,0.8922546717896955,0.5197835292634088,12.730000458102745,0
rs11976658,23057313,6.541590576009999e-5,5.622582069013268,0.996960988911545,12.860566222402728,4.2436000000000004e-4,2.9223300970873782,0.9895023693634235,1.9468787956171858,14.807445018019914,0
rs11977282,22881670,4.525575475600001e-4,-2.114819445880771,0.9793470919612722,0.25009640630181784,0.00357604,-0.2809364548494983,0.9179356361890617,-1.2139015386359708,-0.963805132334153,0
rs1197741730,23137188,6.253994356840001e-5,-26.698169752485384,0.9970942085625886,352.4399964885391,3.2041e-4,-4.988826815642459,0.9920534042188559,9.92780167601856,362.3677981645577,4.84710229544349e-245
rs1197903979,23260514,6.0106062896099994e-5,-24.292611324152148,0.9972069780341777,291.3010425355331,3.0275999999999995e-4,-5.64367816091954,0.99248785939226,13.360299199454467,304.66134173498756,4.206167736688208e-270
rs11979581,23744908,7.8457130404e-4,-5.27447144254593,0.9647297254091846,11.74705674078179,0.004774809999999999,-1.7424023154848047,0.8933594581417543,0.23695863300258124,11.984015373784372,0
rs11979710,23679853,0.0033968964324099997,-0.8175005018624675,0.8633417621907592,-0.7066473402255903,0.04223025,-0.1221411192214112,0.4864389929496749,-0.3295647665423684,-1.0362121067679586,0
rs11980035,23628533,7.5238276e-5,1.4854853585427716,0.9965062676507559,-1.7289137128667105,4.5369e-4,0.6384976525821596,0.9887849538571142,-2.04369594295098,-3.7726096558176905,0
rs11980840,23161406,6.25005668329e-5,-26.972461746100617,0.9970960328096333,359.77966963535573,3.1684e-4,-4.98314606741573,0.9921412491653612,9.89523531126137,369.6749049466171,7.226339137802542e-242
rs1198115210,22852512,7.00338007044e-5,4.76659234138962,0.99674715431149985,8.459135758115913,3.459599999999999e-4,0.048387096774193554,0.9914251637586514,-2.3783010742783213,6.080834683837592,0
rs11981328,22914256,4.5861079103999997e-4,-2.7513541783406184,0.9790766262437559,1.772336271007491,0.0036240399999999994,-0.12790697674418605,0.9169256217443409,-1.2365089336026904,0.5358273374048006,0
rs11981779,23727570,7.7087856609e-4,-5.36443757721135,0.9653239351852013,12.20880259566091,0.004830250000000001,-1.9151079136690645,0.8922546717896955,0.5222412588650154,12.731043854525925,0
rs11982002,23163270,6.24852306576e-5,-27.001072771342834,0.9970967433064085,360.5496831557204,3.1684e-4,-4.966292134831461,0.9921412491653612,9.812050636712456,370.36173379243286,1.436164929492668e-241
rs11982014,23552058,6.18089998969e-5,1.2710970799568042,0.9971280728396297,-2.120862170534172,3.8416e-4,0.7142857142857143,0.9904873594003193,-2.0748915409068163,-4.195753711440988,0
rs11982084,23782716,5.81801292081e-5,2.0364623688478276,0.9972962307782229,-0.8885712532844576,2.9928999999999996e-4,0.4971098265895954,0.9925733182892303,-2.3286966076398388,-3.2172678609242964,0
rs11982127,23481409,1.1553455169e-4,-6.855982583940384,0.9946451070291606,20.76152428881642,8.1225e-4,-0.8596491228070176,0.9800978872764917,-1.5963201827273052,19.165204106089117,0
rs11983267,23715376,0.00356629924225,-1.406689719266224,0.8574978035159615,-0.1258009103629545,0.04631104,0.8745353159851301,0.4634401346571656,-0.13406627656284553,-0.2598671869258,0
rs11983737,23323313,0.003987922499999999,-8.238923198733175,0.8432906966931487,27.69454392671045,0.023901159999999998,-1.8816300129366108,0.6259667273645737,0.6164221992113159,28.310966125921766,0
rs11983775,23400423,8.540655553600001e-4,2.77231696801303,0.9617251971275566,2.064303823738604,0.00403225,-0.7622047244094488,0.9084250748031273,-0.9314213756686229,1.1328824480699813,0
rs11984009,23715397,0.0035684374849600004,-1.4101820665456908,0.8574245452408258,-0.12139896001931183,0.04631104,0.8731412639405205,0.4634401346571656,-0.13463082823770933,-0.25602978825702116,0
rs1202734153,23503876,0.006929779972089999,2.041688840090672,0.7559056198811455,0.8703936010621037,0.060516,1.2658536585365854,0.39794659556687495,0.06512736127451224,0.935520962336616,0
rs12056040,23026647,6.35248850625e-5,5.391813305730686,0.9970485803235468,11.580189551872088,4.1208999999999994e-4,2.7487684729064044,0.9898028040618538,1.4465191865311464,13.026708738403235,0
rs1205997931,23087918,0.006237745624360001,2.1426726462849803,0.7747921063948247,1.033187461332438,0.30338064,-0.3427741466957153,0.11648880379511205,-0.055082282880293126,0.978105178452145,0
rs1209603147,23091637,3.6371448368999995e-4,-1.2436593205497266,0.983333960951031,-1.2867354427167776,0.00369664,-0.861842105263158,0.9154021911066846,-0.8949559829567282,-2.181691425673506,0
rs1210734652,23350345,0.00130413432384,4.5188963470016175,0.9427109478464366,8.195455856416984,0.02007889,-2.5081157374735357,0.6657912621221863,1.5461333293523456,9.74158918576933,0
rs1210985511,22929061,6.489462471840001e-5,1.4238454166728733,0.9969851329291028,-1.8914879581528248,4.4521000000000003e-4,-0.8578199052132702,0.9889922688001866,-1.890701260430166,-3.7821892185829906,0
rs12112285,23170897,0.0036122263632399998,-7.546313088792682,0.855927043825829,23.402453002550818,0.019460250000000005,-1.6107526881720429,0.6727183286313125,0.31422494999735384,23.71667795254817,0
rs12112291,23119755,3.538951064099999e-4,5.4203943206765866,0.9837766025597172,12.391359719187193,0.00244036,-0.8704453441295545,0.9424990739946597,-1.0709230747231957,11.320436644463998,0
rs12112425,22900566,0.015867937024,-1.5009446843642829,0.5749042582850845,0.21986177129439494,0.03363556,-0.2300981461286805,0.5432158049724888,-0.37739178728352296,-0.15753001598912802,0
rs12112437,22900880,0.015967102321,-1.6616202784086862,0.5733810148597883,0.36561533086148357,0.034262009999999996,-0.29983792544570503,0.5386334143123787,-0.36256885654642246,0.0030464743150611096,0
rs12112919,23119769,3.2645985124e-4,13.416001593960662,0.9850154541950882,86.5456539928042,0.00207025,-1.3824175824175824,0.9507906418431076,-0.5973180175175062,85.9483359752867,0
rs12113458,22855628,6.992638884e-5,4.783537824974289,0.9967521270450722,8.53908028064681,3.459599999999999e-4,0.005376344086021506,0.9914251637586514,-2.379447363055936,6.159632917590873,0
rs12113985,22930730,1.2754088356e-4,1.9809623319815113,0.9940919151490308,-0.6152031838479173,7.452900000000001e-4,0.9963369963369962,0.981708560670448,-1.5133961980266075,-2.128599381874525,0
rs1211546162,23536398,1.5325944804e-4,-3.0679655567941326,0.9929090003252982,2.1983701460231626,9.363599999999999e-4,-2.022875816993464,0.9771264470021273,0.110326728796039,2.3086968748192014,0
rs12154330,23679387,5.7980762540099996e-5,3.122315158821776,0.9973054708573562,1.903025790136644,3.4969000000000005e-4,-0.7165775401069518,0.9913335145821442,-2.1196293341665084,-0.21660354402986437,0
rs12154604,23175327,4.5346850703999994e-4,4.189233991396961,0.979306379717109,6.654292582936413,0.0032262400000000004,-1.0264084507042253,0.925363853067026,-0.8101231433874552,5.844169439548958,0
rs1215758366,23708427,0.00343596441241,0.22180387634325135,0.8619869622651332,-0.9689999921116758,0.037636,-0.37164948453608243,0.5152248956669586,-0.3264528074425638,-1.2954527995542395,0
rs12176610,23768907,7.485883440999999e-5,1.3126524196437859,0.9965238259891103,-1.972378140577216,3.6480999999999997e-4,-0.7853403141361257,0.990962177203361,-2.047575863952009,-4.019954004529225,0
rs1220644778,22850939,1.6591243249e-4,4.527618840590962,0.9923280641027207,7.735938252489944,0.00114921,-1.0914454277286136,0.9720721248354465,-1.2100730129275137,6.52586523956243,0
rs1223023134,23432093,8.3104205284e-4,2.480772032551912,0.9627185246685285,1.3177661962620437,0.007140250000000001,-0.8698224852071005,0.8485317748633069,-0.6226938874242738,0.6950723088377699,0
rs12234691,23103588,7.241856820810001e-5,-9.416703584409236,0.9966367620290055,41.340611257547174,5.953600000000001e-4,-2.5491803278688523,0.9853342845093626,1.0903875189577041,42.43099877650488,0
rs1223481484,23036916,6.592790415999998e-5,7.052822799152668,0.996937275973637,21.90075595784462,5.336099999999999e-4,1.7922077922077924,0.9868353694625276,-0.5802488443604872,21.320507113484133,0
rs1230296384,23559847,0.018413133025000004,-0.5472707174177384,0.5382067435453993,-0.3057211230064077,1.3442083599999999,-0.5049163360358807,0.02889738362799659,-0.010978010767206716,-0.3166991337736144,0
rs1230349535,23381388,7.673010800400001e-4,-0.17032295795698227,0.965479304322161,-1.669093896172777,0.004774809999999999,-3.2981186685962376,0.8933594581417543,3.7396517424255853,2.0705578462528083,0
rs1230508527,23620262,1.1748175321000001e-4,5.724197104872266,0.9945553478714941,13.687454628057537,8.2369e-4,-0.7456445993031359,0.9798232349892917,-1.679227855679436,12.008226772378102,0
rs1232227578,23320869,0.00387055691044,1.7845719116980476,0.847197969736138,0.40972831971502344,0.0576,0.32458333333333333,0.40983606557377056,-0.24208845870331827,0.16763986101170517,0
rs12333686,23543444,6.205185529e-5,-4.527744277861704,0.9971168212081503,7.296249942047542,3.7249000000000006e-4,-1.7927461139896372,0.9907736679109957,-0.7507039677350551,6.545545974312486,0
rs1240469288,23503754,6.10303125961e-5,-4.4072788808259915,0.9971641515872288,6.75180459359116,3.459599999999999e-4,-0.7365591397849464,0.9914251637586514,-2.110528015827609,4.641276577763551,0
rs1242588185,23563686,7.3534795929e-4,-3.5597533677762905,0.9668692401643897,4.4223615449447244,0.007832249999999999,-0.8711864406779661,0.8362558733908608,-0.5873803265666406,3.8349812183780836,0
rs1245594189,23551771,0.015185386441,-0.8268183625607609,0.585612331741994,-0.2403060026596741,0.86378436,1.5412093823972455,0.04425834498839967,0.02993018786187468,-0.21037581479779943,0
rs1247216492,23475386,8.005006158489999e-5,3.659689708474395,0.9962836600085236,3.8742693153689536,4.2436000000000004e-4,1.0194174757281553,0.9895023693634235,-1.7641514873719633,2.1101178279969903,0
rs1250182376,23454573,6.98337663556e-5,-17.186411796100355,0.9967564151301888,144.3418038606854,4.1208999999999994e-4,-3.275862068965518,0.9898028040618538,3.0181004520597727,147.35990431274516,0
rs12530654,23502115,1.1724341841e-4,-4.493567543106235,0.9945663333993994,7.433645366610219,8.179600000000001e-4,-1.4125874125874125,0.9799607819695056,-0.9773235727541432,6.456321793856076,0
rs12531249,23796946,1.9237135204e-4,-1.3015905059914348,0.9911154506359492,-1.5221776717122055,9.8596e-4,1.1878980891719746,0.9759439573941906,-1.1751063593208269,-2.6972840310330324,0
rs12531563,23643440,1.5075910656e-4,-1.9081394970028667,0.9930238789495789,-0.6748329656522549,8.410000000000001e-4,1.3172413793103448,0.9794079478954971,-1.0917275138919362,-1.7665604795441912,0
rs12531578,23585843,5.8777828888900005e-5,-0.9008226518162382,0.9972685301207528,-2.5468252422431297,3.61e-4,-1.3631578947368421,0.9910557221079755,-1.4375810495374806,-3.9844062917806102,0
rs12531805,22911504,2.6500258520999995e-4,-3.2393773535066868,0.9878019405241252,2.9795430506959555,0.0020160100000000004,0.9376391982182627,0.9520180521663052,-1.0999736587356312,1.8795693919603242,0
rs12531940,23797631,1.9236303025e-4,-1.3094632106420563,0.9911158315580519,-1.5120120711958303,9.8596e-4,1.1878980891719746,0.9759439573941906,-1.1751063593208269,-2.687118430516657,0
rs12532365,23103085,7.25007972676e-5,-9.444798079565555,0.9966329560338555,41.605068091613944,5.953600000000001e-4,-2.5983606557377046,0.9853342845093626,1.215110025811751,42.8201781174257,0
rs12532366,23103091,7.250794982560001e-5,-9.456428299644397,0.9966326249770706,41.7146450786639,5.953600000000001e-4,-2.5983606557377046,0.9853342845093626,1.215110025811751,42.92975510447565,0
rs12532727,23480306,1.1550230784e-4,-6.85574847402114,0.9946465934938707,20.759823976046683,8.179600000000001e-4,-0.8461538461538461,0.9799607819695056,-1.6042176492045361,19.155606326842147,0
rs12532889,23100097,8.992899594809999e-5,-6.8800148474811484,0.9958269424162826,20.82898399687888,7.344099999999999e-4,-1.7638376383763839,0.9819707711490114,-0.4803644754375389,20.34861952144134,0
rs12532922,22860415,6.953425123840001e-5,-1.4111638237043573,0.9967702818464358,-1.8752043370483444,4.5795999999999993e-4,0.04205607476635514,0.9886805958580215,-2.2397440762921144,-4.114948413340459,0
rs12532929,23793882,9.188027657640001e-5,-0.6370153837807837,0.9957367813756259,-2.5268361123471155,5.1076e-4,0.6061946902654868,0.9873919916585124,-2.005292085915433,-4.532128198262548,0
rs12532938,22860495,6.953441801290001e-5,-1.4111861158713617,0.9967702741251332,-1.875171792838521,4.5795999999999993e-4,0.04205607476635514,0.9886805958580215,-2.2397440762921144,-4.114915869130636,0
rs12534093,23502974,7.836958907560001e-5,-0.9396734992646278,0.9963613924075924,-2.3681903777280437,3.8416e-4,0.403061224489796,0.9904873594003193,-2.247110416300257,-4.6153007940283,0
rs12534507,23105988,7.24052933569e-5,-9.34667821504666,0.9966373764619527,40.68579987241948,5.953600000000001e-4,-2.3647540983606556,0.9853342845093626,0.6439037837327763,41.329703656152255,0
rs12534523,23464856,6.990464880999999e-5,-21.064239495748065,0.9967531335263036,218.26573943701632,4.1208999999999994e-4,-1.7733990147783252,0.9898028040618538,-0.7363840248729023,217.52935541214342,6.066605165144684e-308
rs12535331,22878104,6.93860678289e-5,-1.3094144778464867,0.9967771424684997,-2.014223204427976,4.5369e-4,0.09859154929577464,0.9887849538571142,-2.2404438582884376,-4.254667062716414,0
rs12535402,23480253,1.1549585961000001e-4,-6.858387069759652,0.9946468907624515,20.777799372683482,8.179600000000001e-4,-0.8461538461538461,0.9799607819695056,-1.6042176492045361,19.173581723478947,0
rs12535750,23760429,8.999007741609999e-5,-0.5832120181609077,0.9958241198331611,-2.5698571173104434,4.884100000000001e-4,0.8733031674208145,0.9879370417361413,-1.8320786583710644,-4.401935775681508,0
rs1253579637,23330347,6.358196486889999e-5,-6.701823339599666,0.9970459361817607,19.478591236789,3.2041e-4,-4.106145251396648,0.9920534042188559,5.945717083671393,25.424308320460394,0
rs12536777,23585835,8.054416312960002e-5,5.25408261501297,0.9962608070187372,10.95663839778209,5.1076e-4,0.6946902654867256,0.9873919916585124,-1.9484565378013279,9.008181859980763,0
rs12537999,23523609,8.193363495839999e-5,5.52065242848873,0.9961965473348829,12.394918543116782,4.8399999999999995e-4,0.7136363636363636,0.9880446596186148,-1.9616944626458814,10.4332240804709,0
rs12538407,23521316,6.01156767649e-5,-1.2662782794195602,0.9972065325427253,-2.1407450864398023,3.459599999999999e-4,-1.0806451612903227,0.9914251637586514,-1.8005715303606888,-3.941316616800491,0
rs12538567,22906813,2.6510678041e-4,-3.2504590931145243,0.9877972029486637,3.01523288406802,0.0019980899999999997,0.9463087248322147,0.9524242650082421,-1.0962681472183764,1.9189647368496434,0
rs12538942,23192726,6.169301316010001e-5,8.526791682209792,0.9971334466621418,33.32155768035287,3.4969000000000005e-4,4.026737967914438,0.9913335145821442,5.662901481439742,38.98445916179261,0
rs12539325,22907947,2.0325064355999998e-4,-2.9950128361600945,0.9906177115909416,2.1085051134581057,0.00123904,0.6022727272727273,0.9699546837171769,-1.5766072335455277,0.531897879912578,0
rs12539331,23151330,6.271008586089999e-5,-26.097459644372943,0.9970863262800976,336.62731101054186,3.1684e-4,-4.831460674157303,0.9921412491653612,9.156718858447947,345.7840298689898,3.042587841437688e-252
rs12539467,23115859,6.252033272039998e-5,-22.9053317448634,0.9970951170939384,258.6444005314786,3.3124e-4,-5.318681318681318,0.9917870117556515,11.62700023294594,270.2714007644245,4.881181890255796e-285
rs12539789,23776416,5.816136684960001e-5,2.0262746578970834,0.9972971003529816,-0.9093693426350482,2.9928999999999996e-4,0.4393063583815029,0.9925733182892303,-2.3555596631316456,-3.2649290057666938,0
rs12539834,23488174,2.7097768996000004e-4,-2.7186448297228667,0.9875303362468806,1.457204785392363,0.0016483599999999998,-0.5467980295566504,0.9604219709971773,-1.4711632059158448,-0.01395842052348173,0
rs12539875,23093445,0.007413382200999999,-6.921592083715637,0.7432448952229284,17.124034335235454,0.05987809,-0.3163056804250102,0.40048823520754157,-0.23578555969787218,16.88824877553758,0
rs12540096,23483373,6.0439740489999994e-5,-3.7120769715601405,0.9971915161758383,3.9328526954761287,3.5344e-4,-0.3351063829787234,0.9912413910685186,-2.31320272788842,1.6196499675877085,0
rs12540317,23501094,1.1729756416e-4,-4.51557652533609,0.9945638376466805,7.53245187202076,8.179600000000001e-4,-1.395104895104895,0.9799607819695056,-1.0013745198640724,6.531077352156688,0
rs12540601,23597913,6.094144225e-5,2.147940818548645,0.9971682693634365,-0.6331410376332087,3.5721e-4,-0.35449735449735453,0.9911487934869632,-2.3013227212427187,-2.9344637588759275,0
rs12540730,23483815,7.970257741690001e-5,3.792831916197244,0.9962997323371686,4.366496674901789,4.1616000000000005e-4,1.0245098039215685,0.9897031286495304,-1.7685513247647293,2.59794535013706,0
rs1255553919,22932736,5.98111984129e-5,2.682352849903734,0.9972206417806021,0.644742024005271,3.9601e-4,-0.030150753768844216,0.9901968040903049,-2.3120733385265915,-1.6673313145213204,0
rs1261166998,23440376,7.130822913639999e-5,6.689162784418587,0.9966881572317817,19.44323008506967,4.5369e-4,-1.0704225352112677,0.9887849538571142,-1.6787724210002315,17.764457664069436,0
rs12666482,23448253,7.168754892249999e-5,6.605006584503092,0.9966705987402357,18.88795017805564,4.5795999999999993e-4,-0.985981308411215,0.9886805958580215,-1.7600409834463366,17.127909194609302,0
rs12666991,22846811,2.3715384004e-4,-1.6215210587150481,0.9890698061023995,-0.9578173929073752,0.0016483599999999998,-1.1182266009852218,0.9604219709971773,-1.01426999522331,-1.9720873881306853,0
rs12667185,23436581,7.157464563239999e-5,6.679042289880357,0.9966758249029838,19.377391021089764,4.5795999999999993e-4,-0.9766355140186915,0.9886805958580215,-1.7691082786306405,17.608282742459124,0
rs12669134,23788550,8.91205857369e-5,-0.4281177538592238,0.9958643006717629,-2.6527860201935503,4.9284e-4,0.8378378378378377,0.9878289593913393,-1.8576336798712412,-4.510419700064792,0
rs12669272,22950695,9.1716911104e-4,0.08317109573119189,0.9590131318366019,-1.5939348224764414,0.006193690000000001,-0.03049555273189326,0.8659191331110374,-1.0042534452136849,-2.5981882676901265,0
rs12669355,23427747,5.728219956899999e-4,4.742517872288865,0.9740013961638411,9.128508179879645,0.0037699600000000006,0.5521172638436481,0.9138687812371772,-1.0866527757641626,8.041855404115482,0
rs12670018,23798717,8.008674877439999e-5,6.739791174998213,0.9962819631310699,19.830667291742774,4.6656000000000003e-4,1.0925925925925926,0.9884704803175759,-1.6414247466105634,18.18924254513221,0
rs12670118,23065157,6.28834726081e-5,1.6306490237594122,0.9970782938180461,-1.5921700749752856,4.3680999999999993e-4,-0.9904306220095694,0.9891977136673243,-1.778820592990356,-3.370990667965642,0
rs12670654,23454448,7.17857980225e-5,6.643671106442494,0.9966660509476011,19.1438064659246,4.5795999999999993e-4,-0.9906542056074767,0.9886805958580215,-1.755474952657098,17.388331513267502,0
rs12671583,22951127,6.651266958089999e-5,7.312731361419798,0.9969101942491086,23.765581167319198,5.336099999999999e-4,1.7402597402597404,0.9868353694625276,-0.67079336130898,23.094787806010217,0
rs12671760,22955280,7.758192096359999e-5,1.2932132614900445,0.9963978311759436,-1.9799214465929125,6.300100000000001e-4,2.541832669322709,0.9844939737893247,1.0971018423698067,-0.8828196042231058,0
rs12672882,23067687,8.692060132899999e-4,0.006551591972132432,0.9610730926461672,-1.6230141546190162,0.00606841,0.392811296534018,0.8682739430338491,-0.9465277744653282,-2.5695419290843446,0
rs12672950,23758352,1.0226467875999998e-4,4.189466606016257,0.9952572332993753,6.058626266538388,5.0176e-4,0.5758928571428571,0.9876114025662095,-2.0317174593239558,4.026908807214433,0
rs12673631,22850800,2.3659054224999998e-4,-1.6593960276956086,0.9890954848578727,-0.8975048929316218,0.0016483599999999998,-1.1995073891625616,0.9604219709971773,-0.9238043704041706,-1.8213092633357926,0
rs12673983,23654126,1.0793339881e-4,3.814170621131763,0.9949956486257547,4.588823632976971,7.728399999999999e-4,-1.2877697841726619,0.9810452252038367,-1.1693910320448646,3.4194326009321063,0
rs12674362,23065334,6.28890236676e-5,1.6335277784082742,0.9970780366570764,-1.5874417565397931,4.3680999999999993e-4,-0.9760765550239235,0.9891977136673243,-1.7927818207661832,-3.3802235773059763,0
rs1270004314,22867785,0.003272068804,0.24969406664102653,0.8676992224814079,-0.9842893886970359,0.03504384,-0.8787393162393162,0.5330217643446818,-0.17494119802609862,-1.1592305867231345,0
rs12700398,22932928,7.10067449025e-5,1.4236312607176127,0.9967021132023077,-1.8472156631406036,4.972900000000001e-4,-0.905829596412556,0.9877204128967643,-1.7946827292692273,-3.641898392409831,0
rs12700402,22973712,5.9344374460900004e-05,5.651603875106607,0.9972422747348617,12.979596885223165,3.8808999999999995e-4,-0.233502538071066,0.9903909791228057,-2.295526714280417,10.684070170942748,0
rs12700403,23007207,1.6916123844000003e-4,7.089995540588334,0.9921790114044675,22.511973354875064,8.065600000000001e-4,0.7957746478873239,0.9802345505232493,-1.6515395831013426,20.86043377177372,0
rs12700405,23038151,6.48150586084e-5,5.54054389760992,0.9969888182716105,12.399883936149866,4.2025000000000005e-4,2.7365853658536583,0.9896029836529958,1.4224004253715834,13.822284361521449,0
rs12700406,23061108,1.7038603023999998e-4,7.119012962338738,0.9921228305279882,22.718670621692954,8.2369e-4,0.867595818815331,0.9798232349892917,-1.5828442919418557,21.135826329751097,0
rs12700410,23102140,7.13465719561e-5,1.3371036465171564,0.9966863823369254,-1.9638964069742895,5.0625e-4,-1.1866666666666668,0.9875019287147045,-1.4958013361132685,-3.459697743087558,0
rs12700412,23140624,1.0978848399999999e-4,12.401317045237642,0.9949100750598971,73.86468957150478,7.452900000000001e-4,2.2783882783882783,0.981708560670448,0.5473895943078069,74.41207916581259,0
rs12700415,23156788,1.1062832399999999e-4,12.524054002662105,0.9948713387662272,75.38728881684722,7.289999999999999e-4,2.1925925925925926,0.9821012055292297,0.34919629073159486,75.73648510757882,0
rs12700416,23184666,9.329666736040001e-5,15.572904911678409,0.995671345726987,118.01155181506799,5.76e-4,2.308333333333333,0.9858044164037855,0.4989693068052632,118.51052112187325,0
rs12700417,23195207,4.343973008400001e-4,-3.1065194653155617,0.980159409550032,2.769483441813036,0.002304,2.089583333333333,0.9455370650529501,0.609159453114827,3.378642894927863,0
rs12700418,23195320,4.347600308099999e-4,-3.1192466512236887,0.98014317125481,2.808645688719106,0.002304,2.091666666666667,0.9455370650529501,0.613277710253632,3.421923398972738,0
rs12700419,23198500,4.3553603024999997e-4,-3.1655478090035696,0.9801084339744636,2.9519531005634336,0.002304,2.0791666666666666,0.9455370650529501,0.5886297258234756,3.5405828263869092,0
rs12700421,23385111,9.165247666090001e-5,16.086124971666667,0.995747306276386,126.10138618344129,5.5225e-4,2.246808510638298,0.986381766733042,0.3415279585527262,126.44291414199402,0
rs12700423,23388969,9.08212812004e-5,13.594515016757573,0.9957857113811436,89.2813589259357,5.428900000000001e-4,1.8755364806866952,0.9866094893580601,-0.4213374252228419,88.86002150071286,0
rs12700424,23420923,0.008811896060890001,-0.8800788736115357,0.7089081263233001,-0.34251973910404326,1.58911236,0.8925908297636047,0.024553248125868992,-0.0026488407889252562,-0.3451685798929685,0
rs12700426,23435837,8.075879982809998e-5,12.706043115352987,0.9962508800534344,77.62601316850073,5.1984e-4,0.837719298245614,0.9871707292032742,-1.8316277794782987,75.79438538902244,0
rs12700428,23436427,7.168399288959999e-5,6.59222548732437,0.9966707633440508,18.803872275096754,4.5795999999999993e-4,-1.0186915887850467,0.9886805958580215,-1.7276254031624512,17.076246871934302,0
rs12700429,23440083,7.137461772250001e-5,6.689495581977546,0.9966850840982088,19.445843890472894,4.5369e-4,-1.028169014084507,0.9887849538571142,-1.7226116269488658,17.72323226352403,0
rs12700430,23440301,7.14545614864e-5,6.6035693498701065,0.9966813835193964,18.877102759374317,4.5369e-4,-0.9671361502347419,0.9887849538571142,-1.7828183415564232,17.094284417817892,0
rs12700432,23440439,7.13751246244e-5,6.680310308011713,0.9966850606337476,19.384647785801434,4.5369e-4,-1.0328638497652582,0.9887849538571142,-1.717827781209007,17.666820004592427,0
rs12700433,23440608,7.13834042769e-5,6.650179254740574,0.9966846773692418,19.184532012723917,4.5369e-4,-0.9530516431924883,0.9887849538571142,-1.7961891359136128,17.388342876810306,0
rs12700434,23440640,6.877998595689999e-5,7.195386194032101,0.9968052039387928,22.93097221004202,4.3264e-4,-0.7355769230769231,0.9892997340762315,-2.0011014523699444,20.929870757672077,0
rs12700435,23441544,6.89137400449e-5,7.188062779545211,0.9967990110152196,22.879280787760052,4.3680999999999993e-4,-0.5933014354066986,0.9891977136673243,-2.089896676271215,20.789384111488836,0
rs12700436,23449510,6.90856867684e-5,7.153954989184026,0.996791049854459,22.63651472198489,4.3680999999999993e-4,-0.6985645933014355,0.9891977136673243,-2.0226382066942374,20.613876515290656,0
rs12700437,23450077,6.151217842089999e-5,-13.037918033602068,0.997141825095934,81.82194059688165,3.6863999999999994e-4,-2.28125,0.9908681590462298,0.23029528394720478,82.05223588082885,0
rs12700438,23450640,7.169550798240001e-5,6.626996499482717,0.996670230326624,19.032998344910702,4.5795999999999993e-4,-1.046728971962617,0.9886805958580215,-1.6989986569377211,17.33399968797298,0
rs12700439,23472061,6.114411108090001e-5,5.709939420446654,0.9971588788241431,13.32361071364387,3.61e-4,-0.010526315789473686,0.9910557221079755,-2.3583157402831407,10.965294973360729,0
rs12700440,23493181,8.357707820250001e-5,3.2050907619188256,0.9961205527924467,2.340346074313086,4.2436000000000004e-4,0.7135922330097088,0.9895023693634235,-2.026368682552385,0.31397739176070116,0
rs12700441,23495911,8.26519175161e-5,1.1888825702786507,0.9961633317682873,-2.0775660391033277,4.1616000000000005e-4,1,0.9897031286495304,-1.793106026810352,-3.8706720659136797,0
rs12700443,23514868,6.02297062084e-5,-1.2398934127755201,0.9972012486292887,-2.172774422788345,3.459599999999999e-4,-0.9032258064516129,0.9914251637586514,-1.9750510109233133,-4.147825433711659,0
rs12700444,23532786,6.20879385681e-5,1.024588842820502,0.9971151494705758,-2.400764179052553,3.8808999999999995e-4,0.5736040609137056,0.9903909791228057,-2.159596451962459,-4.560360631015012,0
rs12700445,23539242,6.20869930209e-5,1.027551135664183,0.9971151932776876,-2.39774099737089,3.8808999999999995e-4,0.5939086294416244,0.9903909791228057,-2.1478574262107912,-4.545598423581682,0
rs12700446,23571744,4.1943040000000007e-4,-1.0774853515625,0.9808299007043495,-1.4078424296570229,0.003025,-0.8581818181818182,0.9296920395119117,-0.9850871726948014,-2.392929602351824,0
rs12700447,23597098,6.0944564889999995e-5,2.1433640334584396,0.9971681246764347,-0.6429082050802717,3.5721e-4,-0.35978835978835977,0.9911487934869632,-2.299449802131821,-2.9423580072120927,0
rs12700450,23648629,7.463940514810001e-5,1.7459178346669506,0.99653398017482,-1.313542252418376,4.4100000000000004e-4,0.738095238095238,0.9890952251428007,-1.989855349035535,-3.303397601453911,0
rs12700451,23648714,7.473913723240001e-5,1.659479617544111,0.9965293650030541,-1.4595513955545483,4.4100000000000004e-4,0.6857142857142856,0.9890952251428007,-2.0267389566942047,-3.486290352248753,0
rs12700454,23707456,7.69235997721e-5,1.3485150975815823,0.996428288196631,-1.9113562328822646,4.5369e-4,0.9014084507042253,0.9887849538571142,-1.8435372218810044,-3.754893454763269,0
rs12700455,23713062,5.89200548836e-5,7.549251296909564,0.9972619388204377,25.467322278571118,3.2041e-4,-0.31843575418994413,0.9920534042188559,-2.367208055740991,23.100114222830125,0
rs12700457,23720720,5.9279682448899996e-5,1.959417247994306,0.9972452726827972,-1.0328485677458659,3.0976e-4,-0.8181818181818181,0.9923155087006224,-2.102136887070733,-3.134985454816599,0
rs12700459,23724778,9.80997145209e-5,-3.5726076855741766,0.9954495144088892,3.65646205347748,5.152900000000001e-4,-0.5506607929515418,0.9872815917151277,-2.0326670617804408,1.6237949916970393,0
rs12700460,23735096,1.0066309560999999e-4,-4.28452821161954,0.9953311637233088,6.452314944640454,5.1076e-4,-0.7212389380530974,0.9873919916585124,-1.929897991478355,4.522416953162099,0
rs12700461,23735256,1.0529222544e-4,-4.535151834093478,0.9951175091998887,7.5725406252451295,5.5225e-4,-0.651063829787234,0.986381766733042,-1.9391170724970759,5.633423552748054,0
rs12700462,23792840,5.8146420144400006e-5,2.042311333992535,0.9972977930856103,-0.8769609401925091,3.0275999999999995e-4,0.4597701149425288,0.99248785939226,-2.340717120740925,-3.217678060933434,0
rs12700463,23798355,8.181256770090001e-5,6.118454001810939,0.9962021460706405,15.859992881314454,4.7524e-4,0.8211009174311926,0.9882585007525588,-1.8891676247868197,13.970825256527634,0
rs1272114795,22857504,6.426138634240001e-5,3.6747410283022632,0.9970144640140917,3.824714894872188,3.3856e-4,0.266304347826087,0.9916070380301131,-2.355019495757801,1.469695399114387,0
rs1273711713,23380468,0.00709413699289,1.073892245570585,0.7515546391947111,-0.262903019073936,0.04583881000000001,0.16674451191032227,0.4659896846193464,-0.30719193529641636,-0.5700949543703524,0
rs1275694067,22893992,5.973775016039999e-5,4.525709598370815,0.9972240453626916,7.269214778456222,3.7636e-4,1.036082474226804,0.9906787040733737,-1.805996410605252,5.4632183678509705,0
rs1277890707,23435053,7.84685930625e-5,17.814353850929926,0.9963568125156602,155.29006844838187,4.6656000000000003e-4,2.4305555555555554,0.9884704803175759,0.6883219554831022,155.97839040386498,0
rs1278638725,23013236,6.575993556250001e-5,7.131510312297684,0.9969450552269824,22.456037923452882,5.29e-4,1.673913043478261,0.9869476177551876,-0.7866861574558917,21.66935176599699,0
rs1279560584,23441122,0.006084109200490001,0.8292258915625115,0.7791137705950989,-0.4871883712159975,0.15499969,0.2661925323850648,0.20512853122997277,-0.10751987959753703,-0.5947082508135345,0
rs1282729531,23171309,4.3612892569000006e-4,6.138088557104344,0.9800818949249936,16.504783918992143,0.0037088100000000003,3.7438423645320196,0.9151473124068122,5.180095795048543,21.684879714040687,0
rs1284031806,22985010,1.5874740025e-4,-0.9322195325211319,0.9926569485758675,-2.025674448233528,0.0012110399999999998,-0.15517241379310348,0.9706136996300021,-1.7519278932156408,-3.777602341449169,0
rs1284945989,23146189,6.25271329081e-5,-26.81788347891408,0.9970948020546607,355.63410272263553,3.1684e-4,-5.00561797752809,0.9921412491653612,10.006586601566633,365.6406893242022,1.279030072967417e-243
rs1288493225,23261519,0.004188846673689999,-8.465791014704587,0.8366846436110238,29.07639806704567,0.026634240000000003,-2.0723039215686274,0.6002919820200545,0.8304495364194129,29.90684760346508,0
rs1290309346,23631880,0.0045180578722499995,1.146825556225034,0.8260816106046283,-0.3313496329364761,0.026536409999999996,-1.0484960098219769,0.6011746050019832,-0.1291669700001154,-0.4605166029365915,0
rs1290749053,23409732,8.1609634276e-4,2.258588460972997,0.9633644424725484,0.8037998684785721,0.0037332100000000003,-1.1423895253682488,0.914636725728571,-0.633594577251181,0.17020529122739114,0
rs1291156668,22914879,6.17621520321e-5,3.1380894757402125,0.997130243357645,1.9829086399402582,4.9284e-4,-0.24774774774774772,0.9878289593913393,-2.174031984360974,-0.19112334442071566,0
rs1293630468,23096855,8.79123763456e-5,5.0410189245917305,0.9959201396736995,9.903251192811979,6.250000000000001e-4,0.292,0.9846153846153846,-2.0452175118708937,7.858033680941086,0
rs1297612125,23690640,5.8011833902499995e-5,2.9051867315254283,0.9973040307766462,1.2506790833553407,3.459599999999999e-4,-0.8064516129032259,0.9914251637586514,-2.0570679729616197,-0.806388889606279,0
rs1302357728,22859011,2.3648903523999998e-4,-1.6997242850268564,0.9891001123455059,-0.830715304937869,0.00164025,-1.1530864197530863,0.9606090261225616,-0.9784924261919361,-1.8092077311298052,0
rs1303582015,23044852,0.00218220713881,3.3316279239030613,0.9076985787081209,3.846263339820166,0.025472159999999997,1.1923558897243107,0.6109466985662304,-0.03772416174320886,3.8085391780769573,0
rs1304219821,23160050,0.012469518889000001,-0.7665738311228921,0.632487344719598,-0.31466277329276043,0.15335056,-1.5211950970377937,0.20687811817043616,0.12347236776558906,-0.19119040552717137,0
rs1304431,22865412,7.003279647360001e-5,4.689839112105308,0.9967472008030821,8.097403773922647,3.3856e-4,0.005434782608695653,0.9916070380301131,-2.3901662480509285,5.707237525871719,0
rs1304432,22865249,1.6439342656e-4,4.270590253946465,0.9923977702827937,6.609989204142945,0.00111556,-1.1736526946107784,0.972867692912367,-1.1334715777019608,5.476517626440984,0
rs1305425839,22897872,4.5082754929e-4,-2.6224173091505083,0.9794244176852538,1.4259612701830797,0.0035880100000000004,-0.22370617696160267,0.9176835556383509,-1.225629704572684,0.20033156561039567,0
rs1306157228,23432070,7.348672755360002e-5,17.253664067640017,0.996587324236886,145.49637468489476,6.300100000000001e-4,2.2430278884462154,0.9844939737893247,0.3933170239615804,145.88969170885633,0
rs1307457491,23268985,0.00663224556996,1.891977514348233,0.763911676763671,0.6454664189713288,0.12687844,-0.4300954519932622,0.23969543339451163,-0.11484840816840468,0.5306180108029241,0
rs1311023561,23052426,1.4410802025e-4,-2.544745720354867,0.9933295937122338,0.7112302588710233,0.0011424399999999998,-0.7396449704142013,0.9722320795752513,-1.5259951550644373,-0.814764896193414,0
rs1314300471,23384125,7.017942739599999e-4,-1.0016458171331073,0.9683331135517947,-1.2404803003285916,0.00321489,-1.3915343915343914,0.9256068915135501,-0.40303821920430116,-1.6435185195328927,0
rs1315133190,23044939,6.48914024704e-5,5.594412278785231,0.9969852821766331,12.69942336217973,4.2025000000000005e-4,2.7560975609756095,0.9896029836529958,1.4754304293974378,14.174853791577167,0
rs1317407469,22883242,1.3645510596e-4,5.844419333299091,0.9936815901175923,14.438565107044306,0.00109561,2.256797583081571,0.9733399747564279,0.6663810985740033,15.10494620561831,0
rs1320815271,23531399,3.5533381009e-4,0.6636923550288325,0.9837117232154508,-1.8419984432417265,0.00210681,-0.326797385620915,0.9499651006571146,-1.4467907763091752,-3.2887892195509014,0
rs1321143934,23241737,3.1521161764000005e-4,-10.930540379177884,0.9855242757006906,56.75595940235688,0.0016080099999999998,-1.7680798004987535,0.9613533547987515,-0.12400132133520758,56.63195808102167,0
rs13221012,22900078,6.70665999364e-5,9.62112090966149,0.9968845419187123,43.2531015428412,4.5795999999999993e-4,0.3224299065420561,0.9886805958580215,-2.1892262888367084,41.06387525400449,0
rs13221727,23529777,6.25828134649e-5,1.0742681328238273,0.9970922224918248,-2.3448349689018873,3.8808999999999995e-4,0.6091370558375635,0.9903909791228057,-2.1387852008744477,-4.483620169776335,0
rs13222017,22982547,6.54115383076e-5,1.5910625217922436,0.996961191192674,-1.636251207679531,4.4944e-4,-1.3018867924528301,0.9888888449382734,-1.4118644467912922,-3.0481156544708234,0
rs13222656,23011037,6.188024896000002e-5,6.467176853452659,0.9971247718028144,17.92624929618774,4.884100000000001e-4,1.579185520361991,0.9879370417361413,-0.9769359222183014,16.94931337396944,0
rs13223121,23032295,1.6859724024999997e-4,7.035049482074782,0.9922048839921421,22.125934026837605,8.065600000000001e-4,0.7676056338028169,0.9802345505232493,-1.6731237995480954,20.45281022728951,0
rs13223686,22961878,6.0128858318399995e-5,5.5072295558066005,0.997205921731062,12.182290580982993,4.0401e-4,2.9900497512437814,0.9900007449755606,2.1228777569111448,14.305168337894138,0
rs13224149,23719322,5.81872993636e-5,3.704598547992543,0.9972958984650586,3.886976802214664,3.0275999999999995e-4,-1.4655172413793103,0.99248785939226,-1.379814082742655,2.5071627194720087,0
rs13224898,22870989,6.93425929284e-5,-1.3577640557112698,0.996779155295157,-1.9502630470935873,4.5369e-4,0,0.9887849538571142,-2.2452494983141267,-4.1955125454077145,0
rs13225524,23038024,6.47978310841e-5,5.526000315539318,0.9969896162195445,12.31953232808321,4.2025000000000005e-4,2.717073170731707,0.9896029836529958,1.3697471886922705,13.68927951677548,0
rs13225593,23260307,6.23676631824e-5,-24.450446480578222,0.9971021900247841,295.12407588774727,3.2761000000000004e-4,-4.740331491712707,0.9918762852546927,8.737614499718388,303.86169038746567,1.8906120437070096e-270
rs13225706,23317917,9.143203524009998e-5,16.606654876955787,0.99575749140893,134.57419123162308,5.1984e-4,1.6929824561403508,0.9871707292032742,-0.7633037317298914,133.81088749989317,0
rs13225793,23552163,6.21402700681e-5,-4.1885293628875635,0.9971127249631561,5.822841197683224,3.7636e-4,-1.6804123711340204,0.9906787040733737,-0.9389946087289436,4.88384658895428,0
rs13225964,23041420,7.19073472324e-5,1.2529747093688308,0.9966604246878318,-2.0686044807236557,5.0625e-4,-1.1911111111111112,0.9875019287147045,-1.4905834246874672,-3.5591879054111226,0
rs13226357,23673881,7.477545139840001e-5,1.751556558825434,0.996527684550309,-1.3028180718600326,4.4100000000000004e-4,0.719047619047619,0.9890952251428007,-2.003581568486496,-3.3063996403465286,0
rs13226524,23481877,6.11076777796e-5,-4.527768467751633,0.9971605669263698,7.289163049661891,3.5344e-4,-0.6117021276595744,0.9912413910685186,-2.1834079916428024,5.1057550580190885,0
rs13226679,23674092,7.477787265639999e-5,1.7527077440438883,0.9965275725058157,-1.3007920853721253,4.4100000000000004e-4,0.719047619047619,0.9890952251428007,-2.003581568486496,-3.3043736538586215,0
rs13227008,22883708,6.03711906121e-5,0.696367644844393,0.9971946925816347,-2.6963373122438425,4.8399999999999995e-4,-0.5272727272727272,0.9880446596186148,-2.0759422299507486,-4.772279542194591,0
rs13227316,22971612,5.9370107039999994e-5,5.610808285313814,0.9972410822443851,12.750699431523472,3.8808999999999995e-4,-0.21827411167512692,0.9903909791228057,-2.2989335837105207,10.45176584781295,0
rs13227539,22884156,6.0378339122499996e-5,0.6777661237910776,0.9971943613391094,-2.7090229891797977,4.8399999999999995e-4,-0.5363636363636364,0.9880446596186148,-2.0711653198195346,-4.780188308999332,0
rs13227551,22992968,3.9986401155999997e-4,2.9534570877049102,0.9817078256347243,2.281032929916757,0.00207025,0.3692307692307692,0.9507906418431076,-1.4410244424760115,0.8400084874407456,0
rs13227654,22962896,7.171430666490001e-5,1.2722074811978135,0.996669360163314,-2.045734827605009,5.0176e-4,-1.2142857142857142,0.9876114025662095,-1.467377927901023,-3.513112755506032,0
rs13227748,23652561,7.46400963025e-5,1.7325987186684337,0.9965339481910208,-1.3366227775993487,4.4100000000000004e-4,0.7333333333333333,0.9890952251428007,-1.993320546593008,-3.3299433241923566,0
rs13229167,23591862,7.37774487844e-5,4.456747751292875,0.9965738695881443,7.059112422247084,4.2436000000000004e-4,0.6213592233009709,0.9895023693634235,-2.0872857091326926,4.971826713114392,0
rs13229367,23444141,6.902884588960001e-5,7.176169544892132,0.996793681582155,22.79483016731744,4.3680999999999993e-4,-0.5933014354066986,0.9891977136673243,-2.089896676271215,20.704933491046223,0
rs13229799,22954788,5.91894806409e-5,5.774663448352954,0.9972494528321257,13.679530374590314,3.8808999999999995e-4,-0.2385786802030457,0.9903909791228057,-2.2943400518946504,11.385190322695664,0
rs13230424,23073224,6.30597986404e-5,1.5688160966727196,0.9970701253208976,-1.6894113219237266,4.3680999999999993e-4,-0.875598086124402,0.9891977136673243,-1.8848036359601388,-3.574214957883865,0
rs13232005,23623862,7.52580540196e-5,1.1063072180967684,0.9965053524566084,-2.218442123689899,4.5369e-4,0.6525821596244131,0.9887849538571142,-2.034705800045779,-4.253147923735678,0
rs13232283,23031333,6.583358816409999e-5,6.982556856906576,0.9969416440848621,21.40855448113173,5.29e-4,1.7478260869565219,0.9869476177551876,-0.6618811274185887,20.746673353713142,0
rs13232424,22930683,1.9317108196000002e-4,2.0339098902047685,0.9910788451178647,-0.309722683764432,0.00104329,1.1238390092879256,0.9745807414561551,-1.2206694727496528,-1.5303921565140848,0
rs13233239,23136855,0.00176301733689,3.516408142268203,0.9240831151929452,4.4241441009089,0.044563210000000006,0.10184746565608715,0.473018940506161,-0.3178420450983459,4.106302055810554,0
rs13233381,23489012,8.364437723289999e-5,3.1890073291033083,0.9961174410616844,2.289511099932496,4.2849e-4,0.7439613526570049,0.9894012860732618,-1.9997051394345053,0.2898059604979908,0
rs13233418,23019206,6.362455224999999e-5,5.444254999059739,0.9970439633903377,11.864194968618879,4.1208999999999994e-4,2.7192118226600988,0.9898028040618538,1.3665356067906527,13.230730575409531,0
rs13235314,23609295,6.305741635689998e-5,3.706445263554246,0.9970702356819059,3.932327432419949,3.7636e-4,0.4742268041237113,0.9906787040733737,-2.2263294132090263,1.7059980192109228,0
rs13236851,23586645,1.1220529329000001e-4,7.0525361805771904,0.99479861169696715,22.110364416340538,7.672899999999999e-4,0.12635379061371843,0.9811787832843439,-1.9785528511867145,20.131811565153825,0
rs13237510,23014410,7.187682312039999e-5,1.2576521404761962,0.996661837579429,-2.0629629124502067,5.0176e-4,-1.1830357142857142,0.9876114025662095,-1.504372021314671,-3.5673349337648776,0
rs13237857,23727960,5.81291880625e-5,8.446247171852969,0.997298591739433,32.61619660678441,3.1329000000000003e-4,0.005649717514124294,0.9922286174112804,-2.428637759917463,30.18755884686695,0
rs13238288,22920154,9.631263321000001e-5,2.7323693944303487,0.9955320401731438,1.010831017051471,0.00113569,0.543026706231454,0.9723916141919583,-1.6514494103968793,-0.6406183933454084,0
rs13238624,23068214,7.97150765889e-5,3.795267424031146,0.9962991541988161,4.375776871785247,6.6049e-4,-0.1245136186770428,0.9837559753952793,-2.0523891773784744,2.3233876944067724,0
rs13238708,23630951,7.52760993924e-5,1.5599491942306407,0.9965045174392051,-1.615674202387208,4.5369e-4,0.5633802816901409,0.9887849538571142,-2.088330640332438,-3.7040048427196464,0
rs13239431,23648483,7.45589075625e-5,1.7455514056573729,0.9965377052879185,-1.3147117131158181,4.4100000000000004e-4,0.7857142857142857,0.9890952251428007,-1.95396980798727,-3.268681521103088,0
rs13239483,23482044,6.039698940250001e-5,-3.7462539647818,0.9971934971369064,4.0596075143849735,3.5344e-4,-0.3351063829787234,0.9912413910685186,-2.31320272788842,1.7464047864965533,0
rs13240023,22867493,6.93217764409e-5,-1.3377420288566977,0.9967801190720857,-1.977309656595911,4.5369e-4,-0.004694835680751174,0.9887849538571142,-2.245238601171211,-4.222548257767122,0
rs13240517,23020672,6.35301455364e-5,5.398264618133185,0.9970483366389021,11.614929639507979,4.1208999999999994e-4,2.7142857142857144,0.9898028040618538,1.35328907699279,12.968218716500768,0
rs13240589,23020988,6.350033906410001e-5,5.393658446599261,0.9970497173867271,11.589934414029809,4.1208999999999994e-4,2.729064039408867,0.9898028040618538,1.3931007236654223,12.983035137695232,0
rs13240597,23284961,9.05601560161e-5,16.67999466179643,0.9957977771933934,135.79046424864413,5.1076e-4,1.6991150442477876,0.9873919916585124,-0.7614151845277068,135.0290490641164,0
rs13240694,23564901,6.207706520999999e-5,0.9278554112883779,0.9971156532324554,-2.495012171722027,3.8808999999999995e-4,0.6903553299492385,0.9903909791228057,-2.086521016658325,-4.581533188380352,0
rs13240940,23102329,7.11384286096e-5,1.4147487183378467,0.9966960173995373,-1.8588628603608623,5.0625e-4,-1.008888888888889,0.9875019287147045,-1.6885227001765037,-3.547385560537366,0
rs13241000,23588135,5.90417044996e-5,-1.3041622309620426,0.9972563011778844,-2.1011378997408676,3.5721e-4,-1.4867724867724867,0.9911487934869632,-1.2681372988222779,-3.3692751985631455,0
rs13241178,23042311,6.8260644e-5,1.43479786976519,0.9968292506252593,-1.8508349216227056,4.7961e-4,-1.1643835616438356,0.9881518127274448,-1.5479274800809715,-3.398762401703677,0
rs13242065,23487716,1.7584086025e-4,4.381463745710946,0.9918726961634744,7.114338418177563,0.0012602499999999999,-0.6084507042253522,0.9694560745511722,-1.5648424644812828,5.54949595369628,0
rs13242451,23426133,2.2300046224000002e-4,3.3725993089224007,0.9897154129651062,3.340167957252202,0.0017808400000000001,-0.6943127962085308,0.9573766348402761,-1.346914947920128,1.9932530093320742,0
rs13242749,23671241,7.48378977921e-5,1.778117627203675,0.9965247948313919,-1.2556935141855046,4.4100000000000004e-4,0.738095238095238,0.9890952251428007,-1.989855349035535,-3.24554886322104,0
rs13243592,23026908,6.537353145209999e-5,1.5465920629678964,0.9969629515059852,-1.7060932875683512,4.4944e-4,-1.0141509433962264,0.9888888449382734,-1.7413657127527802,-3.4474590003211314,0
rs13243961,23240263,1.5518681476e-4,12.62879894681073,0.9928204652655213,76.70250141157464,9.1204e-4,0.2947019867549669,0.9777072959451545,-1.8592913351762814,74.84321007639836,0
rs13244911,22951468,7.082165011360002e-5,1.4798421020110366,0.9967106815966239,-1.7671728233836026,4.972900000000001e-4,-1.304932735426009,0.9877204128967643,-1.3589389122140751,-3.1261117355976777,0
rs13245014,23607697,6.268664790009999e-5,3.8365694178331773,0.9970874120969515,4.418840232863995,3.7636e-4,0.5876288659793815,0.9906787040733737,-2.1666823215034716,2.2521579113605235,0
rs13245390,22921758,7.11338741281e-5,1.2383078672387893,0.9966962282309122,-2.0921750767428207,5.0176e-4,-1.0535714285714286,0.9876114025662095,-1.64735876864292,-3.7395338453857407,0
rs13246754,23777938,7.463750449000001e-5,3.087576539765953,0.9965340681295143,1.9176569846325213,3.8808999999999995e-4,0.29949238578680204,0.9903909791228057,-2.278109572811909,-0.36045258817938786,0
rs13246867,23446399,7.094389675239999e-5,6.386234064125793,0.9967050225477183,17.467123627515466,4.5369e-4,-0.8544600938967136,0.9887849538571142,-1.8842925363845817,15.582831091130885,0
rs13247324,22843130,6.95649411136e-5,-1.3020828337665575,0.9967688609728957,-2.0224894973649348,4.6656000000000003e-4,0.046296296296296294,0.9884704803175759,-2.230362984176321,-4.252852481541256,0
rs13247452,23477027,8.002984248359999e-5,3.6368229610303673,0.9962845951967526,3.791035937849088,4.2436000000000004e-4,1.0097087378640777,0.9895023693634235,-1.7738982116248123,2.017137726224276,0
rs1331742577,23571195,0.0018824491238400001,3.3090404543275436,0.9193550333642766,3.7745038605879224,0.039720490000000004,-0.2729553437029603,0.5017530624811765,-0.3296382726508721,3.4448655879370502,0
rs1332273552,23497239,1.2975943744e-4,-4.045500035114825,0.9939897626031748,5.576707767019697,9e-4,-0.6,0.9779951100244499,-1.7322061695488917,3.8445015974708054,0
rs1332885995,23270927,4.1870981375999994e-4,1.8274493705528188,0.980862204862141,-0.340215461864533,0.0021715600000000003,-2.304721030042918,0.9485065290446926,1.0359594450658762,0.6957439832013432,0
rs1338227553,23528601,0.0013722653448100003,0.6847514179046055,0.9398979144087113,-1.1855035841569026,0.00685584,0.6123188405797102,0.8536822731168623,-0.8009499956953258,-1.9864535798522285,0
rs1338316193,23627241,6.6502610161e-4,0.5410014696701191,0.9699423264268242,-1.6103760289993254,0.004984359999999999,1.5807365439093486,0.8891979345710376,0.010926965881808526,-1.599449063117517,0
rs1340834763,23753490,6.55486163641e-5,-5.799491366948239,0.9969548423810802,13.868738181558806,3.61e-4,-1.3,0.9910557221079755,-1.5209285612360903,12.347809620322716,0
rs13437740,23732024,2.2557336481000002e-4,2.0878880891664613,0.9895979872432485,-0.12591226796774757,0.00148225,1.4467532467532467,0.9642678495018955,-0.6567001241562682,-0.7826123921240158,0
rs13438179,23143851,6.24220085776e-5,-26.71008864969952,0.9970996722797048,352.75836335243275,3.1684e-4,-5.01123595505618,0.9921412491653612,10.034502708233436,362.7928660606662,7.414584638591532e-245
rs13438188,23144197,6.24130020361e-5,-26.722648442632394,0.997100089539119,353.0930192424958,3.1684e-4,-5.01123595505618,0.9921412491653612,10.034502708233436,363.12752195072926,1.036158116935872e-244
rs13438452,23174182,6.25535464464e-5,-27.092531621882696,0.9970935783694405,363.01555412763366,3.1684e-4,-5.146067415730337,0.9921412491653612,10.713883359094805,373.72943748672844,4.166577347205228e-240
rs1345353785,23512817,1.1729106601000001e-4,-4.647177773058421,0.9945641371667668,8.132064962237049,8.2369e-4,-1.337979094076655,0.9798232349892917,-1.0745778655799363,7.057487096657113,0
rs1345491132,23249463,4.010406759999999e-4,0.7652451812643564,0.9816549854266351,-1.7117700416472559,0.00203401,-2.658536585365854,0.9516103745514644,1.848668965369815,0.13689892372255907,0
rs1347181264,22884898,6.037150140809999e-5,0.6835008384910508,0.9971946781801889,-2.705187095661093,4.8399999999999995e-4,-0.55,0.9880446596186148,-2.0638468485287644,-4.769033944189857,0
rs1347472821,22988820,7.359632416890002e-5,7.870245709496515,0.9965822520364099,28.025148080390473,5.76e-4,0.7958333333333333,0.9858044164037855,-1.8152322326926336,26.20991584769784,0
rs1347539460,23559156,6.210559010410001e-5,-4.221028308363079,0.997114331677297,5.95883352258389,3.8025e-4,-1.641025641025641,0.9905832678103776,-0.9988304645221748,4.960003058061716,0
rs1350027822,23397029,4.2077086128999993e-4,-6.387701277745007,0.9807698129705512,18.03340476843681,0.003721,-1.140983606557377,0.9148921570869833,-0.6363947979342686,17.39700997050254,0
rs1350586784,23307475,7.0059207969e-4,15.18631440153842,0.9683856448992669,109.93948374905119,0.00304704,-1.5579710144927534,0.9292160390122062,-0.1963306036403325,109.74315314541086,0
rs1352861836,23102669,7.54749150169e-5,1.112777592968393,0.9964953176938419,-2.2098605941260265,6.300100000000001e-4,2.709163346613546,0.9844939737893247,1.5296159962172218,-0.6802445979088048,0
rs1355729496,22861639,6.78631611681e-5,4.690934958017264,0.996847655747296,8.087947478345336,3.3489e-4,0.07103825136612021,0.9916972625932537,-2.3930827382823865,5.69486474006295,0
rs1356292759,22979839,8.678798160400001e-4,0.10213714960726142,0.9611301770560102,-1.6187552908844756,0.005929,0.4545454545454546,0.8709094471902283,-0.9336505963427904,-2.552405887227266,0
rs1357713730,23321521,7.001157240899999e-4,15.20814672879889,0.968406461415881,110.2628632727826,0.0030691599999999996,-1.5216606498194947,0.9287388005709886,-0.2454769894898574,110.01738628329274,0
rs1357743909,23465566,0.0035515997820899994,2.108521980760228,0.8580017603530515,0.931309664687599,0.051801759999999995,-0.7130931458699473,0.43572149379271163,-0.17532108251385736,0.7559885821737417,0
rs1358441,23194469,4.3473084004e-4,-3.1175192564100107,0.9801444780150981,2.803339417045107,0.002304,2.09375,0.9455370650529501,0.6174000712859482,3.4207394883310553,0
rs1358442,23189739,6.37167939984e-5,-23.99865702531107,0.9970396904675739,284.2040650539725,3.2761000000000004e-4,-4.933701657458563,0.9918762852546927,9.665350804193736,293.86941585816624,8.649932738079791e-275
rs1361008356,23506005,6.11484900625e-5,-4.303513539435404,0.9971586759285967,6.302060849559936,3.459599999999999e-4,-0.6075268817204301,0.9914251637586514,-2.1964996741486855,4.105561175411251,0
rs1364362538,23361701,0.005906014720360001,0.1983120496131455,0.7841841465065837,-0.7512448152327984,0.09443329000000002,-0.5870484868206963,0.29754534758466444,-0.12531629533876731,-0.8765611105715657,0
rs1364506541,23794350,0.0034113309235600004,0.0038936866723966123,0.862840706943168,-0.9932996120992549,0.06760000000000001,0.05192307692307692,0.3717472118959108,-0.23190521599790337,-1.2252048280971581,0
rs1369758,23029507,6.350798925609998e-5,5.3275928921258,0.9970493630007154,11.236881584185483,4.1208999999999994e-4,2.783251231527094,0.9898028040618538,1.5409262316272443,12.777807815812727,0
rs1369785898,23788382,7.536010824039998e-5,8.382355990425088,0.9965006300981978,32.18142012339551,4.4100000000000004e-4,1.038095238095238,0.9890952251428007,-1.7263321211939173,30.455088002201595,0
rs1371415773,23607537,6.27412904836e-5,3.817501458160269,0.9970848806586325,4.346494952050817,3.7636e-4,0.6288659793814433,0.9906787040733737,-2.141833753732049,2.204661198318768,0
rs1371705272,23338559,1.9467504676e-4,8.872468213809611,0.9910100124375545,36.65067517362202,0.00128881,3.075208913649025,0.9687854893371836,2.847422420952365,39.49809759457438,0
rs1372367202,23635254,0.016710215823999997,1.4108364018937403,0.5622181898857469,0.1465189056427218,1.44288144,-0.36863136863136864,0.026974509843484186,-0.011839729082142281,0.1346791765605795,0
rs1374588636,23609544,9.4548870144e-4,-5.598527422208346,0.9578009785063812,13.427742814568022,0.00646416,-3.044776119402985,0.8608785782418106,3.0042529015579147,16.431995716125936,0
rs1374625772,23736623,6.378913397610001e-5,0.2579014650404855,0.9970363394819383,-2.877507034973913,3.1684e-4,-2.157303370786517,0.9921412491653612,-0.11437203673216878,-2.991879071706082,0
rs1378492941,23624475,1.5838474201e-4,5.339496706422674,0.9926736008660342,11.692538327654958,9.548100000000001e-4,0.6731391585760518,0.9766862549234143,-1.658079843309064,10.034458484345894,0
rs137909566,22926022,0.0024761969299599996,3.9394590988195675,0.8965500081986166,5.822597824634851,0.023347839999999998,0.0700261780104712,0.6314343156767461,-0.49751999633799754,5.325077828296854,0
rs137911490,23368758,0.0042479370464400005,-8.57691918215545,0.8347615000755884,29.803823912381606,0.030975999999999997,-1.590340909090909,0.563570784490532,0.2981226235492558,30.10194653593086,0
rs137961130,23272171,4.1710301361e-4,1.8082367515215614,0.9809342459930176,-0.37624053383330436,0.0021529599999999998,-2.262931034482759,0.9489250576946434,0.9424240649563507,0.5661835311230463,0
rs1379926382,23293098,6.036264403559999e-5,-23.462739434752503,0.9971950886070284,271.5398271670528,3.0275999999999995e-4,-5.56896551724138,0.99248785939226,12.944582632243382,284.4844097992962,7.263674701946586e-279
rs138018708,22954981,0.015833692224,-0.04728439506643779,0.5754321624064787,-0.42769846041494425,3.0175164100000003,-0.23752230729376547,0.01308251359475124,-0.006215384641250062,-0.4339138450561943,0
rs138044362,22965135,1.8464189689e-4,-3.088892650294739,0.9914693853801634,2.347885572777682,0.0015132099999999999,-0.4498714652956299,0.9635487113619978,-1.5583856510531073,0.7894999217245746,0
rs1380708904,23504308,8.2401006250000015e-05,0.9892822913797852,0.9961749344154157,-2.2956218633033894,4.1208999999999994e-4,1.1822660098522169,0.9898028040618538,-1.6010713734187718,-3.896693236722161,0
rs138121934,22998634,0.018254982321000004,1.0404260200871875,0.5403499605656223,-0.0961842157965046,0.29713401,-0.8660796184186388,0.1186471812796342,-0.018650365180380636,-0.11483458097688523,0
rs138138512,23108822,0.0017934716803600001,0.7389242822802684,0.9228728712521934,-1.0292016073445502,0.03200521,-0.504751257685858,0.5555153578470224,-0.3346544994666164,-1.3638561068111668,0
rs138218950,23178645,5.583769000000001e-4,4.294879390605162,0.9746403877908538,7.151804205767219,0.00416025,1.0790697674418603,0.9057919735508745,-0.653776681360629,6.49802752440659,0
rs138225559,23670575,0.008928927048999998,-0.9031960039367996,0.7061780436545317,-0.3243536755606434,0.13169641,-0.8200606227610912,0.23296934397172314,-0.05427837990155217,-0.3786320554621955,0
rs138268178,23693163,0.011510714943999998,1.4443926627395423,0.6508803882806972,0.15278582300470622,0.39866595999999993,0.22521381057966425,0.0911855572290132,-0.04549464630405783,0.10729117670064839,0
rs138306162,23500709,0.016384768009000003,2.645617680835605,0.5670530139685195,1.5659150747337183,0.16875663999999999,-1.0854430379746836,0.1916106716413907,0.006520814547838927,1.5724358892815573,0
rs1383651058,23045526,0.00526461982929,-0.5631435395554159,0.8030047004929498,-0.6849590056879591,0.06270016,-0.3546325878594249,0.3894833269977379,-0.22223329408921882,-0.907192299777178,0
rs138393161,23268276,0.00180035581636,-3.9341890051048063,0.9225997374762034,5.8605444499375094,0.028493440000000002,0.3631516587677725,0.5839975331944197,-0.40002350195714875,5.460520947980361,0
rs138448383,22901110,0.0033966050241600004,1.8259311878435973,0.8633518836514801,0.4440451780256367,0.05148361,0.3186425738210666,0.43723679028407386,-0.2652511618249132,0.1787940162007235,0
rs138465395,23655179,0.0012485904931600002,2.4390299812652465,0.9450167638682172,1.3605261695002122,0.01265625,2.488,0.7596439169139466,1.6383357293707208,2.998861898870933,0
rs138488233,23477395,0.00262499448409,4.424774615641352,0.8910110997534633,7.614133884570185,0.029480889999999996,0.10425160163075131,0.5756978645495187,-0.4255262906423192,7.188607593927865,0
rs138500492,23541152,0.0073685742721599995,1.0094186420380147,0.7444001133540082,-0.30282668693127446,0.056882249999999995,-1.677568134171908,0.4128723269742394,0.31470335355588575,0.011876666624611287,0
rs138530777,23209690,9.362926812099999e-4,4.0255041847909565,0.9581942563849821,6.176256768852211,0.00919681,-0.19290928050052136,0.8130608468313292,-0.8233574302843387,5.352899338567872,0
rs138537436,23578299,0.00286548231204,18.6377409387598,0.882202331663919,152.15388390715646,0.02427364,-1.8023106546854943,0.6223391113370894,0.5239001381722673,152.67778404532874,0
rs138545259,23373752,0.015804261224999998,0.09739887841546356,0.5758866341600077,-0.426145657379916,0.69655716,0.43805415768032585,0.054306715313174075,-0.022707995899753468,-0.4488536532796695,0
rs138559698,23670173,3.9456260495999995e-4,2.5865804788658653,0.98194596528873,1.2776118980485096,0.00331776,-2.383680555555556,0.9234087819868801,1.33873698316635,2.6163488812148596,0
rs138617381,23303913,0.00168337063521,-27.982714623107125,0.9272633022349618,361.72811170439644,0.01478656,0.4432565789473685,0.730106069809822,-0.5831388199570794,361.14497288443937,1.4269735193013094e-245
rs138631872,23253600,0.00383439600625,29.00238200977028,0.848409126280271,355.87136165012805,0.01703025,-1.1371647509578544,0.7013821612214571,-0.15080137583144781,355.7205602742966,6.289606129688271e-248
rs138672833,23359823,0.004247506894410001,-8.571645576612363,0.8347754677732567,29.766549039877358,0.030555040000000006,-1.585812356979405,0.5669332764888235,0.29443040408211185,30.060979443959468,0
rs138673631,23356187,4.6858827961e-4,6.0387861541375445,0.9786311467511025,15.920930345711994,0.00332929,0.608318890814558,0.9231630612917959,-1.1122257809262295,14.808704564785765,0
rs138708443,23403865,0.00100050750864,0.3014751444794314,0.9554547660340591,-1.5122057220587148,0.0038439999999999998,0.6935483870967741,0.9123255177447314,-0.9976436350293224,-2.5098493570880374,0
rs138740275,23351253,8.877062713599999e-4,2.971122090057192,0.9602774799405311,2.6255381457366216,0.00414736,-0.732919254658385,0.9060564436922162,-0.9391771138565086,1.686361031880113,0
rs1387563816,22849058,9.6909557809e-4,-0.3333633148411676,0.9567928810860544,-1.5177102812954175,0.010816,0.05865384615384616,0.7871536523929471,-0.7722383611702809,-2.2899486424656983,0
rs138773772,23004453,0.018103702500000003,1.5294017094017094,0.5424160991978214,0.24347699035868137,1.3850936100000002,1.2286515421871016,0.028068331595424108,0.006950872238073906,0.25042786259675526,0
rs138829079,23551287,0.00285031057689,0.9175549699091374,0.8827529027107721,-0.700137836044159,0.044605439999999996,0.2518939393939394,0.47278283760476875,-0.3050722041087082,-1.0052100401528672,0
rs138829297,23059618,1.4170759681000002e-4,-2.612738468258835,0.9934399745346664,0.8774300682243816,0.0011289599999999998,-0.7410714285714286,0.9725507282459853,-1.5306517792337544,-0.6532217110093728,0
rs1388521664,23334792,2.08080625e-4,-7.10107452339688,0.9903968950606084,22.647675763867046,0.00141376,-2.484042553191489,0.9658625538951305,1.2912315182999576,23.938907282167005,0
rs138857110,23563865,0.0018067260313599997,-0.7344161710456976,0.9223471379204358,-1.0290115795175108,0.03591025,-1.0522427440633244,0.5269380617242072,-0.08254766734833163,-1.1115592468658424,0
rs138857492,23519945,3.4171740736000007e-4,6.336445665815553,0.9843261073610254,17.68273476243056,0.00251001,2.590818363273453,0.9409548480463777,1.7432779140565076,19.426012676487066,0
rs138919567,23473644,7.661381126400001e-4,-1.0473713113095753,0.9655298224169003,-1.1542437040010678,0.00616225,-0.9949044585987261,0.8665088898396417,-0.5780098347087208,-1.7322535387097886,0
rs138937856,23543508,0.011731922595999998,1.2247539560906255,0.6465425911982754,-0.03508200545785306,0.11269449,-0.21179624664879357,0.2619609915197333,-0.1460038221316056,-0.18108582758945865,0
rs138945278,23583435,0.00101137356441,-1.6608022740636625,0.9549927544143196,-0.23340473478574464,0.01127844,-1.6374764595103577,0.780054931468274,0.2886032891497965,0.055198554364051855,0
rs138980536,23184034,0.00455796466129,2.1132172169088186,0.8248145516722892,0.9707267321055102,0.04831204,0.7315741583257507,0.4529393727061452,-0.18039107755790307,0.7903356545476071,0
rs139000070,23336203,0.019867184400999997,0.2044987265077935,0.5192705223840162,-0.35536741554624895,0.4526598399999999,-1.0334423305588587,0.08119192341717972,0.0010176020235603822,-0.3543498135226886,0
rs139054526,23695354,0.0043882940336400006,1.2951382913522993,0.8302287167432786,-0.19034572198896826,0.02617924,-1.0420271940667492,0.6044191501745866,-0.13555463990335243,-0.3259003618923207,0
rs1390658724,22858202,0.0029225052240400002,1.4075419624788663,0.8801391394591348,-0.18885729694725484,0.051756250000000004,-0.3991208791208791,0.4359376064300797,-0.2515733231212396,-0.4404306200684944,0
rs139074698,23771653,0.004259167801289999,-1.2744846565321786,0.834396985544738,-0.2214207576909928,0.04359744000000001,-0.13026819923371646,0.47848355164942846,-0.32144734630855276,-0.5428681039995455,0
rs139085239,22878391,0.00143046586225,3.787158097907275,0.9375081595737854,5.336776900085872,0.021345210000000003,-2.817248459958932,0.6520476496860961,2.059770005203938,7.39654690528981,0
rs139086311,23065894,0.00290820761284,-0.45486001654063396,0.8806555459026812,-0.9717679227227747,0.04678569,1.7845584835876098,0.46090547877190363,0.4249789020394876,-0.546789020683287,0
rs139192757,23486155,0.00395506405449,-1.211299855460309,0.8443809653278332,-0.3107143093672078,0.061801959999999996,-0.42558326629123094,0.39291974339197405,-0.21396410778077374,-0.5246784171479815,0
rs139216145,23122521,0.00286008900804,0.6510701236728633,0.8823979719836874,-0.8832036437646098,0.04359744000000001,-0.022988505747126433,0.47848355164942846,-0.3253807998533287,-1.2085844436179385,0
rs139231110,23149200,0.0027213332889600003,1.9551473745552692,0.887461294315117,0.6039762962638038,0.01737124,0.2291350531107739,0.69721344701631,-0.5790607292754402,0.024915566988363613,0
rs139270532,23493541,9.5550228544e-4,-7.758320608711406,0.9573731036120763,27.23524516550783,0.006724000000000001,-2.6304878048780487,0.8560910880917729,1.9925592598176398,29.22780442532547,0
rs1393387482,23009895,6.35114957481e-5,5.392908634390752,0.9970492005667438,11.585982460070017,4.1208999999999994e-4,2.8374384236453203,0.9898028040618538,1.6916580498438996,13.277640509913917,0
rs139361630,23714701,9.7861983241e-4,-1.0809483775481172,0.9563867621535058,-1.00745251041327,0.01026169,-0.3830207305034551,0.7958347600329396,-0.7360363851027094,-1.7434888955159795,0
rs139404122,22883011,0.0076028459524900005,0.3377422606752964,0.7383995995857487,-0.6283540042686423,0.42915601000000003,-0.521599755762479,0.08525948543214869,-0.032959305688257924,-0.6613133099569002,0
rs139436835,23699122,0.00202097000704,0.07080448980318182,0.9139314925393441,-1.2240149554261328,0.011406240000000002,-0.1750936329588015,0.7781156528857198,-0.7408718465322645,-1.9648868019583974,0
rs139440593,23277758,6.4322597161e-4,5.4374869390700225,0.9708989692018085,12.584436882153101,0.00492804,1.6980056980056981,0.890312597656163,0.17842465756792025,12.76286153972102,0
rs139445296,23705296,0.0030436185610000005,0.19677898819989487,0.8757888966257995,-1.0259302213882433,0.11135569,0.7090200779142943,0.26427813846972,-0.08702400702515951,-1.1129542284134029,0
rs139455022,23774508,1.2962961025e-4,-5.576689649115103,0.9939957398728844,12.89872605484689,7.344099999999999e-4,-0.41697416974169743,0.9819707711490114,-1.9225141254859384,10.976211929360952,0
rs139457586,23373105,0.00678427326889,3.774316562397182,0.7597998403383585,4.698709858915259,0.23921880999999998,0.532202003680229,0.14325682428057054,-0.05702058391301898,4.64168927500224,0
rs139479489,23217742,0.007639983649,-18.198313636207626,0.7374572457051971,121.44636550814319,0.14455204,-1.6441346659652816,0.21674103412782653,0.17079893315199146,121.61716444129517,0
rs139511963,22912288,0.00412650779641,1.7587592371481633,0.8387231410073036,0.3848671060370825,0.02910436,0.7584994138335286,0.5788346784486537,-0.2658569398679532,0.1190101661691293,0
rs139524864,23428481,0.00542386587961,3.8527623022829203,0.7982481137732492,5.124150327329511,0.07784100000000002,-0.6863799283154122,0.3394404324471109,-0.12737583875827102,4.996774488571241,0
rs139529124,23325338,0.00325134882436,3.2225721932073674,0.8684267718982784,3.495197798225063,0.034410249999999996,0.8113207547169811,0.5375603495486173,-0.20869737835185667,3.286500419873206,0
rs139577399,23203415,0.00157235247841,-2.0698057393028004,0.931732805229314,0.6536533287727988,0.018550439999999998,-0.5800293685756241,0.6831716379928144,-0.459776441459443,0.19387688731335578,0
rs139579516,22920639,8.550419292099999e-4,3.5002445188450504,0.9616831176938113,4.260199804066616,0.00670761,-0.10378510378510379,0.8563914959468061,-0.9657199565336005,3.2944798475330153,0
rs139610442,23169100,0.00417567978025,0.36159054155479387,0.8371143785664199,-0.8526281186620497,0.06890625,0.6266666666666667,0.3672883787661406,-0.15675115399511408,-1.0093792726571638,0
rs139657756,23142497,0.00679546327716,-1.0047892511154297,0.7594989366324533,-0.32911977424849936,0.14326225,-1.0401585204755615,0.2182664460356675,-0.005046179716250723,-0.3341659539647501,0
rs139669029,23640778,2.9096512928999995e-4,3.428949975670812,0.986622871956306,3.6431024060415194,0.00216225,-0.2172043010752688,0.94871597222634,-1.4628088396143062,2.1802935664272134,0
rs139705513,23375404,0.00429775958329,-8.045572346634165,0.8331468420287756,26.069991180734004,0.03381921,-1.5443175638934201,0.5418643737856311,0.2558557016245204,26.325846882358523,0
rs139772957,23263346,0.0018843412810000003,-23.167545900619682,0.9192805156920885,245.44671028970504,0.01420864,1.6778523489932886,0.7378897533677289,0.36915433829979605,245.81586462800485,1.1684781488941799e-295
rs139795141,22877542,0.00131904070596,-2.756108440303316,0.9420940463541355,2.153668646722597,0.011214809999999999,-0.07932011331444759,0.7810240826823336,-0.7569397839520188,1.396728862770578,0
rs139837461,23083744,0.008560227962250002,1.1411401674205452,0.7148511092018986,-0.16193203329448697,0.15610401000000002,-0.053910402429764616,0.20397339146710974,-0.11376492580027044,-0.2756969590947574,0
rs139875916,23488466,0.00212736802756,1.5621810187453655,0.9098089215485217,-0.09275919892587403,0.020967040000000003,-0.8459944751381214,0.6560922098235374,-0.29890607524052093,-0.39166527416639496,0
rs139884572,23755284,0.010623218761,-1.5712289825262689,0.6688852614899262,0.2730136006697491,0.15904143999999998,-0.3392678034102307,0.20096317631142546,-0.10060842721668521,0.1724051734530639,0
rs139887336,23645329,0.008424835011610001,-0.9018073385199848,0.7180897376730555,-0.3410876740054387,0.17181024999999997,-1.0612786489746684,0.18884827339564544,0.0017009949921127643,-0.339386679013326,0
rs139891765,23365970,9.03303025e-4,2.6580868407918814,0.9596077565503704,1.7854598769313805,0.00423801,-1.1244239631336406,0.9041998046476322,-0.6011421475004253,1.1843177294309553,0
rs1400244886,23326101,0.00399785585796,-8.2085163992244,0.8429616542088981,27.473636536155976,0.02449225,-1.8108626198083067,0.6202295624668082,0.532841495650797,28.006478031806772,0
rs1400425546,23512851,0.00126575850625,3.11427166045956,0.9443028569132923,3.1353361693949875,0.01387684,-2.65025466893039,0.7424340403037744,1.9291328777720784,5.064469047167066,0
rs140080513,23545047,9.459499896900001e-4,-5.914202943787127,0.9577812595119307,15.1680934397878,0.006432039999999999,-3.1371571072319204,0.8614741027962588,3.2508594130123214,18.41895285280012,0
rs140080845,23255845,0.0042599509848900005,-8.465947481396022,0.8343715777733097,29.001646938651884,0.028022759999999997,-1.9163679808841099,0.5880384741812889,0.6363630626201526,29.638010001272036,0
rs1400824085,22914929,6.18009810496e-5,3.1716522332013803,0.9971284443618155,2.088795231615936,4.9284e-4,-0.2882882882882883,0.9878289593913393,-2.1632986346378575,-0.0745034030219216,0
rs140107082,23617172,0.0035883334672900005,0.9579668362194024,0.8567434891646563,-0.5784422900285777,0.050445159999999996,-0.40961709706144256,0.44225694332344606,-0.2548261487792929,-0.8332684388078706,0
rs140122424,23286529,0.00434855838096,-25.606882244827396,0.8315069636593679,271.72429055867747,0.041534440000000006,-1.3930323846908732,0.4905902340164475,0.1387535236665412,271.863044082344,2.3975457407031232e-284
rs140133178,23298524,7.958040999999999e-4,1.0059836937256292,0.9642428131580248,-1.1775935973409744,0.00426409,-0.666156202143951,0.9036670583310309,-0.9694649796947217,-2.147058577035696,0
rs140178825,23542959,0.00263966805729,1.2827432913501384,0.8904685889856182,-0.37316993445256086,0.03389281,-1.4063009234111896,0.5413246566208539,0.14557777646594772,-0.22759215798661314,0
rs140189014,23448769,0.00627710767524,-2.5387930055207613,0.7736925890021016,1.7504756675960844,0.07862415999999998,-1.5224679029957204,0.33719943728157914,0.18515815135992497,1.9356338189560094,0
rs140199851,23228711,0.00292333781041,2.4424843576317925,0.8801090864545973,1.564660016845765,0.03111696,1.41156462585034,0.5624537381800347,0.14706224997879735,1.7117222668245624,0
rs140250348,23258732,0.0018110556922499997,2.5444996651510348,0.922175531851476,1.708653149978403,0.02544025,-0.5416927899686521,0.611244608631538,-0.38272339112508064,1.3259297588533223,0
rs140279880,23673436,0.00946964480641,1.28840092855873,0.6938324993583583,-0.015938490548618955,0.23951236,0.6246424192889253,0.1431063728273054,-0.04930225516072924,-0.0652407457093482,0
rs1403006632,22989204,7.365638822890001e-5,7.866966196825337,0.9965794722557338,27.99975156714782,5.76e-4,0.7791666666666667,0.9858044164037855,-1.828170915657933,26.171580651489887,0
rs140331872,23361674,0.019808873536000002,0.8461035639174671,0.5200042262165696,-0.18085575448549698,0.16597476,-0.24472263132056946,0.1941985513176469,-0.10214375953823163,-0.2829995140237286,0
rs1403620185,23497095,6.14552516356e-5,-4.368582048999023,0.9971444626564657,6.585758674088238,3.4969000000000005e-4,-0.5935828877005347,0.9913335145821442,-2.199502426829587,4.38625624725865,0
rs1403722503,22844625,6.969094057210001e-5,-1.3739157725521105,0.996763027518295,-1.925791254321453,4.6656000000000003e-4,-0.027777777777777773,0.9884704803175759,-2.2310409474687196,-4.156832201790173,0
rs140384862,23043942,0.00201073321744,-16.950862153555214,0.9143301053026076,130.12939754359795,0.024460960000000004,-0.5,0.6205306281507442,-0.4069243674776474,129.7224731761203,0
rs140445513,23746940,9.581996430400001e-4,0.35490457053510277,0.9572579123664803,-1.5159988035677427,0.006512489999999999,-0.1325898389095415,0.8599840601954444,-0.9754402155506584,-2.4914390191184013,0
rs140504107,23489455,0.0011642085202499999,3.0728740786330797,0.9485414158904758,2.9948383001275953,0.01044484,0.17123287671232879,0.7929453240410714,-0.7757613375485077,2.219076962579088,0
rs140538173,23026005,0.00607197834441,2.3741929522643535,0.7794570559565868,1.440987293973535,0.09186960999999999,0.9359947212141209,0.30332993325755653,-0.04785009923413186,1.3931371947394031,0
rs140567434,23358377,0.0037726375152399997,0.7716592480194329,0.8504856637198782,-0.6969672538789811,0.06543364000000002,-0.3799843627834245,0.3793855547432489,-0.21113324274558679,-0.9081004966245678,0
rs1406079,23194697,4.3457656225e-4,-3.094519463698942,0.9801513845057,2.7331791700056867,0.002304,2.0770833333333334,0.9455370650529501,0.5845360920457403,3.317715262051427,0
rs1406080,23193604,4.3470582016e-4,-3.116640127388535,0.9801455980632006,2.800630746230106,0.00231361,2.0644490644490645,0.9453223206434053,0.5613083494989548,3.3619390957290607,0
rs140617259,23065524,0.0013161803526399998,5.087791351518225,0.9422123596353433,10.769385764186056,0.015104409999999999,-2.094385679414158,0.7258947151416738,0.9449294378093356,11.714315201995392,0
rs140633275,23670059,1.4832560521e-4,-1.638859010255442,0.9931357121215972,-1.1570003151193176,8.179600000000001e-4,1.3006993006993006,0.9799607819695056,-1.1260740381672854,-2.2830743532866027,0
rs140633936,23448362,0.00551551302225,-0.7933967535833788,0.795536127431675,-0.5432955829433233,0.046010249999999996,1.945920745920746,0.4650608503056322,0.5677003246279899,0.024404741684666664,0
rs140677517,23416711,0.013847170276,0.10256386287540152,0.6078082881861026,-0.46480537616378315,0.32421636000000004,-1.4789251844046363,0.10982483049361101,0.06193700848479492,-0.4028683676789882,0
rs140711606,23451849,0.00586576769689,0.8099657519490575,0.7853391407746527,-0.5117392280445269,0.14318656000000002,-0.17336152219873152,0.21835663053010004,-0.11989707704501942,-0.6316363050895463,0
rs140716934,23450128,0.0051890556320100005,-6.001782464381947,0.8052816464487038,13.685582677828858,0.06012304,-0.5721859706362153,0.3995084448095064,-0.18960446005810444,13.495978217770753,0
rs1407793320,22968320,0.0060693915796899995,-1.0243215247033937,0.7795302967232464,-0.3470424227534503,0.3721,0.6878688524590164,0.09706381946129582,-0.028088170402514125,-0.3751305931559644,0
rs140856611,23367972,0.00426812649481,-8.595258905051056,0.8341064430623988,29.91305180972059,0.031152249999999996,-1.6039660056657226,0.5621747731097753,0.31018773539580496,30.223239545116392,0
rs140860299,23342676,0.0033965234320899994,0.653649555505605,0.8633547176252067,-0.8107459519662428,0.12489156,0.1361063950198076,0.24258367135346412,-0.1366741771817362,-0.9474201291479789,0
rs140865370,23649372,0.007430319320490001,-0.2465785685034565,0.7428091631784159,-0.6563866905429906,0.19088161,0.1531242847333486,0.173248965129791,-0.09309474941679566,-0.7494814399597862,0
rs140905309,22961943,0.00184843244356,-8.4070113087125,0.9206967554228548,31.269190472489125,0.027922409999999998,-0.6295631358467983,0.5889072546159656,-0.32776159681749273,30.941428875671633,0
rs140920027,23563342,0.0027650770559999997,4.769701810436635,0.8858587839115751,8.99150875799287,0.048841,-0.720814479638009,0.45024256818360897,-0.18217200888587035,8.809336749106999,0
rs140923552,23380720,0.00425859351241,-8.570517898982345,0.8344156174092933,29.746352192184784,0.03175524,-1.574635241301908,0.5574505778253965,0.28349113823126626,30.02984333041605,0
rs1409320832,23527186,0.00786536623161,0.47547946765531324,0.7317894510965753,-0.5752697438213256,0.5614504899999999,0.051114373415187514,0.06650588978653922,-0.034323433413133785,-0.6095931772344594,0
rs140942346,22941019,0.00140184345744,-6.544207984786812,0.9386818954477258,18.70446425498993,0.025664040000000003,-1.2759051186017478,0.6091614222944552,0.02610693184343077,18.73057118683336,0
rs140947183,23239148,0.0044445155558399995,-2.4064007487940096,0.828426839200484,1.517239637190932,0.11621280999999999,0.7034320915224407,0.2560609466022666,-0.08454646524667957,1.4326931719442524,0
rs140950228,23556985,1.1615235075999999e-4,-4.689850984467498,0.9946166269051071,8.325928218096118,8.1225e-4,-1.3403508771929824,0.9800978872764917,-1.0780719314551392,7.247856286640979,0
rs141006381,23631582,0.00232538057284,3.5479094690827044,0.9022347833579526,4.5159198570638,0.047002239999999994,-0.2209409594095941,0.45975827748802794,-0.2966477737460873,4.219272083317712,0
rs141010148,23493303,0.00256727662489,-2.9088207024905115,0.893151471490792,2.660411996803192,0.02910436,-1.339976553341149,0.5788346784486537,0.08729467103422961,2.7477066678374213,0
rs141018170,22918165,2.6772813376e-4,-3.3842284750403366,0.987678029498539,3.457753711767959,0.00200704,0.7276785714285714,0.9522213419464928,-1.2684798444712961,2.189273867296663,0
rs141024273,23117185,8.1507966016e-4,0.7692191834561605,0.9634084125467653,-1.3689449692420974,0.0047059599999999995,0.8177842565597668,0.8947352880913417,-0.8264519707285269,-2.1953969399706246,0
rs1410563733,23026928,6.35202624016e-5,5.389500072773264,0.9970487944624281,11.567723342333075,4.1208999999999994e-4,2.7635467980295565,0.9898028040618538,1.486835234157096,13.054558576490171,0
rs141072253,22951160,3.5444086755999994e-4,5.939043693497498,0.9837519900731901,15.289675721986228,0.00219961,1.0447761194029852,0.9478760585702096,-0.9597350140558437,14.329940707930385,0
rs141072360,23346463,0.006254927561609999,0.7899785176278101,0.7743117717202211,-0.5026895288638062,0.06620328999999998,-0.31130975514963083,0.3766361663560518,-0.21806184980516446,-0.7207513786689708,0
rs141119908,23758419,0.0028254327630400002,0.49781205084018754,0.8836571889957402,-0.9661145241982988,0.10857025000000001,0.8482549317147193,0.2692329049725635,-0.05996879919603801,-1.0260833233943367,0
rs14114,23314194,6.9686496324e-4,15.163533877309815,0.9685485420385932,109.62086459272807,0.0030360100000000004,-1.4754990925589835,0.9294541942898518,-0.3139902919768236,109.30687430075125,0
rs141184348,23227655,0.0012814466872899998,-13.748439128090668,0.9436514291574702,87.74619847521463,0.010588410000000001,-0.18950437317784255,0.7906949437628106,-0.7677835641657469,86.97841491104887,0
rs141207945,23094817,0.0061091888176900006,-13.805937209335056,0.7784050122776004,73.43006445553921,0.08311689,-0.2743669788414846,0.3248944966039997,-0.18421456914989867,73.24584988638931,0
rs141210139,23432357,0.0043180143745599996,25.798945696041493,0.8324922054606899,276.1540489314365,0.02099601,-1.0379572118702554,0.6557805994195359,-0.179983705473732,275.97406522596276,1.4627183143078582e-282
rs141218367,23225473,0.00370060522276,28.795908772598903,0.8529205212724644,352.66431727286124,0.01592644,-1.2416798732171157,0.7152252136914132,-0.07667231910814609,352.5876449537531,2.741672738717487e-249
rs141227007,23044670,8.644423219600001e-4,-0.047835477222173094,0.9612781710235901,-1.6245760767047757,0.005975289999999999,0.2897800776196637,0.8700325761947342,-0.9837063206461845,-2.60828239735096,0
rs141241488,23504350,0.00108079192516,-1.1749819013608962,0.9520516820107898,-0.8616228476924853,0.01142761,-2.2104770813844716,0.7777923181730593,1.1481564689835018,0.28653362129101645,0
rs141267614,23102128,4.3557359616e-4,0.11294033655320453,0.980106752415183,-1.952436575633931,0.00343396,-0.25597269624573377,0.9209383625163352,-1.2385928832415845,-3.1910294588755157,0
rs141273209,23582702,0.00241222428736,2.1686715097812455,0.8989525798806199,0.9678654900088892,0.05085025,1.5937915742793791,0.44028497444971265,0.2690359362312162,1.2369014262401055,0
rs141289817,23645826,0.016360456463999997,0.21990180442192828,0.567417524203844,-0.40527188876875386,0.22071204,0.7635163899531716,0.15342597909939257,-0.03855842332483106,-0.4438303120935849,0
rs141403137,23269215,0.00425058361225,-8.531347541662512,0.834675572299277,29.475545132265328,0.02775556,-1.8877551020408163,0.5903574555357524,0.6056694475205708,30.0812145797859,0
rs141404681,23553938,0.0025929991622500002,1.4398829571006353,0.8921963247116235,-0.1888429805322711,0.04206601,0.25597269624573377,0.4874125109774437,-0.3181738096811154,-0.5070167902133865,0
rs1414056531,23350226,0.00159993600064,3.6436228724574495,0.9306182965464339,4.843372457103417,0.02019241,1.1027445460942997,0.6645356117158293,-0.14206695531813235,4.701305501785285,0
rs141406611,23062947,0.020594546063999998,0.5262006299300387,0.5102893843519176,-0.28632404667756683,0.36578304,-1.466600529100529,0.09857484433060586,0.054124028848332686,-0.23220001782923416,0
rs141427044,23483666,0.0032725493184399997,3.4850243505074623,0.8676823644374093,4.257897446936424,0.030800249999999998,-0.15042735042735045,0.5649697564627244,-0.40977768510859797,3.848119761827826,0
rs141471645,23597261,0.00114087221824,1.140110963738424,0.9495208237600374,-0.8759784394739993,0.00891136,-1.8453389830508475,0.8178059248403643,0.5410860223609014,-0.3348924171130979,0
rs141477523,23672087,0.012978222083999999,-0.37206860834606137,0.6231445699040925,-0.4448142951799641,0.13645636,-1.4772604223064427,0.22668494351804608,0.11881272114246849,-0.32600157403749563,0
rs141511365,22953247,0.00213552121689,3.3286159132860296,0.9094945461313775,3.837283455952446,0.025504090000000004,1.0544771446462116,0.6106488923058087,-0.132139892341751,3.7051435636106946,0
rs141518817,23157443,0.010244476225,1.9634342735760508,0.6768757889907615,0.7398439395801915,0.40947201000000005,0.6897952805125801,0.08899330572330856,-0.02543022932391626,0.7144137102562752,0
rs1415329018,23063816,5.9953481316e-4,0.8867447540166793,0.9728219356892029,-1.4201996926393645,0.00685584,-2.214975845410628,0.8536822731168623,1.1331455762648168,-0.2870541163745477,0
rs141549986,23769421,0.0020980247376400003,-0.3466603499242427,0.9109421580592593,-1.1544990980983956,0.027027359999999997,-0.6228710462287105,0.5967712289429272,-0.33836143239617206,-1.4928605304945677,0
rs141564399,23477063,0.0028337522890000003,-1.1776078748144947,0.8833545755504478,-0.46180772183282626,0.030102249999999997,-1.0023054755043228,0.5705950950219145,-0.13606292842514034,-0.5978706502579666,0
rs141734662,23098563,0.0026881114089999996,0.6488494994888808,0.8886822246379859,-0.9106130343202447,0.04818025,1.1312072892938496,0.4536163143107442,-0.011986407923032016,-0.9225994422432766,0
rs141737853,23216946,0.0016525607128899998,2.2201162559007375,0.9284993807420346,0.96922323075519,0.024304810000000003,-0.3149454778704297,0.6220374494536256,-0.4556299297280523,0.5135933010271377,0
rs141747889,23235469,0.010586557880999999,-0.11279120622794997,0.6696504588159645,-0.5495423862713317,0.35307363999999997,0.7526085493099967,0.10176210238875344,-0.024840137073054817,-0.5743825233443864,0
rs141767967,22952491,7.8967744144e-4,-0.3352920871706546,0.9645083267943053,-1.6150131927989015,0.0053436099999999995,0.12448700410396718,0.8821529648830343,-1.0623485355046451,-2.6773617283035467,0
rs141769898,23258179,0.006321506162410001,0.7554456852715264,0.77245612581241,-0.5197864489297013,0.0625,0.018,0.39024390243902446,-0.24728490140585851,-0.7670713503355597,0
rs141830195,23248990,0.013439764900000001,2.5120072457517466,0.6149035947783115,1.4629455202294044,2.2494000400000003,-0.32737698359781303,0.017471826374214617,-0.007876852583604809,1.4550686676457996,0
rs141864813,23795037,0.00768089229649,0.8156096425519194,0.7364219856082674,-0.4217619613097767,0.08625969000000001,0.3878106911814777,0.31680736741869076,-0.1666657503702374,-0.5884277116800141,0
rs141897569,22954283,0.018976991048999997,-0.47670027657396724,0.5307019228229118,-0.3179593873978151,0.36457444,1.4031136137793971,0.098869320563108265,0.04527089379601843,-0.27268849360179664,0
rs1419633488,23100220,5.7670962339600005e-5,-4.327942334484221,0.9973198295569989,6.379503731145913,4.6656000000000003e-4,-2.1296296296296293,0.9884704803175759,0.010093833673122443,6.389597564819036,0
rs141976447,23733574,0.00165732852609,2.063433578234501,0.9283078830035787,0.6585679779882072,0.03452164,-0.5548977395048439,0.5367568400266017,-0.30211478738947073,0.3564531905987365,0
rs1420114527,23686869,0.0011992576780900002,-0.7520379552010811,0.9470742181133331,-1.2016181826036878,0.01404225,-0.6590717299578059,0.740161632796562,-0.513093696539156,-1.7147118791428437,0
rs142038453,23549998,0.00685714830241,3.396246010344423,0.757844470945971,3.661586046362925,0.07080921,0.8286358511837655,0.3609808246083516,-0.09997894559588687,3.561607100767038,0
rs142066782,23172263,0.0026356723854399997,3.1889136481569498,0.8906162513421219,3.421967671175803,0.04528384,1.0145676691729324,0.46902203277901194,-0.07512403437804763,3.346843636797755,0
rs142066935,23124422,0.0041917855359999995,-7.8023446188063765,0.8365887866100493,24.55859000944244,0.035006409999999995,-2.6536611437733835,0.5332877550065389,1.4966629836984686,26.055252993140908,0
rs142078176,23283652,0.00120109378624,-11.041584912628979,0.9469974816362036,56.25864742045093,0.01582564,-2.1947535771065185,0.7165166400241896,1.0954090751798824,57.35405649563081,0
rs142150154,23445616,5.003140032900001e-4,0.09482244486469328,0.9772173320500386,-1.8864843796993866,0.003249,-1.012280701754386,0.9248768757659136,-0.8204471096174764,-2.706931489316863,0
rs142159076,23159204,0.00530053890304,-2.0045381623189678,0.8019268742709287,0.8015810576943575,0.06255000999999999,0.6173530587764895,0.3900535943389962,-0.172862543717314,0.6287185139770435,0
rs142186194,23602719,0.0032306832888099996,1.0176023195300419,0.8691536258822148,-0.5668550975220954,0.05822569,0.6796518856195608,0.4072254417352528,-0.16741641261239532,-0.7342715101344908,0
rs142287038,22958253,0.00123042399076,-1.4676287296093782,0.9457733679407838,-0.43872481405242647,0.010588410000000001,-2.2137998056365404,0.7906949437628106,1.1555809661615981,0.7168561521091716,0
rs142331326,22910954,0.00116177359104,-1.7672422898183355,0.94864351370369,-0.0031062468069893434,0.00819025,0.8972375690607735,0.830043421646495,-0.5519990390619478,-0.5551052858689371,0
rs142340411,23773876,0.007655147539689999,-2.2684147544337483,0.7370731593759294,1.2284409753465988,0.07236100000000001,-0.40780669144981413,0.3559954076592412,-0.19042257186600176,1.038018403480597,0
rs142438146,23600309,0.0013921778816100001,-3.8724374797316674,0.9390789215200707,5.642018690779087,0.01871424,-0.09210526315789473,0.6812657372385302,-0.568809059833381,5.073209630945706,0
rs142489185,23361833,0.00613317657316,3.6456420641872653,0.7777283158108874,4.416351798711268,0.19201923999999998,0.9968051118210863,0.17239949583491443,-0.008962531287051212,4.407389267424217,0
rs142538457,23286325,0.001010858436,4.286091715418003,0.9550146469654307,7.22137836862902,0.00813604,1.6951219512195121,0.8309782026107674,0.30501855386111343,7.526396922490134,0
rs142579846,22880510,0.00974226246841,1.4796323107021172,0.6877704025045859,0.1708636841073904,0.33246756,1.2887617065556711,0.10739190280087749,0.032380139715926855,0.20324382382331724,0
rs142627285,23282331,0.006110204956839999,-1.1900168611627808,0.7783763230282038,-0.20224226855466365,0.05121169,-0.5108263367211666,0.4385402792120177,-0.23139049337298498,-0.43363276192764866,0
rs142655389,23394992,1.9196379601e-4,-6.693730106603344,0.9911341064735111,19.84161688058213,0.00126736,-2.365168539325843,0.9692890458706348,0.9695442918188812,20.81116117240101,0
rs142758075,23787934,0.00432991636441,1.2145600216406467,0.8321080117811013,-0.2784726344851022,0.026634240000000003,-0.8651960784313725,0.6002919820200545,-0.23383191684416033,-0.5123045513292626,0
rs1427884385,23799107,5.7999648062500004e-5,-1.8310475002462003,0.9973045955596606,-1.286254521881226,3.0275999999999995e-4,-0.5517241379310345,0.99248785939226,-2.2945609935766926,-3.5808155154579184,0
rs142789620,23481961,0.011753812225,-0.03296112161601254,0.64611648571439,-0.5190427558887726,0.515524,-0.7928969359331477,0.07200408983230248,-0.014730011230587217,-0.5337727671193598,0
rs142789728,23664851,0.005254205698810001,-0.3989741453165374,0.8033177400503849,-0.7491466660125546,0.05004169000000001,-0.37863209655789,0.444238663223669,-0.2618646332652487,-1.0110112992778033,0
rs142791296,23523848,0.00206250405904,1.507328007609854,0.9123177478377069,-0.18060771596918523,0.03243601,0.41643531371460296,0.5522115312535851,-0.35383535106213015,-0.5344430670313154,0
rs142817650,23026185,0.002209658049,2.895887846490948,0.9066458732991699,2.615963986892109,0.04897369,-0.6868504292815183,0.44957110354757684,-0.19248312506200393,2.423480861830105,0
rs142872170,22934028,0.0020885082800400005,-0.8679918249810722,0.9113102897058609,-0.8680106457449506,0.035268839999999996,-1.5101171458998937,0.5314284104816814,0.22691577596418439,-0.6410948697807661,0
rs1428764892,23659851,0.005154565102090001,-0.12000311998139154,0.8063252334955411,-0.8149816504634707,0.11431161000000001,-1.1455190771960957,0.25921575181543377,0.02005033403915668,-0.794931316424314,0
rs142887269,23491506,5.691421348900001e-4,3.4165286900535277,0.9741640985233899,3.857552078908083,0.00495616,-0.38352272727272724,0.8897557086726269,-1.0370913303975904,2.8204607485104924,0
rs142916503,23130660,4.3774682176000003e-4,5.3143998776431,0.9800094823443174,11.88287985581043,0.0032376099999999997,1.0597539543057997,0.9251205142929962,-0.7764462038345575,11.106433651975872,0
rs142970402,22864483,0.0037632703702499995,2.185946809464427,0.8508015081712742,1.0814805667199865,0.057360249999999995,1.8308977035490606,0.41084528850326496,0.4240817636163659,1.5055623303363523,0
rs142984808,23000919,0.014941884168999999,0.44491029720951925,0.5895296571545545,-0.3868785247004834,0.12222016000000002,0.4699656750572082,0.2465784770524206,-0.11433459323458105,-0.5012131179350644,0
rs143007508,23472310,0.00299090859664,-2.4302787387637776,0.8776768774339226,1.5413470173944863,0.05583769,0.7456622936944561,0.417372330238761,-0.15407140548736456,1.3872756119071217,0
rs143063051,23343673,0.012110122116,2.1169874416153243,0.6392586656574902,0.9226652182496679,0.11175648999999999,0.3009273107986838,0.26358016055853695,-0.14104289766170156,0.7816223205879663,0
rs1431474898,23487252,7.96479496849e-5,0.8541094977124948,0.9963022591033742,-2.436613846702484,4.0401e-4,0.13432835820895522,0.9900007449755606,-2.2936905030679435,-4.730304349770428,0
rs143171545,22925198,0.00432006481984,2.539222726664151,0.8324259922338829,1.7904314860396642,0.07338680999999998,-0.5640457733480989,0.35277471868200555,-0.16141320457983815,1.629018281459826,0
rs143196940,23306948,0.0015081028564900001,-2.0943238322822864,0.9343391825375071,0.6874692122476083,0.01825201,-0.8601036269430051,0.6866715843796635,-0.32625934247617344,0.3612098697714348,0
rs1432055923,23099382,0.011315215128999998,0.5332960431688493,0.6547628063456788,-0.4386529903500907,0.07767369,-1.7631862217438106,0.3399230533180357,0.320681321585888,-0.11797166876420268,0
rs143225231,23127478,0.0025343874432899997,2.5942390853092903,0.8943757182010027,1.885674974663388,0.049106559999999994,0.041064981949458484,0.44890073188775337,-0.2975416650702094,1.5881333095931787,0
rs1432423015,23773195,1.9702333225e-4,-2.4659708616820435,0.9909025564433546,0.6629643959075886,9.672099999999999e-4,1.0514469453376205,0.976390630457871,-1.333336035407114,-0.6703716394995254,0
rs143244020,23419685,0.016063281080999997,-5.435959949818923,0.5719113376839036,8.025680479117934,0.50466816,-0.4618524774774775,0.07343921113361943,-0.030305237045661654,7.995375242072273,0
rs143261871,23697506,0.00757368132361,2.4832321960221493,0.73914133011541,1.6070478659756466,0.286225,0.8366355140186915,0.12261475975170515,-0.02249190498146674,1.58455596099418,0
rs143270420,23558817,0.0017395155562500001,-0.8857591560270933,0.9250192390852532,-0.9323910193975029,0.03470769,-0.9345142243692969,0.535420115385712,-0.1495151774317192,-1.081906196829222,0
rs143275586,23637068,8.1906433249e-4,1.4952881447135324,0.9632361041023391,-0.5747761364610235,0.005625,0.15200000000000002,0.87671232876712335,-1.0364896510841684,-1.611265787545192,0
rs143305379,23073899,4.8829066729e-4,2.7950473587270843,0.9777526550583189,1.9164772134991308,0.00439569,0.7963800904977376,0.9009883617080847,-0.8705459567846169,1.045931256714514,0
rs143427057,23208587,0.00176123748241,2.7375730036147363,0.9241539441118842,2.1734214144034407,0.02331729,0.09626719056974459,0.631738976826077,-0.49655436502668476,1.676867049376756,0
rs143434972,23607396,0.0010218954824099998,-1.6974795962098532,0.9545458007297798,-0.17029325027334918,0.011214809999999999,-1.8347497639282342,0.7810240826823336,0.5551865388278547,0.38489328855450555,0
rs143440032,23499665,0.0017515145712100001,-0.44110190652097553,0.9245410569760585,-1.2021388967801294,0.013923999999999999,0.14915254237288136,0.7417847340701729,-0.6687297889819853,-1.8708686857621148,0
rs143466714,23004838,0.00429086572209,2.753695536350827,0.8333698871110002,2.2636654772823657,0.063504,-1.323015873015873,0.386458494357706,0.09396918903192061,2.3576346663142864,0
rs143500722,23335945,0.017104977796000002,2.0463352346581436,0.5564631626537283,0.7586041680715946,0.12249999999999998,-0.4968571428571429,0.24615384615384622,-0.11089985261150052,0.6477043154600941,0
rs143588866,23597287,0.00260057161764,-1.7875060299083452,0.8919155282444763,0.3124932449192299,0.05253263999999999,-0.4267015706806283,0.4322798960453307,-0.24370986352149404,0.06878338139773588,0
rs143613874,23787011,0.0010100955239999998,-10.979044742306968,0.9550470719678209,56.009342022801235,0.009063040000000001,-1.3214285714285712,0.8152776509568098,-0.13264259647671528,55.87669942632452,0
rs143650543,23066268,0.00233547959824,-0.6846015047551255,0.9018518660475104,-0.9492990706121327,0.039760359999999995,-0.681544633901705,0.5015022499898447,-0.2316034296756722,-1.1809025002878049,0
rs143662398,23378569,0.00266686517889,3.539697569987045,0.8894648031206999,4.471045698580966,0.057744090000000005,-0.35622138992925506,0.40923190343272936,-0.23720139426609962,4.233844304314866,0
rs143689955,23702793,0.005435051239840001,-1.145404135491327,0.7979161307449965,-0.27612295006374155,0.16916769,-1.0690493557014344,0.19123412416133678,0.0031546378309735834,-0.27296831223276796,0
rs143704568,23323415,0.0018936596624399998,3.850175337000933,0.9189137117181965,5.554798868509749,0.018333159999999998,1.355982274741507,0.6857163232713606,0.051679527376205625,5.606478395885955,0
rs143714295,23716698,2.9722794409e-4,2.9544497485542593,0.9863388724019556,2.158163774936359,0.0018922499999999998,0.07126436781609195,0.9548305474162883,-1.546242518165639,0.6119212567707202,0
rs143770813,23673926,0.006071931590759999,1.5270537687397496,0.7794583796012269,0.1529724288247326,0.12027024,-0.37600922722029984,0.24957846197771966,-0.12591702159625506,0.027055407228477546,0
rs143788273,23733063,0.00203245885584,0.1500809621407721,0.9134845392695937,-1.2134282744138092,0.031790889999999995,0.36511497476163773,0.5571737583974793,-0.370150785612885,-1.5835790600266941,0
rs1437899591,22983702,7.45128051264e-5,8.142081630383407,0.996539838740704,30.198833507192447,6.6564e-4,1.5465116279069766,0.9836313900383714,-0.8799201824758514,29.318913324716597,0
rs143830961,23168110,0.005444181954089999,0.5318189272301711,0.7976453345319381,-0.6860671138369977,0.26615281,-0.326226012793177,0.13065370851895824,-0.06305456274719622,-0.7491216765841939,0
rs1438642782,23532431,1.1660544256e-4,-4.600301896577271,0.9945957407127505,7.913920261585339,8.179600000000001e-4,-1.2692307692307692,0.9799607819695056,-1.165699695734454,6.748220565850885,0
rs143885897,23431893,9.7118243044e-4,-13.477143352222772,0.9567038671616483,85.31483873452723,0.006740410000000001,-3.216808769792935,0.8557905247300996,3.4595555233096507,88.77439425783687,0
rs1439006151,23662691,0.00470268149121,-0.19412594183687903,0.8202521502566116,-0.8426445700117721,0.10504081,-0.872878741129281,0.2757844499075812,-0.05627063361734781,-0.8989152036291199,0
rs143911781,23188382,0.00264552836409,3.155962803321493,0.8902521065187172,3.3287158338173173,0.045795999999999996,1.2822429906542054,0.4662222015012355,0.06938112011607844,3.3980969539333956,0
rs143915979,23375034,0.006801630784000001,-0.18240008730235716,0.7593331918160381,-0.6995394917503321,0.07856809,-1.4652158401712452,0.3373588964788081,0.1563698528362566,-0.5431696389140755,0
rs1439387026,23548933,9.9591998724e-4,-12.697175377556388,0.9556499561578177,75.47629198683843,0.00790321,-1.5736782902137232,0.8350171105443664,0.1329878847093312,75.60927987154777,0
rs143958265,23422726,0.0037582662420899996,2.7620557640768166,0.8509703351531475,2.294200988859083,0.10484643999999999,0.33940704138357014,0.2761545261312602,-0.1456825658614232,2.1485184229976597,0
rs144015327,23771687,0.00178299285025,3.273282731998437,0.923288938061304,3.662379515112514,0.02187441,0.2954699121027722,0.6464708107923778,-0.49167536357350944,3.1707041515390046,0
rs144070524,23486218,0.004217333481,-1.2236784157927965,0.8357564126407571,-0.2774761589800866,0.026601609999999998,-0.21030042918454936,0.6005860819280495,-0.44559766431475517,-0.7230738232948417,0
rs144083194,23590700,0.00179542875625,2.1665891793026137,0.9227952062002488,0.8852036258790805,0.020678440000000003,-0.7795549374130737,0.6592127286067341,-0.33794468454990545,0.5472589413291751,0
rs144110283,23542087,0.005426031314559999,2.559067410971253,0.7981838218045175,1.813384485639979,0.12687844,1.1092083099382368,0.23969543339451163,0.010435718050746362,1.8238202036907254,0
rs144125070,23158081,0.0027253098202500003,2.0206112499880278,0.8873153784231109,0.7198154304024387,0.01779556,0.14992503748125938,0.6920946868582984,-0.5812031990713523,0.13861223133108636,0
rs144128041,23709180,0.0034561817944900003,0.20476855482205095,0.8612875318127984,-0.9696190687924362,0.037636,-0.3747422680412371,0.5152248956669586,-0.3258581276288808,-1.295477196421317,0
rs144155984,23774533,1.2962961025e-4,-5.575635676957533,0.9939957398728844,12.892884222412402,7.344099999999999e-4,-0.42066420664206644,0.9819707711490114,-1.9209965306475592,10.971887691764843,0
rs144163073,23277864,0.013321776399999999,0.5100571824640444,0.6169895032518171,-0.3995889625554447,35.21947716,0.4769150406093081,0.0011344467706792284,-4.3853157168090675e-4,-0.40002749412712557,0
rs144191182,22850890,0.00214834104004,3.5641054407532224,0.9090006710685005,4.574996919735296,0.028866009999999998,1.0559152442613302,0.5808380651064292,-0.11094424296405347,4.464052676771243,0
rs144262147,22965029,4.5238737636e-4,-3.657522073965415,0.9793546975611019,4.61050919215679,0.00403225,-1.5606299212598425,0.9084250748031273,-0.08903439375449484,4.521474798402295,0
rs1442719599,23474643,6.223868772249998e-5,-2.727670281335759,0.9971081653258057,0.7864026176621808,3.6863999999999994e-4,0.0625,0.9908681590462298,-2.3460586940416497,-1.559656076379469,0
rs144307000,23336837,0.0026179902556899997,-2.3274499035497973,0.8912702929549003,1.3045707477784398,0.03583449,-0.3502377179080824,0.5274644821900959,-0.34247008230145104,0.9621006654769888,0
rs144316338,23102656,0.0017494728328900002,2.847487370507355,0.9246223889753342,2.455881888471457,0.033929640000000004,-1.5803474484256244,0.5410549814661616,0.28622945195972327,2.7421113404311805,0
rs144375832,23372167,0.004271262954009999,3.031570700896184,0.8340047712853099,2.934529329559439,0.07524049,0.2526430915056508,0.34710022492962334,-0.20208837379658445,2.732440955762854,0
rs144405150,23142643,5.5099111824e-4,4.3060170747916775,0.9749674284449212,7.195028548790218,0.00404496,1.2940251572327044,0.9081629316952496,-0.43350971686432593,6.761518831925892,0
rs144405228,23104328,0.00376250972449,-0.26978788476555815,0.8508271661717498,-0.920360901816482,0.05438224,-0.4897084048027444,0.42380854703172977,-0.22483996531815004,-1.145200867134632,0
rs144422895,23286131,2.0963854520999998e-4,-7.387232455504217,0.9903256912415312,24.702491596168986,0.00150544,-2.878865979381443,0.9637290918973513,2.3352607458989567,27.037752342067943,0
rs144458064,22920014,0.017940191481,0.8949089524492126,0.544667130449103,-0.17526166029075696,0.37970244,-1.293411230120091,0.09530561699855737,0.029639938921883963,-0.145621721368873,0
rs144460857,23225427,1.7591512689e-4,9.499370443253186,0.9918692914943154,42.34611620812418,0.0016,2.005,0.9615384615384616,0.3036560579123355,42.649772266036514,0
rs144513337,23492651,0.00380481716224,-1.1194685100643287,0.8494024041864208,-0.4143322787111964,0.039920040000000004,-0.14864864864864866,0.5005002499998749,-0.34154445864344724,-0.7558767373546436,0
rs1445140489,22987500,5.80639428009e-5,5.893514016459382,0.9973016156675704,14.3623405146893,3.8416e-4,2.173469387755102,0.9904873594003193,0.011948991557340527,14.37428950624664,0
rs144530137,23022514,0.0013604884710400002,2.8360462846484187,0.9403829640858168,2.371917674766368,0.013572250000000001,0.48068669527896996,0.7466552179533248,-0.6002410065854134,1.7716766681809546,0
rs144557066,23390046,0.0019259020020100002,1.2475646631772515,0.9176467963824548,-0.5342481532260578,0.01240996,-0.9138240574506283,0.7632137097605113,-0.4016285183796801,-0.9358766716057378,0
rs144566868,23513184,0.0026948765088399998,2.939809909809255,0.8884333295604666,2.7425682025023894,0.024900839999999997,0.5006337135614702,0.6163248426368597,-0.4017434985960781,2.3408247039063115,0
rs144580289,23491155,7.4435117584e-4,-5.2151538698374065,0.9664772024801536,11.445276496604198,0.00438244,-0.2447129909365559,0.9012573441207828,-1.1306334751557932,10.314643021448404,0
rs144633272,23238049,3.9299890564e-4,-4.885972700033292,0.9820162288670287,9.712560997630735,0.00288369,-2.0931098696461827,0.9327555534516736,0.6935414191343938,10.40610241676513,0
rs144731368,23158968,0.00296212416516,-2.7713163339176194,0.8787113269449497,2.3195459047908944,0.039006250000000006,-0.5058227848101265,0.5062890594098568,-0.28813381541173355,2.031412089379161,0
rs144737894,23341315,0.004246216569,-8.5745898746221,0.834817369427109,29.789033848316468,0.02900209,-1.6030534351145038,0.5796925861231159,0.3114568497073563,30.100490698023822,0
rs144742405,22899739,0.012160134529,-0.0938561569921921,0.6383077208937398,-0.5056693237880832,0.059536,0.9217213114754098,0.40186465198521143,-0.08626299652095532,-0.5919323203090385,0
rs1447457708,22919731,1.37874564e-4,3.424203713166411,0.9936162831883213,3.2981580593482858,0.0015920099999999998,0.9974937343358397,0.9617231771198363,-1.153001081100303,2.1451569782479827,0
rs144746885,23402344,0.017693788324,-7.014524350087958,0.5480948391652698,13.086964949815156,0.24760575999999998,-0.7208601286173634,0.13907927296031905,-0.038740895034075046,13.048224054781082,0
rs1447658323,23444982,6.89230379601e-5,7.170389268115234,0.9967985805170085,22.7528609760005,4.3680999999999993e-4,-0.7607655502392345,0.9891977136673243,-1.9777426121028714,20.775118363897626,0
rs1447778033,23193508,4.347099900899999e-4,-3.1165244583854923,0.9801454113905772,2.80028120608248,0.00231361,2.068607068607069,0.9453223206434053,0.5694311565988517,3.369712362681332,0
rs144937971,23205002,0.00859957620921,2.7121689047910205,0.7139153621402764,1.9999970002014358,0.10118761,-1.6780886513674946,0.2833109789166344,0.23234261338017995,2.232339613581616,0
rs1449721775,23157040,0.0045377064062500005,-7.999970309890517,0.8254572744758063,25.541643859305527,0.036062010000000005,-1.886255924170616,0.5258867074377866,0.5623878199330057,26.10403167923853,0
rs144973245,23059586,0.0014621981776900001,2.7041191253886767,0.9362103200251719,2.0468248229105,0.014737959999999998,0.35667215815486,0.730754306517817,-0.6095840138547645,1.4372408090557358,0
rs145031550,23547487,0.00213532713216,2.9971910598663483,0.909502027238943,2.883884585909955,0.01879641,1.401167031363968,0.6803136449997543,0.09761190945370746,2.9814964953636625,0
rs145054403,23288291,0.0042456822492100005,-8.545310003698651,0.8348347220049368,29.58038107488058,0.02765569,-1.8881539386650632,0.5912289121580167,0.6066025917336868,30.186983666614267,0
rs145056288,23352431,0.018791200561,0.18442307832595325,0.5331515249657894,-0.37180852861537256,0.42003361,0.33359049529393614,0.08695016870615173,-0.04064438884458557,-0.41245291745995816,0
rs145082578,23663072,0.0013243267156900001,-0.8897263906483143,0.9418754784093352,-1.049783362709694,0.007293160000000001,-0.03629976580796253,0.8457882704391079,-0.9341571405944356,-1.9839405033041295,0
rs145096861,23218535,0.00677743855504,3.076069052975274,0.759983745788229,2.882035094761942,0.09847044000000002,-1.4850223072020394,0.28887031773712857,0.14807135664756618,3.030106451409508,0
rs145114816,23066105,0.00855101530089,0.403947369843963,0.7150705515071606,-0.569416564942618,0.088804,-1.8409395973154363,0.3105493618210615,0.3403049053217735,-0.22911165962084457,0
rs145120425,23376193,0.00424005438649,-8.507733158055585,0.8350175363858539,29.318962665757457,0.03139984,-1.585214446952596,0.5602253450427901,0.29315007577286734,29.612112741530325,0
rs145126912,23763666,4.2635642256000003e-4,3.323448790221034,0.9805195129345381,3.445900914327636,0.003025,0.07272727272727272,0.9296920395119117,-1.324976435616128,2.120924478711508,0
rs1451395827,23090759,0.00669551064121,-0.5894256233646722,0.7621951755833594,-0.5857506019639209,0.10080625,-0.3710236220472441,0.28407829908118426,-0.14753933686922382,-0.7332899388331447,0
rs145216427,23487074,0.0026811684,1.12376786404017,0.8889378102262722,-0.5375330541288287,0.038690890000000006,0.38586680223690895,0.5083180530808585,-0.31711906244766175,-0.8546521165764904,0
rs145229912,23088669,0.0048153606918400005,1.9020705318130986,0.8167345795230578,0.6290108132111848,0.19228225,0.8916761687571266,0.17220429025463638,-0.026035797465420313,0.6029750157457645,0
rs145242378,23150734,0.00275494815376,2.1810294240925474,0.886229331299319,1.0210621659101358,0.07171683999999999,-0.1736370425690814,0.3580480794121997,-0.2162233910436598,0.8048387748664759,0
rs145260264,23337776,0.00272451636961,0.7523416141571627,0.8873444896789452,-0.8405839146833755,0.03984016,-0.3687374749498998,0.5010009999979961,-0.3135157106139636,-1.154099625297339,0
rs145281819,22934273,0.020191557409,-2.437982504908619,0.5152265574661641,1.1691543522318015,0.39337984,-1.3282844387755102,0.09229778662523852,0.03300286116897772,1.2021572134007792,0
rs145302617,22953888,0.00227156138881,-1.3508997941709033,0.9042809019184306,-0.34804393126271294,0.030905640000000005,-1.2093287827076222,0.5641300184301277,-0.0026923078123484157,-0.35073623907506135,0
rs145349307,23424861,0.00563720160969,1.1395593842940919,0.7919635167437601,-0.270800741921708,0.05148361,-0.8184222124283826,0.43723679028407386,-0.1410143006112259,-0.4118150425329339,0
rs1453676631,23611047,6.38741419369e-5,4.387678879097312,0.9970324017094621,6.687296123689076,4.2436000000000004e-4,0.8446601941747572,0.9895023693634235,-1.925322200376016,4.76197392331306,0
rs145455394,23621109,5.036658062500001e-4,-0.7493995766960009,0.9770682019593977,-1.6132547683948846,0.00364816,0.8940397350993377,0.9164189280831083,-0.8747190444623962,-2.487973812857281,0
rs145525508,23612028,0.0025091283174400003,-1.7537850959849235,0.8953182293683198,0.24847782344493607,0.05212089,-0.6368812965396409,0.4342120446296166,-0.1967058899909087,0.051771933454027363,0
rs145583813,23322883,8.5475539044e-4,2.4396262168134024,0.9616954664641588,1.2308045253380926,0.004422250000000001,-0.8180451127819548,0.9004496620499862,-0.8522564574758631,0.3785480678622295,0
rs145610736,23237129,0.004194777242409999,-8.071798799081634,0.8364912285483027,26.34490360212568,0.02999824,-2.084295612009238,0.5714429391367555,0.8175907154291697,27.16249431755485,0
rs145629831,23650731,0.011219470084,1.8792696512528086,0.6566811465010802,0.6250376066861795,0.18913801,-0.29593009887330424,0.1745672837081897,-0.08827993071186402,0.5367576759743155,0
rs145636449,23511080,0.0014649450051599999,2.012723842966354,0.9360981447995963,0.5208901539720758,0.029825289999999997,-1.2860451650260567,0.5728583440183349,0.048408905552865145,0.569299059524941,0
rs145639994,23063501,5.3849987136e-4,3.707471472403213,0.9755210376460323,4.8494658665174875,0.0030030400000000002,0.7937956204379562,0.9301667975101295,-1.0377684589907248,3.8116974075267627,0
rs145662474,23728336,1.8809848201000002e-4,-2.6937637168335167,0.9913110757683186,1.2238034164813318,9.1204e-4,1.1920529801324502,0.9777072959451545,-1.2070916177115296,0.016711798769802222,0
rs145672799,23752357,0.00124741056969,0.4320940464966151,0.9450658689221358,-1.3625858273577094,0.01026169,-0.4787759131293189,0.7958347600329396,-0.7031996480182967,-2.065785475376006,0
rs1456913206,23205849,0.0018084861916900002,2.223746246440438,0.9222773662782621,1.0030482477289333,0.018604959999999997,0.41348973607038125,0.6825360856828502,-0.5153476803224972,0.4877005674064361,0
rs145695291,23229049,0.00414178483489,-8.108122386635735,0.8382226595910133,26.642302617520393,0.028968039999999997,-2.289659224441833,0.5799787843760675,1.0865557759138744,27.72885839343427,0
rs145710621,23433729,0.001307690244,-3.1218129528234058,0.9425637125182089,3.164439685379599,0.022650249999999997,-0.22724252491694355,0.6384651298278938,-0.4922134880460234,2.6722261973335755,0
rs145720522,23407543,8.5300211844e-4,2.6818552225212455,0.9617710329662275,1.8266148350866118,0.00403225,-0.8866141732283465,0.9084250748031273,-0.8382493709414964,0.9883654641451154,0
rs145735524,23538044,7.3110211321e-4,-3.628738595135157,0.9670542324341133,4.660514944503074,0.007814560000000002,-0.9400452488687782,0.8365652638024903,-0.5360406508421502,4.124474293660924,0
rs1457604803,22893659,1.4436262801000003e-4,-0.14986891494868956,0.9933178872942309,-2.4930052306619954,9e-4,0.6900000000000001,0.9779951100244499,-1.6754335534119722,-4.168438784073968,0
rs145787850,23504055,0.0028656536112399997,-1.082321162374514,0.8821961192635057,-0.5526563410623786,0.03076516,-1.1259977194982898,0.5652499054619534,-0.05816001105086793,-0.6108163521132466,0
rs145805658,23480300,0.00159583471441,-0.8610465130832908,0.9307838397144327,-0.9902183765025442,0.012454560000000002,0.1532258064516129,0.7625647798780506,-0.7099784207565616,-1.7001967972591059,0
rs145816056,23428942,0.007330561789690001,1.5313477079189475,0.7453829534842802,0.18997380885383897,0.07102225000000001,-0.13320825515947465,0.36028814044031715,-0.22017215621386596,-0.030198347360026995,0
rs145829067,23593110,0.00101005102969,-1.7504444437452213,0.9550489631164056,-0.08792909163209361,0.01125721,-1.7342130065975494,0.7803780190143006,0.415567659082857,0.32763856745076336,0
rs145940127,23490221,0.009534448380249999,1.1979476570620977,0.692381824729273,-0.09263681180825012,0.15752961,-0.08112874779541447,0.20250128575660128,-0.11247110933383239,-0.2051079211420825,0
rs146024088,23741147,0.016027813200999996,-6.373385676258481,0.5724524334096457,11.201676931570574,0.07006609,-0.38496411031356254,0.36341801548506,-0.19889223566801836,11.002784695902555,0
rs146031914,23283399,0.00412097234704,-8.570460535744328,0.8389046319104281,29.897065100096913,0.025792359999999997,-1.9975093399750934,0.6079733269941981,0.7447073309497279,30.64177243104664,0
rs146045411,23370652,8.6556582025e-4,2.875661528526028,0.9612297961902743,2.3493592498585043,0.004096,-1.0609375,0.9071117561683599,-0.6776618682708204,1.6716973815876839,0
rs146061329,23477619,0.00413240694244,-15.338716752898863,0.8385298119909993,97.73134976164256,0.05574321,-1.4066073697585768,0.4177841958714357,0.14284521689864266,97.87419497854121,0
rs1461154829,23777865,0.00445721805376,-0.7291050052125149,0.8280208118336193,-0.6601054115659534,0.04401603999999999,-0.1854146806482364,0.47609956384518964,-0.3150429908890957,-0.9751484024550491,0
rs146151331,23228611,0.007822818740890001,1.5374683283830826,0.7328527309091362,0.20618428797941046,0.09960335999999999,0.9287072243346008,0.2865260549602818,-0.045240732961556826,0.16094355501785362,0
rs1461617231,23129362,0.00269751429376,2.3594274668063213,0.8883363204764797,1.376506936707092,0.03069504,1.8281963470319633,0.5658105575723559,0.528417677666803,1.904924614373895,0
rs146218363,23644565,0.00325579795216,-0.03278168791929841,0.8682704449450829,-1.0130356030569423,0.035006409999999995,-0.5606627471940139,0.5332877550065389,-0.29720363380302894,-1.3102392368599713,0
rs146239006,23584431,0.017885585168999997,-2.452896356281358,0.5454230546781733,1.2466295508205918,1.00560784,0.03240925408855206,0.03825526021304508,-0.01948301249870454,1.2271465383218874,0
rs146275951,22841602,4.8827298960999995e-4,-0.19738379591707436,0.9777534425652532,-1.8837371877172602,0.00380689,1.6191247974068073,0.9130983733380754,-0.02461584547572704,-1.9083530331929872,0
rs146338914,23172572,0.0037769382662399997,28.44209265695578,0.8503407281315227,342.99298916548173,0.01625625,-1.0572549019607844,0.7110321075436064,-0.22332829488740263,342.76966087059435,1.4932045445159973e-253
rs146349188,22873435,0.0025428218169600003,-0.7575258198086716,0.8940614423838659,-0.8659214904648226,0.03411409,0.505143475906876,0.5397084414043268,-0.31908890067851514,-1.1850103911433378,0
rs1463555497,23694580,0.004388956500639999,1.293623168279768,0.8302074393029142,-0.1919290641987178,0.026211609999999996,-1.0413835701050032,0.6041236574673234,-0.13574675789770907,-0.32767582209642687,0
rs146357801,23073955,1.8184252801e-4,6.360032332460753,0.9915976319271872,17.665446843636875,0.0016810000000000002,-0.5951219512195122,0.9596698735634941,-1.4353850623140383,16.23006178132284,0
rs146408557,23345143,0.00420768876889,-8.546064467592771,0.8360704509436367,29.62713451443754,0.02920681,-1.5125804564072558,0.5779778030514627,0.22982891946549178,29.856963433903033,0
rs146547389,22999072,3.2519990888999997e-4,6.789162272018988,0.9850724224138063,20.600063352401694,0.0019096900000000003,0.9633867276887871,0.954433211030671,-1.1013766634940818,19.49868668890761,0
rs146570862,22965061,1.1813950864000002e-4,6.317107054797041,0.9945250313144477,17.2398947930625,6.502499999999999e-4,1.0156862745098039,0.9840037884145855,-1.5601433709974222,15.679751422065078,0
rs146603376,23336878,0.013998202596,2.3310681745186534,0.6052193595214359,1.1796318294419164,0.29593600000000003,-0.9443014705882353,0.11907029910459137,-0.01030091900148726,1.169330910440429,0
rs146635675,23225428,0.00414178483489,-8.108122386635735,0.8382226595910133,26.642302617520393,0.02903616,-2.297535211267606,0.5794065023315318,1.0962030573001607,27.738505674820555,0
rs146652618,23691440,0.004125582822490001,1.6849419358655595,0.8387534626831438,0.27821244066968465,0.06780816,-0.5311059907834101,0.37102942857015647,-0.1795066064429225,0.09870583422676216,0
rs146703374,23345705,0.00424590379236,-8.576194817113409,0.8348275270786013,29.80086625505265,0.029309439999999996,-1.5800233644859816,0.577121962029992,0.290049204222028,30.09091545927468,0
rs146756835,23204500,0.00225724761025,1.4798981277822798,0.9048266519862178,-0.1851979346715289,0.013806249999999999,-0.7685106382978725,0.7434080613311651,-0.46060252401566515,-0.645800458687194,0
rs146772794,23752285,0.00177550991424,3.4166097093277137,0.9235862811839121,4.104817288102614,0.01371241,1.729291204099061,0.7447068563857031,0.4308321845229197,4.5356494726255345,0
rs1468,23203650,0.00105281429841,-1.3120063118121497,0.9532348381560013,-0.7108779506790918,0.0038564100000000002,0.0966183574879227,0.912067357998523,-1.2113349715081778,-1.9222129221872697,0
rs1468592,23140647,6.243322816090001e-5,-26.693007756784493,0.9970991524939071,352.30350428866933,3.2041e-4,-4.988826815642459,0.9920534042188559,9.92780167601856,362.23130596468786,4.228675661581709e-245
rs1468593,23180132,6.404528800890001e-5,-23.002987693103563,0.9970244739075834,260.87282306184477,3.2761000000000004e-4,-4.67403314917127,0.9918762852546927,8.428071349617838,269.3008944114626,1.8494365556837548e-285
rs146859960,23071454,1.6060746361e-4,-2.700657297740884,0.9925715482539016,1.1684661180550622,0.00104329,-0.28173374613003094,0.9745807414561551,-1.7974459519689383,-0.6289798339138761,0
rs146875063,23635602,0.00347347567044,1.1303613059545747,0.860690141619175,-0.4356682389305676,0.05447556,0.19922879177377892,0.42338992221903743,-0.26689188800028507,-0.7025601269308527,0
rs146877271,23135923,4.360286896899999e-4,5.250678837045586,0.9800863815648453,11.552132877300023,0.00321489,1.052910052910053,0.9256068915135501,-0.7861230232169636,10.766009854083059,0
rs146882745,23755963,0.007601555531609999,0.6420815512422164,0.738432386785847,-0.5183149480012685,0.08485569,0.2914521112255407,0.32036986059666167,-0.1794964686312165,-0.697811416632485,0
rs146893004,23162708,0.016770768004,2.099071829006502,0.561327714494668,0.8246324117657795,1.11218116,0.8772046273468614,0.03471676277018799,-0.004309789862705615,0.8203226219030739,0
rs146900397,23738221,0.0039355547559999995,1.283329613925463,0.8450296337971258,-0.2364062862015046,0.07823209,0.4458348230246693,0.33831762595078885,-0.17286134228755898,-0.4092676284890636,0
rs146913158,23018030,0.00892248378921,-0.7207250984290522,0.7063278040285056,-0.42919645103550275,0.12517444,-0.8544375353306953,0.24216821924748166,-0.050247832466634265,-0.479444283502137,0
rs146953454,23365171,8.648422272399999e-4,2.787355227453568,0.9612609516130609,2.108732392706248,0.004057690000000001,-0.9089481946624803,0.9079005276944841,-0.8173953074700593,1.2913370852361885,0
rs147055755,23028335,0.00693174470041,1.564947614077358,0.7558533106472038,0.22057242133942245,0.06943225,-0.2850094876660341,0.36552296055321903,-0.21263130004332403,0.007941121296098419,0
rs147076899,23013118,0.004193585612409999,0.8208373032479436,0.8365300842847492,-0.6237470940135946,0.06906383999999999,-0.13584474885844752,0.3667576714702142,-0.22506701672041607,-0.8488141107340107,0
rs147084175,23658945,0.00106619881729,-5.656591951048458,0.9526684486295293,13.715992577648958,0.01199025,-1.289497716894977,0.7693750270483408,-0.09382111528731962,13.622171462361639,0
rs147118906,23249003,0.005877982224,-0.9098176553451244,0.7849882533373834,-0.4436371649638728,0.12873744,-0.04013377926421405,0.2370546809291406,-0.13509354359687514,-0.5787307085607479,0
rs147135605,23552675,0.022478705041000004,0.24493126746660085,0.4884073821189474,-0.3204632162401155,0.47306883999999993,0.27086362314626344,0.07796224771709,-0.03772462298984011,-0.35818783922995556,0
rs147162609,23793958,0.014343894756,2.256817460715061,0.5993758688266659,1.0690122850391193,1.14126489,-0.020125432930824673,0.03386200702198133,-0.017217444932979983,1.0517948401061392,0
rs147175843,23783299,0.00442435164964,1.2242159005830193,0.8290721841782246,-0.2619898344912198,0.026373759999999996,-0.873152709359606,0.60264779334484,-0.23173808136317806,-0.4937279158543979,0
rs147193037,23068146,5.383792090000001e-4,3.7105675990173683,0.9755263884401085,4.860595884173489,0.003025,0.83818181818181825,0.9296920395119117,-1.0008581303832487,3.8597377537902404,0
rs147212030,23556709,0.007509470311840001,2.3098253809262244,0.7407796428245047,1.3010999394513467,0.06225025,1.2605210420841684,0.3911970875376833,0.06265878291983332,1.36375872237118,0
rs147350884,23576235,0.005014835040250001,2.348426545036044,0.8105808964750653,1.4033236643697864,0.10989225000000001,0.3417797888386123,0.2668583599218773,-0.1396218618035439,1.2637018025662425,0
rs1474349,22853765,6.953375091609998e-5,-1.409765802542126,0.9967703050102884,-1.8771733911978359,4.6224999999999993e-4,0.04186046511627907,0.9885757712435665,-2.2351432847537005,-4.112316675951536,0
rs1474694837,22997642,1.3168480516e-4,-3.352641302263973,0.9939011267270911,3.0359999447426533,8.5264e-4,1.034246575342466,0.979128888610381,-1.4110242227580163,1.624975721984637,0
rs147499496,23357178,0.00164629005025,3.670753798568066,0.9287513602819688,4.936409421873552,0.014160999999999998,1.035294117647059,0.7385388009822567,-0.2749392271172477,4.661470194756305,0
rs147531112,23006552,0.019717776399999998,1.0993733086454922,0.521154626433878,-0.05324938438273785,0.4025902499999999,-1.1572892040977147,0.09037704739315883,0.013159265259853413,-0.04009011912288444,0
rs147586296,23169650,0.010546057635999999,1.0771710129121468,0.6704978305226578,-0.1660977287229461,0.16516096,0.35014763779527563,0.19496886737125818,-0.09648524419705862,-0.2625829729200047,0
rs147593649,23588508,0.017593104321000003,-0.5410738922941216,0.5495079000935572,-0.3182701398492269,2.13539769,-0.6403202627797167,0.018387442527807413,-0.005509778389925149,-0.3237799182391521,0
rs147605254,23232623,0.0054677447136400005,0.7495246415540366,0.7969473651353933,-0.5732876145108514,0.10751841000000002,-2.5888990545898136,0.2711525971571955,0.7505409087118293,0.1772532942009779,0
rs147624124,22868102,0.00258116834704,-0.689915599190634,0.8926353807540899,-0.9033224189053828,0.03455881,0.5271651425497579,0.5364892492248737,-0.30991684034813294,-1.2132392592535157,0
rs147742514,23776097,0.0018561621222400002,1.8665256991124148,0.9203915294915346,0.33796700447832206,0.025921000000000003,0.22111801242236023,0.6067869116063167,-0.45186793274599885,-0.11390092826767678,0
rs147753586,23432807,0.010114526040999999,0.20569349017112293,0.6796615853344283,-0.554810471167889,0.05890329,2.1693448702101357,0.404435484400974,0.6925254759973571,0.1377150048294682,0
rs147765222,23476192,0.00959253742225,-2.2642597877304307,0.6910866060172931,1.1842092586059294,0.13075456,-1.4004424778761062,0.2342543590051124,0.09626179520143585,1.2804710538073651,0
rs147861868,23299784,0.012894965136,0.1630992637993589,0.6246547199088135,-0.48164612924764544,0.136161,-0.7715447154471545,0.22706501439024532,-0.06119639769422486,-0.5428425269418703,0
rs147892386,23791155,6.3857795401e-4,4.295234288744405,0.9711031796417232,7.185947678956156,0.0046376099999999995,1.1585903083700442,0.8961053246354364,-0.5307536114673997,6.655194067488756,0
rs147907370,23110817,0.0019424381436099997,3.8971617608019407,0.9169983873319504,5.719178431333827,0.01982464,1.1555397727272727,0.6686208224571013,-0.10585061684365377,5.613327814490173,0
rs148006772,23005257,0.00161203053001,2.5667432957825755,0.9301304590394268,1.7333665881631468,0.019293209999999998,0.1101511879049676,0.6746135012761159,-0.5572781495228813,1.1760884386402655,0
rs148062605,23642700,0.00105373599769,-5.199545304716693,0.9531958132341989,11.354062432906042,0.00695556,-2.065947242206235,0.8518692993971322,0.8631177257482201,12.217180158654262,0
rs148073087,23748662,0.00257517681444,-0.09775924108603205,0.8928578987445627,-1.1125331751564624,0.024429689999999997,1.1676263595649392,0.6208317935411454,-0.06168175669143644,-1.174214931847899,0
rs148078222,23168180,0.00260625565225,-2.64963811053544,0.8917048729690488,2.018696081773317,0.037326240000000004,-2.9182194616977224,0.5172888271820795,1.8384486794832007,3.8571447612565173,0
rs148130743,23613927,0.012659625225,-0.19382660089765807,0.6289632750907846,-0.4839124337472819,0.28558336,1.1686002994011977,0.12285640150651436,0.01834570775546905,-0.4655667259918128,0
rs148140007,23336001,0.0010725035508100003,-1.1459795841717788,0.9524018858398606,-0.8971010336647172,0.00654481,0.5512978986402967,0.8593869004943838,-0.8502751067358656,-1.7473761404005828,0
rs148153185,23504737,0.006618684838090001,1.131963129630153,0.764280611783406,-0.23290474631994096,0.14899600000000002,-1.1041450777202073,0.21164469089292898,0.010108672823372855,-0.2227960734965681,0
rs148163774,23733475,7.80867136e-4,-5.267105639851131,0.9648903992171604,11.709548254655775,0.0048163600000000004,-1.9495677233429394,0.8925312095850713,0.5808952981756101,12.290443552831386,0
rs148170305,23055560,2.4437505625e-4,-3.9013529505837194,0.9887407344438313,5.281309345900238,0.00164025,-0.12592592592592594,0.9606090261225616,-1.6094929377636433,3.6718164081365945,0
rs148218474,22959120,0.0027388161556899998,4.667795321179279,0.8868201314335199,8.571768886047028,0.03888783999999999,1.3245436105476673,0.5070489951303015,0.09111463245170626,8.662883518498735,0
rs1482401625,22875597,1.6585318656e-4,4.486209467014536,0.992330782675847,7.550591711673825,0.00113569,-1.1602373887240356,0.9723916141919583,-1.1403249855907867,6.410266726083038,0
rs148249448,22992318,0.00472965675625,-1.765327710930968,0.8194072923290554,0.4210375297456622,0.15031129,0.6210987877224659,0.2101819603030383,-0.07743605900241582,0.34360147074324643,0
rs148280692,23709306,0.00248807425636,2.60959170499152,0.8961053533390355,1.9190358257079316,0.027722250000000004,0.36456456456456454,0.5906478299229574,-0.4073390103670527,1.511696815340879,0
rs148288381,23210126,0.0023681459649600002,-0.4938948207695279,0.9006155024184616,-1.044535056024226,0.029138489999999996,-1.7410661980082018,0.578548938514567,0.4448552200618656,-0.5996798359623603,0
rs148310150,23417857,0.00108527419225,-2.53551686979222,0.9518624026806025,1.5428424243246912,0.00929296,-1.191908713692946,0.8114749043271088,-0.25785263033854045,1.2849897939861508,0
rs148341940,23759414,0.007147654118440001,-9.44927954504056,0.7501486840939376,32.796524751312184,0.10751841000000002,0.8956999085086916,0.2711525971571955,-0.04937552053297492,32.74714923077921,0
rs148360564,23574685,0.00108516218724,2.6263835005980245,0.9518671315651795,1.766042523253034,0.00819025,0.4044198895027625,0.830043421646495,-0.8182270865647765,0.9478154366882574,0
rs148375090,23692426,0.00345246730929,-0.19576157678057515,0.8614159511615034,-0.9716332960102193,0.03744225,0.5875968992248062,0.5165139184359958,-0.27419796540890473,-1.245831261419124,0
rs148403009,23742047,0.00180954099769,3.0145961207089074,0.922235559493664,2.913505934414631,0.021550240000000005,0.17779291553133514,0.6498756138075172,-0.5144620109359835,2.399043923478647,0
rs148407606,22987912,0.0015805633896900002,1.5325973493509204,0.9314007654643789,-0.24587444873034547,0.02427364,0.36713735558408217,0.6223391113370894,-0.44493680902026234,-0.6908112577506078,0
rs1484652165,22978587,5.969277573209999e-5,5.696747781224964,0.9972261294830866,13.237701703475839,3.920400000000001e-4,2.121212121212121,0.990294127258737,-0.0895776236336312,13.148124079842209,0
rs148498967,23727057,0.00255131061025,-3.473416418368458,0.8937453617512732,4.270391396007803,0.039920040000000004,-0.08058058058058058,0.5005002499998749,-0.34544915908613116,3.9249422369216713,0
rs148506782,23273349,0.0030602360163599998,3.0122163291720447,0.8751953706532356,2.930016633856775,0.043097760000000006,-0.20664739884393063,0.48136074907434323,-0.3179955516887857,2.6120210821679892,0
rs148578881,23329755,0.0012845055999999998,-0.5508063616071429,0.9435245171725624,-1.293847491590186,0.005241760000000001,0.729281767955801,0.8841389017580219,-0.8425661410696443,-2.1364136326598304,0
rs1485909669,23328968,6.9707088441e-4,-0.7929142000068177,0.9685395406293876,-1.4250452243476799,0.0031360000000000003,-1.6839285714285712,0.9272997032640949,0.004027768707407509,-1.4210174556402724,0
rs148613075,23699796,0.0018402126652899997,3.113640125228159,0.9210215563580442,3.195248926235362,0.014520249999999998,1.8987551867219918,0.7336723510989037,0.6610299378020671,3.8562788640374293,0
rs1486385498,23759105,0.00107881373209,3.0295536956581306,0.9521352420436247,2.8497538484282354,0.00840889,1.90185387131952,0.8262945091283853,0.6191765144124066,3.4689303628406423,0
rs148655073,23549237,0.017431656841000003,0.36108582205424566,0.551789024809145,-0.3652736691473624,0.54893281,0.2857335672830342,0.06791946266332148,-0.03239543014117136,-0.3976690992885338,0
rs148694030,23771819,5.0777214244e-4,3.3598150334164676,0.9768855628273768,3.6300675839526697,0.00337561,1.2857142857142858,0.9221772327812796,-0.5144529136085414,3.1156146703441285,0
rs148751147,22938333,3.2039926009e-4,-7.386324910473359,0.9852895438641618,24.768014443260185,0.0025000000000000005,0.424,0.9411764705882353,-1.3320062014398726,23.43600824182031,0
rs148753249,23021540,0.020903954723999998,-0.8109239047737616,0.5065624413934219,-0.18662236025927442,0.22071204,-0.6507024265644956,0.15342597909939257,-0.05079749212964734,-0.23741985238892177,0
rs148756785,23121797,4.3867626916000005e-4,5.351450970655921,0.9799678876726715,12.076964315554546,0.003249,1.1368421052631579,0.9248768757659136,-0.6966533788237855,11.38031093673076,0
rs148807573,23197017,5.788258574400001e-4,4.0885497198530265,0.973736056438441,6.318823105661517,0.004435560000000001,1.087087087087087,0.9001799459711997,-0.6202955098034534,5.698527595858064,0
rs1488461271,23197334,4.3665535368999996e-4,-3.2412628072912426,0.9800583322803517,3.190668919764989,0.00232324,2,0.9451072271404553,0.4390276637634838,3.6296965835284727,0
rs148876168,23793103,0.0017763864678400003,-0.1578116695771012,0.9235514404093081,-1.2740682899195142,0.02241009,-0.5938543754175017,0.6409220047591664,-0.39909308394039,-1.6731613738599043,0
rs148899045,23564085,9.793832840099999e-4,1.7115778508456596,0.9563542231231782,-0.16500512994445526,0.008464,-0.9282608695652175,0.8253549026081215,-0.5169086356203003,-0.6819137655647556,0
rs148938069,23777432,0.013951389456,0.9122472823326222,0.6060194477970527,-0.21356365666662686,0.09443329000000002,-0.11291897168890334,0.29754534758466444,-0.17469026092589082,-0.3882539175925177,0
rs148965971,23716656,0.00356554682884,-1.407995351033792,0.85752358490889,-0.12429019555653398,0.04639716000000001,0.7971216341689878,0.4629781812272533,-0.16376943780286904,-0.288059633359403,0
rs148969511,23176545,0.006939256524840001,-5.096143919368275,0.7556533813959919,9.107833408370842,0.20484676,-0.4414494034467521,0.16336748748482524,-0.07326684906325259,9.03456655930759,0
rs149027120,23763955,0.00101016544561,-0.1847815348408431,0.9550441000938783,-1.534732020067787,0.008537759999999998,-0.6525974025974026,0.8241006589508869,-0.6934363038307588,-2.228168323898546,0
rs1490582159,23694751,0.015546847969,-1.1805480924234282,0.5798924048874011,-0.029525986585156594,0.11607649,-0.30848253595538594,0.2562845948162981,-0.1358542085915163,-0.1653801951766729,0
rs149060007,23476693,0.00213014556225,1.7988906583466044,0.9097017993450051,0.26958209598989114,0.02062096,-0.8906685236768803,0.6598377854788179,-0.2774448401279504,-0.007862744138059263,0
rs1491342019,23430418,1.2208261081e-4,-21.78467024463531,0.9943433288264911,233.35622051439975,5.8564e-4,-1.024793388429752,0.9855702657393108,-1.6017084807776307,231.75451203362212,9.138033702130164e-302
rs149142905,23743887,0.0035560589092899996,0.3252494017544066,0.8578488208905426,-0.9300573720887535,0.06431296,-0.24250788643533122,0.383461460589365,-0.23054152392204538,-1.160598896010799,0
rs149143649,22958186,1.8486209296e-4,6.31684857756465,0.9914592990188018,17.39943389492664,0.0016974400000000001,-0.6771844660194175,0.9592915056655756,-1.3807038769046343,16.01873001802201,0
rs149166247,23494245,0.0052027369,-0.8024317205046444,0.8048684374137632,-0.5579145822529095,0.044226089999999996,-1.9029957203994294,0.47491222731578786,0.537826917237261,-0.020087665015648515,0
rs149253698,23395485,0.00100494072064,2.5136179528592337,0.9552662172172438,1.4643042830702393,0.005475999999999999,-1.0175675675675677,0.8795848359574281,-0.6030245909190638,0.8612796921511755,0
rs149318904,23489874,0.00128571727761,2.587454576385577,0.943474255019626,1.7217133480281621,0.013665610000000002,-0.1437125748502994,0.7453562905555345,-0.6762479292618343,1.045465418766328,0
rs149388684,23478030,0.00944148418929,0.12862454755869515,0.6944647915224328,-0.5871004211773788,0.61402896,0.3466054109239408,0.06115937129144863,-0.02788106929015477,-0.6149814904675336,0
rs149402666,23060306,0.005444757489959999,1.5461873514336903,0.7976282716052342,0.154618573715131,0.12559936,-0.0595372460496614,0.24154682723411497,-0.13780900581816086,0.016809567896970135,0
rs149451233,23254560,0.014455252900000002,-0.4243707893204691,0.5975174542850438,-0.40124814535751496,0.7130113600000001,1.0891757460918994,0.05312004854747477,0.004216777359421307,-0.39703136799809363,0
rs149463205,22885009,0.00379130821696,2.5232567204126446,0.8498568179239361,1.7573616486961523,0.061503999999999996,1.6427419354838708,0.39407313997477933,0.28122510131439166,2.038586750010544,0
rs149595058,23347317,0.0013107513384900001,-1.9881201956673653,0.9424370026200514,0.43511091166095994,0.01340964,-0.07512953367875647,0.7489284705907023,-0.6888950578950974,-0.2537841462341375,0
rs149618708,23116491,0.006689260586409999,-16.606857493590127,0.7623644079368265,104.40686088855576,0.06610041,-1.2119797744068455,0.37700137068273354,0.04028222904772144,104.44714311760347,0
rs149632493,23014901,0.00895353105361,-0.1601765319462161,0.7056067577581431,-0.6023677159308188,0.13935289,-0.2370747388159657,0.22302400591370455,-0.11990544360344256,-0.7222731595342614,0
rs149650006,23127388,0.0014313585888900001,3.7986377080508444,0.9374715982062913,5.377625592525785,0.020163999999999998,-0.9281690140845071,0.6648494116082707,-0.26020453959431394,5.117421052931471,0
rs149694711,22996409,6.568456409999999e-4,0.33072886183620115,0.9703010838919419,-1.7052558314179278,0.00529984,0.9120879120879121,0.8830053262881282,-0.7055254443793366,-2.410781275797264,0
rs149702047,23027020,0.0013026252456100002,-5.909442284833993,0.9427734461756528,15.031166646617958,0.024367209999999997,-0.9865470852017938,0.6214344228994857,-0.1832696419546055,14.847897004663352,0
rs149715527,22929884,0.00104722784881,-2.7168311140913883,0.9534714378834659,1.9850235495814776,0.00929296,0.5134854771784233,0.8114749043271088,-0.7272823608737001,1.2577411887077776,0
rs149737652,23169141,0.00206675707456,1.4780606049941052,0.912152824749147,-0.21970497692093438,0.013087360000000001,-0.49213286713286714,0.753475026823711,-0.6089021385514601,-0.8286071154723945,0
rs149754097,23045946,0.0018342290184100002,2.081409548448558,0.921258141709382,0.7247773312399266,0.03433609,-1.142471667566109,0.5380966365059018,-0.03502675635288055,0.689750574887046,0
rs149794099,23466925,0.00186081802384,2.498075906642063,0.9202077770718959,1.6070599743785727,0.021992889999999998,-2.0890087660148353,0.645235284239854,0.8897394782511459,2.496799452629719,0
rs149821,23339460,5.86596682816e-5,18.73687811399981,0.9972740062046013,172.10433147788413,3.4969000000000005e-4,4.315508021390373,0.9913335145821442,6.85695814975167,178.9612896276358,0
rs149844078,23755776,0.0019455421288900002,-0.1954536901218138,0.9168767771442432,-1.2262022499211072,0.01515361,-0.19821283509342,0.7252471778365913,-0.6316948324999794,-1.8578970824210865,0
rs149905410,23348803,0.010576888336000002,2.314690210415775,0.6698525764485258,1.240356982621217,0.41139395999999995,0.2932647333956969,0.08861438908043875,-0.04258398909069661,1.1977729935305204,0
rs149951280,23406754,0.0157828969,1.6676112393536577,0.5762169907662639,0.3719419017928253,0.26440164,1.837222870478413,0.13140533671237778,0.15133263870807162,0.523274540500897,0
rs150045285,23671867,6.6997627921e-4,-12.042389284458677,0.9697253631618233,68.56564645252227,0.00341056,1.4743150684931505,0.92143478453169,-0.2704955232927291,68.29515092922955,0
rs150087594,22962070,0.00291699368464,2.8767506276708414,0.8803381355417884,2.581161934719152,0.06305121,-0.8000796495420152,0.3881565291664213,-0.12140457414141469,2.4597573605777376,0
rs150088795,23540465,4.6798236241e-4,3.8146388140286325,0.9786581884585385,5.196913709601687,0.0035880100000000004,0.7863105175292154,0.9176835556383509,-0.9648975553572064,4.232016154244481,0
rs150149719,23264308,3.4891624848999996e-4,-6.173839490773209,0.9840011936940993,16.685618843347044,0.0016892099999999998,0.9878345498783455,0.9594808824633522,-1.1348517640273312,15.550767079319712,0
rs150306944,23233002,4.4058429801000003e-4,3.282052014997546,0.9798825105432234,3.3244984099612056,0.0022657600000000003,-2.09453781512605,0.9463925409125495,0.6129204623423983,3.9374188723036037,0
rs150336730,23448817,0.0010066279107600001,-2.1248952009934627,0.9551944789293974,0.6037253654235597,0.00793881,-0.1739618406285073,0.8343970156956337,-0.8864554455561943,-0.28273008013263456,0
rs150427015,23280511,0.00813540861225,1.4984616919725267,0.725112255793046,0.16838274294266609,0.15760900000000003,-1.067506297229219,0.20241993026633404,0.002249284838205065,0.17063202778087116,0
rs150476134,23624394,7.800234552099999e-4,2.1315160998105904,0.9649270026120015,0.5168439247902796,0.00811801,0.9311875693673696,0.831289573280358,-0.529375871321442,-0.012531946531162408,0
rs150542626,23153550,0.00739304189584,0.9418104551142786,0.7437688552414836,-0.3509736006243058,0.13213224999999998,-0.69353507565337,0.23237946404581367,-0.07634367696292929,-0.42731727758723514,0
rs150635383,23341020,0.00424615140625,-8.572660656052177,0.8348194856149709,29.775296991764233,0.028968039999999997,-1.5340775558166864,0.5799787843760675,0.24873425254998655,30.02403124431422,0
rs150697725,23383339,0.014227241283999999,0.020718070390180924,0.6013350934667403,-0.45968796603095735,0.047567609999999996,1.0917010545621275,0.456789902111066,-0.0329258976526558,-0.49261386368361315,0
rs150725795,23287379,0.00829440061696,3.5630083800354875,0.7212376308495737,3.9393684256415806,0.43086095999999996,0.8380560633759904,0.0849507676321265,-0.014556629996472979,3.9248117956451076,0
rs150746655,23294409,0.0129754881,1.9936528838556755,0.6231940441107231,0.7504772062735616,1.8004272400000003,-0.9014011029959755,0.02173408387500285,-0.0021571421898822773,0.7483200640836793,0
rs150776639,23344551,0.0037260525139600005,3.374726005628966,0.8520587531473961,3.8964829419925917,0.07717283999999999,0.8725701943844493,0.34137603902064684,-0.07884303407462609,3.8176399079179655,0
rs150791680,23224734,0.0018172401668100002,-2.688726714849715,0.9219305209795127,2.057355684329365,0.013900410000000002,-1.5674300254452924,0.7421093828414292,0.23401097788103165,2.2913666622103968,0
rs150834653,23541537,0.0026171716588899996,1.1986930761968244,0.8913005951738079,-0.4692451247632755,0.03370896,-1.560457516339869,0.5426748661221105,0.2695338105971145,-0.199711314166161,0
rs150871412,23115488,0.00425087048169,-7.76747082380477,0.834666259384944,24.279316776287782,0.03932289,-2.860312657589511,0.5042680618419223,1.711946488018605,25.991263264306387,0
rs150888471,23157640,0.004593016875239999,-7.779297583950848,0.8237048298111527,24.05646874132152,0.03621409,-1.9169732002101945,0.5248373365082494,0.5922834718718173,24.648752213193337,0
rs150907740,23232033,0.0037314749616400005,28.750380612188103,0.8518753479139549,351.11857986535665,0.01600225,-1.2284584980237154,0.7142570164591602,-0.08738496203480872,351.0311949033218,5.781731846767735e-250
rs150910014,22921475,0.00627336866116,1.502248606772839,0.7737968983626318,0.12997241259142234,0.17480761000000003,0.37957426453001675,0.18621314207629794,-0.08961391601631376,0.04035849657510858,0
rs150919386,22900154,0.00320009701636,-1.009795048206274,0.870231650639202,-0.5773206404287949,0.07155625,1.2796261682242989,0.358563504958261,0.07154112685096686,-0.505779513577828,0
rs151060680,23181993,0.007285749163560001,0.15969708259232443,0.7465449546867897,-0.676764776822577,0.05654884,1.1560134566862907,0.4142980899615159,0.009355018617303368,-0.6674097582052736,0
rs151107015,23454794,0.00306248239609,1.0305260057427128,0.875115198385011,-0.5755026737050516,0.04194304,0.185546875,0.48814395951138745,-0.32645310925767884,-0.9019557829627305,0
rs151148502,23376427,0.004253622312039999,-8.558581903041716,0.8345769346671343,29.666473697770538,0.03139984,-1.5761851015801354,0.5602253450427901,0.28515415634670527,29.951627854117245,0
rs151177741,23774871,0.0011173776998399999,0.9983935238368754,0.9505089171571656,-1.0292526699316205,0.01134225,-0.6450704225352113,0.7790854510661298,-0.592894751963438,-1.6221474218950585,0
rs151184798,22934063,0.011899755396,-0.9764589406523293,0.6432898356241613,-0.20873640244925729,0.9217920099999999,0.30934277679408395,0.04158903337115476,-0.01924941580243191,-0.2279858182516892,0
rs151203294,23159324,0.004577334335999999,-7.934832091758307,0.824200955677207,25.077282230194562,0.039720490000000004,-2.0526843953838436,0.5017530624811765,0.708741849547658,25.78602407974222,0
rs151228161,23053883,0.0021989534489999995,3.395218902608065,0.907056089716236,4.040170164289782,0.025632009999999997,1.169893816364772,0.6094587077250873,-0.05304248669057621,3.9871276775992053,0
rs151228394,22985294,0.018120121321000004,3.052878293750139,0.5421910913437877,2.1359766385039762,1.2047257599999999,-0.4610058309037901,0.03213559266259582,-0.012916807764184439,2.1230598307397917,0
rs151265264,23430575,0.00111841418329,-14.297529804710745,0.9504652831009608,95.64421098002285,0.009880360000000001,-0.869215291750503,0.8019188313797254,-0.5066002331694704,95.13761074685338,0
rs151282270,23771846,5.0716391209e-4,3.3607678405705075,0.9769126110202958,3.632762603738006,0.0033640000000000002,1.3706896551724137,0.922424130615257,-0.41172875433985057,3.221033849398155,0
rs151287185,23264100,0.00130432211716,-2.73959585107738,0.942703170983955,2.1079203224447043,0.004121639999999999,0.38940809968847356,0.9065846147151376,-1.1166129695687843,0.99130735287592,0
rs151301371,23381022,0.0040032067868100004,2.315329796162217,0.8427845110838597,1.3339104671500137,0.039006250000000006,-1.7999999999999998,0.5062890594098568,0.46728573946321056,1.8011962066132243,0
rs151329466,23707060,0.006168437352359999,-0.1882341856444027,0.7767357395915986,-0.7359388998711492,0.20593444,-0.4178052005288673,0.16264497156233998,-0.07455781578672577,-0.8104967156578751,0
rs151331329,23601018,0.0013812372249999998,1.9950706309699988,0.9395287286187436,0.4670128642925977,0.00925444,1.413721413721414,0.8121095275877667,-0.02440364470990708,0.4426092195826906,0
rs1542608,23554613,1.0563728400000001e-4,-4.796341700719984,0.9951015869163626,8.78668112546327,7.672899999999999e-4,1.2310469314079422,0.9811787832843439,-1.2429085309846823,7.543772594478588,0
rs1554292510,23203334,4.3548594488999995e-4,3.1962306464829435,0.9801106759496768,3.0475655104402275,0.0022944099999999998,-2.0876826722338206,0.9457514598264878,0.6039009394105408,3.6514664498507683,0
rs1554316230,23385112,9.140277783039999e-5,15.96122788813951,0.9957588432149889,124.10869799980081,5.5225e-4,2.2085106382978723,0.986381766733042,0.25737517097531093,124.36607317077612,0
rs1558308,23736510,8.906904876960001e-5,-0.46109408708109234,0.9958666823933167,-2.6384729590629665,4.8399999999999995e-4,-0.9181818181818182,0.9880446596186148,-1.79679919946263,-4.4352721585255965,0
rs1558313,23156079,6.25078403161e-5,-26.99075028553576,0.9970956958428976,360.2716261010361,3.1684e-4,-4.938202247191011,0.9921412491653612,9.674035785188142,369.94566188622423,9.473415469598775e-242
rs1559012,23754915,7.195959241e-5,-0.021477324971413077,0.9966580063868937,-2.8503640130009136,3.3856e-4,-1.0923913043478262,0.9916070380301131,-1.7985292511166102,-4.648893264117524,0
rs1562499333,23676504,0.004498371486010001,-0.052225066684160854,0.8267080973807701,-0.8752614983604762,0.04096576,-0.8226284584980238,0.4940359974389175,-0.17348345421407385,-1.04874495257455,0
rs1562534960,23119056,6.24123700225e-5,-23.011461807687198,0.9971001188193642,261.0743612718008,3.2761000000000004e-4,-5.232044198895028,0.9918762852546927,11.169468927921741,272.24383019972254,3.508651317014287e-284
rs1562577593,23186699,6.41604204004e-5,-23.98795508625447,0.9970191408336827,283.9455967999603,3.3124e-4,-4.967032967032966,0.9917870117556515,9.833375998185325,293.7789727981456,7.901941469780856e-275
rs1562669128,22845055,6.15060610564e-5,2.9056891992176044,0.9971421085280826,1.2806146430882785,3.9601e-4,0.1758793969849246,0.9901968040903049,-2.2972082593611236,-1.016593616272845,0
rs1562696529,22931591,0.011361428100000001,-20.428839478375078,0.653840891665759,135.90572744036535,1.411344,0.7821548821548822,0.027560661014893788,-0.00554344964829836,135.90018399071707,0
rs1562697548,23398061,8.354065315599999e-4,2.4887348893209795,0.9625300657155751,1.3387517998985525,0.0038688399999999997,-0.8810289389067525,0.9118089286153909,-0.8602462642471147,0.47850553565143783,0
rs1562703921,23406761,0.00223130582689,-7.9931070544724765,0.905817430653458,27.754969221513853,0.07667360999999999,-2.9378837125316,0.3428367391734944,1.2696280977887688,29.02459731930262,0
rs1562738875,23454849,0.004828373682250001,-12.690882401617579,0.8163302879172217,64.89115617063636,0.03697929,1.5054602184087362,0.5196202770901109,0.2222472187903043,65.11340338942667,0
rs1562739022,23454988,0.00583926750801,-16.373988910568723,0.7861014928628918,104.6087312259005,0.08732024999999999,-1.7736040609137058,0.31416840604695645,0.30557369369836346,104.91430491959886,0
rs1562739142,23455079,0.003191233081,-1.6649253863447275,0.8705445633634193,0.18435526639523148,0.05271616,0.08057491289198605,0.43142425225548603,-0.28090989521152654,-0.09655462881629506,0
rs1562760429,23490733,1.1531108688999998e-4,-6.948138904668338,0.9946554090087067,21.39347255747503,8.065600000000001e-4,-0.8697183098591549,0.9802345505232493,-1.5911803426831008,19.80229221479193,0
rs1562777074,23530791,0.015622750081000001,1.0373466889616052,0.578705462542665,-0.1208424918131929,0.5599528899999999,-0.8596819457436857,0.06667190152213454,-0.009862204125665557,-0.13070469593885845,0
rs1562808732,23576844,0.0010033373002500002,-1.6916702183075247,0.9553344036546568,-0.1873126448004212,0.01125721,-1.7115928369462772,0.7803780190143006,0.38515448881225245,0.19784184401183125,0
rs1562817723,23610954,3.1383894024999997e-4,-1.5715898506957187,0.9855864056890404,-0.9026444345777207,0.0027984100000000003,-0.10775047258979206,0.9346141597316349,-1.358299264813264,-2.2609436993909844,0
rs1562820311,23621537,1.8149208961e-4,-0.6140440472390679,0.9916136887806528,-2.2036332433067938,0.00116964,0.7514619883040936,0.9715897442872952,-1.5061765476232645,-3.7098097909300582,0
rs156404,23340618,8.6490104464e-4,2.7403975626674644,0.9612584190629873,1.9839981426436628,0.00401956,-0.8659305993690851,0.9086869564348213,-0.8560478115514636,1.1279503310921992,0
rs156405,23340159,8.6166905764e-4,2.707929359342104,0.9613976012181014,1.897686871372022,0.00401956,-0.886435331230284,0.9086869564348213,-0.839722435500617,1.057964435871405,0
rs156407,23315639,6.0637524740099994e-5,-23.470112405146523,0.9971823515313099,271.71111640339853,3.0976e-4,-5.721590909090908,0.9923155087006224,13.808243647761731,285.5193600511603,2.0446998721620608e-278
rs156408,23316252,6.9457548304e-4,15.07004416652754,0.9686486331045768,108.2618214956859,0.00304704,-1.4746376811594204,0.9292160390122062,-0.3137451303089942,107.9480763653769,0
rs156409,23348396,8.6115250116e-4,2.7706761536731483,0.9614198499208436,2.0627313994332646,0.00401956,-0.8501577287066246,0.9086869564348213,-0.8683458169127604,1.1943855825205043,0
rs156410,23349440,7.0817725456e-4,-1.050049602429016,0.9680542968498114,-1.1881684458812707,0.00330625,-1.2017391304347824,0.9236542069562709,-0.6192811228744289,-1.8074495687556995,0
rs156411,23359853,7.1094756496e-4,-1.081920670877151,0.9679333361313427,-1.1534608337644683,0.00330625,-1.403478260869565,0.9236542069562709,-0.3765566703460702,-1.5300175041105386,0
rs156413,23357637,8.6495986404e-4,2.8082025963781274,0.9612558864401434,2.164844614656759,0.004057690000000001,-0.8838304552590266,0.9079005276944841,-0.837836936133207,1.3270076785235518,0
rs156415,23357154,8.6487163569e-4,2.8100086028964215,0.9612596853471205,2.169687288962507,0.00404496,-0.8443396226415093,0.9081629316952496,-0.8701506897196625,1.2995365992428445,0
rs156416,23356036,7.246702480900001e-4,-0.9744053611295816,0.9673346048240081,-1.2514939404704348,0.0034222500000000004,-1.317948717948718,0.9211867187904819,-0.47029135924279575,-1.7217852997132306,0
rs156417,23354481,7.1242549569e-4,-0.9419398830330482,0.9678688172564021,-1.2895929839311544,0.00334084,-1.3114186851211074,0.9229170454472041,-0.487811432409884,-1.7774044163410383,0
rs156418,23354413,7.1243083396e-4,-0.9420824685104566,0.967868584230505,-1.2894594598419695,0.00334084,-1.3114186851211074,0.9229170454472041,-0.487811432409884,-1.7772708922518534,0
rs156419,23353310,8.605891616399999e-4,2.772755472835239,0.9614441147987384,2.0680510367052602,0.00401956,-0.8438485804416404,0.9086869564348213,-0.8732017205002724,1.1948493162049878,0
rs156421,23312487,6.0684879002499996e-5,-23.436306570561168,0.997180157322023,270.92028169168447,3.0976e-4,-5.6306818181818175,0.9923155087006224,13.296196543840288,284.21647823552473,5.556421546441918e-279
rs156422,23310550,6.9824363049e-4,15.189654976669202,0.9684882797000167,109.99883071534045,0.0030360100000000004,-1.4319419237749544,0.9294541942898518,-0.3728432846580997,109.62598743068234,0
rs156423,23310149,6.9798469636e-4,15.16082878490806,0.9684995972878377,109.57629197768327,0.00304704,-1.4057971014492754,0.9292160390122062,-0.40587262630037857,109.17041935138289,0
rs156425,23309119,6.0737083559999995e-5,-23.497061616239385,0.9971777383804293,272.3417418182981,3.3856e-4,-5.3315217391304355,0.9916070380301131,11.703095642288448,284.04483746058656,4.680072116716017e-279
rs156427,23307143,7.0168831236e-4,15.225297666236305,0.9683377434443406,110.50872061353802,0.0030580900000000003,-1.5244122965641953,0.9289775742491132,-0.24298549614546872,110.26573511739255,0
rs156428,23306500,7.0057619856e-4,15.188715600489642,0.9683863388827894,109.97486814819332,0.00304704,-1.5271739130434783,0.9292160390122062,-0.24047464760667725,109.73439350058665,0
rs156429,23306020,6.09144347529e-5,-23.63657096877935,0.9971695207530471,275.6194122938734,3.0976e-4,-5.590909090909091,0.9923155087006224,13.074754751682068,288.69416704555545,4.89137239921197e-277
rs15775,23164701,6.24942424089e-5,-27.01455853202839,0.9970963258084343,360.9127662216893,3.1684e-4,-5.00561797752809,0.9921412491653612,10.006586601566633,370.91935282325596,2.5082752066285462e-241
rs1581498,22908243,5.88189294225e-5,3.750735068812872,0.997266625354794,4.063671052732323,4e-4,0.145,0.9900990099009902,-2.2971518425790505,1.7665192101532723,0
rs1583511,22983890,7.554703956839999e-5,8.596248409416713,0.9964919803346078,33.99177814859833,5.904899999999999e-4,0.7654320987654321,0.9854525037761308,-1.8264866309453396,32.16529151765299,0
rs1583512,23032705,6.353731926090001e-5,5.323352189114832,0.9970480043255917,11.214575403280076,4.1208999999999994e-4,2.802955665024631,0.9898028040618538,1.5954015345856338,12.80997693786571,0
rs1586127,23656394,0.0032314790852099994,-0.13083149063875976,0.8691256133850077,-1.0093202893462485,0.03470769,-0.5115405260332797,0.535420115385712,-0.3132581939201541,-1.3225784832664025,0
rs1595125,22885975,6.35682506209e-5,1.474143261544945,0.9970465714737393,-1.8290541531499203,4.0401e-4,0.31343283582089554,0.9900007449755606,-2.253993435993851,-4.083047589143772,0
rs1595126,22885966,1.7804098623999998e-4,5.102261826248577,0.9917718438134967,10.509339102652698,0.00121801,-0.7908309455587392,0.9704495680407667,-1.4573622872237757,9.051976815428922,0
rs1608552,22896363,9.2552865793599985e-05,0.2402530445592925,0.9957057074438614,-2.696497399082492,6.300100000000001e-4,-1.4780876494023905,0.9844939737893247,-1.0078300636377597,-3.7043274627202516,0
rs1608553,22896231,5.9861323740099996e-5,4.5108640159441435,0.9972183189930557,7.2032964821638,3.7636e-4,1.0154639175257731,0.9906787040733737,-1.8269492283447142,5.376347253819086,0
rs1608557,22881874,1.3649716224e-4,5.767589359079704,0.9936796550539277,13.995429349067816,0.00109561,2.1873111782477346,0.9733399747564279,0.5160949047370813,14.511524253804897,0
rs1618339,23229774,6.0951278836899994e-5,-22.714236857846608,0.9971678135869707,254.30431062443228,3.0976e-4,-5.801136363636363,0.9923155087006224,14.263012209277555,268.56732283370985,8.880825758006463e-286
rs1620775,23229518,3.9867310224e-4,0.6882524991485867,0.9817613113270318,-1.7695790995540688,0.00204304,-2.6238938053097347,0.9514059877687245,1.7630013882830315,-0.006577711271037234,0
rs1624451,23262435,6.01733761225e-5,-24.339351437061293,0.9972038588542498,292.4340340617765,2.9928999999999996e-4,-5.739884393063584,0.9925733182892303,13.899457618423684,306.3334916802002,2.2391958570797936e-269
rs1626853,23235342,0.00039857726736000003,0.6815181022219551,0.981765615682164,-1.7742242818920906,0.00204304,-2.6460176991150446,0.9514059877687245,1.8184640581980873,0.044239776305996736,0
rs1637193,23260251,6.00762957921e-5,-24.29553251304044,0.9972083573971517,291.3719720035747,3.0275999999999995e-4,-5.597701149425288,0.99248785939226,13.103817992825949,304.47578999640064,3.4938358086435176e-270
rs1637214,23236842,4.0040410201e-4,0.6137150738876868,0.9816835712068387,-1.8151047474235127,0.00205209,-2.5275938189845477,0.9512012363713671,1.5284590308088144,-0.2866457166146983,0
rs1637215,23236797,4.3990448121e-4,3.3096944297436335,0.9799129280873969,3.413181511088544,0.0022657600000000003,-2.153361344537815,0.9463925409125495,0.7311610529087098,4.144342563997254,0
rs1637216,23236129,0.00039857726736000003,0.6815130933060848,0.981765615682164,-1.7742276333004998,0.00204304,-2.6371681415929205,0.9514059877687245,1.7962231084487748,0.021995475148274934,0
rs1637217,23236072,4.4096220081e-4,3.3220185627003063,0.9798656025763122,3.454141194148565,0.0022657600000000003,-2.1260504201680672,0.9463925409125495,0.675856384991752,4.129997579140317,0
rs1637218,23233715,3.982179891600001e-4,0.6543792657626506,0.9817817527416891,-1.7924603216295787,0.00203401,-2.629711751662971,0.9516103745514644,1.7761406108804845,-0.01631971074909422,0
rs1637219,23233706,3.9861719716000006e-4,0.6848648161319081,0.981763822259152,-1.7719307735302687,0.00204304,-2.6393805309734515,0.9514059877687245,1.801776360663192,0.02984558713292329,0
rs1637220,23232851,3.9863716281000005e-4,0.6864403808493481,0.9817629255164176,-1.7708458088103254,0.00204304,-2.6393805309734515,0.9514059877687245,1.801776360663192,0.03093055185286664,0
rs1637221,23232659,6.1024844185599995e-5,-22.627447566770442,0.9971644049631226,252.34202566553208,3.0976e-4,-5.840909090909091,0.9923155087006224,14.49275106099006,266.83477672652214,1.5704283809638853e-286
rs1637223,23228669,3.9869706276e-4,0.6907859811492734,0.9817602351633011,-1.7678348312659204,0.00204304,-2.581858407079646,0.9514059877687245,1.6589052680524525,-0.10892956321346792,0
rs1637224,23228400,4.0056019600000003e-4,0.617807534725692,0.9816765615478947,-1.8124409508133879,0.0020611600000000002,-2.541850220264317,0.950996120886823,1.5642662681485655,-0.24817468266482234,0
rs1637245,23329412,6.9596243721e-4,-0.8350068799254011,0.9685879960323398,-1.392615136505858,0.0031472099999999997,-1.5490196078431375,0.9270587831750883,-0.1968296625762398,-1.589444799082098,0
rs1637247,23303087,6.9892554384e-4,15.113211686562872,0.9684584756469866,108.87417189821,0.00304704,-1.4945652173913044,0.9292160390122062,-0.28625478563457074,108.58791711257543,0
rs166662,23315803,6.970603236099999e-4,15.165196444195306,0.9685400022683933,109.64443715804015,0.00304704,-1.5217391304347827,0.9292160390122062,-0.24817328592611632,109.39626387211403,0
rs166664,23345883,7.0872555961e-4,-1.0401361285257626,0.9680303536770577,-1.197836317530931,0.00321489,-1.2980599647266313,0.9256068915135501,-0.5193908424769211,-1.7172271600078521,0
rs166665,23411798,5.32824889e-4,3.8995061300524196,0.975772759317107,5.558733709307526,0.00292681,-0.8373382624768946,0.931818600077667,-1.0161262523547134,4.542607456952812,0
rs16873326,23011462,7.18107097744e-5,1.24777558023724,0.9966648978293153,-2.075750316267979,5.0176e-4,-1.2321428571428572,0.9876114025662095,-1.4458054211804283,-3.5215557374484074,0
rs169278,23456774,7.20177968689e-5,1.9446804449037451,0.9966553122592823,-0.9656243940137639,4.6224999999999993e-4,-1.302325581395349,0.9885757712435665,-1.3976715072737123,-2.363295901287476,0
rs17147290,22851967,2.3638447503999998e-4,-1.6542133881416343,0.9891048790668185,-0.906415962575462,0.00164025,-1.1333333333333333,0.9606090261225616,-1.00018482572102,-1.906600788296482,0
rs17147339,22877782,2.0945615076e-4,-2.7757693849066514,0.9903340269425118,1.4956384356186003,0.00146689,-1.0678851174934725,0.9646250297526533,-1.1208564999099795,0.37478193570862084,0
rs17147344,22880856,7.853912057290001e-5,6.127893318047489,0.9963535499618624,15.900073608009299,4.2025000000000005e-4,0.7707317073170732,0.9896029836529958,-1.9891925756318796,13.91088103237742,0
rs17147348,22882058,1.1951518329000001e-4,3.06200890937863,0.994461631170287,2.063958060062686,8.065600000000001e-4,-0.4894366197183098,0.9802345505232493,-1.844503207331814,0.21945485273087195,0
rs17147355,22883835,4.5424396899999993e-4,-1.9943274058086613,0.9792717257420431,0.009320882674280107,0.00364816,-0.2235099337748344,0.9164189280831083,-1.2180784701245377,-1.2087575874502576,0
rs17147377,22902726,4.5481107168999997e-4,-2.652194707942775,0.9792463845138062,1.5065590959384267,0.00357604,-0.1588628762541806,0.9179356361890617,-1.2385425469568982,0.2680165489815285,0
rs17147378,22905239,4.5486652175999996e-4,-2.6945835443275383,0.9792439067739074,1.6175798074583605,0.00357604,-0.18060200668896323,0.9179356361890617,-1.2351555152907214,0.38242429216763907,0
rs17147383,22905282,6.20747015625e-5,6.51599555767095,0.9971157627401374,18.243621897655967,4.1208999999999994e-4,-0.3103448275862069,0.9898028040618538,-2.2451553621668765,15.99846653548909,0
rs17147385,22906383,4.5499876249000004e-4,-2.7127286024368633,0.979237997758342,1.6657401336105127,0.00357604,-0.16555183946488297,0.9179356361890617,-1.237546587664381,0.4281935459461317,0
rs17147395,22907231,5.9526625622500005e-5,5.308236178527222,0.997233828974607,11.104568341271952,4e-4,-0.345,0.9900990099009902,-2.248636991093902,8.85593135017805,0
rs17147431,22939149,9.2561369121e-4,0.05578180312188773,0.9586513605694787,-1.5913664065259279,0.00614656,-0.0025510204081632655,0.8668035060468212,-1.0079621009967423,-2.59932850752267,0
rs17147436,22943741,0.017492178563999997,1.1559149541048557,0.550931685270821,-0.03222936659852571,1.3653922500000002,1.2688061617458277,0.028461804880452416,0.008472542101831947,-0.023756824496693765,0
rs17147524,23021653,7.189310184040002e-5,1.2801303930425592,0.9966610840740716,-2.034423434511708,5.0176e-4,-1.2008928571428572,0.9876114025662095,-1.4833506370285439,-3.5177740715402517,0
rs17147527,23024795,6.533262577960002e-5,1.5539796557159222,0.9969648460869193,-1.694984911250568,4.4944e-4,-1.0235849056603774,0.9888888449382734,-1.7318605511958796,-3.4268454624464475,0
rs17147529,23027497,7.191701455210001e-5,1.2391057486742942,0.9966599772104644,-2.085761403401953,5.0176e-4,-1.1741071428571428,0.9876114025662095,-1.5147646157932058,-3.6005260191951587,0
rs17147594,23068429,8.220740624889999e-5,1.449029043226795,0.9961838870578473,-1.738425198231816,6.812100000000001e-4,2.655172413793103,0.9832549228501315,1.4211188915989856,-0.3173063066328303,0
rs17147596,23069524,7.983601201e-5,3.8051504739734305,0.9962935604705278,4.413910201166265,6.6564e-4,-0.09689922480620156,0.9836313900383714,-2.051577018804233,2.3623331823620326,0
rs17147607,23105157,7.23443808025e-5,-9.346626614387077,0.9966401958388865,40.68502295169125,5.904899999999999e-4,-2.395061728395062,0.9854525037761308,0.7112675991722512,41.396290550863505,0
rs17147927,23276958,0.00397094063716,-8.200566845564737,0.843853816259407,27.445806465888452,0.025185690000000004,-2.013862633900441,0.6136316114779179,0.7688532901952456,28.214659756083698,0
rs17147930,23278903,1.9505753568999998e-4,8.292962345073498,0.9909925084077196,31.722025783491272,0.0013104400000000002,1.591160220994475,0.9682782366878687,-0.4996371575166687,31.222388625974602,0
rs17147940,23286284,0.0041006092959999995,-8.296848647635706,0.8395729521935131,27.982176463217066,0.025568009999999995,-1.9049405878674173,0.6100535916828954,0.6360078409849039,28.618184304201968,0
rs17147944,23286614,0.0041006092959999995,-8.29703604222625,0.8395729521935131,27.983481833017564,0.02553604,-1.904881101376721,0.6103511899711976,0.6360969058933987,28.619578738910963,0
rs17147947,23287896,0.0040448073614399995,-8.374874997641465,0.8414098544570159,28.58690962252885,0.02521744,-1.7720403022670024,0.6133328753781196,0.48787596013275203,29.0747855826616,0
rs17147950,23290584,0.004100468418010001,-8.29639774560435,0.8395775795523489,27.979180479657053,0.025568009999999995,-1.866166353971232,0.6100535916828954,0.5914062791530352,28.570586758810087,0
rs17147967,23293284,0.004102773998409999,-8.309210043573358,0.8395018555561033,28.066114915131074,0.025921000000000003,-1.7478260869565216,0.6067869116063167,0.46013366153446755,28.52624857666554,0
rs17147973,23298044,0.004176390625,-8.478065764023212,0.8370911670730892,29.176769387218233,0.025953209999999997,-2.1558038485412787,0.6064905711185248,0.9430043780406347,30.119773765258866,0
rs17147985,23299559,0.00413867055625,-8.657505926242568,0.8383246360327176,30.506142999681572,0.02585664,-2.1361940298507465,0.6073799088444233,0.918379529053255,31.424522528734826,0
rs17147995,23299648,0.00344402312164,-7.609830657501473,0.8617080310719406,23.96135630946082,0.10125123999999999,-1.4418604651162792,0.28318335470895695,0.12789606226015263,24.089252371720974,0
rs17147998,23303293,0.00417132556164,-8.620919768741736,0.8372565866765612,30.20477238936111,0.025792359999999997,-2.303860523038605,0.6079733269941981,1.14527959992685,31.350051989287962,0
rs17148073,23407295,8.2718361664e-4,2.3971238630357985,0.9628851940876433,1.1195971523744241,0.0037454399999999996,-1.207516339869281,0.914381018913057,-0.5622966184008729,0.5573005339735513,0
rs17148147,23566300,9.723857256099999e-4,1.6072199364399307,0.9566525485738688,-0.33366233498540354,0.008281,-0.9912087912087912,0.8284832542822229,-0.47454691455414433,-0.8082092495395479,0
rs17148222,23673148,0.00166752172609,-0.619378331982378,0.9278987411292459,-1.1368572139227746,0.01852321,-0.5657604702424688,0.6834895078380014,-0.4658121049834252,-1.6026693189061998,0
rs17148239,23688908,0.00321541166116,-0.18017762227403067,0.8696915461182443,-1.0048086358572672,0.031435290000000005,-0.730400451212634,0.5599473313540129,-0.26106872848734913,-1.2658773643446164,0
rs17148292,23737096,2.2535113688999998e-4,2.015667779132277,0.9896081284920923,-0.27301803779475753,0.0014592399999999999,1.4842931937172776,0.9648030209912193,-0.6106060641818762,-0.8836241019766338,0
rs17150415,23162905,0.0036538277196099997,-7.437271390261536,0.8545091890925176,22.668914662512627,0.020107240000000002,-1.4386459802538785,0.6654772370183692,0.1411446940723683,22.810059356584997,0
rs17150424,23564767,1.52152225e-4,-3.2467207134171057,0.9929598686013117,2.7554277729401564,9.3025e-4,-2.078688524590164,0.9772723108214585,0.21928477739519026,2.9747125503353464,0
rs1728292,23263474,5.99836309081e-5,-23.753019725213075,0.9972126513733872,278.37532147472103,2.9584e-4,-5.563953488372093,0.9926582992189765,12.908056196968133,291.28337767168915,6.514942934773577e-276
rs1728313,23271031,6.017647902249999e-5,-24.53776096218425,0.9972037150716346,297.2693007688458,2.9928999999999996e-4,-5.670520231213874,0.9925733182892303,13.506660051454602,310.77596082030044,1.9029698849527056e-267
rs1728319,23231199,3.9863716281000005e-4,0.6848526738088441,0.9817629255164176,-1.7719145616436633,0.00204304,-2.6261061946902657,0.9514059877687245,1.7685266996058036,-0.00338786203785979,0
rs1728321,23232098,3.9861719716000006e-4,0.6827511595059452,0.981763822259152,-1.7733497514234682,0.00204304,-2.6261061946902657,0.9514059877687245,1.7685266996058036,-0.004823051817664625,0
rs1728322,23232120,3.9865313569e-4,0.6878139665336092,0.9817622081072404,-1.7698996945329641,0.00204304,-2.6371681415929205,0.9514059877687245,1.7962231084487748,0.026323413915810612,0
rs1728323,23232455,4.4024852041e-4,3.252662984162691,0.9798975342518639,3.230111646277664,0.0022657600000000003,-2.0924369747899156,0.9463925409125495,0.6087581496216365,3.8388697958993,0
rs1728324,23232697,3.98601225e-4,0.6816078136739294,0.9817645396383501,-1.7741349977432281,0.00204304,-2.6283185840707968,0.9514059877687245,1.7740566677438498,-7.832999937829044e-5,0
rs1728326,23234981,3.6831751056e-4,0.7534963213072385,0.9831266010596638,-1.7619201017580164,0.0018922499999999998,-2.567816091954023,0.9548305474162883,1.5992561704833619,-0.1626639312746545,0
rs1728327,23235483,4.0038009025e-4,0.571213673505085,0.981684649503543,-1.83985335512995,0.00205209,-2.5783664459161146,0.9512012363713671,1.6517551693157024,-0.18809818581424764,0
rs17311453,23103713,1.8833719696000002e-4,-1.786112973272319,0.991300144627039,-0.7910017993450984,0.0015681600000000003,2.126262626262626,0.9622749719977983,0.5365033227363125,-0.2544984766087859,0
rs17369747,23038401,6.48065250625e-5,5.547007856898854,0.9969892135299453,12.435551217647186,4.2025000000000005e-4,2.741463414634146,0.9896029836529958,1.4356226044393088,13.871173822086494,0
rs17370052,23062971,6.45252332176e-5,1.6273360588390542,0.9970022426323423,-1.5848034472680765,4.4521000000000003e-4,-1.1753554502369667,0.9889922688001866,-1.5714518637171122,-3.1562553109851885,0
rs17370163,23066135,1.5913570201e-4,-2.805055925928862,0.99263911942362415,1.4494225679322064,0.00104329,-0.41176470588235287,0.9745807414561551,-1.7535039242699308,-0.3040813563377245,0
rs17370204,23067144,1.4164094169e-4,-2.657457588666784,0.993443039946844,0.9942734318342539,0.0011289599999999998,-0.7976190476190477,0.9725507282459853,-1.4883413085192903,-0.4940678766850364,0
rs17724311,22876793,6.410516316489999e-5,2.456607511081524,0.9970217004096358,0.10027195688720036,3.3489e-4,0.2896174863387978,0.9916972625932537,-2.3539940707610185,-2.253722113873818,0
rs17725943,22982232,3.1996981129e-4,0.8701733593474846,0.9853089714334063,-1.7372203346121113,0.0023814400000000003,0.15983606557377047,0.9438093656090969,-1.4274465750027376,-3.1646669096148488,0
rs17740440,23355241,1.3720842496e-4,10.853110913809589,0.9936469300806728,55.991435582871034,8.2369e-4,0.38327526132404177,0.9798232349892917,-1.879643811477122,54.11179177139391,0
rs17778698,23565822,2.5428448369e-4,-2.695045245605564,0.9882895169403537,1.3654708192003033,0.00210681,0.7712418300653594,0.9499651006571146,-1.2149910131858705,0.15047980601443278,0
rs17779181,23640174,1.4755932675999999e-4,-1.7500699738215588,0.993170932171925,-0.9723689380876079,8.2944e-4,1.40625,0.9796852467239325,-0.979521025089449,-1.951889963177057,0
rs17779517,23709939,6.824048620840001e-5,-3.1494846733601425,0.9968301839991863,2.0668648809633146,3.8025e-4,0.2717948717948718,0.9905832678103776,-2.2960451683289245,-0.2291802873656099,0
rs17781408,22905413,1.6792531396e-4,0.6220008334233635,0.9922357093841225,-2.237169517125898,0.00101761,1.6112852664576804,0.975190899713562,-0.5823574599587948,-2.819526977084693,0
rs17796758,23350018,1.8156484516e-4,8.958484852982648,0.9916103551271642,37.400193716049145,0.0012040900000000001,3.048991354466859,0.9707774155429716,2.7459357642605813,40.146129480309725,0
rs17796841,23353514,2.4043293480999998e-4,8.346435872796807,0.9889203502287696,32.194252510263944,0.0013987600000000002,0.695187165775401,0.9662125145777314,-1.460354297435291,30.733898212828652,0
rs17797011,23369342,1.5184400625e-4,12.74854940150132,0.9929740297799816,78.21273523631673,9.424900000000001e-4,0.6058631921824104,0.976980149473078,-1.7063890312820225,76.5063462050347,0
rs17797041,23372404,1.51437636e-4,12.813343084674143,0.9929927011683931,79.03524368029004,9.424900000000001e-4,0.6547231270358306,0.976980149473078,-1.6763018697859258,77.3589418105041,0
rs17797853,23431195,1.0821200625e-4,-2.7111175198269644,0.9949827957525395,1.009199269053127,5.904899999999999e-4,0.20164609053497942,0.9854525037761308,-2.095133376521662,-1.085934107468535,0
rs1783,23297588,6.690913422399999e-4,14.876791872206846,0.9697641422842156,105.56422091026901,0.0029811600000000005,-1.26007326007326,0.9306403084514238,-0.5953965122085895,104.96882439806042,0
rs180670612,23249877,0.00508374704016,1.9991893453613163,0.8084764912325937,0.7892700993247684,0.097969,-1.1226837060702874,0.2899201994650973,0.011521460947066992,0.8007915602718354,0
rs180782197,23526676,0.00205502648976,1.6574789775083603,0.9126078570590502,0.03489988629922558,0.01943236,-1.0258249641319943,0.6730340171583293,-0.20482704994432743,-0.16992716364510185,0
rs180798060,23461080,0.00176802589441,2.131740229595295,0.9238838589940586,0.8114628220369289,0.01359556,-1.5866209262435678,0.7463304796143562,0.25353199349991284,1.0649948155368416,0
rs180852343,22963070,0.0049300198388100005,1.8845787384585146,0.8131860344794897,0.6052498156442772,0.08265624999999999,1.5547826086956522,0.32611464968152876,0.1968188117114672,0.8020686273557444,0
rs181042579,23680499,0.004468013386240001,-0.6066017186490174,0.8276760585359771,-0.7269114190574746,0.11512449,-0.07368110816386679,0.25785741503485365,-0.14840700382978314,-0.8753184228872577,0
rs181067884,22977108,0.00386755878609,-20.08146043476653,0.8472982560391009,169.90325382301586,0.04008004,-1.0404595404595405,0.4995002499998752,-0.07570557972469272,169.82754824329118,0
rs181169506,23514568,0.015336593281000002,-1.1655348390274625,0.5832058957337845,-0.04144718432202932,0.52533504,-0.4722682119205298,0.07075450338263131,-0.028800712611113815,-0.07024789693314314,0
rs181183912,23481471,5.9728427236e-4,4.535258639737473,0.9729211944092458,8.201297328617551,0.006416010000000001,0.2721598002496879,0.8617716171639915,-0.9575078826835307,7.243789445934021,0
rs181237095,22844024,0.0076080610656400005,-0.7639989819339128,0.7382671228930092,-0.4547542151163062,0.18550249000000002,1.0794056187601577,0.17738163334693113,0.005703685064869221,-0.44905053005143697,0
rs181238232,23533511,8.6561877796e-4,3.15418029053682,0.9612275160929916,3.1565335444743514,0.00820836,0.12251655629139073,0.8297316067171753,-0.8789623885503238,2.2775711559240275,0
rs181267986,23062326,0.0031102929,-0.7411762596377981,0.8734123396095566,-0.7935089726753329,0.10588516000000002,1.7031346035648431,0.2741882724740474,0.23743218925532236,-0.5560767834200105,0
rs181277850,23319036,0.0025448897196100003,2.2218213606782578,0.8939844233319654,1.0844880309504155,0.043932160000000005,-0.685591603053435,0.4765753675349235,-0.21167736071876286,0.8728106702316526,0
rs181279274,23179670,0.005227723809000001,-1.4785002005449288,0.8041148627602728,0.06376919273951287,0.30140100000000003,0.36666666666666664,0.11716427309820417,-0.054432024914554074,0.009337167824958796,0
rs181343766,23358897,0.009267277528889999,-2.3671529199609003,0.6984020256325306,1.3573872965588247,0.09018009,0.9776889776889778,0.3072666488400799,-0.03670069702671702,1.3206865995321078,0
rs181357861,23387575,0.0059908374002499995,-16.949890504583305,0.7817610270526418,111.53841552960074,0.049284,-1.1554054054054055,0.44800860176515395,0.0019257434342996316,111.54034127303504,0
rs181469460,23656859,0.0030163382094400004,0.10706630590737275,0.8767650169861823,-1.041805893897783,0.13184161,0.8394381713026715,0.2327724932279208,-0.05047363269507876,-1.0922795265928618,0
rs181490681,23146484,0.00577894917636,-1.8333741123976248,0.7878422491384868,0.5488589831154148,0.10543008999999999,0.41730828457037267,0.2750462438687895,-0.1368745757060635,0.41198440740935127,0
rs181502616,23700293,0.004204095920999999,-0.7466154629158378,0.8361874968248749,-0.6714564471681088,0.04405801,-0.03620771796093378,0.47586184826407385,-0.3226880633640823,-0.9941445105321911,0
rs181517321,23767387,8.3811408004e-4,-0.5874294478103778,0.9624131903793612,-1.4744994742418356,0.00515524,0.15041782729805014,0.8858329620216835,-1.0750251118683145,-2.54952458611015,0
rs181551458,23530498,0.00291037591441,3.319758507745436,0.8805771914012036,3.789788501652505,0.027955839999999996,0.15430622009569378,0.5886175492790613,-0.4371083676052549,3.35268013404725,0
rs181606644,23733874,0.00370829845764,0.14735039198105618,0.8526598074192788,-0.9482490316291439,0.019796489999999996,-1.611940298507463,0.6689355846806393,0.31634374144777344,-0.6319052901813704,0
rs181633222,23754588,0.014898399481,0.7489468207997771,0.5902347357676533,-0.2805477751864358,0.11532816000000001,0.05918727915194346,0.2575193062223875,-0.14842814282445338,-0.4289759180108892,0
rs181634442,23771236,0.0056588758502500005,1.5642966813115233,0.791330554564996,0.1847005319484838,0.04068289,-1.3738225086762519,0.495768061853015,0.1254939550790098,0.3101944870274936,0
rs181651900,23319435,0.00481468066641,3.001445496981462,0.816755717773624,2.83047586667451,0.09784384000000002,0.6649616368286444,0.29018344236492544,-0.10721857233303499,2.723257294341475,0
rs181660327,23312311,0.0035083824385600004,2.4039532952005347,0.8594868622428036,1.502256468507166,0.02007889,-0.455892731122089,0.6657912621221863,-0.47880633590194244,1.0234501326052237,0
rs181673134,23502203,0.0010628643225600001,-12.263477866117,0.9528094906928747,70.12110492323072,0.008154090000000001,-1.3853820598006643,0.8306667201062257,-0.09080077297523537,70.03030415025549,0
rs181733721,23063356,0.00190538361049,0.2579569170712039,0.9184526318702897,-1.222727879379801,0.027159040000000002,0.36468446601941745,0.5956011283067776,-0.4130708764731681,-1.6357987558529692,0
rs181798623,23038882,0.00437418213376,0.815099126669247,0.8306822288843391,-0.612041948404669,0.19998784,0.47540250447227195,0.16667511153898468,-0.07233092927208518,-0.6843728776767541,0
rs181810664,23379865,0.011104733641,0.7935973960656297,0.6589948553886079,-0.330412423007327,0.17181024999999997,0.1577804583835947,0.18884827339564544,-0.10229942025896789,-0.43271184326629486,0
rs181834034,22873647,0.011357591184,-2.102860038283977,0.6539173364716027,0.915279071214253,0.22591009,-0.07847675152535241,0.15042678523406167,-0.08104736869421514,0.8342317025200379,0
rs181898596,23723892,0.00442729213641,1.180471580858428,0.828978011407935,-0.3053856899330387,0.026049959999999997,-1.030359355638166,0.6056021835592331,-0.14373172361080438,-0.4491174135438431,0
rs182000144,23771921,0.00541441373929,-1.5837418306205127,0.7985288700306165,0.20039571051669824,0.20839225000000003,0.9899233296823658,0.16103562007268746,-0.008890231499066398,0.19150547901763185,0
rs182007721,22986453,0.0024782076985600003,0.3698294148842142,0.8964746994533553,-1.0726624993298048,0.03794704,0.6591375770020533,0.5131689413735275,-0.24844276821227274,-1.3211052675420776,0
rs182024374,22967352,0.0010456168959999998,4.524369124195943,0.953539687472582,8.224860226826623,0.01106704,0.717680608365019,0.7832840908734872,-0.5628626902716967,7.661997536554926,0
rs182088099,23117887,0.006357478862439999,1.7219046376818865,0.7714572086834279,0.40565227047421704,0.12716355999999998,-1.1545148625911386,0.2392866005007312,0.022723800208593076,0.42837607068281014,0
rs182159134,23691995,0.00366977889369,0.8512959175419744,0.8539667872786542,-0.6525237104356261,0.037674809999999996,-0.306543019062339,0.5149674649992707,-0.3375742622410451,-0.9900979726766712,0
rs182160311,23496996,0.00164314297449,-11.498136210796902,0.9288778735398315,60.08046343249567,0.025664040000000003,0.3064918851435705,0.6091614222944552,-0.44111884226832987,59.63934459022734,0
rs182181816,23617925,0.019106427075999997,0.7268386555351382,0.5290086016851296,-0.23672157470848357,0.13483584,-0.9139433551198257,0.22878604295320687,-0.03434309110907657,-0.27106466581756017,0
rs182203691,23109476,0.0010950473722500002,-14.829578592689964,0.9514499569784998,103.10714514873618,0.00819025,-2.064088397790055,0.830043421646495,0.8820776293751037,103.98922277811128,0
rs182255344,23227716,8.402867512900001e-4,-3.458777343493965,0.9623194243345613,4.116876065715939,0.010281960000000001,-1.4990138067061143,0.7955139378019473,0.10014904044421669,4.217025106160156,0
rs182263188,23247234,0.006366412184039999,1.0527059849755234,0.7712095417849212,-0.3101510530272269,0.05958481000000001,0.0594018844735764,0.4016676840574381,-0.25609582449458806,-0.566246877521815,0
rs182274589,23018370,0.011718712009,1.8075157270468256,0.646800021722859,0.5362239772867428,0.36409156000000004,1.2736161750082862,0.09898746709780329,0.02816563844310993,0.5643896157298527,0
rs182333130,23398626,0.00382836712644,-3.359919707533722,0.8486113916700958,3.8460600542654335,0.029412250000000004,-1.0478134110787172,0.5762671574541958,-0.11298046952604257,3.733079584739391,0
rs182335488,23657463,0.00716724787216,1.726041701118361,0.7496352487551318,0.4242459359293308,0.16933225,-0.2578371810449575,0.19108379143681878,-0.09967834432057589,0.3245675916087549,0
rs182339553,23672641,0.00390872539204,0.08371267982303206,0.8459233179844082,-0.9321883965532424,0.08886360999999998,-0.4079168064407917,0.31040570724349575,-0.16000076510883438,-1.0921891616620767,0
rs182354532,23622552,0.0030269253062499995,-3.1942381969373383,0.8763859410114703,3.425656465753689,0.03404025,-1.4303523035230354,0.5402466901448875,0.16411482679036815,3.5897712925440572,0
rs182370983,23596635,0.011085141796000002,-1.9543624033584712,0.6593915638904222,0.7207728511490232,0.6032628899999999,-1.6579116776104033,0.06218297467774025,0.05336006468207231,0.7741329158310956,0
rs182416610,23566896,0.00261173124601,-0.12778215872779822,0.891502036771494,-1.1032335916544413,0.04372281,0.22094691535150643,0.4777670505803616,-0.31315905778599556,-1.4163926494404369,0
rs182425469,23537938,7.298372402500001e-4,-3.5865188502896483,0.9671093568606559,4.512737096305808,0.007814560000000002,-0.9558823529411765,0.8365652638024903,-0.5234812953890846,3.9892558009167236,0
rs182456078,22845010,0.00554208780304,-0.3503033103544621,0.7947531799475777,-0.7430079731741684,0.11444689,-0.7995861661247414,0.2589887047903652,-0.06707904023172834,-0.8100870134058968,0
rs182469852,23336808,0.009604882020249998,0.6897417975705198,0.6908119810300568,-0.4225781154769226,0.22819729000000002,0.6321959388737701,0.14914393803158862,-0.050951846282234446,-0.473529961759157,0
rs182470353,23156863,0.00202513500225,-2.1437463195671254,0.9137694102638554,0.8743162630446188,0.025122250000000002,-1.1293375394321765,0.614229391644177,-0.0845610927564821,0.7897551702881367,0
rs182475672,23453908,0.007494555355209999,-1.685470093368341,0.7411612306310752,0.37697394704692055,0.07896100000000002,-1.0583629893238433,0.33624465160851036,-0.016601590750101675,0.36037235629681885,0
rs182489247,23174969,0.00273763354176,2.332633824136508,0.8868634731455883,1.3232121499672076,0.07155625,0.6385046728971963,0.358563504958261,-0.1489314890881394,1.1742806608790681,0
rs182501782,23009587,0.007759319569,-0.8856880129871605,0.7344453613973255,-0.3749019767271797,0.15476356000000002,-1.1080325368581596,0.20537722764977187,0.011130629969243466,-0.3637713467579362,0
rs182501899,23423898,0.005723058670809999,1.7520875495202306,0.789462116145911,0.43270482211583505,0.03748096,-1.3460743801652892,0.5162558646666227,0.10460661277505218,0.5373114348908872,0
rs182508221,23797659,0.00556896525025,-1.6571949266671582,0.7939628812761776,0.3003786862079797,0.056501289999999996,-0.6546066470340766,0.4145022310064457,-0.17883730621619431,0.12154137999178538,0
rs182637510,23742173,0.0012387513768100003,2.3728331993215117,0.9454263960732798,1.2074323156572466,0.00749956,0.9711316397228638,0.8421130637841697,-0.52584103824046,0.6815912774167866,0
rs182639385,23722145,0.016276911561,-1.1460875835743567,0.5686737179346877,-0.04696399349009439,0.70677649,-0.7190436540977757,0.05356355018621436,-0.013678911943097807,-0.0606429054331922,0
rs182677175,22898175,0.004674552618490001,1.817576827500669,0.8211349964084342,0.4957828798628695,0.11505664,0.20607311320754718,0.2579702488071456,-0.14370547153431948,0.35207740832855006,0
rs182730520,23033495,0.003410092816,0.4893023494759915,0.8628836617735325,-0.8901683468073806,0.05583769,-0.44138806601777403,0.417372330238761,-0.22944651759926263,-1.1196148644066433,0
rs182733117,23631831,0.004520316628889999,1.1518637341912417,0.826009790116523,-0.3264073328134801,0.026536409999999996,-1.0681399631675874,0.6011746050019832,-0.11666882100077869,-0.4430761538142588,0
rs182819538,22952641,0.003849582025,-20.121202353130794,0.8479000712937501,170.69998299217283,0.04068289,-1.037183936539415,0.495768061853015,-0.07569808628939256,170.62428490588343,0
rs182825869,23433247,0.019753459209000002,-8.387514496929853,0.5207034080207424,17.94812852939993,0.24980004000000003,-0.6156462585034013,0.13802620593151058,-0.04810783697936194,17.90002069242057,0
rs182846976,23404717,9.731093080899999e-4,-14.243829881358051,0.9566216916051027,95.47400626256318,0.007242009999999999,-2.853113983548766,0.8467040246594081,2.5085028257297735,97.98250908829296,0
rs182862259,23028539,0.010148144643999999,0.003922362961345272,0.6789386928533059,-0.568056370333498,0.12390399999999999,-2.0215909090909094,0.2440452948067162,0.3587988829552383,-0.20925748737825967,0
rs182953465,23558014,0.0195412441,-0.9142213319979969,0.5233984773203099,-0.15180886754630965,0.16524224999999998,-0.13013530135301354,0.19489164633500175,-0.106738940718818,-0.25854780826512763,0
rs182989106,23217664,0.0200958976,-0.07164573927765237,0.5164125865251066,-0.36193619184230125,0.30228003999999997,0.2731902510003638,0.11686337304389706,-0.057776752975784766,-0.419712944818086,0
rs1830275,23193890,4.3472667001e-4,-3.1156397331427668,0.9801446646918424,2.7975942458933334,0.00231361,2.0914760914760917,0.9453223206434053,0.6143987388613803,3.411992984754714,0
rs183138106,23564050,0.0011986551865600002,-3.4451325184278017,0.9470994007548215,4.1508617604754185,0.010608999999999999,-0.08058252427184466,0.7903732537690925,-0.7786472028655013,3.3722145576099174,0
rs183167084,23627699,0.0023340106945600003,3.551051921277705,0.9019075411860301,4.525591010847489,0.04761124,-0.17323556370302476,0.45656242281241544,-0.2980693690857571,4.227521641761731,0
rs183306691,23274913,0.00691962776649,0.4227564576488592,0.7561760291946336,-0.6380813398518361,0.06718463999999999,0.4479166666666667,0.3731878000429913,-0.19611794134604818,-0.8341992811978843,0
rs183354480,23238122,0.0030032920852899997,2.377801661609093,0.87723259086293,1.4311786946235865,0.020967040000000003,0.7334254143646408,0.6560922098235374,-0.3572306432458826,1.073948051377704,0
rs183359757,23525222,6.4666964209e-4,4.529467512396922,0.9707477270767063,8.192068045715924,0.00508369,1.2047685834502104,0.8872388218444408,-0.44734249602548104,7.744725549690443,0
rs183385765,23695570,0.00312851167561,0.9816030221818565,0.8727651870310276,-0.6103864444380227,0.05253263999999999,1.1771378708551483,0.4322798960453307,0.01643171172807778,-0.5939547327099449,0
rs183413716,23503618,0.00665689546404,1.2426675883505047,0.7632419599459288,-0.13105050021599385,0.07425625000000001,-0.2205504587155963,0.350090257644549,-0.20694625829850258,-0.3379967585144964,0
rs183424484,23420420,0.00437562405225,-1.3616710885356433,0.8306358674278094,-0.11779114582065087,0.04866436,-0.13780598368087035,0.4511395559613807,-0.2956718546218054,-0.41346300044245626,0
rs183483141,23607456,0.00474572187664,-0.949070391295007,0.8189049635346091,-0.4855586405755947,0.055131040000000006,0.23211243611584326,0.4204726448906687,-0.26144447573933816,-0.7470031163149329,0
rs183483891,23669990,0.00299444256225,3.3291850552342317,0.877550042283507,3.813124737366919,0.057504040000000006,-0.31609674728940784,0.4102394116182263,-0.24352432625770676,3.569600411109212,0
rs183487447,23232923,0.00523453697001,0.6420170808333368,0.8039096309224015,-0.6489097093782632,0.07144928999999998,-1.439206883651328,0.3589076251629778,0.14941477375687692,-0.49949493562138625,0
rs183531157,22913437,0.0019407637268099999,-8.767583493931324,0.9170640022441299,34.002750471015744,0.028628639999999997,-1.3959810874704492,0.5828470446157756,0.13076427241228328,34.13351474342803,0
rs183544802,23410170,0.009520880624999999,1.0697002305918524,0.6926850463975409,-0.19363566994750475,0.10471696,0.28708281829419036,0.27640160489827875,-0.15036933910634193,-0.3440050090538467,0
rs183568032,23542445,0.0034214895422499995,1.2919709027498782,0.8624884258609894,-0.27219557879805367,0.034188010000000005,-1.2098431584640346,0.5391706827019622,0.007233807522516622,-0.26496177127553705,0
rs183608423,23462913,0.00239584796676,2.4001683439774126,0.8995696843434342,1.441978568522905,0.047567609999999996,0.05089408528198075,0.456789902111066,-0.3045379662280964,1.1374406022948085,0
rs183610682,23181463,5.2456573156e-4,-3.9925513242575335,0.9761393378345752,5.912295945213914,0.0037699600000000006,-2.1661237785016287,0.9138687812371772,0.9180366279985894,6.8303325732125035,0
rs183619706,23390821,0.00342129066724,1.1123798549540278,0.8624953196977934,-0.4584275765123723,0.063001,0.07569721115537849,0.3883457442160756,-0.2446814251018939,-0.7031090016142663,0
rs183662951,23490930,0.0017240349622500003,1.964481051985116,0.9256368995533778,0.48670468007044176,0.024336,0.6903846153846154,0.6217358865953744,-0.3379120343894447,0.14879264568099704,0
rs183705156,23373509,0.005652333124,-18.72190151898061,0.7915215179794561,137.93398421524057,0.08491396,-2.057995881949211,0.320220414115444,0.4851289572753826,138.41911317251595,0
rs183707268,23679181,0.007279997264409999,0.027161992853032422,0.7466943650984813,-0.6863037923408652,0.07873636,-0.6286528866714184,0.3368808004557324,-0.13883186234920603,-0.8251356546900712,0
rs183710096,23746683,0.0027594639363599997,0.5815239117771357,0.8860640913538064,-0.9362394233164386,0.11256025000000001,0.9475409836065574,0.2621914948356469,-0.03433327485000745,-0.9705726981664461,0
rs183711681,22887342,0.0145057936,0.9736632348057124,0.5966777961756641,-0.17117849118063783,0.26739241,-1.0626571262811835,0.13012683039246153,0.003768291898676751,-0.16741019928196108,0
rs183733234,23408193,9.53018641e-4,-14.15529137378122,0.9574791927084395,94.34726064651832,0.007157159999999999,-2.9160756501182035,0.848227501401696,2.6637637908399814,97.0110244373583,0
rs183733714,23250334,0.005505951644409999,-3.7638153098092917,0.7958182027045992,4.84252970575174,0.12880921,1.347450543326832,0.23695389605815942,0.07989105538760718,4.922420761139347,0
rs183754180,23055022,0.00837605683264,0.7970078932876461,0.7192637244936853,-0.4067238653718917,0.17614809,-0.47867524422206337,0.18505830886592617,-0.08111815228345151,-0.4878420176553432,0
rs183782314,23535299,0.013968876100000001,0.30554530840172606,0.6057203343455367,-0.4370730051393922,0.36626703999999993,-0.5467614011896894,0.09845740870339867,-0.03710717208963926,-0.47418017722903144,0
rs183798043,22849907,0.0015661568800899998,-0.31901694769638184,0.9319835048211272,-1.2965776880840547,0.031081690000000006,-0.9563244469653999,0.5627328219123658,-0.15627997425041407,-1.452857662334469,0
rs183799910,23023034,9.700110249999999e-4,-0.3473783913950875,0.9567538309933501,-1.512696735678493,0.006972250000000001,-0.18802395209580836,0.8515666164597183,-0.9387567884487105,-2.4514535241272037,0
rs183828585,23625234,0.00630656751321,1.2526295774417326,0.7728717141240552,-0.13477103628651843,0.05368488999999999,0.805783340526543,0.42696319545232975,-0.13979188479299895,-0.2745629210795174,0
rs183830484,23645710,0.00216434300625,-1.6352238164329087,0.9083849581752896,0.019411222571195985,0.049417289999999996,-1.0350877192982457,0.4473407771584221,-0.05686492292408571,-0.037453700352889724,0
rs183857030,23723405,0.00356574985321,1.681702250229846,0.8575166281403173,0.23831602986656175,0.07354944,-1.1980088495575223,0.35226946077409105,0.035652752463506326,0.27396878233006805,0
rs183971111,23091610,0.0024872562817599996,-0.22573006312108504,0.896135961945429,-1.1095053973555398,0.056882249999999995,-1.60083857442348,0.4128723269742394,0.26277419141796754,-0.8467312059375722,0
rs183975425,23552118,0.0021463391779599997,2.8561622842045735,0.9090777561168495,2.509099684466271,0.01893376,1.4694767441860463,0.678728117805482,0.16507605494614253,2.674175739412414,0
rs183987805,23720083,6.604848600100001e-4,-3.398943186549364,0.970141451680127,3.8482902013120475,0.007327359999999999,-0.4848130841121496,0.8451770815021163,-0.8334098528311767,3.0148803484808706,0
rs183992794,23065568,3.1720678609000006e-4,6.885734659157903,0.9854339845492154,21.246827077352954,0.0018922499999999998,0.7264367816091956,0.9548305474162883,-1.2967301202617314,19.950096957091223,0
rs184040757,23322552,0.00572921831056,2.9305893916894346,0.789283265602827,2.610701848499174,0.164836,0.4948275862068965,0.19527817375851902,-0.0847219551901657,2.5259798933090085,0
rs184061581,23371317,0.0018519423696400001,-2.636879505137774,0.9205581320177216,1.9340169319737084,0.06027025,-1.5482688391038697,0.3989219135286888,0.22361990681070343,2.157636838784412,0
rs184066750,23502126,8.691529459600001e-4,-1.5617677586546095,0.961075376729092,-0.4509757388192477,0.010000000000000002,-1.254,0.8,-0.17571255621705018,-0.6266882950362979,0
rs184076026,23488321,0.015382944784,1.0300899796820073,0.5824721735154884,-0.12767569354495917,0.12517444,-0.8210853589598642,0.24216821924748166,-0.05701429525394494,-0.1846899887989041,0
rs184084829,23604841,0.003846108289,-2.8562490929906312,0.8480164615233581,2.517134981746222,0.050176000000000005,-0.30714285714285716,0.4435770049680625,-0.27219044265714776,2.244944539089074,0
rs184153099,23540421,0.0018148111203600001,2.283369248320446,0.922026737198957,1.1279253852869873,0.02742336,-1.6896135265700483,0.5932661914208962,0.3970281727828602,1.5249535580698474,0
rs184169945,23171687,0.016342298569,-1.8827491258399367,0.5676900767908694,0.5868518071011697,0.235225,0.8232989690721649,0.1453356344808793,-0.02926743449532753,0.5575843726058421,0
rs184223763,23426079,0.00252086334724,0.9659458016817969,0.8948801051727909,-0.7088423433114266,0.040602250000000006,0.09727047146401985,0.4962640621074474,-0.34050382819900604,-1.0493461715104326,0
rs184240091,23601091,0.0019222875672099998,0.9595679216493059,0.9177886463986107,-0.8266945328014551,0.02999824,0.24653579676674367,0.5714429391367555,-0.406299570713325,-1.23299410351478,0
rs184309073,23612866,9.4720526289e-4,2.5432421279734343,0.957727603627532,1.5155191419765734,0.0050126400000000005,1.6440677966101696,0.8886392799889098,0.10348742578777759,1.619006567764351,0
rs184390851,23209777,0.004585890048639999,0.40268343394487827,0.8239302168802924,-0.8016356650035507,0.09199089,0.7725024727992087,0.3030512181560409,-0.0900972441700738,-0.8917329091736245,0
rs184431971,23522195,0.017527376881000003,-0.7812691195020809,0.550434296592325,-0.23174919439612368,1.1387024099999998,-0.10130259582044795,0.033935622478281025,-0.01708827445385826,-0.24883746884998195,0
rs184441461,23775015,0.00270332404225,1.5419985190456502,0.8881227316656836,-0.03930531216533795,0.047002239999999994,0.46863468634686345,0.45975827748802794,-0.2573835980874856,-0.29668891025282357,0
rs184443614,23761554,0.0036549400272099996,-1.4891582487127024,0.8544713439708823,-0.01625659947075697,0.04950625,0.7357303370786518,0.4468961664688221,-0.17515251269852675,-0.19140911216928372,0
rs184466851,23566655,0.00702721741225,2.0285463774253385,0.7533201244754312,0.8501243920622691,0.18852963999999997,-0.5536619069553201,0.17503200022544127,-0.06937805419605136,0.7807463378662177,0
rs184472148,22979715,0.00605344685521,1.5853832519963653,0.7799820542421363,0.223195986768847,0.08596624000000001,1.0763983628922236,0.31754539946576166,-0.007070278172764399,0.2161257085960826,0
rs184496604,23286733,0.00490156812544,2.4430519688278447,0.8140636968633357,1.5881952167842004,0.09247680999999999,-0.16474843801381125,0.30193963758638215,-0.1756272203858632,1.4125679963983373,0
rs184534009,23421557,0.008874657389159999,-1.8614856473195804,0.7074414194559462,0.611142645304001,0.10336225,0.10388802488335924,0.27901347809482624,-0.16206176033056666,0.44908088497343435,0
rs184608124,23740112,0.005696173729,-0.9824930769944219,0.7902436939096615,-0.39949622137230895,0.07409284,-0.5165319617927995,0.3505916760420725,-0.1690769477730262,-0.5685731691453352,0
rs184616416,23433941,0.00167132974761,2.5955006983530606,0.9277459845854038,1.811154186486201,0.017161000000000003,-1.5145038167938931,0.6997778205419779,0.20093158482470275,2.012085771310904,0
rs184625264,23700759,0.016389376440999998,-0.3726763577850509,0.5669839711695729,-0.37911672611445024,0.519841,-0.33217753120665744,0.071448857800697,-0.03312300782883399,-0.4122397339432842,0
rs184637400,23030799,0.00162853409601,-0.7218220249732996,0.9294656058669909,-1.0836890593211463,0.032616360000000004,-0.8122923588039866,0.5508400586314158,-0.2184607846885856,-1.3021498440097319,0
rs184641625,22853901,0.00582217833024,-18.06149676553539,0.7865938963519997,127.52813307811509,0.05470921,-0.44420692603676787,0.4223454086461074,-0.23272103654278864,127.2954120415723,0
rs184656187,23481135,0.00371814574756,3.546114411101964,0.8523263278891935,4.402595675342862,0.035006409999999995,-0.18706574024585787,0.5332877550065389,-0.3716903676481518,4.03090530769471,0
rs184672403,23432795,0.00515722187044,1.6144668573449672,0.8062447509690892,0.23016001551108567,0.03632836,-1.3557187827911859,0.5240516106988281,0.11037353683207435,0.34053355234316,0
rs184688904,23557340,0.004730330750760001,1.4604506712960943,0.8193862052904697,0.01814391149513861,0.02903616,-1.2476525821596245,0.5794065023315318,0.01791855212348087,0.03606246361861948,0
rs184757419,23411927,0.00313740015625,1.9109663021646952,0.8724498055729674,0.5633800458974947,0.06666723999999999,-0.9508133230054222,0.37499798438583404,-0.06549249288720724,0.4978875530102874,0
rs184766524,23455207,0.003364464016,2.086700917178126,0.8644696933391928,0.8828091486486236,0.04866436,-0.37533998186763373,0.4511395559613807,-0.26817724171304624,0.6146319069355773,0
rs184823321,23663863,0.021389062499999997,-0.9183658119658121,0.500827484766086,-0.13620387081311316,0.41024025,-0.9139734582357534,0.08884145742189865,-0.009412438853660797,-0.14561630966677397,0
rs184953856,23295034,0.010186057476,0.6393298059964726,0.6781253053451304,-0.42820712760526203,0.11614464,0.14583333333333334,0.2561727383021281,-0.14524916405542024,-0.5734562916606822,0
rs184957814,23061300,0.00405083877444,-19.95798649408763,0.8412109235209015,166.61599346706413,0.04355569,-1.1169142309535218,0.4787226339702299,-0.02713388280184409,166.58885958426228,0
rs184996540,23746212,0.007654185139240001,1.0768126444480512,0.7370975241353416,-0.2406443878752738,0.12709225,0.017952314165497897,0.23938872090117888,-0.13677785142600346,-0.3774222393012773,0
rs185047111,22885424,0.00289485965521,-1.7989625287386228,0.8811381996519814,0.3609019764524628,0.05294601,-0.1486310299869622,0.4303573655286548,-0.2766194842457815,0.08428249220668133,0
rs185052550,22871263,0.00207345443904,-8.074654333350901,0.9118932357422322,28.51313592510173,0.030102249999999997,-1.7976945244956775,0.5705950950219145,0.4993201975589169,29.012456122660645,0
rs185092273,23552845,0.013108647049,-0.9344326727398181,0.6207934896260988,-0.21380977640208382,7.524597610000001,-1.4396485727826183,0.005287789524603676,0.002828794910596004,-0.2109809814914878,0
rs185164275,23661579,0.00330069783289,0.338651423717662,0.866695962799504,-0.9578629619893957,0.02286144,-0.19246031746031747,0.6363201352053024,-0.49395568659667305,-1.4518186485860687,0
rs185182290,23052086,0.0045719910722499995,-2.9632412207079635,0.8243701293327018,2.7496257578061205,0.12880921,-0.49679576483700194,0.23695389605815942,-0.10597758705812112,2.6436481707479995,0
rs185194400,22990323,0.004954752099999999,-1.2175550504333001,0.8124246437487089,-0.23460179050992036,0.12467961000000002,-0.6125743415463041,0.24289588735363168,-0.09355423503111115,-0.3281560255410315,0
rs185237209,22951840,0.005278516531560001,1.5020219287741523,0.8025873577020898,0.09411702470495009,0.11235904,0.9782219570405729,0.2625377529288712,-0.026656614625651637,0.06746041007929846,0
rs185245187,23491866,0.016735303225,0.9866037954624511,0.5618489140659414,-0.1391475132300043,0.8006670400000001,-0.7567054090299509,0.04758126356422871,-0.0107526569096826,-0.1499001701396869,0
rs1852635,23193770,4.347225e-4,-3.1141582733812947,0.9801448513677623,2.7930674770073263,0.00231361,2.0893970893970897,0.9453223206434053,0.610290347242193,3.403357824249519,0
rs185306017,22848506,0.012855024399999998,0.804262656553184,0.6253817829631915,-0.28866344733718297,0.69839449,-1.030633002273543,0.054171585164455936,9.235946382185334e-4,-0.2877398526989644,0
rs185307751,23135874,0.004379236505640001,0.26786982552534305,0.8305197403084784,-0.8577127526618874,0.04813636,-0.3350045578851413,0.45384220541896675,-0.27695675823881416,-1.1346695109007015,0
rs185314611,23688045,0.0043099225,1.388025894897182,0.8327536120939478,-0.0919454199544878,0.026244,-0.9833333333333333,0.6038282712396594,-0.17101955548546577,-0.26296497543995356,0
rs185343682,23708646,0.020007253808999998,-0.28608241956351144,0.5175165129076983,-0.3432267002164388,1.5252250000000003,-0.2962753036437247,0.025555431327764378,-0.011822205920136058,-0.35504890613657486,0
rs185370892,22984200,0.015794959684000003,0.1342343130858225,0.5760304173390622,-0.423857079589465,0.8279180100000001,-0.29266952412353003,0.04608730264740099,-0.021617747633326048,-0.445474827222791,0
rs185372194,23748898,0.00441651955761,1.2173032446593206,0.8293231211547082,-0.2695347788217298,0.02601769,-1.0347179169249845,0.6058982069805836,-0.14122324068187164,-0.41075801950360147,0
rs185376452,23376039,0.010017007225,1.9692661237947744,0.6817672443127291,0.7494636633777865,0.47568608999999995,0.6056256343337684,0.0775665676768594,-0.026145006603494454,0.723318656774292,0
rs185425294,23083098,0.0038000567091600003,-2.777242451082495,0.8495624807896893,2.329266116389157,0.11792355999999998,0.2274315666860804,0.2532870966181361,-0.13948659785301656,2.1897795185361404,0
rs185479353,23425406,0.0014124593392899998,-14.022595502718007,0.9382462209865304,90.85287114778387,0.01625625,-0.45882352941176474,0.7110321075436064,-0.5458769527087965,90.30699419507508,0
rs185509154,23000191,0.00247743116644,2.559639810502714,0.8965037811907284,1.8027268954760574,0.025760250000000002,0.35389408099688474,0.6082701936200061,-0.43050128322892145,1.372225612247136,0
rs185509181,22940970,0.018143820601000005,1.11392809152258,0.5418666391580053,-0.05411371771512047,164.06023396,0.3731008853426604,2.4375346113004412e-4,-1.0492582552999636e-4,-0.054218643540650466,0
rs185519411,23762198,0.00279706650129,0.5949727061128097,0.8846905404751468,-0.9234809888072116,0.11710084,0.5800701344243133,0.25461353357499555,-0.10408986997880966,-1.0275708587860213,0
rs185538205,23481473,6.076816614400001e-4,4.541969559291231,0.9724627932415519,8.234595899910119,0.00652864,0.16955445544554457,0.859685561409059,-0.9695772655583808,7.265018634351738,0
rs185544797,23392376,0.00239586754576,3.0780875875425964,0.899568946047404,3.1123964929576298,0.02706025,1.3361702127659574,0.5964785398205344,0.07869892650102667,3.1910954194586565,0
rs185554560,23113534,5.5748876544e-4,4.255946330554991,0.9746797025715191,6.989150840838054,0.00407044,1.4373040752351098,0.9076378633841641,-0.25350041516961985,6.7356504256684335,0
rs185565466,23456452,0.00325377835561,-2.229115790322552,0.8683413996023456,1.143604093985774,0.061206760000000006,1.0772029102667744,0.3952305162224342,-0.02214790774452266,1.1214561862412513,0
rs185621671,23130277,0.005954776755840001,-2.03462092702599,0.7827893349238604,0.8568057889560606,0.11128896,0.742505995203837,0.2643947053373888,-0.08064839056417335,0.7761573983918872,0
rs185637857,22962829,0.00422800353361,0.498039927348896,0.8354092633152316,-0.7985376037663363,0.06765201,-0.5028835063437139,0.37156760937394484,-0.1852802099942084,-0.9838178137605447,0
rs185644636,23211398,9.8776946944e-4,-14.151224354731966,0.9559969416431119,94.1608637541421,0.006889000000000001,-2.351807228915663,0.8530785472072342,1.400258961020659,95.56112271516275,0
rs185653428,23498541,0.00698850856729,1.6860951250817908,0.754345140464313,0.3703563563043043,0.20349121,0.5260474395921082,0.16427697739068284,-0.06699916880736288,0.3033571874969414,0
rs185737830,23371525,0.00446881554064,2.7894724245017146,0.8276504528697035,2.3409235052551223,0.06901128999999999,0.12371526456033499,0.3669344707323435,-0.22578261856432866,2.1151408866907935,0
rs185758397,23406684,0.0037120749582400005,2.621358745248396,0.8525318849772657,1.9720240135897944,0.07474755999999999,0.04023408924652524,0.34859129030717523,-0.2140268611080718,1.7579971524817226,0
rs185802133,23668321,0.0032642825292100003,-0.5344655274714312,0.8679724822225101,-0.888402809704802,0.04177936,-0.14921722113502936,0.48912097135511945,-0.3303658959307163,-1.2187687056355183,0
rs185827444,23738222,0.00728892477504,-3.238176894461155,0.7464624911269544,3.2275025616080257,0.25180324000000004,-0.7218015145476285,0.1370786698598686,-0.03800705821415386,3.189495503393872,0
rs185852811,23210680,0.0074549927692899995,0.7252748652746104,0.7421753162675705,-0.48253684567443234,0.11874916,0.06761462565293093,0.25196983719472915,-0.14458001861768902,-0.6271168642921213,0
rs185853762,23567051,0.0068598315408099995,1.9708997743410432,0.757772666878894,0.7628241719028633,0.18156120999999997,-0.7392630837831495,0.18053701728745755,-0.05022039192956022,0.7126037799733032,0
rs185858320,23187641,0.011489267344000001,1.1213568683061537,0.6513040648404302,-0.11728920032050955,0.17631601,0.3148368659204573,0.18491465333518314,-0.0930666472485639,-0.21035584756907344,0
rs185913884,23075146,0.010519989489,0.2915908625581327,0.6710443800748107,-0.5273883638237833,0.22391824000000002,0.4184277261200338,0.1515620898350944,-0.0689113076228384,-0.5962996714466217,0
rs185961186,23531200,0.00659496664836,2.1782330616899026,0.7649267493483923,1.090744640762062,0.12794929000000002,-0.7240704500978473,0.23816712770860776,-0.07358114284677109,1.0171634979152908,0
rs185974697,23609950,0.00342427439929,2.1176814377970277,0.8623919026829958,0.9420576878338791,0.08415801000000002,0.12650810065494658,0.32217011210150676,-0.19185140917679316,0.750206278657086,0
rs185985254,23277596,0.0036376820942399996,1.719424603569368,0.855058905125624,0.298243107047512,0.058612410000000004,0.8703015282940934,0.40562845994738395,-0.10650881596095241,0.1917342910865596,0
rs1860530,23020513,1.2322332036e-4,1.6819901626939084,0.9942907760563597,-1.176366591248021,9.8596e-4,0.302547770700637,0.9759439573941906,-1.8190179410929768,-2.9953845323409976,0
rs186086064,23436499,0.009867044889,0.023311185608005394,0.6850308616152827,-0.5774541823880037,0.12538681000000002,0.21801750917819826,0.24185725572674147,-0.13269386172599387,-0.7101480441139976,0
rs186107851,23222684,0.00109109981124,3.171307648992789,0.9516165080878858,3.270996763618501,0.01132096,-0.6795112781954887,0.7794086470712941,-0.575781334685418,2.695215428933083,0
rs186181035,23126440,0.00267502046436,2.2534154669512727,0.8891642503823001,1.157682291650679,0.030032890000000003,1.9163300634737448,0.571160207725256,0.6254058503238834,1.7830881419745626,0
rs186196025,23479752,0.00238138144036,1.4668581990762182,0.9001155277764953,-0.18349339101733642,0.040602250000000006,0.20843672456575682,0.4962640621074474,-0.33207122897780106,-0.5155646199951375,0
rs186287943,23312814,0.0147573904,-2.084960487323016,0.5925327619668156,0.8389904298557371,0.13778943999999999,0.8154633620689656,0.22498524096819253,-0.05263120450955193,0.7863592253461852,0
rs186291222,23297062,0.0048486572032899996,3.473488596527761,0.8157009107762678,4.075168244118213,0.08122499999999999,0.5880701754385965,0.3299649412249949,-0.14315730519073788,3.9320109389274753,0
rs186297374,23733912,0.004165747214760001,-0.9762219061519058,0.8374388452440336,-0.509307039338811,0.060368490000000004,-0.49165649165649167,0.3985314514545352,-0.2060227887551615,-0.7153298280939726,0
rs186309541,23684552,0.00436126839201,1.362446036411321,0.8310976703506872,-0.1178509818675284,0.02617924,-1.087762669962917,0.6044191501745866,-0.10611732602962665,-0.22396830789715505,0
rs186325271,23622629,0.00705242205369,2.8395057318105663,0.7526541979070804,2.335763467768726,0.06827768999999999,-0.709911978568695,0.36942051497404504,-0.1374686772186265,2.1982947905500994,0
rs186361847,22841503,0.00931084115329,-0.367061964272945,0.6974132666072671,-0.5507108514553177,0.14508481,-0.15463376214229457,0.21611714110952707,-0.11916398887958432,-0.6698748403349021,0
rs186362093,23759792,0.004444488889,1.2342958285208572,0.828427692008128,-0.2503261650963863,0.026244,-1.0339506172839505,0.6038282712396594,-0.14019127381847163,-0.3905174389148579,0
rs186454614,23769091,0.004445395606440001,1.1954200900503646,0.8283986960980412,-0.2893877871869289,0.026601609999999998,-0.9668914776210914,0.6005860819280495,-0.17814080884802042,-0.46752859603494934,0
rs186468271,22871508,0.006770722483359999,0.12636174050002189,0.7601645456097919,-0.7078322150723605,0.14945956,0.5447490946714951,0.21112684944481033,-0.08724875907452721,-0.7950809741468877,0
rs186475562,23450688,0.015144748096000001,2.0255964376259508,0.5862624750317278,0.7614677128991647,0.82137969,-0.07138916473573871,0.04643712925249028,-0.0236566282622061,0.7378110846369587,0
rs186483100,23349321,0.011649532489,2.2412793121658807,0.6481514556946294,1.105663049738653,0.44009956,0.605215556225505,0.08331605219550714,-0.028237516197727908,1.077425533540925,0
rs186524038,22971113,0.007216315611209999,1.6365603321526236,0.7483525547857198,0.3123043455754043,0.07745089,-0.45598275242544023,0.3405678747943077,-0.17278263301661104,0.13952171255879328,0
rs186546480,23525310,0.015677293680999998,1.0930044964818824,0.5778555164039969,-0.08603372530286202,0.24561935999999998,-0.8823648103309121,0.14004652905881454,-0.020920648271589064,-0.10695437357445109,0
rs186672766,22981455,0.0037384297632900004,-0.5580044715068193,0.8516402289128665,-0.8214703556043322,0.07761796000000001,0.7394113424264177,0.3400841164053517,-0.1148545034843052,-0.9363248590886375,0
rs186704718,23361391,0.010862016841,3.9799560549217534,0.663943471074295,4.713211009433768,0.5391964899999999,1.7344409641835763,0.06906119199720981,0.06809702428825685,4.781308033722024,0
rs186727628,22887571,0.00206984961936,3.6609913925742275,0.912032939736899,4.8965275557082055,0.026569000000000002,1.2067484662576689,0.6008802896242995,-0.021733424998562567,4.874794130709643,0
rs186731444,22872599,0.00687990620304,-0.021397862685242786,0.7572358957647506,-0.7076591785590051,0.07338680999999998,1.3949796973052788,0.35277471868200555,0.12571379395942278,-0.5819453845995823,0
rs186734929,22853733,0.00784740852736,-0.7754759238521836,0.7322378451989272,-0.4386577471591796,0.16695396,0.18453255017131667,0.19327970336977365,-0.10409832808552613,-0.5427560752447057,0
rs186801863,23448059,0.00668811560481,1.2353740298773919,0.7623954186788997,-0.13680920450510292,0.04831204,-2.035486806187443,0.4529393727061452,0.6367128618444995,0.49990365733939657,0
rs186858954,23528483,0.015056271615999999,1.9235232755248404,0.5876829506564365,0.644215010472262,0.10195248999999998,1.207954901346696,0.28178441956178446,0.04009082667126254,0.6843058371435246,0
rs186870796,23750365,0.00228224997441,1.7099694596727435,0.9038738009291218,0.1504147986236919,0.06305121,1.0545599362803664,0.3881565291664213,-0.029805608229927227,0.12060919039376466,0
rs186923912,22983010,0.00395437230244,-19.762164500236945,0.8444039484965796,163.95784113646104,0.04092529,-0.9970341077607513,0.49428306033873964,-0.09521137314149197,163.86262976331955,0
rs186941870,23490968,0.00436253645025,1.4077487339041175,0.8310568578915306,-0.06562036485988965,0.07507600000000002,-0.7343065693430656,0.34759637109388575,-0.11983287454616291,-0.18545323940605257,0
rs186944995,23112960,0.0153958464,-1.1522727272727273,0.5822682754133192,-0.04990969140924245,0.34445160999999996,-0.20701993525302437,0.10404430352105955,-0.052702630011456184,-0.10261232142069864,0
rs187040589,23657063,0.0034435888604100002,1.656827209660186,0.8617230572895226,0.19349942830853462,0.07496644,-1.443754565376187,0.3479276213127936,0.14881505010386303,0.34231447841239765,0
rs187066023,23723613,0.010533532689000001,-0.4893318913020178,0.6707603196975613,-0.475179303858278,0.10543008999999999,-0.15060055435786882,0.2750462438687895,-0.1577046085277677,-0.6328839123860457,0
rs187069640,23704249,0.0029165724280899997,2.057835064336278,0.8803533488605043,0.8024034005595961,0.06512704,1.1438087774294672,0.38049202184328607,0.00948372458852731,0.8118871251481234,0
rs187094340,23483472,0.0023758410547599996,-3.784943765822915,0.9003247501842254,5.2960169029740936,0.06315169000000001,-0.44966175885395937,0.387778426121763,-0.2061269419380526,5.089889961036041,0
rs187112728,23065851,0.0029134085760000004,3.1703534904401955,0.8804676254696316,3.3627682228722247,0.09054081,0.22000664672648718,0.3064175869599706,-0.17552685126684203,3.1872413716053827,0
rs187198587,22906004,0.011655577521,0.9715452802400867,0.648033139802788,-0.21626981213342483,0.12040899999999999,-0.7423631123919309,0.2493625669382641,-0.07470403313951189,-0.29097384527293674,0
rs187233424,23443339,0.0033346005159999997,0.6528677310982579,0.8655108924216621,-0.8186799648036702,0.10797796,0.30158247108947045,0.2703105246213693,-0.14527546612285652,-0.9639554309265268,0
rs187236938,23426990,0.0040627493560899995,2.8663140868250085,0.8408183592037765,2.5351247596434914,0.02093809,0.7332411886662059,0.6564039010740246,-0.3576888578466728,2.1774359017968186,0
rs187294202,22956943,0.007909629883210001,-11.43393964880403,0.7306865533237379,47.10720479264715,0.11888704,-0.5362529002320185,0.25175118121654233,-0.10881216770288896,46.998392624944266,0
rs187301267,22877246,0.00344849643121,-0.17455073658254985,0.8615532770324131,-0.9755099643002131,0.048224159999999995,1.0623861566484518,0.4533905451749273,-0.04614748251874112,-1.021657446818954,0
rs187317213,23264541,0.014930396099999998,-23.512726082330797,0.5897157656476055,162.5662231176934,2.11382521,0.39445628997867804,0.01857160916042951,-0.007928281549118142,162.55829483614428,0
rs187353847,23073762,0.0015381456486400003,1.2995675587467361,0.9331186412317599,-0.5644567325537394,0.026764959999999997,0.9125916870415648,0.5991166623929678,-0.20756316735225716,-0.7720198999059966,0
rs187413719,23521237,0.0070690428217600005,-0.9827647316288761,0.7522157078635444,-0.33434341168288795,0.08497224999999999,-0.7530017152658662,0.320071055774382,-0.10214149199435073,-0.4364849036772387,0
rs187424572,23193329,0.011300540416,1.0933078717639977,0.6550561001399654,-0.1406852247125665,0.16605625,0.35803680981595093,0.1941217507355395,-0.09546903341243869,-0.23615425812500518,0
rs187475426,23419864,0.00142893072144,4.172777583780409,0.9375710375011036,6.775664578715034,0.02007889,-0.24135497529992944,0.6657912621221863,-0.5286028478507909,6.247061730864243,0
rs187519138,23385989,0.009837803084490001,1.3888191543740682,0.6856708922787416,0.08261003608573803,0.06022116,0.3088834555827221,0.3991173121524437,-0.23563808956564783,-0.1530280534799098,0
rs187529119,22895691,0.005712472444810001,-11.561624696186469,0.7897696859362491,52.00494143563022,0.08726116,0.03656059580230197,0.3143142809636499,-0.18845787751289292,51.816483558117326,0
rs187532094,22880456,0.008482004764839998,-0.642012078464415,0.7167186522750281,-0.4829489857539294,0.13483584,0.05746187363834422,0.22878604295320687,-0.1295170084758653,-0.6124659942297948,0
rs187536031,23519232,0.00472814388225,1.248380270936498,0.8194546290594813,-0.21734569933925696,0.11799225000000002,1.2148471615720524,0.2531769754529099,0.040862560194190434,-0.17648313914506653,0
rs187537995,23450308,0.00544931858025,0.36709406051246624,0.7974930746566123,-0.7447562913759089,0.076950759999999993,-0.10237923576063447,0.3420242844082416,-0.2075011622446289,-0.9522574536205378,0
rs187564579,23738276,0.004477577076089999,1.226189462106234,0.8273708779744602,-0.2563120426234492,0.026211609999999996,-1.009882643607165,0.6041236574673234,-0.1552650225119197,-0.4115770651353689,0
rs187581053,23104555,0.0032961607088399995,2.054598151612375,0.8668548045075988,0.821501452653878,0.06230015999999999,1.0180288461538463,0.39100623107529847,-0.04535756857018036,0.7761438840836976,0
rs187683506,23778942,7.229053916099999e-4,-0.05229795922921572,0.9674115653724727,-1.710575937452035,0.00439569,1.149321266968326,0.9009883617080847,-0.5611834370605207,-2.2717593745125555,0
rs187740816,23029343,0.00368285128225,0.9669102683463373,0.853522788464271,-0.5614568794404209,0.03988008999999999,-0.23885828743114673,0.5007505624993663,-0.33303998529240114,-0.894496864732822,0
rs187742434,23552147,0.0019118843700100003,16.571648778390443,0.9181971691255446,124.82572187780316,0.018198009999999997,-1.2624166048925132,0.6873087241299144,-0.033588983417177865,124.79213289438599,0
rs187771423,23382168,0.010795625603999999,1.3355950799792113,0.6653100562770882,0.04611941034099809,0.07650756,0.09327548806941431,0.34332536017405224,-0.20878978238453394,-0.16267037204353585,0
rs187793154,23217941,0.00641242202176,2.9089408273974247,0.7699364821297185,2.522876979994355,0.049017960000000006,0.555103884372177,0.44934752492643065,-0.2290946471694284,2.293782332824927,0
rs187826581,23786399,0.010307528676,0.18527273801784763,0.6755323193831102,-0.5511905156808902,0.21622500000000003,-0.7247311827956989,0.15611279149185286,-0.04387024281602713,-0.5950607584969173,0
rs187862417,23543887,9.5055672721e-4,-1.7441187631969017,0.9575843767850364,-0.1236572342497142,0.01207801,-1.0909918107370338,0.7680785037677131,-0.2735704090331319,-0.3972276432828461,0
rs187904116,23511633,0.00496261073764,1.626030224654983,0.8121830114337907,0.2375518734333647,0.03659569,-1.5473078933612128,0.5222225950311304,0.2558375048835023,0.493389378316867,0
rs187913046,23451113,0.00418480903801,-1.0590090292023044,0.8368163751782154,-0.4371947555587214,0.05166529,-0.025956885173779146,0.4363701898504876,-0.28653179961940206,-0.7237265551781235,0
rs187955118,23596813,0.0021809834009999998,1.956716130275583,0.9077455643247105,0.5461575177948605,0.028900000000000006,-0.44705882352941173,0.5805515239477503,-0.3763923156318899,0.16976520216297064,0
rs187985,23426232,1.0579768164e-4,-3.1921970094693655,0.9950941857469986,2.411398353852461,5.2441e-4,-1.25764192139738,0.9870594044429024,-1.3930952139088444,1.0183031399436164,0
rs187986,23413134,2.34304249e-4,9.200496504867056,0.9891997225771151,39.60335916323806,0.0013689999999999998,1,0.9669075878072952,-1.2207718369810852,38.382587326256974,0
rs187990938,22842494,0.0037778232959999997,-0.11543000780944944,0.8503109086995208,-0.9439326221720432,0.06240004,-0.32025620496397117,0.3906248474121691,-0.2276285627987678,-1.171561184970811,0
rs188006940,23608303,0.00475356470521,-0.9233212611010632,0.8186599553829188,-0.5047277822289256,0.07279203999999999,-0.3161601186063751,0.35463495473616763,-0.20124541811543176,-0.7059732003443573,0
rs188013159,23323929,0.00683756994816,1.8432305876434278,0.7583688043054878,0.5781072768330313,0.05726449000000001,0.5925616381111576,0.41124977882472835,-0.1926757065453718,0.3854315702876595,0
rs188019604,22968860,0.004837299870489999,19.300165203225852,0.8160531977062883,151.14187539955122,0.02093809,-0.718728403593642,0.6564039010740246,-0.3646047695939447,150.7772706299573,0
rs1880239,22871684,8.19262127161e-5,6.190518278569622,0.9961968905734678,16.302417778313412,4.3264e-4,0.7163461538461539,0.9892997340762315,-2.014912866926667,14.287504911386744,0
rs188081801,23604168,9.649348195600001e-4,2.4483218192470884,0.9569704061656701,1.2952405685801207,0.00839056,1.953056768558952,0.8266075036122749,0.7004197918487813,1.995660360428902,0
rs1881200,23201637,6.14936704041e-5,21.512180254763265,0.9971426826171734,227.79686766712004,3.1329000000000003e-4,5.480225988700565,0.9922286174112804,12.471086359806375,240.26795402692642,4.551909669953234e-298
rs1881201,23194013,6.13515025984e-5,21.562113799548563,0.997149269645079,228.86959817508338,3.1329000000000003e-4,5.497175141242938,0.9922286174112804,12.563392220365127,241.4329903954485,1.4593602111265354e-297
rs1881203,23292808,6.154559401000001e-5,-28.265669016328662,0.9971402768745031,395.4031221361757,3.1329000000000003e-4,-5.214689265536722,0.9922286174112804,11.062174930783758,406.46529706695947,6.867246305959217e-226
rs188139672,23766508,0.0036338712985599995,0.4722120846162013,0.8551887558693977,-0.8708152617149778,0.058032810000000004,1.2262349522623495,0.40802665964588797,0.04461824453071761,-0.8261970171842602,0
rs188202116,23138852,0.0011667757956099999,-0.5268852775769145,0.9484337925343318,-1.3507979080193675,0.00753424,0.37557603686635943,0.8414986754810848,-0.861646373977059,-2.2124442819964267,0
rs188247267,23021365,0.008557360036000002,-0.06590707629775366,0.7149194077422588,-0.6259389664368034,0.39727809,-0.3012851023322228,0.09147496962402121,-0.04381470452472337,-0.6697536709615267,0
rs188253130,22941451,0.011834828943999998,0.4421792844799059,0.6445442813631043,-0.4541658381963614,0.08082649,0.1561730566303201,0.33105323178716856,-0.19698819753321947,-0.6511540357295809,0
rs188270271,22988044,0.0028028659524099997,3.11833115800091,0.8844790763984709,3.2211806937569927,0.07349521,-0.3544817410549613,0.35243778129491105,-0.1951270088370421,3.0260536849199506,0
rs188289975,22910490,0.005104173692249999,1.6490233541189894,0.8078548087025397,0.2736389192801524,0.04355569,0.04551988500239578,0.4787226339702299,-0.3252405322414851,-0.0516016129613327,0
rs188311271,23748334,7.876835164899999e-4,-5.21077329266685,0.9645947699181436,11.424967084070849,0.0048163600000000004,-1.8731988472622478,0.8925312095850713,0.45061234502369985,11.875579429094548,0
rs188323539,23281939,0.009600668289,2.5063939663002763,0.6909056975663945,1.5830840659562981,0.04096576,0.9762845849802372,0.4940359974389175,-0.10520421861146872,1.4778798473448294,0
rs188359547,23523725,0.0023507370433599995,0.8964697923455792,0.9012739767955976,-0.7955452930949747,0.05997601,0.6508779093507553,0.4000959830263281,-0.1707440623373685,-0.9662893554323432,0
rs188392403,23556837,0.005555451318010001,-0.871845269799785,0.7943600454709848,-0.4889120513586456,0.045667690000000004,-1.5236312587739822,0.4669204924283589,0.22742445714797893,-0.2614875942106667,0
rs188468734,23585581,0.00439602150625,-1.1153832811734097,0.8299805898017698,-0.3696402657976031,0.07322436,0.5879526977087952,0.3532808664142593,-0.15685904796729505,-0.5264993137648981,0
rs188500742,23215405,0.004107758827240001,1.711154937137044,0.8393381815731407,0.314585777896748,0.04084441,1.3691241959426026,0.494777560996487,0.12235229553852517,0.4369380734352732,0
rs188570466,23651878,0.004364346394240001,-0.2916631346952615,0.8309986117806852,-0.8535787358244767,0.025921000000000003,-1.522360248447205,0.6067869116063167,0.23643702337864148,-0.6171417124458353,0
rs188663803,23251006,0.0044656875456400005,1.9374552942127141,0.8277503109288208,0.6741717489169234,0.049417289999999996,1.2393162393162394,0.4473407771584221,0.04702955976285378,0.7212013086797773,0
rs188667193,23582467,0.00333065185924,-0.5368520822431461,0.8656487511885658,-0.8789044426103734,0.045326410000000004,0.3748238609675904,0.4687880340916722,-0.2833663759777771,-1.1622708185881505,0
rs188675042,23515811,0.00225362876176,-0.5325726106116396,0.9049647343464198,-1.0484144232196,0.05564881,0.2924968206867317,0.418196525393259,-0.2529220060474947,-1.3013364292670948,0
rs188714385,23623192,0.00692265600625,2.586088158408702,0.7560953501974172,1.8228379312594385,0.22071204,-0.9931885908897403,0.15342597909939257,-0.007607317319414164,1.8152306139400243,0
rs188720438,23611999,0.0075893019955600004,1.2866434181315616,0.7387438715588301,-0.059649763030543035,0.18088009000000002,0.2946155654831883,0.18109373280316937,-0.09203350785350309,-0.15168327088404612,0
rs188721911,23090031,0.004660437902760001,-1.5192610235632233,0.8215787139902623,0.08636124633795428,0.06749604,0.30177059276366436,0.372106730629333,-0.21574949909376995,-0.12938825275581567,0
rs188747777,23211561,0.00515315801025,3.416135570553942,0.8063678655899392,3.8842517665255816,0.09217295999999998,0.23386034255599472,0.3026337610960669,-0.17194665788985897,3.7123051086357224,0
rs188764793,23000625,0.00609145908484,1.2372981685582425,0.7789059267561773,-0.15836732509843776,0.04631104,-1.6607806691449813,0.4634401346571656,0.32783996674054666,0.1694726416421089,0
rs188819681,22898591,0.010703971599999999,2.529769959404601,0.6672059159099564,1.584855202396675,1.7643808900000002,-1.5772792290898139,0.02216826847462345,0.016366378706341382,1.6012215811030164,0
rs188887836,23691850,0.00392085111889,-0.21293840141687442,0.8455191769018935,-0.9146735686055522,0.02217121,-1.67696440564137,0.6433846148402131,0.3891174856665489,-0.5255560829390032,0
rs188890159,23203378,0.018336951396,0.8837269410843782,0.5392370106735521,-0.17687088998501752,113.55672969,0.3009956551523512,3.521228129467994e-4,-1.601415323855257e-4,-0.17703103151740304,0
rs188950377,23384221,0.007918045475560001,0.8979438861630371,0.7304772417436689,-0.36105814592657826,0.20079361,0.26110243249274717,0.16611736499153779,-0.08516882345812843,-0.4462269693847067,0
rs188969754,23487261,0.014273319840999998,1.0087720032476502,0.6005596639281563,-0.1532743864850356,0.14668900000000001,-0.4838120104438642,0.21426007959761958,-0.09548835217223967,-0.24876273865727527,0
rs189004378,22980497,0.004723029410490001,1.0711786078577736,0.8196146976779072,-0.3861074461126808,0.26388769000000006,0.6460969437414833,0.1316275759640017,-0.04309390756874555,-0.4292013536814263,0
rs189058931,23435437,0.0052106020402499995,1.9838469477519411,0.8046310821134945,0.7669398304274881,0.030450249999999995,-0.7169054441260745,0.5677765515381422,-0.27350094228371896,0.4934388881437692,0
rs189063298,23684506,0.00563957442841,0.9791643086084549,0.7918941729427064,-0.4052349575609125,0.10870209,-0.8507734303912649,0.2689942017627325,-0.059315866780012494,-0.464550824340925,0
rs189063511,23762071,0.00438784358464,1.1619107861016171,0.8302431851083523,-0.3262648088819152,0.02601769,-0.9510229386236826,0.6058982069805836,-0.19157233281676894,-0.5178371416986842,0
rs189098442,22919070,0.004849367478760001,-18.57794805664772,0.8156788892332195,139.91623078281756,0.04870849,-0.2609877661984594,0.45091512661302213,-0.2843941716223119,139.63183661119524,0
rs189134431,22849370,0.0036281347560000003,0.8941478234883952,0.8553842997536466,-0.6248976839623048,0.03139984,0.44977426636568846,0.5602253450427901,-0.3540804928509368,-0.9789781768132416,0
rs189156855,23614604,0.00434324495089,0.9693429615815902,0.8316781885638849,-0.5002056616744146,0.04418404,-1.2321598477640343,0.47514944637962253,0.03836933672129783,-0.4618363249531168,0
rs189194573,23496027,0.004323325504000001,1.4252129212799611,0.8323207195165939,-0.04753289825348972,0.07333263999999999,-0.8035450516986706,0.3529433356533476,-0.10371565699621993,-0.15124855524970965,0
rs189203911,23794175,0.00410748964609,0.33098766260413137,0.83934701835098,-0.8682778950632,0.02534464,-0.8649497487437184,0.6121389604411318,-0.2445718449269259,-1.1128497399901258,0
rs189271999,22994757,0.00245338930489,-0.1711728044868236,0.8974051022383,-1.1253364958214986,0.05400976,-1.4905335628227194,0.42548773659245603,0.19553407113566934,-0.9298024246858293,0
rs189298581,22931628,0.00258363807025,2.35892542716336,0.8925436906163662,1.3679572321939857,0.03101121,0.2890403180011357,0.5632913451270581,-0.3907146078483509,0.9772426243456348,0
rs189350534,23422077,0.00998388649636,1.008342724235734,0.6824853694362909,-0.2266554677990802,0.10042561000000001,0.029977911012937834,0.2848483264555518,-0.1675023209205812,-0.3941577887196614,0
rs189355234,23769935,0.00974330874724,-2.7876407431196193,0.6877473408426579,2.090250667329432,0.37356543999999997,0.644142670157068,0.09671988065540489,-0.03079578621491593,2.059454881114516,0
rs189358596,23415341,0.0017580913561599998,2.9808297718079833,0.92427917007896,2.8159191766021787,0.02356225,-1.588273615635179,0.6293043433799149,0.2975587405688411,3.1134779171710196,0
rs189369861,23689953,0.00599473902049,-0.059382608100411106,0.7816499301206791,-0.7594496757226082,0.08208224999999998,-0.5588132635253055,0.3276479586508277,-0.14732891744992263,-0.9067785931725308,0
rs189458409,23477081,0.00284233994496,-1.128923951862189,0.8830424264905694,-0.5102667880000854,0.030206440000000005,-0.9579976985040276,0.5697483022924963,-0.16024646476354204,-0.6705132527636275,0
rs189537226,23038299,0.0074874409,-2.6317231018144,0.7413433870677786,1.8911327683381596,0.20241001000000003,0.10402311624805512,0.16500968751249176,-0.08927480887271406,1.8018579594654456,0
rs189570417,23178518,0.007162050715210001,-0.8032787853794625,0.7497713667188819,-0.4507925839132384,0.14409616,-1.2610642781875658,0.21727775310468184,0.050277883223346045,-0.40051470068989237,0
rs189615807,23105186,0.0027315675073600002,1.388254720230214,0.887085854336598,-0.23574513641652695,0.06890625,1.0007619047619047,0.3672883787661406,-0.04494613290375071,-0.28069126932027766,0
rs189631784,23622360,0.004153235359360001,-0.9733449607110493,0.8378479276291473,-0.5127215967243527,0.08300161000000002,1.1426587990281152,0.3251989953627436,0.015632425078675016,-0.4970891716456777,0
rs189640085,23235158,0.012992580225000001,-1.319357810238189,0.6228848737164495,0.0545270351449198,0.15492096,-1.1935975609756098,0.2052113841425776,0.03134023262351619,0.08586726776843599,0
rs189651286,22964184,0.005763360522240001,1.3966210377676613,0.7882933841473533,-0.007473967540159943,0.09084196,-0.2916390179163902,0.3057123265350046,-0.1694335209670384,-0.17690748850719834,0
rs189675071,23767059,0.004389725024999999,1.164909818126934,0.8301827568266408,-0.3232310512994432,0.02608225,-0.9461300309597522,0.605306266054803,-0.19389899135689392,-0.5171300426563371,0
rs189693389,23643770,0.0031202725683599996,0.11201552469235258,0.8730577310977208,-1.026534099486118,0.12694969,1.195060342408083,0.23959313730980875,0.034138950602163126,-0.992395148883955,0
rs189727977,23413569,0.006780979000889999,1.9352566648086689,0.7598884699285758,0.7096482465888861,0.14653583999999997,0.7988505747126438,0.2144360032903061,-0.05225419583853823,0.657394050750348,0
rs189759227,23073164,0.00398245558489,-0.23153959880646588,0.8434718978716755,-0.9046503481215401,0.07851204,0.2937187723054961,0.3375184496022514,-0.19132230562438837,-1.0959726537459284,0
rs189804278,23040707,0.00183591682576,1.2154893156209448,0.9211913957704803,-0.5898758889757582,0.05166529,1.102507699076111,0.4363701898504876,-0.021469753421942683,-0.6113456423977008,0
rs189837803,22954735,0.015846529688999998,-2.1986129977836564,0.5752341516295837,0.9622033245118383,0.32092225,-0.2764342453662842,0.11082719339137448,-0.054497360189636135,0.9077059643222022,0
rs189871094,23449119,0.00439359516964,-1.9475832853078108,0.8300584828034698,0.6880889272724342,0.07862415999999998,-1.3641226818830243,0.33719943728157914,0.10809495876501823,0.7961838860374524,0
rs189881536,23232536,0.00249618145924,2.106629464911192,0.8958020948633619,0.8570029232435374,0.049328409999999996,1.4565511031067089,0.44778587237811585,0.1780883719158502,1.0350912951593876,0
rs189916946,23411559,0.013889801025,-1.446200840015273,0.6070752900035077,0.1677794028037643,0.29333055999999996,-0.7163958641063516,0.1200009984083068,-0.033123614783119884,0.13465578802064443,0
rs189918242,23253097,0.00141530202025,-2.94299650456533,0.9381296263543437,2.67132057834608,0.01580049,-2.839299920445505,0.7168395833083187,2.2585747589305822,4.929895337276662,0
rs190078946,23534777,7.311832321599999e-4,-3.622424224493721,0.9670506974037052,4.638406368969455,0.00777924,-0.9693877551020409,0.8371836806110772,-0.5142102593893942,4.12419610958006,0
rs190100076,23720746,0.0023913860432400002,0.3574755939454171,0.8997379686982495,-1.0924958857185578,0.040602250000000006,0.2942928039702233,0.4962640621074474,-0.321361258394857,-1.413857144113415,0
rs190102413,23749104,0.00282144755929,-0.5280388875187557,0.883802219779598,-0.9530176624667321,0.025888809999999995,0.17588564325668118,0.6070833575534299,-0.4576886052981771,-1.4107062677649091,0
rs190117020,23476482,0.004056632648890001,3.933369654130758,0.8410199157550836,5.586388261364326,0.0484,0.5159090909090909,0.4524886877828055,-0.24096838789655914,5.345419873467767,0
rs190126612,23048475,0.003966669342249999,-19.84487508236546,0.8439955710371808,165.26183874296208,0.041697639999999994,-1.095494613124388,0.4896102261950285,-0.04249760720916246,165.21934113575293,0
rs190167579,23689146,0.015524163216,0.6666321551253652,0.580248090219667,-0.30511504639154896,1.91351889,0.04843490204583243,0.020475870596777287,-0.010320186166949291,-0.31543523255849826,0
rs190190057,23759835,0.00336236459881,-1.2742856453034273,0.8645428082213829,-0.29762581383359743,0.07601049,0.23721436343852012,0.3447964059112241,-0.2017036708204909,-0.49932948465408833,0
rs190192094,23742068,0.00442324755625,1.2149547043566515,0.8291075496768026,-0.2714314150783984,0.025953209999999997,-1.0155183116076971,0.6064905711185248,-0.15359510276548227,-0.4250265178438807,0
rs190240511,23657074,0.004429980675609999,1.3028331638072603,0.8288919262948127,-0.17926004908240079,0.026406250000000003,-1.0849230769230769,0.6023529411764705,-0.10659302793349451,-0.2858530770158953,0
rs190338927,23766131,0.00560924604601,-1.678325226417286,0.792781411923665,0.3295531240818451,0.05452225000000001,-0.6569593147751606,0.42318078547643545,-0.1837917205613696,0.1457614035204755,0
rs190358421,23700895,0.004289241359290001,-0.8682608489853005,0.8334224593894418,-0.5819982134777923,0.092416,-0.3180921052631579,0.3020782986950218,-0.16454164721206546,-0.7465398606898578,0
rs190417461,23724313,0.014341020516,2.19793910850577,0.5994239889978299,0.9904636910658235,0.73017025,0.24212990052662375,0.05193656857039077,-0.02514449437413561,0.965319196691688,0
rs190436578,23498361,0.0028459984344099995,-1.110523563251787,0.8829095126111892,-0.5279744895900991,0.030905640000000005,-1.1058020477815698,0.5641300184301277,-0.07029706698444987,-0.5982715565745489,0
rs190449666,22843858,0.006250025060410001,-0.7494064416731703,0.7744487642931658,-0.5271348772558071,0.06635776,-0.842391304347826,0.37608915419053585,-0.10243312051341283,-0.6295679977692199,0
rs190512396,23452942,0.014064774025,2.1606560141658586,0.6040852117176595,0.9467879589521087,2.39754256,0.5291268406096616,0.016409969883766872,-0.005975859993283289,0.9408120989588253,0
rs190520667,23206226,0.007835117662440001,-0.017073145932608946,0.7325450582920023,-0.6592953188972196,0.12124324,0.6171740379092475,0.24807241531489943,-0.09531176634058267,-0.7546070852378023,0
rs190528587,23047139,0.0039296098195599994,-20.133329930160514,0.8452274963155828,170.37399499477408,0.042353640000000005,-1.0835762876579202,0.4857101641166074,-0.047338868508502,170.3266561262656,0
rs190535835,23634899,0.00450534945961,1.1633058658947377,0.8264859261929374,-0.3165146236517412,0.026471290000000005,-1.0473263675476336,0.6017635583723439,-0.13031971478245669,-0.4468343384341979,0
rs190545702,23581176,0.003530855241,1.1180761010417193,0.8587139756591099,-0.44174778458973063,0.08340544,-1.536703601108033,0.32413481934021715,0.18683454438097769,-0.25491324020875294,0
rs190563905,23549300,0.00150051643225,1.9065893924334931,0.9346478994927067,0.3347785487445212,0.01555009,0.4538893344025661,0.7200708405692953,-0.5624364677612241,-0.22765791901670296,0
rs190607356,23374200,0.00348061061089,0.18611379958540053,0.8604439175461388,-0.9697421896408815,0.14070001,0.10583844308184484,0.22136136019029556,-0.12386428868277365,-1.0936064783236552,0
rs190647,23374134,8.5758779716e-4,2.8043271890345096,0.961573414044666,2.1515244752096745,0.004006889999999999,-0.8894154818325436,0.9089485760070752,-0.8386490321119162,1.3128754430977583,0
rs190695445,23779636,0.0036513135612100006,-1.5337478341312776,0.8545947430988193,0.04105154449925397,0.04955076,0.7322551662174305,0.4466740427440259,-0.17615122711916414,-0.13509968261991018,0
rs190710404,23745723,0.0023621932857599997,3.074189751946406,0.9008405480482073,3.1012479941771605,0.03892729,-0.5063355296502787,0.5067955582916885,-0.28845072587105924,2.812797268306101,0
rs190711722,23590380,0.00644203680129,1.4663048529633465,0.7691192830608324,0.09389538785132201,0.12694969,0.05304518664047151,0.23959313730980875,-0.13661373904593413,-0.04271835119461212,0
rs190739117,23694538,0.00354773905641,-0.9223543514503154,0.8581342198510642,-0.6114134375673766,0.05116644000000001,0.8311229000884173,0.4387579464548577,-0.13726212247810746,-0.7486755600454841,0
rs190766920,22889745,4.6780931521e-4,2.7966794427825734,0.9786659117216999,1.9035520157090553,0.004057690000000001,-0.9450549450549449,0.9079005276944841,-0.7870069559279684,1.1165450597810869,0
rs190779614,23060214,0.0035906221152399997,1.036332353166961,0.8566652162151067,-0.5112634323757899,0.14546596,-0.19323544834819087,0.21567300004809511,-0.11743801862869523,-0.628701451004485,0
rs190813743,23061394,0.0024800200800399997,3.403889172245672,0.8964068316845749,4.059449673333571,0.04906225,-0.944018058690745,0.44912406771668134,-0.09799986264954477,3.961449810684026,0
rs190845821,23496870,0.0015311568999999998,2.4553028366981855,0.9334022867381767,1.4589709337840993,0.016409609999999998,-0.8922716627634661,0.7090990347212116,-0.3351120531346992,1.1238588806494,0
rs190858212,23450412,0.011146502929000001,1.2021368290442047,0.6581506751363787,-0.06113498954421248,0.12952801,-0.49874965268130034,0.23594920980904574,-0.10521417992588299,-0.16634916947009548,0
rs190886843,23301124,0.00397338601104,2.1650421671838416,0.8437726811719097,1.0493316529578585,0.027159040000000002,-0.11104368932038836,0.5956011283067776,-0.4490047012622016,0.6003269516956569,0
rs190998645,23129328,0.010135052929,-0.4559315804634808,0.6792200178614188,-0.4979039451652296,0.11573604,0.09200470311581423,0.2568448510697974,-0.14733814239933027,-0.6452420875645599,0
rs191000855,22986163,0.0022465704040000004,2.557660660787375,0.905234177421384,1.782679417993305,0.044732249999999994,1.4846335697399529,0.47207527240218455,0.20085846532408175,1.9835378833173867,0
rs191007581,23197577,0.0037712249460900003,28.925929363640954,0.8505332781713982,354.8742492318257,0.016129,-1.0968503937007874,0.7126440877264871,-0.19483265488009754,354.6794165769456,2.2205496446266504e-248
rs191028366,23106709,0.0010114308089999998,-0.48779674873439616,0.9549903216263645,-1.4368209636410463,0.0077616099999999995,-0.2474460839954597,0.837492705961964,-0.8828765390933204,-2.3196975027343667,0
rs191047846,23071633,9.9710061361e-4,2.054894558997242,0.9555997151785323,0.46029899102371186,0.01075369,-1.2082931533269046,0.7881200361983534,-0.20055095812536994,0.2597480328983419,0
rs191048840,23661613,0.00305326974096,-1.1562244373502435,0.8754440872841222,-0.4563294023266502,0.03147076,-0.9830890642615558,0.5596694368438226,-0.1396645655166483,-0.5959939678432985,0
rs191064986,23542499,0.004768178704,1.569454903550947,0.8182038083313619,0.15526066246164583,0.02920681,-1.168519602106495,0.5779778030514627,-0.03675223825527624,0.11850842420636959,0
rs191083898,23733938,0.0041701760136100005,-0.9753085081507472,0.8372941388005604,-0.509677355953103,0.06046681,-0.4896299308662057,0.3981414359627821,-0.206141692247618,-0.7158190482007211,0
rs191221122,23552164,0.00204630474321,-8.899241977093515,0.9129464701470145,34.9304700749284,0.01710864,0.19954128440366975,0.7004194111433927,-0.5887417065657233,34.34172836836268,0
rs191270785,22867898,0.010080360801,-4.557534287507097,0.680397810856298,6.495972766348706,0.057744090000000005,-1.9117769454848104,0.40923190343272936,0.48468315356571334,6.98065591991442,0
rs191275182,22849471,0.004454534609290001,-0.009919616195426287,0.8281065532883481,-0.880399502659471,0.09740641,0.30118551746235184,0.29110723437138053,-0.15882194169147096,-1.039221444350942,0
rs191282895,23396479,0.007135941150249999,1.0912014868392237,0.7504559471035376,-0.24726819767675284,0.04618201,0.0781758957654723,0.4641339880562081,-0.3105172928093846,-0.5577854904861375,0
rs191334868,23491249,0.0027289758081599997,2.4674002098025256,0.8871809001940467,1.6096221443258532,0.05755201,-0.5573155481450605,0.41003768143783,-0.2001693264020155,1.4094528179238377,0
rs191385484,22952730,0.0024170595649600003,2.3355897452586873,0.8987705352881608,1.3062046981837776,0.028291239999999995,0.4280618311533888,0.5857266612818863,-0.3869512642902648,0.9192534338935128,0
rs191491534,22943458,0.00838294061056,-0.3911732839368097,0.7190978140449432,-0.5798574524487125,0.16638240999999998,-0.08972787447903899,0.1938149670798011,-0.10694078570831823,-0.6867982381570307,0
rs191516515,23217723,0.0037123064836900002,-1.9474566173248402,0.8525240437008276,0.6595908581509832,0.09217295999999998,-1.310935441370224,0.3026337610960669,0.07982360913300823,0.7394144672839914,0
rs191541947,23641996,0.00548602418329,0.20290220973514772,0.7964067366605443,-0.7794217846825409,0.07096896000000001,0.058933933933933924,0.36046115958913194,-0.22287798371382878,-1.0022997683963697,0
rs191542567,23503423,0.016218786609,-1.6732625065762097,0.5695509795526252,0.3758533373818604,0.92505924,0.7287377833229362,0.04144823275304841,-0.010160131195841119,0.36569320618601925,0
rs191544053,23656010,0.0033554214759999998,3.1277319338466323,0.8647846994428396,3.2295242120000207,0.025408359999999994,0.7622333751568382,0.6115426223803808,-0.2951328670188622,2.9343913449811585,0
rs191548330,23478331,0.0028420840454400002,-1.1287384264469755,0.883051724884589,-0.510485550225907,0.030171689999999998,-0.9579735175590098,0.5700304496015416,-0.16045819171466286,-0.6709437419405699,0
rs191598842,23781255,0.00437005612096,1.195584693766413,0.830814919600561,-0.29458812880383867,0.025921000000000003,-0.8385093167701864,0.6067869116063167,-0.25338650834625076,-0.5479746371500894,0
rs1916817,22897078,5.9871382275600006e-5,4.504553056091893,0.9972178528858607,7.175006693398165,3.7636e-4,1,0.9906787040733737,-1.8423874539781244,5.3326192394200405,0
rs191696435,23389332,0.004471382918559999,4.228335058114147,0.8275685099419974,6.519095482350049,0.07398400000000001,-0.2514705882352941,0.3509264458169568,-0.20500876905923426,6.3140867132908145,0
rs191699336,23723713,0.00448263725625,1.2038221126918338,0.8272094969445986,-0.27844678618194985,0.026146890000000002,-1.0123685837971552,0.604714749249738,-0.15419071558578362,-0.43263750176773347,0
rs191707755,23408743,0.00952546720225,1.1111338801313544,0.6925825126555444,-0.1622366894877511,0.10316943999999999,0.30790784557907847,0.2793892327859913,-0.15058400816943388,-0.312820697657185,0
rs191709994,22958257,0.0038637412809999997,-20.128380443700834,0.8474259847340667,170.72798613987584,0.04157521,-1.1034820990681706,0.4903450447752449,-0.03847077247263714,170.6895153674032,0
rs191716786,23779186,0.00442689291801,1.2280532472431762,0.8289907956218883,-0.25791231369933865,0.026308840000000003,-0.8723797780517878,0.6032378186679183,-0.23266310023673495,-0.4905754139360736,0
rs191768821,23571812,0.0059650598624400005,3.1569727243771504,0.7824958255146877,3.1365946208816746,0.030905640000000005,1.167235494880546,0.5641300184301277,-0.030909359143121706,3.105685261738553,0
rs191774197,23360427,0.020381274169,0.1783249161197229,0.5128904152159413,-0.3514781804775418,0.5100816399999999,0.819378325399048,0.07271647895755985,-0.013337730750956192,-0.364815911228498,0
rs191846222,23688767,0.00439327701124,1.3367123403407875,0.8300686977684906,-0.1445971889400176,0.02643876,-1.1039360393603936,0.6020581961493562,-0.09386818336660824,-0.23846537230662584,0
rs191908615,22895432,0.0179238544,1.1524350164326262,0.5448930676131085,-0.03177343221664286,0.29626249,0.942678669851185,0.11895468923697083,-0.010468981264353507,-0.04224241348099637,0
rs191952621,23542279,0.00212597532889,2.9913052530672353,0.9098626437680888,2.8674729169815536,0.01871424,1.5116959064327486,0.6812657372385302,0.20672380375274202,3.0741967207342955,0
rs191991435,22947456,0.006980786311210001,0.1177152664656719,0.754549960792656,-0.6971030737467356,0.38291344,-0.2383645765998707,0.09458200240692283,-0.046992318494775996,-0.7440953922415117,0
rs191992576,23340278,0.013017212649,2.459291981103135,0.6224398500716469,1.3952818416717772,1.85858689,-0.5667864739969193,0.021068300961458765,-0.007262639206011657,1.3880192024657656,0
rs192002963,22909499,0.0043635536718399995,0.6163597609344629,0.8310241215081808,-0.7311468886985458,0.034670440000000004,-0.028464017185821696,0.5356872143782735,-0.38338141649623797,-1.1145283051947839,0
rs192043043,23742358,0.00305162332225,1.3622204321026765,0.875502889954854,-0.22942532421032924,0.06728836,1.138396299151889,0.3728270242922904,0.008315421339283757,-0.22110990287104548,0
rs192130585,23018163,0.005697955031040001,0.7525475327483149,0.7901918614381779,-0.5570270909805901,0.15792675999999997,-0.7388022143935582,0.2020949567405641,-0.05772822604194304,-0.6147553170225332,0
rs192142129,23683683,0.0024159977478400005,-3.7513834410247227,0.8988105055920846,5.179045001183019,0.06589489,0.22049084534476043,0.3777330520858939,-0.2280110755649094,4.95103392561811,0
rs192169361,23400064,0.017168336784000003,-2.5311460145923004,0.5555504398351248,1.3741631893748036,0.11840481000000001,-0.8026736413833188,0.25251758453546963,-0.06417560646243045,1.3099875829123733,0
rs192198974,23778743,0.00555242561316,-1.616918026802801,0.7944490230837558,0.24748265230807942,0.05359225000000001,-0.6950323974082072,0.4273858145305835,-0.17554291655985305,0.07193973574822637,0
rs192203021,23286125,0.013286942360999998,-1.2504229237696174,0.6176080397210586,0.002178276466009599,0.15515721,-0.4140644833714141,0.20496296293639374,-0.09711290081695073,-0.09493462435094113,0
rs192236860,23150113,0.007733390836089999,-1.0470504220505643,0.7350976752427549,-0.26124790151313637,0.11417640999999999,-0.6001775673276117,0.25944306265789957,-0.10344898237914738,-0.3646968838922837,0
rs192263377,23695784,0.00499468706361,2.2247078449933566,0.8111982381024878,1.1739130114885157,0.05419584,0.8655498281786942,0.42464720310366155,-0.11731807950558018,1.0565949319829355,0
rs192389013,23087165,0.00160579724176,-0.28594244417604137,0.9303818172363363,-1.2943293074589555,0.02196324,0.5053981106612685,0.6455440354636073,-0.4361408106703128,-1.7304701181292683,0
rs192415803,23608042,0.004144604137959999,1.5232033626080719,0.838130363459925,0.06181145581930203,0.08162449000000001,-1.4424221211060553,0.32888113241009276,0.14272750840918474,0.20453896422848677,0
rs192428091,23662685,0.00391492981636,-0.5157201443517119,0.8457164810734945,-0.822015217913559,0.04439449,-0.1490270526815377,0.47396459176422534,-0.31593022163195306,-1.1379454395455122,0
rs192439,23347733,8.6102925489e-4,2.7684854805015116,0.9614251584366195,2.056849768637229,0.004006889999999999,-0.7835703001579779,0.9089485760070752,-0.9191261955896135,1.1377235730476156,0
rs192453064,22895694,0.00569872500201,-11.56194404814419,0.7901694588650185,52.033626315300474,0.08625969000000001,-0.004085801838610827,0.31680736741869076,-0.19048656577347353,51.843139749527,0
rs192466060,23299043,0.0011914163856100001,-2.7474222772033405,0.9474020692980234,2.1031120872165614,0.013782760000000002,-0.6737649063032368,0.7437327500485286,-0.5119550738206884,1.591157013395873,0
rs192553413,23543964,0.0027887799192099997,2.45570348937395,0.8849928677655245,1.587085163314354,0.06135529,1.604763827210335,0.39465132998978153,0.2571909252514108,1.8442760885657647,0
rs192557949,23723089,0.012094500625,-0.6067851784496476,0.6395562764203864,-0.39247116652232794,0.30591961000000006,-0.08786837823178448,0.11563380289426206,-0.06099563026839626,-0.4534667967907242,0
rs192579627,23040458,0.016724438329,1.560472615080071,0.5620087811234765,0.27148849668785086,0.5090822500000001,-1.4718990889978976,0.0728488309356203,0.04109369333460101,0.31258219002245186,0
rs192608439,23475480,0.0051417504360000005,-13.915683485342926,0.8067136589804292,77.28674489916841,0.06937956,-1.4798785117691722,0.36569903919891433,0.17283196899752146,77.45957686816594,0
rs192614769,23462897,0.00239575007296,2.3989098278933687,0.899573375796513,1.4392542385444909,0.047567609999999996,0.051811095827602016,0.456789902111066,-0.3045164555955309,1.13473778294896,0
rs192636287,23431193,0.00729585888964,-1.3066669164252984,0.7462824909143276,-0.04867358590208426,0.08684809000000002,-0.5218866644044791,0.31533781864590943,-0.14647126278084052,-0.19514484868292478,0
rs192647528,23069700,0.0019245418041600002,0.4220211718365337,0.9177001727740942,-1.1669710771152082,0.027324090000000002,0.37870538415003024,0.5941409679655529,-0.4082695099582833,-1.5752405870734916,0
rs192651934,22984836,0.00421545040225,-1.883699259932385,0.8358177084141739,0.5794865910798711,0.05817744,0.02860696517412935,0.40742557557011067,-0.26147269142197394,0.31801389965789717,0
rs192749727,22979533,0.004237202798439999,-1.6581302673987386,0.8351101973746026,0.24678536575036591,0.059487210000000006,-0.007790077900779007,0.40206173235735526,-0.2571216812423447,-0.010336315491978776,0
rs192752858,22916193,0.00559617701776,0.3283048781139884,0.79316435189766,-0.7451701356671873,0.04613904,0.49115456238361266,0.46436551881701965,-0.25614154618671187,-1.0013116818538992,0
rs192804189,23218481,0.016342042896,0.14802559529397039,0.5676939163483291,-0.41309117288553443,1.21198081,0.698337723680625,0.031949371492363376,-0.0084449813702531535,-0.4215361542557876,0
rs192837823,23469468,0.0049477156,-0.573611032129656,0.8126411195397679,-0.7036731794179931,0.187489,-0.18152424942263282,0.17583267762397306,-0.0937939183243635,-0.7974670977423566,0
rs192855073,23556884,3.2407200400000005e-4,-5.940117764692812,0.9851234261567284,15.276055817904563,0.0030030400000000002,-0.7244525547445255,0.9301667975101295,-1.08673243128227,14.189323386622293,0
rs192869183,23353879,0.00529167498721,-1.314902005528986,0.8021925854311388,-0.11674831976066369,0.14175225,-0.31660026560424964,0.22007980643981026,-0.11325191041262514,-0.23000023017328883,0
rs192884223,22929728,0.0017297114640400003,0.131070599041111,0.9254103169638026,-1.289927495054583,0.04210704,0.40935672514619886,0.4871689443438712,-0.29308624380868303,-1.583013738863266,0
rs192893550,23588864,0.003961607245690001,0.13129725633248757,0.8441636324429576,-0.9221981185134157,0.07912969,-0.5392819054390331,0.3357685225236463,-0.15573735396132316,-1.077935472474739,0
rs192897564,23059020,0.00338867187129,1.4197171388177412,0.8636275164509616,-0.12582023419658606,0.02910436,0.8347010550996483,0.5788346784486537,-0.23072037522900438,-0.3565406094255904,0
rs192933069,23327123,0.008345480232959999,2.4606364719069638,0.7200015974031032,1.543222610379949,0.04104676,0.8282329713721619,0.493542246475985,-0.17087963211270446,1.3723429782672445,0
rs192933104,22965231,0.004048407854410001,-0.38929166974449564,0.8412910899660495,-0.8565937617828911,0.08970025,0.48414023372287146,0.3084034147968104,-0.14823262085503214,-1.0048263826379233,0
rs192955661,23712839,9.808860248100002e-4,-5.362191122988847,0.956290181354814,12.183059305914849,0.00614656,-2.13265306122449,0.8668035060468212,0.9632368667464934,13.146296172661343,0
rs193031967,23394610,0.017519169600000002,0.9194545179812632,0.5505501936658403,-0.167148914573912,0.279841,0.8090737240075614,0.1250621402509372,-0.025868349594875217,-0.19301726416878723,0
rs193055983,23270808,0.00104813415001,-14.654995073343857,0.9534330458421537,100.85044192733068,0.009525760000000001,-3.292008196721311,0.807660498294221,3.5521901996153247,104.402632126946,0
rs193082643,23175239,0.00809562659049,0.4223240274874216,0.7260882613102667,-0.5827229989291715,0.18378369000000003,0.10846745976207137,0.17874403626108767,-0.09740874495502182,-0.6801317438841933,0
rs193085353,22880494,0.0066211908184900005,-0.4618025898757169,0.7642124069177934,-0.6409233617163389,0.13380964,0.6336796063422635,0.23013683245647368,-0.08456553767976308,-0.725488899396102,0
rs193104208,23269538,0.00644918212624,0.3479269501461894,0.7689223725303085,-0.6859605451210532,0.10471696,-1.4085290482076638,0.27640160489827875,0.11242467412957077,-0.5735358709914824,0
rs193149629,23487857,0.010689698881,-1.6205859310771733,0.6675021192925218,0.3259690977401011,0.09903609,-0.002859866539561487,0.2876950869374995,-0.16962342877402817,0.1563456689660729,0
rs193208002,23111022,0.004693907846410001,-7.521226177565713,0.8205273140126984,22.349274364718326,0.04363921,-2.565820966969842,0.4782445936541008,1.248968446974715,23.59824281169304,0
rs193218041,23553107,0.00368840011684,1.5031564804173074,0.8533344639106952,0.0042455486047340285,0.07064963999999999,0.7945823927765238,0.3615014020831881,-0.11019892400827602,-0.105953375403542,0
rs193219222,23030246,0.00381898044441,-1.3883594749983414,0.8489265014020453,-0.12682365076564095,0.08743849000000001,-0.2992898207642881,0.31387691426663955,-0.17429145340737656,-0.3011151041730175,0
rs193265241,23596522,0.0034653825562500004,-0.6184601010744468,0.8609696025337991,-0.8218739628884608,0.06240004,1.545236188951161,0.3906248474121691,0.21869759934460317,-0.6031763635438576,0
rs193283706,23090082,0.0036492472809999997,-1.1836266119286862,0.8546650691364109,-0.36567626907498385,0.05494336,0.2662116040955631,0.4213038173496283,-0.25856022374371235,-0.6242364928186962,0
rs193295439,23535835,0.00618604272196,1.2295229328403565,0.7762411034655229,-0.16186090227506256,0.06017209,1.2743579290664493,0.39931282256365025,0.06939915057973578,-0.09246175169532678,0
rs1964536,23380185,5.8310786822500006e-5,-14.194063762498116,0.9972901752615589,97.50731123340185,3.3489e-4,-4.142076502732241,0.9916972625932537,6.111589678738907,103.61890091214076,0
rs1965634,22931333,6.465092673640001e-5,4.073561857477943,0.9969964206165418,5.368057259209845,5.1984e-4,2.008771929824561,0.9871707292032742,-0.18631474596288133,5.181742513246964,0
rs1966137,22841510,5.96451923809e-5,0.2800338727157605,0.9972283345107654,-2.90505263054994,3.9601e-4,0.24623115577889446,0.9901968040903049,-2.28250570839511,-5.18755833894505,0
rs1968111,22943637,6.502535426889999e-5,4.005764010402006,0.9969790778578863,5.0977390011227275,5.1984e-4,1.7982456140350878,0.9871707292032742,-0.5819122496325215,4.515826751490206,0
rs1974618,23008456,6.351356781160001e-5,5.434554566511994,0.9970491045809504,11.810791918549434,4.1208999999999994e-4,2.8620689655172415,0.9898028040618538,1.7611332763902587,13.571925194939693,0
rs1978252,23710459,1.0033628223999999e-4,-3.2902523760083064,0.9953462510523922,2.7026490832289176,5.664400000000001e-4,-0.6302521008403361,0.9860367338124815,-1.9398269937204045,0.7628220895085132,0
rs1981665,23167969,6.247432256489999e-5,-27.096926014066174,0.9970972486588832,363.13498857299305,3.1684e-4,-5.084269662921348,0.9921412491653612,10.400261635795484,373.5352502087885,3.4311917190804276e-240
rs1981796,23773783,5.771717953600001e-4,0.07112019446895657,0.9738091430227839,-1.818709646448605,0.00543169,0.43826322930800543,0.8804427042005261,-0.9774244141585805,-2.7961340606071854,0
rs1985769,23122506,6.22091857984e-5,-23.018455031392318,0.9971095321298116,261.23571141910804,3.2761000000000004e-4,-5.204419889502763,0.9918762852546927,11.02648990539144,272.2622013244995,3.573704912404298e-284
rs1987389,23760417,8.955291129759999e-5,0.5683053584184699,0.9958443216927851,-2.580825398127392,4.8399999999999995e-4,-0.9636363636363637,0.9880446596186148,-1.7545419175326604,-4.3353673156600525,0
rs1988373,23798856,7.41875587684e-5,1.177039481169644,0.9965548902167894,-2.145075249033619,3.6863999999999994e-4,-0.8489583333333334,0.9908681590462298,-1.9909196545614436,-4.135994903595062,0
rs1989493,22919561,1.0003200255999999e-4,-2.641617341225404,0.9953602985255543,0.7863302143477253,0.00106929,-0.5412844036697247,0.9739637573476434,-1.6814526427096617,-0.8951224283619363,0
rs1990279,22890742,6.93600811929e-5,-0.1275631073440222,0.9967783456121662,-2.860820171923686,4.0401e-4,-0.08955223880597014,0.9900007449755606,-2.2986526364522053,-5.159472808375892,0
rs1990365,23115966,6.015631160249999e-5,-20.30505218506843,0.997204649593111,202.63141851405257,3.2761000000000004e-4,-5.5745856353591154,0.9918762852546927,13.005292328694107,215.63671084274668,9.140724884495155e-309
rs1990366,23106692,8.018665208999999e-5,0.27181256770187723,0.9962773423734943,-2.7598552078705696,6.76e-4,2.1730769230769234,0.983380863408398,0.27329146685551065,-2.486563741015059,0
rs199346,23293772,6.8313231424e-4,15.092245416424351,0.969149213668159,108.63510695992083,0.0030030400000000002,-1.4635036496350364,0.9301667975101295,-0.33468726032728546,108.30041969959355,0
rs199347,23293746,6.0094589284899995e-5,-24.433086904530015,0.9972075097036681,294.7139326166708,2.9928999999999996e-4,-5.664739884393064,0.9925733182892303,13.474142488603096,308.18807510527387,1.4306303353738078e-268
rs199349,23302588,6.98650624e-4,15.110547820823243,0.9684704912131785,108.83636685622965,0.0030360100000000004,-1.453720508166969,0.9294541942898518,-0.3436372115110242,108.49272964471862,0
rs199350,23300450,6.9660100624e-4,15.147462225118591,0.9685600806062771,109.38609172199584,0.003025,-1.4418181818181817,0.9296920395119117,-0.36109477926603395,109.0249969427298,0
rs199352,23299071,6.902127296100001e-4,15.066211427418649,0.9688394204215893,108.22448135617512,0.00320356,-1.3091872791519434,0.9258496290583461,-0.5073902429880041,107.71709111318711,0
rs199354,23296572,6.852143875600001e-4,15.152808233307608,0.9690580950255406,109.51372851541718,0.0030140099999999997,-1.4626593806921675,0.929929574108529,-0.33439436714671045,109.17933414827047,0
rs199356,23288550,6.8470142224e-4,15.134827338459422,0.9690805425499907,109.25206266258276,0.0030140099999999997,-1.5081967213114755,0.929929574108529,-0.27149165882080006,108.98057100376195,0
rs199357,23288309,6.0368082696100004e-5,-23.51959988107634,0.9971948365940759,272.87177420503144,3.0275999999999995e-4,-5.574712643678161,0.99248785939226,12.976364141679262,285.8481383467107,2.8406398113752746e-278
rs199358,23287875,6.8292846241e-4,15.117686900420543,0.9691581358417578,109.00841891473887,0.00321489,-1.4567901234567902,0.9256068915135501,-0.31701717369046956,108.6914017410484,0
rs199359,23338514,5.95158246225e-5,20.969194973200338,0.9972343295032671,216.3002902933501,3.2041e-4,4.960893854748604,0.9920534042188559,9.789943376268724,226.0902336696188,3.1687495718750935e-304
rs199360,23360174,8.6357225956e-4,2.762408716898178,0.9613156369304241,2.0416927615781084,0.004057690000000001,-0.8948194662480377,0.9079005276944841,-0.8289642042523278,1.2127285573257807,0
rs199618319,23545460,0.011939495824000002,0.8242504667423216,0.6425244159414886,-0.29608215154523254,0.20575296,0.7464726631393298,0.16276507920799815,-0.04347719328562446,-0.339559344830857,0
rs199628979,23126672,9.18864113476e-5,14.818469935550098,0.995736497937605,106.59658850447747,5.8564e-4,2.541322314049587,0.9855702657393108,1.0633314766639743,107.65991998114144,0
rs199649,23369704,6.0041266876900004e-5,19.04259204530349,0.997209980589456,177.86344368463833,3.2399999999999996e-4,4.905555555555556,0.9919650828290845,9.523580327196994,187.3870240118353,4.926e-321
rs199650,23367189,5.81981317129e-5,17.08899337638964,0.9972953964216565,142.66552965697997,3.2041e-4,4.670391061452514,0.9920534042188559,8.402102741122938,151.06763239810292,0
rs199653,23352512,2.6334473841e-4,-6.728165689953722,0.9878773260638952,20.153382029016228,0.0015920099999999998,-1.0751879699248121,0.9617231771198363,-1.0755653329208905,19.077816696095336,0
rs199654,23344218,6.957228099999999e-5,15.199856132358232,0.9967685211529427,112.27711215273746,3.920400000000001e-4,4.095959595959596,0.990294127258737,5.989513280691217,118.26662543342867,0
rs199656,23337615,5.98042382224e-5,21.555166474424958,0.9972209643138923,228.72417021845854,3.2041e-4,5.145251396648045,0.9920534042188559,10.714112598072866,239.4382828165314,1.9855096706157552e-298
rs199657,23337507,5.978769006250001e-5,21.473697824048624,0.997221731151853,226.9763282419628,3.2041e-4,5.156424581005586,0.9920534042188559,10.77120652389851,237.7475347658613,3.660913419776491e-299
rs199658,23330362,0.0017329653152100002,3.10154724242053,0.9252804866263854,3.1534049098887182,0.017476840000000004,-0.3494704992435703,0.695932483414189,-0.5527557658043926,2.6006491440843256,0
rs199659,23330202,1.5632000784e-4,-8.05995457017628,0.9927684185475221,29.781892936195796,9.2416e-4,-1.1546052631578947,0.9774177405229576,-1.2437910284518576,28.538101907743936,0
rs199974066,23534919,0.005209793605210001,-13.80694358046465,0.8046554727236143,75.87992149616677,0.06848689,-1.2728314864348491,0.36870814528833856,0.06867853372607485,75.94860002989284,0
rs2003555,23122915,6.25519646404e-5,-26.693075466115733,0.9970936516511935,352.3042939290036,3.2761000000000004e-4,-5.022099447513812,0.9918762852546927,10.101811490016257,362.40610541901987,5.036383756910033e-245
rs200717,23392271,5.8078116809999995e-5,-19.036465509323047,0.9973009587419085,177.7470314565524,3.2041e-4,-5.078212290502793,0.9920534042188559,10.37414985101993,188.12118130757233,1.026e-320
rs200780694,23680128,0.0033055255396900003,-0.1963554267684981,0.8665270118930722,-0.990223407936753,0.03470769,-0.6403650026838433,0.535420115385712,-0.27353172750474913,-1.2637551354415022,0
rs200964059,23520963,6.01712041401e-5,-1.2855765301320998,0.9972039594998996,-2.115732495311397,3.459599999999999e-4,-0.989247311827957,0.9914251637586514,-1.894352280979263,-4.01008477629066,0
rs2012088,23015481,6.53593019401e-5,1.5260541455202605,0.9969636105570919,-1.7376580833070643,4.4944e-4,-1.0188679245283019,0.9888888449382734,-1.7366241333187244,-3.474282216625789,0
rs2014768,23122440,6.25733207089e-5,-26.679417925674404,0.9970926622702583,351.94070277289006,3.2761000000000004e-4,-4.999999999999999,0.9918762852546927,9.991969691447714,361.93267246433777,3.136963711740986e-245
rs2014816,23123036,5.8914067802499996e-5,-18.20286494127457,0.9972622162830759,162.26826825721636,3.3124e-4,-5.175824175824176,0.9917870117556515,10.883549215499595,173.15181747271595,0
rs201549351,23499693,0.003959870256249999,1.9269476778832786,0.8442213158482779,0.6376911448759415,0.09991921,0.26890224612464414,0.28587925846636786,-0.1580158741197666,0.4796752707561749,0
rs201737238,23191492,6.401296065610001e-5,-23.077663386582106,0.9970259713605625,262.58840286533456,3.2761000000000004e-4,-4.734806629834254,0.9918762852546927,8.711652718496634,271.3000555838312,1.3654132192910527e-284
rs201885281,23236810,0.005060003275689999,2.1554200048640797,0.8092003332436193,1.0514401426080404,0.09960335999999999,0.19550063371356147,0.2865260549602818,-0.16332909569851023,0.8881110469095301,0
rs201891678,23555923,0.0023789713600899996,1.4014991378727086,0.9002065280463164,-0.2682334983117678,0.038690890000000006,0.3106253177427554,0.5083180530808585,-0.3304382919152024,-0.5986717902269703,0
rs202140248,23547162,0.019097028864000002,0.8632048164872062,0.5291311880290117,-0.1794540858730293,0.39175081,-1.1830963412685733,0.09264603348399046,0.016227789719270302,-0.163226296153759,0
rs2037607,22914712,6.17443922176e-5,3.1202658263932723,0.9971310661937166,1.9271559523735244,4.9284e-4,-0.26126126126126126,0.9878289593913393,-2.1706345935522564,-0.24347864117873197,0
rs2041357,23098548,7.11448388676e-5,1.314278804088804,0.9966957206626158,-1.995457841793307,5.0176e-4,-1.2276785714285714,0.9876114025662095,-1.4512280722767092,-3.4466859140700166,0
rs2041358,23099042,1.7520757955999999e-4,6.5,0.9919017291417636,18.545871670927543,0.00163216,-0.75990099009901,0.9607956925607511,-1.3420788240608814,17.203792846866662,0
rs2041360,23035050,6.59072819889e-5,7.11501010675841,0.9969382310568953,22.33980465838244,5.336099999999999e-4,1.7705627705627707,0.9868353694625276,-0.6182993638910272,21.721505294491415,0
rs2053197,23030165,7.19283787236e-5,1.2387248763715855,0.9966594511903538,-2.0861533606631077,5.0176e-4,-1.2410714285714286,0.9876114025662095,-1.434901070155602,-3.52105443081871,0
rs2058157,22939080,7.81167842569e-5,1.3764868408993967,0.9963730872665361,-1.8657647128624604,6.3504e-4,2.416666666666667,0.9843721084069315,0.7951542556340625,-1.0706104572283979,0
rs2058158,22938828,6.502567682249999e-5,4.0066345480136665,0.9969790629180878,5.101218365466906,5.1984e-4,1.7763157894736843,0.9871707292032742,-0.6206041617737894,4.480614203693117,0
rs2058159,22992629,1.7038864089e-4,6.112507948181685,0.9921227107849572,16.11233237975573,0.00153664,-0.32908163265306123,0.9630051925239981,-1.5963446680376538,14.515987711718077,0
rs2058274,23084767,1.2657825049000002e-4,2.276062822757695,0.9941362457876939,0.005559893732518972,0.0010304099999999998,0.4548286604361371,0.9748866755170128,-1.741341389271169,-1.7357814955386501,0
rs2058275,23164526,2.7312189696e-4,-6.843595701423178,0.9874329056166381,20.934775653924227,0.0017892899999999998,-0.3475177304964539,0.9571830485753646,-1.5176117812987362,19.41716387262549,0
rs2058995,23757260,7.428354106409998e-5,0.6619595093974909,0.9965504483819355,-2.6164160952289106,3.5721e-4,1.4074074074074072,0.9911487934869632,-1.3819691603401605,-3.998385255569071,0
rs2061677,23392724,9.3434760241e-4,2.86306846249726,0.9582774811940018,2.3392202697436706,0.00937024,0.6921487603305786,0.8102046901129101,-0.6368322094242834,1.7023880603193873,0
rs2067983,23099778,1.6561630864000003e-4,-1.0248422590370807,0.9923416522624254,-1.914850468976924,0.0011289599999999998,0.9672619047619049,0.9725507282459853,-1.3427507332755146,-3.2576012022524385,0
rs2068459,23154313,6.28268657956e-5,-26.113944140675265,0.9970809162192014,337.05547935598554,3.1684e-4,-4.837078651685393,0.9921412491653612,9.183664242392737,346.2391435983783,4.79619140811608e-252
rs2068621,23154301,0.00353419549081,-6.998121081732104,0.8585992161378954,20.046311155707464,0.01934881,-1.6693026599568654,0.6739815002187913,0.3786482006761238,20.42495935638359,0
rs2072368,23146112,6.245456395239999e-5,-26.756524886053334,0.9970981640414548,353.9958771156195,3.1684e-4,-5.056179775280898,0.9921412491653612,10.258958852470819,364.25483596809033,3.198985640074154e-244
rs2074767,23285898,0.004100596488810001,-8.296549279388593,0.8395733728636751,27.980104325436617,0.025568009999999995,-1.904315196998124,0.6100535916828954,0.6352811836449428,28.61538550908156,0
rs2078458,23014355,3.1903675455999996e-4,0.911581269315179,0.9853511840516895,-1.7022941189755372,0.00239121,0.1329243353783231,0.9435918436864624,-1.4292346526974027,-3.13152877167294,0
rs2078535,23016530,6.34901395249e-5,5.389812087494211,0.9970501898685961,11.569183830979632,4.1208999999999994e-4,2.783251231527094,0.9898028040618538,1.5409262316272443,13.110110062606877,0
rs2078536,23016647,6.348838656159999e-5,5.3895978393465835,0.9970502710726408,11.568019917847144,4.1208999999999994e-4,2.7733990147783256,0.9898028040618538,1.513832694706141,13.081852612553284,0
rs2091491,23193549,4.3521469924e-4,-3.0926669798387483,0.9801228179198804,2.7281445679395437,0.002304,2.064583333333333,0.9455370650529501,0.5600604711430672,3.288205039082611,0
rs2103281,23194231,6.388485183999999e-5,-23.195500950855774,0.9970319056032891,265.3072508153922,3.2761000000000004e-4,-4.8674033149171265,0.9918762852546927,9.343091679617228,274.6503424950094,3.8929176917012473e-283
rs2109345,23705430,6.81876274564e-5,-3.0700762208782715,0.9968326315464796,1.8203301060169368,3.8416e-4,0.20408163265306123,0.9904873594003193,-2.3069403287713226,-0.4866102227543858,0
rs2109346,23705717,6.80887375281e-5,-3.116684178443185,0.996837210532424,1.9633484590675274,3.8025e-4,0.13846153846153847,0.9905832678103776,-2.323138044029721,-0.3597895849621935,0
rs2109348,23683779,1.3163661289e-4,5.395465994962216,0.9939033451047328,11.916779110563365,7.840000000000001e-4,0.9535714285714286,0.9807767752059632,-1.5299086428798254,10.38687046768354,0
rs2112035,23772368,7.003346596000001e-5,1.058757737255933,0.9967471698087303,-2.3054541028439255,3.4969000000000005e-4,-0.8983957219251336,0.9913335145821442,-1.9740859596386486,-4.279540062482575,0
rs2141305,23191899,6.37429785664e-5,-23.944628703694427,0.9970384775241615,282.91260856952505,3.5721e-4,-4.714285714285714,0.9911487934869632,8.650287373495122,291.5628959430202,8.615963666085181e-276
rs2141306,23191664,6.388980747209999e-5,-24.015683507420768,0.9970316760477214,284.61065330579845,3.3124e-4,-5,0.9917870117556515,9.996318424159675,294.6069717299581,1.8085444016738863e-274
rs2141307,23191424,6.290663007690001e-5,-26.208965159865194,0.99707722101523,339.5334743274774,3.2041e-4,-4.921787709497207,0.9920534042188559,9.59824216056943,349.13171648804683,8.652168152404117e-251
rs2159493,23705799,6.81078825625e-5,-3.133658477477205,0.9968363240400413,2.016364045191946,3.8025e-4,0.1846153846153846,0.9905832678103776,-2.315752630317052,-0.29938858512510613,0
rs2170681,23539546,1.53239641e-4,-3.2501171338557233,0.9929099102587524,2.7696548157663896,9.363599999999999e-4,-2.0947712418300655,0.9771264470021273,0.2549609779678266,3.024615793734216,0
rs2170682,23548872,6.214168899999998e-5,-4.128415577825701,0.9971126592245028,5.573592266672874,3.7636e-4,-1.675257731958763,0.9906787040733737,-0.9475626265357209,4.626029640137153,0
rs2170683,23561046,6.205815728999999e-5,0.991227134823616,0.9971165292362084,-2.43453122568664,3.8808999999999995e-4,0.634517766497462,0.9903909791228057,-2.1231544328898893,-4.5576856585765295,0
rs2178138,23194033,4.3471833001e-4,-3.1175832977616196,0.9801450380428584,2.8035237238216277,0.002304,2.09375,0.9455370650529501,0.6174000712859482,3.420923795107576,0
rs2178139,23191636,6.38803759504e-5,-24.01382792911372,0.9970321129362403,284.5662766900171,3.3124e-4,-5,0.9917870117556515,9.996318424159675,294.56259511417676,1.7300420386040103e-274
rs2178140,23191625,6.37471302724e-5,-23.976413357414284,0.9970382852056423,283.6719071959909,3.2761000000000004e-4,-4.994475138121547,0.9918762852546927,9.964584932129842,293.6364921281208,6.852597756603236e-275
rs2191303,23717467,6.32503680601e-5,5.758310375568495,0.9970612971336728,13.615454734078542,3.459599999999999e-4,0.40860215053763443,0.9914251637586514,-2.2966996419219,11.318755092156643,0
rs2191304,23717544,5.864603612490001e-5,7.26987347987156,0.997274637982755,23.40093406569629,3.1684e-4,-0.2865168539325843,0.9921412491653612,-2.382340422160908,21.018593643535382,0
rs2191305,23723212,5.821079616e-5,3.653913704519241,0.9972948094672489,3.7011925992187322,3.0275999999999995e-4,-1.488505747126437,0.99248785939226,-1.3461148648983143,2.355077734320418,0
rs2215367,23717271,5.8651243728100004e-5,7.260436565814575,0.997274396637875,23.332598189210763,3.1684e-4,-0.24719101123595508,0.9921412491653612,-2.3927522061953574,20.939845983015406,0
rs2216499,23786189,7.092469402240002e-5,-0.35983794207331554,0.9967059114774196,-2.793284479372709,3.6480999999999997e-4,-1.3403141361256545,0.990962177203361,-1.463065457738859,-4.256349937111568,0
rs2240726,22853135,6.78516285841e-5,4.685530659045963,0.9968481897644451,8.062611889515892,3.3856e-4,0.03260869565217391,0.9916070380301131,-2.3896536912466537,5.672958198269239,0
rs2240728,22852499,6.792397056e-5,4.67494175888177,0.9968448399734002,8.013704055017715,3.3856e-4,0.05434782608695653,0.9916070380301131,-2.3887164445188374,5.624987610498878,0
rs2268744,23332280,6.11829018025e-5,-22.47841011512475,0.9971570814993801,248.9897651984938,3.2041e-4,-5.5418994413407825,0.9920534042188559,12.816788380995025,261.8065535794888,1.0286995947533963e-288
rs2268745,23317600,6.21856839241e-5,-27.23049941730632,0.9971106209582874,366.75545500371817,3.2041e-4,-5.162011173184357,0.9920534042188559,10.799799929809563,377.55525493352775,1.9112207605636237e-238
rs2268747,23313462,6.215099128809999e-5,-27.212982917680907,0.997112228252737,366.28032004857675,3.2399999999999996e-4,-5.105555555555556,0.9919650828290845,10.516647593451447,376.7969676420282,8.953459384783895e-239
rs2268748,23313171,3.7653850116000005e-4,7.593148016449708,0.9827564744804175,26.3006936668681,0.00237169,0.5462012320328542,0.9440265422502618,-1.3006203844960076,25.000073282372092,0
rs2270100,22936202,6.65257190689e-5,7.269654366608512,0.9969095899164784,23.452550760799316,5.336099999999999e-4,1.6753246753246753,0.9868353694625276,-0.7802290596428665,22.67232170115645,0
rs2270101,22936004,5.9224260232899995e-5,5.609422367988483,0.9972478410655125,12.74182565448787,3.8808999999999995e-4,-0.15736040609137056,0.9903909791228057,-2.3102642955230004,10.43156135896487,0
rs2270102,22935963,6.65642225161e-5,7.284355699260543,0.9969078067941218,23.559442917030008,5.336099999999999e-4,1.7012987012987015,0.9868353694625276,-0.7369541066895424,22.822488810340467,0
rs2270103,22862722,6.78705754896e-5,4.689659106909628,0.9968473124268965,8.08203289819442,3.3489e-4,0.06010928961748634,0.9916972625932537,-2.3937934413282296,5.6882394568661905,0
rs2270104,22862626,2.3669207104000002e-4,-1.6992551089386927,0.9890908564206489,-0.8310929289130253,0.00164025,-1.2469135802469136,0.9606090261225616,-0.8703349654729513,-1.7014278943859766,0
rs2270105,22862467,6.786942212410001e-5,4.689698954516046,0.9968473658335082,8.08221129873619,3.3489e-4,0.06557377049180327,0.9916972625932537,-2.393452896118763,5.688758402617427,0
rs2270106,22862192,6.13508759824e-5,3.161714764295235,0.9971492986781253,2.053876574101295,3.8416e-4,0.12244897959183673,0.9904873594003193,-2.3201413264809476,-0.2662647523796524,0
rs2270107,22862183,6.787403564490002e-5,4.690122193536014,0.9968471522043733,8.084221524339625,3.3489e-4,0.06557377049180327,0.9916972625932537,-2.393452896118763,5.690768628220862,0
rs2270108,22862131,6.784866322089998e-5,4.6740269247532185,0.9968483270758982,8.008926351698202,3.3489e-4,0.06557377049180327,0.9916972625932537,-2.393452896118763,5.615473455579439,0
rs227917,23646317,8.110155180960002e-5,5.5260814334128385,0.9962350281557389,12.42029399940158,4.884100000000001e-4,-0.22624434389140272,0.9879370417361413,-2.1835233898803414,10.236770609521237,0
rs227918,23646489,5.81435225361e-5,3.0641859415962096,0.9972979273807243,1.725064462435642,3.5344e-4,-0.8563829787234042,0.9912413910685186,-2.005374935098468,-0.28031047266282627,0
rs227919,23647378,6.0555477427599996e-5,1.6870648466795346,0.9971861533022259,-1.517511869704309,3.5721e-4,0.1746031746031746,0.9911487934869632,-2.348492535887545,-3.8660044055918537,0
rs227920,23647556,5.81847058521e-5,2.7516259411187103,0.9972960186657754,0.8189711245853895,3.5721e-4,-0.5555555555555556,0.9911487934869632,-2.2106456893254878,-1.3916745647400983,0
rs227921,23648542,1.8672129316e-4,0.7705384716713258,0.991374144167143,-2.0821914915239708,0.0011289599999999998,-0.38392857142857145,0.9725507282459853,-1.7260302737474569,-3.8082217652714276,0
rs227922,23652034,8.105797036839999e-5,5.512138990272369,0.9962370437208994,12.343396708347045,4.884100000000001e-4,-0.1764705882352941,0.9879370417361413,-2.1934248084002292,10.149971899946816,0
rs227923,23655548,8.095482630010001e-5,5.5462579008145605,0.9962418139855096,12.530776174482524,4.884100000000001e-4,-0.22171945701357465,0.9879370417361413,-2.1845246569216785,10.346251517560844,0
rs227928,23623129,5.92418077969e-5,4.22258658389709,0.9972470278728499,5.943038567177101,3.6863999999999994e-4,-1.3750000000000002,0.9908681590462298,-1.4113139268163972,4.531724640360704,0
rs227929,23623559,1.5842249956e-4,5.393315112897843,0.9926718671149191,11.979326887157539,9.4864e-4,0.6948051948051948,0.9768334186434519,-1.646737002309602,10.332589884847938,0
rs227931,23624335,5.93534649744e-5,4.249310758399402,0.9972418534650341,6.056821343478647,3.6863999999999994e-4,-1.3645833333333335,0.9908681590462298,-1.4254522908479272,4.63136905263072,0
rs227933,23624570,5.8769395854400006e-5,2.715858869936813,0.9972689209427839,0.7263433877579502,3.459599999999999e-4,-0.6451612903225807,0.9914251637586514,-2.173129711695073,-1.4467863239371228,0
rs227934,23627287,5.856550089610001e-5,3.4952128695211298,0.997278370379759,3.1383698633154897,3.61e-4,-0.9736842105263158,0.9910557221079755,-1.8885800357643454,1.2497898275511443,0
rs227937,23637416,5.8397260076099996e-5,3.4049524916217497,0.9972861675736273,2.826422321791192,3.5721e-4,-0.7936507936507936,0.9911487934869632,-2.0514475648991994,0.7749747568919925,0
rs227938,23639490,5.84206463556e-5,3.3940136118503164,0.9972850837190513,2.7895301116977245,3.5721e-4,-0.8042328042328042,0.9911487934869632,-2.043067986062295,0.7464621256354294,0
rs227939,23600173,1.7639824225e-4,2.19983435605918,0.9918471441938189,-0.004784846797442732,0.0010562500000000001,1.283076923076923,0.974273100928604,-1.028142815624348,-1.0329276624217907,0
rs227940,23601224,5.90324842276e-5,1.8511543277202647,0.9972567284733246,-1.2406161524730448,3.5721e-4,1.82010582010582,0.9911487934869632,-0.7218692248105041,-1.9624853772835489,0
rs227941,23602591,1.7624686564000002e-4,2.178550445170912,0.9918540835961723,-0.051408838725515604,0.0010562500000000001,1.2676923076923077,0.974273100928604,-1.0472593221490771,-1.0986681608745927,0
rs227942,23602915,1.7624686564000002e-4,2.210495789330963,0.9918540835961723,0.018124889712511916,0.0010562500000000001,1.3169230769230769,0.974273100928604,-0.9852747991834894,-0.9671499094709775,0
rs227943,23603071,1.7620438564e-4,2.2142426662247066,0.9918560309806012,0.026232067748789945,0.0010562500000000001,1.3384615384615384,0.974273100928604,-0.9574140474546862,-0.9311819797058962,0
rs227944,23603318,1.2061969928999999e-4,0.09784479226419733,0.9944107336519648,-2.588693575058669,7.5625e-4,0.8618181818181818,0.9814445637172213,-1.6290217916044625,-4.217715366663131,0
rs227945,23604565,1.7697246961e-4,2.236057760973006,0.9918208213618991,0.0764476232606679,0.0010627599999999998,1.266871165644172,0.97411864180586,-1.0454041952928903,-0.9689565720322224,0
rs227946,23607504,5.95627389361e-5,1.4376581593715219,0.9972321554527976,-1.914273085095629,3.6863999999999994e-4,1.5625,0.9908681590462298,-1.138438125204057,-3.052711210299686,0
rs227947,23607741,5.85044473924e-5,-1.6074767088256752,0.9972811999168085,-1.6653043006191512,3.4969000000000005e-4,0.6844919786096256,0.9913335145821442,-2.141911588233298,-3.807215888852449,0
rs227948,23608769,5.8698429020099997e-5,-1.7434467707978474,0.9972722098543446,-1.4364741172401072,3.4969000000000005e-4,0.6577540106951871,0.9913335145821442,-2.159700537885856,-3.596174655125963,0
rs227949,23608778,5.874869915289999e-5,-1.769172460491313,0.9972698801156495,-1.3909918793519402,3.4969000000000005e-4,0.7112299465240641,0.9913335145821442,-2.1234139154870126,-3.514405794838953,0
rs227950,23610440,5.85687151204e-5,-0.6836712827093094,0.9972782214163248,-2.720167737650425,3.5344e-4,0.20212765957446807,0.9912413910685186,-2.3486102158983795,-5.068777953548805,0
rs227951,23610629,5.867299562890001e-5,-3.4522176079625786,0.9972733885535201,2.9903077581010473,3.5721e-4,-0.291005291005291,0.9911487934869632,-2.321633488489785,0.6686742696112624,0
rs227952,23611517,1.3962494569e-4,5.463461489637196,0.9935357628247801,12.307493753438896,8.6436e-4,1.1496598639455782,0.9788480720118949,-1.2811316484159065,11.02636210502299,0
rs227955,23615305,5.84120861284e-5,2.6920963314396067,0.9972854804488959,0.6592845968284178,3.459599999999999e-4,-0.478494623655914,0.9914251637586514,-2.265964774072115,-1.6066801772436974,0
rs227956,23615441,5.91050364804e-5,3.8573071209862673,0.9972533661912197,4.470286186907533,3.6863999999999994e-4,-1.296875,0.9908681590462298,-1.514730952693415,2.955555234214118,0
rs227957,23617144,5.89851648324e-5,4.039032939332151,0.9972589214037413,5.184832962317884,3.6480999999999997e-4,-1.2827225130890054,0.990962177203361,-1.5379152776254812,3.646917684692403,0
rs2286272,23224367,6.368742259360001e-5,-23.444070752991063,0.9970410510378122,271.08761080550755,3.2761000000000004e-4,-4.900552486187845,0.9918762852546927,9.503676271570798,280.59128707707833,1.48045315815319e-280
rs2286490,22985961,6.514055674090001e-5,1.3870575655714246,0.9969737420237171,-1.9411610141762525,4.4521000000000003e-4,-1.2274881516587677,0.9889922688001866,-1.5095079509220417,-3.450668965098294,0
rs2286491,22985868,6.513910397440001e-5,1.3924751699938545,0.9969738093111636,-1.9336656472285485,4.4521000000000003e-4,-1.2227488151658767,0.9889922688001866,-1.515250286033222,-3.4489159332617705,0
rs2286493,22984967,6.484501096959999e-5,1.661765582467365,0.9969874309351632,-1.5259081534260635,4.4521000000000003e-4,-1.3507109004739337,0.9889922688001866,-1.3524101021550572,-2.878318255581121,0
rs2286494,22984824,7.452057420089999e-5,8.171022863517416,0.9965394792155998,30.434117326738264,5.8564e-4,0.640495867768595,0.9855702657393108,-1.9170744734492688,28.517042853288995,0
rs2286495,22982207,5.97001930281e-5,5.644779909377875,0.9972257857641016,12.943878104150743,3.920400000000001e-4,2.106060606060606,0.990294127258737,-0.12129158845286758,12.822586515697875,0
rs2286496,22928610,7.775564940899999e-4,-0.37431638138477374,0.9650340485426524,-1.6090834644245948,0.00525625,-0.14344827586206896,0.8838558210191964,-1.0673677378540547,-2.6764512022786495,0
rs2286497,22927998,6.497649664e-5,1.576605299722112,0.9969813408144718,-1.6623808435151393,4.4521000000000003e-4,-0.8293838862559242,0.9889922688001866,-1.9144258789939586,-3.576806722509098,0
rs2286499,22857477,6.426459291039998e-5,3.674387390039569,0.9970143154841303,3.823443179617721,3.3856e-4,0.266304347826087,0.9916070380301131,-2.355019495757801,1.4684236838599198,0
rs2286500,22856804,6.95360857689e-5,-1.3783348503327206,0.9967701969116055,-1.9208315748475764,4.6224999999999993e-4,0.0186046511627907,0.9885757712435665,-2.23583833532299,-4.156669910170566,0
rs2286502,22856619,2.3675976899999998e-4,-1.6682589198674207,0.9890877702682961,-0.8825764974779913,0.00164025,-1.1777777777777778,0.9606090261225616,-0.9508498436386759,-1.8334263411166671,0
rs2286503,22856606,6.422163154559999e-5,3.6981272398750167,0.997016305481423,3.910373334088072,3.3856e-4,0.25,0.9916070380301131,-2.35919317259261,1.5511801614954623,0
rs2286504,22854847,7.00187379984e-5,4.75299125687762,0.9967478516506899,8.394508687575598,3.459599999999999e-4,-0.005376344086021506,0.9914251637586514,-2.379447363055936,6.015061324519662,0
rs2286505,22854840,6.427806136959999e-5,3.6681775547062876,0.9970136916183102,3.800813455859643,3.3856e-4,0.21195652173913043,0.9916070380301131,-2.367906638265281,1.432906817594362,0
rs2286506,22854815,7.001589300249999e-5,4.75386463182174,0.996747983362003,8.398627949049986,3.459599999999999e-4,-0,0.9914251637586514,-2.379461691665656,6.019166257384331,0
rs2286507,22854760,6.423028678439999e-5,3.6858746403339997,0.9970159045647083,3.865336154023045,3.3856e-4,0.22282608695652176,0.9916070380301131,-2.3655635214457393,1.4997726325773058,0
rs2286508,22854488,1.2636008099999998e-4,3.9483942709723334,0.9941462933563671,5.178939448871342,7.182400000000001e-4,1.7985074626865671,0.9823607307192059,-0.4300275267571916,4.74891192211415,0
rs2286705,23028041,6.58464085764e-5,7.002962568611068,0.99694105032345,21.55089281929805,5.29e-4,1.7304347826086959,0.9869476177551876,-0.6917320950633579,20.85916072423469,0
rs2286706,23028305,6.413687310249999e-5,6.935787377240574,0.9970202315688259,21.072947328051022,5.152900000000001e-4,1.7312775330396475,0.9872815917151277,-0.70275206548456,20.37019526256646,0
rs2286707,23028610,7.181189615609999e-5,1.4196519077339547,0.9966648429139975,-1.8472728367087445,5.0176e-4,-1.1875,0.9876114025662095,-1.4991461996592714,-3.346419036368016,0
rs2286708,23053948,8.6210355456e-4,-0.07820725028608794,0.9613788877156705,-1.6240380244162844,0.005975289999999999,0.18887451487710222,0.8700325761947342,-1.0047171336351608,-2.628755158051445,0
rs2390750,23462162,7.040820972159998e-5,-17.06169496696445,0.9967298210808118,142.21328539447964,4.2025000000000005e-4,-3.3073170731707315,0.9896029836529958,3.1291918271477783,145.3424772216274,0
rs2390751,23467477,1.0091809764e-4,-6.090485576061638,0.9953193918801766,15.778032384572024,6.864400000000001e-4,-1.4236641221374045,0.9831285312747932,-1.0447536072728874,14.733278777299136,0
rs2390753,23469560,0.00160481161201,2.3810125286756647,0.9304215753298981,1.3047322344453327,0.01817104,-0.3078635014836795,0.6876273829726958,-0.5491926196912484,0.7555396147540843,0
rs2390754,23190494,6.399392014440001e-5,-23.078846245196647,0.9970268533486172,262.6157065762307,3.2761000000000004e-4,-4.723756906077348,0.9918762852546927,8.659819984442239,271.275526560673,1.3323283948639925e-284
rs2390755,23190716,6.372509584e-5,-23.987197474570326,0.9970393059024192,283.9298851310982,3.2761000000000004e-4,-4.961325966850828,0.9918762852546927,9.800912174946395,293.7307973060446,7.530285776720418e-275
rs2390789,23563617,6.20387796609e-5,0.9032409188380074,0.9971174270031766,-2.5177897774399165,3.8416e-4,0.6428571428571429,0.9904873594003193,-2.1228998567961175,-4.640689634236034,0
rs2390790,23575743,0.00348127140529,0.9817566433850884,0.8604211209111139,-0.5699059242000002,0.05499024999999999,-0.3684434968017058,0.4210958493108504,-0.24472716970520064,-0.8146330939052009,0
rs2390809,23782824,7.44016654096e-5,1.0905509620155722,0.9965449819194555,-2.2413676228563357,3.6480999999999997e-4,-0.774869109947644,0.990962177203361,-2.0556706729979948,-4.29703829585433,0
rs2390811,23796656,5.88760032249e-5,1.4136453857452103,0.9972639803346336,-1.9541627291395194,2.9584e-4,0.5813953488372093,0.9926582992189765,-2.2893229216299376,-4.243485650769457,0
rs2529003,23320911,7.0009984836e-4,15.201856429095141,0.9684071551932567,110.17031017367887,0.0030691599999999996,-1.5018050541516246,0.9287388005709886,-0.2733543442066537,109.89695582947222,0
rs2615691,23402104,4.3062890255999995e-4,4.064669712214962,0.9803281408843108,6.133982164475931,0.00256036,0.35375494071146246,0.9398416742715523,-1.3465806193665468,4.787401545109384,0
rs2696715,23231910,3.986611222500001e-4,0.6885933939348409,0.9817618493976552,-1.7693633234675608,0.00204304,-2.6393805309734515,0.9514059877687245,1.801776360663192,0.03241303719563127,0
rs274017,23436278,6.56334921025e-5,-8.47145881292855,0.9969509113761514,32.87694107788349,4.0804e-4,-1.2178217821782178,0.9899020096000697,-1.5636525897957894,31.313288488087696,0
rs274019,23455771,7.660329352899999e-4,-12.20144305983604,0.965534391472314,70.18817231708017,0.00586756,-1.227154046997389,0.87207603805391,-0.3715268903093676,69.8166454267708,0
rs274020,23456535,7.202509529759999e-5,1.9547860432014101,0.996654974435706,-0.9459372206653338,4.6224999999999993e-4,-1.3116279069767443,0.9885757712435665,-1.3856524789678413,-2.331589699633175,0
rs274022,23430924,7.419720588839999e-5,17.422780707192427,0.9965544437689801,148.41835386115673,5.5696e-4,2.3262711864406778,0.9862672152942429,0.5246264454611205,148.94298030661784,0
rs274023,23421584,5.3934953121e-4,4.405547733154208,0.9754833609888995,7.612303895534071,0.00268324,0.005791505791505791,0.9371359812422861,-1.3833749423985393,6.228928953135531,0
rs274024,23421788,5.356956540099999e-4,4.406677871342099,0.9756454063408414,7.615418921151151,0.00268324,0.02895752895752896,0.9371359812422861,-1.3829977465980363,6.232421174553115,0
rs274025,23422643,5.3954927524e-4,4.402321316331012,0.9754745041171193,7.598538094452028,0.00268324,-0.0444015444015444,0.9371359812422861,-1.3824668784343654,6.216071216017663,0
rs274026,23423572,3.5205767424e-4,-4.708024217617464,0.9838594752883822,8.840653627551298,0.0019359999999999998,-1.8636363636363638,0.9538344143456696,0.11864013654479799,8.959293764096095,0
rs274027,23423911,5.1950717329e-4,4.020164350866725,0.9763639954210009,6.017369387503651,0.00245025,-0.4666666666666666,0.942279491875784,-1.3234676040340436,4.693901783469608,0
rs274028,23425137,0.0011820669134400001,1.770072016101823,0.9477932755675355,0.008519606835456717,0.013782760000000002,1.813458262350937,0.7437327500485286,0.542164023199647,0.5506836300351037,0
rs274029,23426058,5.243458819600001e-4,4.142078555020831,0.9761490995111312,6.505837984249586,0.0025200400000000003,-0.4282868525896414,0.9407328873632291,-1.326571218061148,5.179266766188438,0
rs274030,23426935,5.185503208899999e-4,3.893297382277125,0.9764065021934576,5.5266778508086825,0.0027562499999999996,-0.45333333333333337,0.935535740388832,-1.2746906669113436,4.251987183897339,0
rs274031,23372098,8.6119358521e-4,2.803796756638872,0.9614180803441909,2.151500804412841,0.0043560000000000005,-1.115151515151515,0.9017945711966815,-0.599627754142638,1.5518730502702032,0
rs274032,23374559,5.81963008225e-5,-19.133529523572324,0.9972954812773084,179.59450909351952,3.1684e-4,-5.089887640449438,0.9921412491653612,10.428616133369003,190.0231252268885,6.873e-320
rs274033,23374600,8.569553664399999e-4,2.751306629135951,0.9616006636941341,2.0096510313063893,0.004006889999999999,-0.9052132701421801,0.9089485760070752,-0.8257641565308043,1.183886874775585,0
rs274034,23450798,6.974471276890002e-5,-17.112483879813155,0.9967605380230753,143.0780609259068,4.1208999999999994e-4,-3.2857142857142856,0.9898028040618538,3.050093883955967,146.1281548098628,0
rs274035,23450198,6.248744400999999e-5,-16.568963554251162,0.9970966407658031,133.94580279473655,3.6863999999999994e-4,-2.682291666666667,0.9908681590462298,1.2164999331845565,135.16230272792112,0
rs274036,23450036,7.600993860100001e-4,-12.067580948788352,0.9657922234419448,68.63482428302365,0.00580644,-1.1509186351706036,0.8732396580044203,-0.4543759138166462,68.180448369207,0
rs274037,23448015,8.3822988484e-4,-12.689709244893308,0.9624081921267738,75.84719543025945,0.00652864,-1.4715346534653466,0.859685561409059,-0.05114701572174574,75.79604841453771,0
rs274038,23447345,2.8606648225000005e-4,-1.9510804978271792,0.9868451246782265,-0.28716229790398007,0.0016892099999999998,0.05352798053527981,0.9594808824633522,-1.6016161153945883,-1.8887784132985683,0
rs274040,23414359,8.7329115225e-4,2.351809552814578,0.9608972958384178,1.0365835710888174,0.0042250000000000005,-0.6523076923076923,0.9044657998869418,-0.9817079823515217,0.0548755887372957,0
rs274041,23412480,6.679691940099999e-4,2.4695396806357874,0.9698133207817599,1.2070872115165252,0.0034456900000000004,-0.40034071550255534,0.9206897162871622,-1.1934130307676607,0.013674180748864506,0
rs274043,23410186,8.718082969600001e-4,2.681789855857809,0.9609611004854964,1.8340162414442929,0.00467856,-0.5657894736842105,0.8952840019911117,-0.9849535465565674,0.8490626948877255,0
rs274044,23410136,8.630198798399999e-4,2.569383739770979,0.9613394245643422,1.5467855462021252,0.004134489999999999,-0.6158631415241058,0.9063206576081428,-1.0120607827092483,0.5347247634928769,0
rs274046,23383639,8.57494089e-4,2.797674418604651,0.9615774515665514,2.1335693793688257,0.004006889999999999,-0.8562401263823065,0.9089485760070752,-0.8649688857967495,1.2686004935720763,0
rs274047,23383697,8.57669796e-4,2.7974253909717954,0.9615698810598702,2.1329683647852176,0.00401956,-0.8817034700315457,0.9086869564348213,-0.843523739915143,1.2894446248700746,0
rs274050,23384938,8.400142889999999e-4,2.6691888348342134,0.9623311819966279,1.788636153099402,0.0038316099999999996,-1.0710823909531502,0.9125834072716015,-0.6950692609581698,1.093566892141232,0
rs274051,23385258,8.573711048099999e-4,2.781499202551834,0.9615827505306966,2.0901324559021326,0.00401956,-0.8533123028391167,0.9086869564348213,-0.8659043011425029,1.2242281547596296,0
rs274052,23389033,8.569553664399999e-4,2.7782248973484824,0.9616006636941341,2.0812159551358658,0.00401956,-0.8217665615141956,0.9086869564348213,-0.8899125395500347,1.191303415585831,0
rs274053,23390192,8.3418725329e-4,2.424827662616897,0.9625827069365706,1.187080548969963,0.0037088100000000003,-1.1247947454844007,0.9151473124068122,-0.6545139465552139,0.5325666024147491,0
rs274054,23390467,5.98098063424e-5,-21.700923751693892,0.9972207062887448,231.86784009516794,3.1684e-4,-5.769662921348314,0.9921412491653612,14.090636288510927,245.95847638367886,1.3475847692579604e-295
rs274055,23390952,8.5683827524e-4,2.7830847436782156,0.9616057089919288,2.0941644386084617,0.00403225,-0.84251968503937,0.9084250748031273,-0.8728809296243006,1.2212835089841612,0
rs274056,23391345,8.567387540100001e-4,2.7774076617435544,0.9616099972656497,2.0789474480695675,0.00401956,-0.8170347003154574,0.9086869564348213,-0.8934357824462811,1.1855116656232865,0
rs274057,23391446,8.566567996900001e-4,2.78614355950213,0.9616135286268944,2.1022835390461125,0.00403225,-0.8393700787401575,0.9084250748031273,-0.8752870254266187,1.2269965136194938,0
rs274058,23391509,5.9878346372100007e-5,-21.84073371921567,0.9972175301735815,234.9029729293248,3.1684e-4,-5.8033707865168545,0.9921412491653612,14.284154560188812,249.1871274895136,3.402055960739351e-294
rs274059,23391639,8.417135512900001e-4,2.440309799636706,0.9622578578182801,1.2266876291986317,0.00378225,-0.816260162601626,0.9136122515402931,-0.920093622935231,0.3065940062634007,0
rs274060,23392336,8.387568976899999e-4,2.4603660747273084,0.9623854463735295,1.2726704989256996,0.0038564100000000002,-1.114331723027375,0.912067357998523,-0.6493190281414067,0.6233514707842929,0
rs274061,23394647,8.3813724036e-4,2.535657292076848,0.9624121907523135,1.4534047017845482,0.0038564100000000002,-1.1433172302737518,0.912067357998523,-0.6194765945743708,0.8339281072101774,0
rs274062,23395986,6.61388574564e-5,-5.01754670719501,0.996927506110259,9.656578419466916,3.5344e-4,-3.6595744680851063,0.9912413910685186,4.268733780893635,13.925312200360551,0
rs274063,23397835,8.4551263729e-4,2.767804881403962,0.9620939654078743,2.0488552421026753,0.00394384,-0.9713375796178344,0.9102527225658933,-0.7759685765043743,1.272886665598301,0
rs274065,23399581,8.536097155599999e-4,2.7482698192123656,0.96174484401982,2.0002846862483628,0.00403225,-0.7700787401574802,0.9084250748031273,-0.9259411996020135,1.0743434866463493,0
rs274066,23399833,8.3996212041e-4,2.5040525013715365,0.9623334332791118,1.3775583237972868,0.00390625,-0.8896,0.911032028469751,-0.849249441876901,0.5283088819203858,0
rs28391203,23656944,2.4994661408999996e-4,-1.2913591023232573,0.9884869875190325,-1.4079341137959784,0.00164025,0.8296296296296296,0.9606090261225616,-1.2865227425611194,-2.694456856357098,0
rs28406908,23799193,5.8000257324099996e-5,-1.8250634536929196,0.9973045673219036,-1.2971590143980385,3.0275999999999995e-4,-0.5632183908045977,0.99248785939226,-2.288201413555484,-3.5853604279535225,0
rs28425746,22951879,7.76471142976e-5,1.2513391195402508,0.9963948151283885,-2.032588906364266,6.300100000000001e-4,2.549800796812749,0.9844939737893247,1.1170726888405418,-0.9155162175237241,0
rs28431944,22893172,1.4450924943999998e-4,-0.08079559444980536,0.9933111460233784,-2.5004142298671894,9.060099999999998e-4,0.6445182724252492,0.9778514208547839,-1.701889366010066,-4.202303595877256,0
rs28458177,23294872,6.152645345439999e-5,-28.153668847560137,0.9971411637000693,392.2528660982501,3.1684e-4,-5.1853932584269655,0.9921412491653612,10.915433578456401,403.1682996767065,2.5404745639895853e-227
rs28479437,23621202,2.4203269476000004e-4,-1.5475079383444534,0.9888474521313401,-1.0640071936312472,0.00163216,0.017326732673267328,0.9607956925607511,-1.619340104325141,-2.683347297956388,0
rs28482112,23708616,2.8694666024999996e-4,0.9191888780660586,0.9868051834245792,-1.7470857126336212,0.00181476,1.8333333333333335,0.9566000139663603,0.038971388075005775,-1.7081143245586154,0
rs28483572,23131785,6.25595574916e-5,-26.708650148050562,0.9970932998904268,352.7188777956588,3.2399999999999996e-4,-5.022222222222222,0.9919650828290845,10.098047513359447,362.81692530901825,7.595137242525287e-245
rs28485523,23662013,5.80570850304e-5,3.309434190080215,0.9973019335063551,2.503792300686461,3.5344e-4,-0.6702127659574468,0.9912413910685186,-2.1462336349242275,0.3575586657622334,0
rs28488122,22953967,7.75546183801e-5,1.300174529978391,0.9963990942842832,-1.9711016169200735,6.300100000000001e-4,2.553784860557769,0.9844939737893247,1.1270815520365551,-0.8440200648835183,0
rs28498871,22907986,7.793588890000001e-4,-0.26737471791381595,0.9649558370116835,-1.641081127008984,0.0038688399999999997,-0.28938906752411575,0.9118089286153909,-1.175944586239983,-2.817025713248967,0
rs28499396,23124098,6.220950129e-5,-23.02993419801453,0.9971095175132814,261.49924469117207,3.2399999999999996e-4,-5.216666666666667,0.9919650828290845,11.085496705765161,272.5847413969372,4.9339649814499493e-284
rs28502783,23282960,2.9545484544e-4,-5.500308340314623,0.9864192604258512,12.771712852473716,0.00249001,-1.2264529058116231,0.9413977544368665,-0.710472126452027,12.061240726021689,0
rs28517512,23656754,0.00297598616676,1.1033607930694413,0.8782128527060157,-0.5181698497568239,0.04435236000000001,-0.98005698005698,0.47420131458088427,-0.09368048177254823,-0.6118503315293722,0
rs28525068,23799026,2.1706718224000001e-4,1.288491298563788,0.9899863105464891,-1.4801085879719074,0.0014976899999999999,1.1136950904392766,0.9639090754208246,-1.0630806329593776,-2.5431892209312847,0
rs28526185,22871318,6.934409183609998e-5,-1.3580856242892365,0.9967790858977065,-1.9498170785058107,4.5369e-4,0.004694835680751174,0.9887849538571142,-2.245238601171211,-4.195055679677022,0
rs28537273,23708736,2.8681454735999997e-4,0.9209593991355488,0.9868111783175839,-1.7457028742565741,0.0018062500000000003,1.931764705882353,0.956794737628943,0.2143460907251109,-1.5313567835314632,0
rs28558701,23557850,6.20060178721e-5,1.0128644885508593,0.9971189448629159,-2.4133299356294726,3.8808999999999995e-4,0.6548223350253808,0.9903909791228057,-2.1101904653206556,-4.523520400950128,0
rs28572782,22907940,7.7890669921e-4,-0.3255259075062077,0.9649754577442651,-1.6247252946036708,0.0038812900000000003,-0.362760834670947,0.9115502301778274,-1.1526823112236837,-2.7774076058273547,0
rs28617621,22857682,6.952474542250002e-5,-1.3985236533283762,0.99677072194557,-1.892972156650968,4.5795999999999993e-4,0.03738317757009346,0.9886805958580215,-2.239927581075606,-4.132899737726574,0
rs28624974,23188936,6.37476093241e-5,-23.939124847668083,0.9970382630146456,282.7812009234318,3.2761000000000004e-4,-4.944751381215469,0.9918762852546927,9.719484524105685,292.5006854475375,2.200800448329373e-275
rs28634156,22954007,7.756923787560001e-5,1.299631897939673,0.9963984179373887,-1.9717111126503992,6.300100000000001e-4,2.537848605577689,0.9844939737893247,1.0871398590950858,-0.8845712535553134,0
rs28635122,23310181,6.222338371239999e-5,-27.306552335266183,0.9971088743496797,368.8229648011831,3.2399999999999996e-4,-5.183333333333334,0.9919650828290845,10.913556091408118,379.7365208925912,1.6928661608910365e-237
rs28646184,23139595,6.24853887529e-5,-26.691605195344078,0.9970967359821392,352.26573082248024,3.2041e-4,-5,0.9920534042188559,9.983161729910236,362.2488925523905,4.303701426865862e-245
rs28660425,22858151,6.953375091609998e-5,-1.4110729622998337,0.9967703050102884,-1.875335702145684,4.5795999999999993e-4,0.04672897196261683,0.9886805958580215,-2.2395389827105645,-4.1148746848562485,0
rs28672355,23027092,6.35202624016e-5,5.389437337201191,0.9970487944624281,11.567386228766939,4.1208999999999994e-4,2.7586206896551726,0.9898028040618538,1.4733725325220979,13.040758761289037,0
rs28673077,23250854,6.37587877081e-5,-23.477784971903255,0.9970377452013343,271.8758844385487,3.3856e-4,-5.03804347826087,0.9916070380301131,10.194245566344469,282.0701300048932,6.496029581596957e-280
rs28705977,23708819,2.8682132164000004e-4,0.9209839511567212,0.9868108709189809,-1.7456690375123414,0.0018062500000000003,1.9294117647058824,0.956794737628943,0.20999979269203384,-1.5356692448203075,0
rs28706766,23169834,6.02916531529e-5,-21.308293742119854,0.9971983781459663,223.4468837711517,3.1684e-4,-5.685393258426966,0.9921412491653612,13.611772507016761,237.05865627816846,1.8382870681962246e-299
rs28708572,23671961,0.0032574985502500002,-0.2138818561704439,0.8682107066803124,-0.9934171032141704,0.03481955999999999,-0.6329046087888531,0.5346195567041561,-0.2753742166668543,-1.2687913198810248,0
rs28716381,23189015,6.45197710564e-5,-23.9042530146581,0.9970024956364979,281.945261538396,3.3489e-4,-4.907103825136613,0.9916972625932537,9.544285390160864,291.4895469285568,8.00661206434805e-276
rs28780411,23596540,1.4509888849e-4,-6.1079140274122725,0.9932840368819417,16.02639794635541,0.00104329,-2.486068111455108,0.9745807414561551,1.175590932299115,17.201988878654525,0
rs28799344,22845266,6.734926835559998e-5,-1.3970238806042898,0.9968714521470178,-1.91080825736701,4.4521000000000003e-4,0.018957345971563982,0.9889922688001866,-2.2544009958568423,-4.1652092532238525,0
rs28879789,23002156,1.5448749849e-4,5.307354396466414,0.9928525870664271,11.512838735275476,0.0013689999999999998,2.289189189189189,0.9669075878072952,0.8292594153579398,12.342098150633417,0
rs28888994,22963139,7.770158052250002e-5,1.2178539623476292,0.996392295364454,-2.073433051672562,6.300100000000001e-4,2.553784860557769,0.9844939737893247,1.1270815520365551,-0.9463514996360067,0
rs28897097,23748632,2.4884747001000006e-4,1.039385352680524,0.9885370358141086,-1.7003478630945188,0.00171396,1.1908212560386473,0.9589115969809627,-0.9161198623165503,-2.616467725411069,0
rs2893109,23451822,6.25605066304e-5,-16.635143472675967,0.9970932559188476,135.04144959427092,3.7249000000000006e-4,-2.632124352331606,0.9907736679109957,1.0892320762949907,136.1306816705659,0
rs2893124,23714545,2.6935702640999996e-4,0.5271275461397384,0.9876039903435099,-2.05798080408264,0.00175561,1.5727923627684965,0.9579551107024901,-0.39967352406406564,-2.457654328146706,0
rs2893126,23789054,8.644778315290001e-5,3.603707571633076,0.9959878361901966,3.708089440596955,4.5795999999999993e-4,-0.2663551401869159,0.9886805958580215,-2.205547420168455,1.5025420204285003,0
rs3087888,23351080,2.2169423236e-4,8.583018791892219,0.9897750391751796,34.16601679807034,0.0014976899999999999,2.302325581395349,0.9639090754208246,0.8938409828119498,35.05985778088229,0
rs3178529,23641551,0.0032607297678400003,-0.017514377578682655,0.868097223768722,-1.0127119398428952,0.03504384,-0.5683760683760684,0.5330217643446818,-0.29463961186049303,-1.3073515517033882,0
rs34018467,23065963,1.69989444e-4,7.039983126246358,0.9921410211375646,22.162881060748347,8.2944e-4,0.8090277777777778,0.9796852467239325,-1.627589241202112,20.535291819546234,0
rs34033684,23485385,7.972936255690001e-5,3.8592113677368345,0.9962984934145871,4.619684294874425,4.1616000000000005e-4,0.9754901960784313,0.9897031286495304,-1.8170661840122553,2.8026181108621695,0
rs34035541,23734106,1.0067112225000001e-4,-4.306273982159765,0.995330793179477,6.545321895603831,5.1076e-4,-0.7168141592920354,0.9873919916585124,-1.9330394120798997,4.612282483523931,0
rs34093942,23704567,7.443082292890001e-5,1.5746934451330827,0.9965436326006977,-1.5982241469740104,4.3264e-4,0.4951923076923077,0.9892997340762315,-2.147447566878263,-3.7456717138522735,0
rs34096175,23662428,4.394515616099999e-4,-1.0784235156059936,0.9799331944511184,-1.384514327779315,0.00320356,-0.00706713780918728,0.9258496290583461,-1.3008069833938662,-2.6853213111731815,0
rs34099600,23100548,7.10900236201e-5,1.3272505808581876,0.9966982581181071,-1.9787636657084597,5.0176e-4,-1.2410714285714286,0.9876114025662095,-1.434901070155602,-3.413664735864062,0
rs34101649,23796370,6.291468558399999e-4,-1.1905369416492577,0.971517798607514,-1.0907338707599261,0.00404496,0.5267295597484277,0.9081629316952496,-1.0678874429144134,-2.1586213136743395,0
rs34113317,23485919,6.03814473025e-5,-3.7090682126747785,0.9971942173145725,3.921257291240164,3.5344e-4,-0.32978723404255317,0.9912413910685186,-2.3149555738295073,1.6063017174106569,0
rs34159113,23711073,1.0049260515999999e-4,-3.303942301937235,0.995339034352576,2.74831141989603,5.664400000000001e-4,-0.6218487394957983,0.9860367338124815,-1.9450144618843075,0.8032969580117226,0
rs34216588,23722139,5.868326025e-5,7.205038835585144,0.9972729128438965,22.933246632165563,3.1329000000000003e-4,-0.3615819209039548,0.9922286174112804,-2.363790873832698,20.569455758332865,0
rs34249343,23051503,8.413328865640001e-5,3.9374450799243816,0.9960948356626139,4.948737365929658,7.0756e-4,-0.1917293233082707,0.9826184620252355,-2.0081127431152632,2.9406246228143944,0
rs34281173,23778363,6.46674913921e-5,6.366262477289996,0.9969956533609922,17.29991935523791,3.5721e-4,1.4285714285714286,0.9911487934869632,-1.3522244301641284,15.947694925073783,0
rs34287907,23490684,6.109673427359998e-5,-4.464001514756079,0.997161073984387,7.003203952234501,3.5344e-4,-0.5638297872340425,0.9912413910685186,-2.2112992762573804,4.79190467597712,0
rs34323745,23312068,9.123764738560001e-5,16.611249769677883,0.9957664729522596,134.6503633278303,5.1984e-4,1.7412280701754386,0.9871707292032742,-0.6815237466322865,133.968839581198,0
rs34435959,22989140,6.570447998889999e-5,1.6444460345208327,0.9969476236084572,-1.5479431655915319,4.4944e-4,-1.2122641509433962,0.9888888449382734,-1.5232750614750086,-3.0712182270665407,0
rs34439535,23068306,6.292725332889999e-5,1.6076302178207338,0.9970762656155697,-1.6289874909749196,4.3680999999999993e-4,-0.937799043062201,0.9891977136673243,-1.8290153397302116,-3.458002830705131,0
rs34507838,23315737,0.00177921145249,3.919446571536271,0.9234391723445036,5.808129784211671,0.04669920999999999,0.2091624248033318,0.46136521889876514,-0.2992666468961286,5.508863137315542,0
rs34518648,23728916,2.2841183689e-4,-3.2841603091316918,0.9894684734115836,3.05936848372744,0.00103684,1.173913043478261,0.9747339220076401,-1.1675196052541938,1.8918488784732461,0
rs34543392,23459511,1.0618272024999999e-4,-2.017798049395895,0.9950764195012437,-0.6311283517577344,7.2361e-4,-1.4312267657992566,0.9822311921757427,-1.0091492388890464,-1.6402775906467808,0
rs34572126,23061396,1.7005203216000002e-4,7.063372289193583,0.9921381503007878,22.326628694805777,8.179600000000001e-4,0.93006993006993,0.9799607819695056,-1.5311842377065887,20.795444457099187,0
rs34575510,23209757,2.2650249999999996e-4,7.251162790697675,0.9895555889212296,23.7342565397405,0.00157609,1.54911838790932,0.9620914328403657,-0.4818910621488983,23.252365477591603,0
rs34576444,23625993,7.58491195396e-5,1.3956831558569502,0.9964780026828529,-1.8538280842618367,4.5795999999999993e-4,0.5700934579439253,0.9886805958580215,-2.079954587466821,-3.9337826717286575,0
rs34579167,23731788,5.84350167184e-5,4.819878392732868,0.9972844177150317,8.62969626564335,2.9928999999999996e-4,-1.0346820809248556,0.9925733182892303,-1.9200299393709677,6.709666326272382,0
rs34607168,23443328,1.4389681849e-4,11.627166401293795,0.9933393046079042,64.63950053790245,9.4864e-4,0.6980519480519479,0.9768334186434519,-1.6445282532762593,62.99497228462619,0
rs34610702,23607014,6.33805462161e-5,3.7469649637805404,0.9970552666802597,4.085333055554733,3.7636e-4,0.6804123711340206,0.9906787040733737,-2.108404006836173,1.9769290487185596,0
rs34663854,23031997,7.19080256196e-5,1.2487352385534667,0.9966603932868794,-2.0738850574004957,5.0176e-4,-1.2455357142857144,0.9876114025662095,-1.4294193702270566,-3.503304427627552,0
rs34677598,23499627,6.119682566559999e-5,-4.570258371639967,0.997156436354314,7.482585058624348,3.4969000000000005e-4,-0.7754010695187166,0.9913335145821442,-2.07612791067352,5.406457147950828,0
rs34683819,22981404,6.504438630009999e-5,1.3436685137402187,0.9969781963471483,-2.000956007765745,4.4521000000000003e-4,-1.2322274881516586,0.9889922688001866,-1.5037434017485363,-3.504699409514281,0
rs34702631,23100018,1.6017939843999997e-4,6.639536353723867,0.9925912005317765,19.425875367768278,8.6436e-4,0.8571428571428572,0.9788480720118949,-1.5684352671273434,17.857440100640936,0
rs34776209,23513093,7.816628696890001e-5,4.522557534805913,0.9963707972283091,7.380277191525351,4.0804e-4,0.8465346534653466,0.9899020096000697,-1.9430171784420271,5.437260013083323,0
rs34790831,23663419,7.464735361689998e-5,1.7254079054430218,0.9965336123523143,-1.348964679649347,4.4100000000000004e-4,0.7666666666666666,0.9890952251428007,-1.968593165964438,-3.317557845613785,0
rs34814028,22891353,2.0905111396000002e-4,5.8018272861826174,0.9903525382359144,14.347697146132568,0.00126736,0.1404494382022472,0.9692890458706348,-1.7320078184810814,12.615689327651486,0
rs34832582,23234374,3.9930430275999997e-4,7.880706214406534,0.981732962349773,28.48419465520395,0.00338724,0.302405498281787,0.921930042104545,-1.23292014951147,27.25127450569248,0
rs34837377,22948222,1.1667888324e-4,6.227721305708307,0.9945923553971526,16.677419070837367,6.5536e-4,1.01953125,0.9838801083055223,-1.5525065075594955,15.12491256327787,0
rs34840926,23100440,7.10933962561e-5,1.3256654359920725,0.9966981019948644,-1.9808358466617313,5.0176e-4,-1.2455357142857144,0.9876114025662095,-1.4294193702270566,-3.410255216888788,0
rs34846088,23519710,6.01021865536e-5,-1.2270075949105843,0.9972071576578618,-2.1896762801667276,3.459599999999999e-4,-1.1021505376344087,0.9914251637586514,-1.7773018681751176,-3.966978148341845,0
rs34887803,22898904,8.514804810489998e-5,7.549333139710672,0.9960479203314591,25.616839443418858,5.76e-4,1.0541666666666667,0.9858044164037855,-1.5796660523561457,24.037173391062712,0
rs34935635,22987962,6.524600625e-5,1.3609780253791395,0.9969688579677051,-1.9760845516471293,4.4521000000000003e-4,-1.1516587677725116,0.9889922688001866,-1.5987196252218454,-3.574804176868975,0
rs34967471,22952146,1.1656873088999998e-4,6.217974010577307,0.9945974329795372,16.616719599240525,6.502499999999999e-4,1.035294117647059,0.9840037884145855,-1.5403573663322612,15.076362232908265,0
rs34979424,23519647,6.00980002441e-5,-1.1846538248698126,0.9972073516450074,-2.2406397166047,3.459599999999999e-4,-1,0.9914251637586514,-1.8837491097863301,-4.12438882639103,0
rs35019508,23300184,0.0042427766595600006,-8.547314413094941,0.8349290966085623,29.5978436151508,0.027456489999999997,-1.890766445383223,0.5929748197690097,0.6105017097511628,30.208345324901963,0
rs35088481,23467700,1.0133240895999999e-4,-6.087886434077724,0.9953002663207957,15.763964285516789,6.864400000000001e-4,-1.4618320610687023,0.9831285312747932,-0.9906159426813901,14.773348342835398,0
rs35121828,23634985,7.56564217249e-5,1.5370421254370221,0.996486919027941,-1.6485315049221234,4.5369e-4,0.596244131455399,0.9887849538571142,-2.06948948023172,-3.7180209851538435,0
rs35133514,23501808,6.111486975999998e-5,-4.4297482603356535,0.9971602336923726,6.851456168783864,3.459599999999999e-4,-0.7204301075268819,0.9914251637586514,-2.122177175530115,4.7292789932537485,0
rs35223500,22930222,7.098517457290001e-5,1.2176583064993762,0.9967031117268309,-2.1184863602749253,4.972900000000001e-4,-0.9327354260089685,0.9877204128967643,-1.7702523946985942,-3.8887387549735193,0
rs35225795,23057902,6.43919582916e-5,1.7726551070103158,0.9970084158866828,-1.3395232863870818,4.4521000000000003e-4,-1.018957345971564,0.9889922688001866,-1.7411561928539019,-3.0806794792409837,0
rs35227583,22849478,4.58302464e-4,1.5202727952167414,0.979090399031328,-0.8023221805189231,0.00289444,0.25092936802973975,0.9325217907029443,-1.318616906560412,-2.120939087079335,0
rs35248544,23770747,0.00487431574569,-1.6493999252323597,0.8149061411152565,0.2650381550823988,0.07991929,-0.9791298195967456,0.3335576786687113,-0.04301076803731002,0.2220273870450888,0
rs35276558,23042376,7.09117252281e-5,1.4723705632764155,0.9967065118276651,-1.777536418211107,4.972900000000001e-4,-1.26457399103139,0.9877204128967643,-1.4101532355395858,-3.187689653750693,0
rs35277459,22920164,6.674595883239999e-5,1.827029236874252,0.9968993905405992,-1.2242353500459766,6.0516e-4,0.048780487804878044,0.9850964754233206,-2.1019067363580874,-3.3261420864040643,0
rs35281714,23545399,9.302988006400001e-4,-5.8180441168756225,0.9584507651547949,14.63116732063633,0.00638401,-3.100125156445557,0.862366147299468,3.152424749037256,17.783592069673585,0
rs35292489,23091306,1.9534534756000002e-4,-3.671958845498905,0.9909793375386402,4.32670806269358,0.0013838399999999997,-2.002688172043011,0.9665608604711405,0.23930766557802197,4.566015728271602,0
rs35319316,23501756,8.23821261316e-5,1.0716821315799332,0.9961758074814139,-2.211148722055314,4.4521000000000003e-4,1.0142180094786728,0.9889922688001866,-1.7459211092227536,-3.9570698312780674,0
rs35322907,22846211,6.729577156e-5,-1.419484603944706,0.9968739294431659,-1.8796703846157512,4.4521000000000003e-4,0.05213270142180095,0.9889922688001866,-2.253234757584746,-4.132905142200498,0
rs35344112,23008924,6.363795347559999e-5,5.48786939004731,0.9970433426018915,12.101984870674523,4.1208999999999994e-4,2.911330049261084,0.9898028040618538,1.9018851614591141,14.003870032133637,0
rs35353454,22861739,6.953958812160002e-5,-1.4231134519081332,0.9967700347602223,-1.8582867498557187,4.5795999999999993e-4,-0,0.9886805958580215,-2.240618422613458,-4.098905172469177,0
rs35363287,23300345,0.004177295423999999,-8.585344720881299,0.8370616241772053,29.94193774992351,0.026406250000000003,-2.0756923076923077,0.6023529411764705,0.8365231616940725,30.778460911617582,0
rs35386247,23655374,7.461763542250001e-5,1.760643193276338,0.9965349875897409,-1.2879578397576816,4.4100000000000004e-4,0.7333333333333333,0.9890952251428007,-1.993320546593008,-3.2812783863506896,0
rs35400665,22896915,8.514620260089999e-5,7.550498674067756,0.996048005650557,25.625595990442765,5.76e-4,1.0708333333333333,0.9858044164037855,-1.5622090991489954,24.06338689129377,0
rs35432853,23105269,7.233230342559999e-5,-9.332462456671731,0.996640754849974,40.553121773131316,5.904899999999999e-4,-2.374485596707819,0.9854525037761308,0.6629120194047466,41.21603379253607,0
rs35439325,23313807,0.00304209608704,4.4121134543977725,0.8758433151160228,7.481803834920763,0.026146890000000002,1.0389610389610389,0.604714749249738,-0.13769715375104175,7.3441066811697215,0
rs35442863,22929427,7.10557958916e-5,1.2081082299459278,0.9966998425622311,-2.1295381359443084,4.972900000000001e-4,-0.9192825112107623,0.9877204128967643,-1.7825569412567301,-3.9120950772010383,0
rs35469026,22864440,2.3652286849000002e-4,-1.8361758987730261,0.9890985699551399,-0.5920369994240835,0.00161604,-1.3208955223880599,0.9611678573934473,-0.7857474695508023,-1.3777844689748857,0
rs35487638,23342798,9.23815089409e-5,16.40883397336324,0.9957136240253014,131.32170634428024,5.336099999999999e-4,1.891774891774892,0.9868353694625276,-0.399261525096511,130.92244481918374,0
rs35488670,22933903,1.8425076121e-4,-2.86093164086961,0.9914873023540607,1.6745288155868399,0.0014899600000000002,-0.25129533678756477,0.9640886614496615,-1.6329103137799328,0.04161850180690707,0
rs35495590,23728931,2.2914996129000002e-4,-3.2125686200677777,0.9894347998180674,2.830684141717345,0.00103684,1.263975155279503,0.9747339220076401,-1.0605126527132815,1.7701714890040636,0
rs35519567,23286525,0.0041006092959999995,-8.296520707102255,0.8395729521935131,27.9798921370098,0.025568009999999995,-1.9030644152595375,0.6100535916828954,0.6338285847660448,28.61372072177584,0
rs35574916,22897890,8.514177347289999e-5,7.5514320115570985,0.9960482104126791,25.632595668749712,5.76e-4,1.0583333333333333,0.9858044164037855,-1.5753274860443685,24.057268182705343,0
rs35620312,23426796,8.48008923876e-5,16.623229670943036,0.9960639698698829,134.8532659481846,5.336099999999999e-4,2.844155844155844,0.9868353694625276,1.8262546451611779,136.67952059334579,0
rs35644262,23464594,1.0663660225e-4,-2.033796542875127,0.9950554775352355,-0.5967993393274953,7.289999999999999e-4,-1.3592592592592594,0.9821012055292297,-1.1042528699204597,-1.701052209247955,0
rs35666584,23026130,7.191599690889999e-5,1.241673378276553,0.9966600243147425,-2.0825941951773124,5.6169e-4,-1.008438818565401,0.9861522042104263,-1.6383814285030658,-3.720975623680378,0
rs35686290,23318669,1.5827401249e-4,13.001263840644796,0.9926786853788638,81.43917665997968,9.609999999999999e-4,0.22903225806451613,0.9765386587241524,-1.8505880860590547,79.58858857392063,0
rs35741678,23035815,7.183901612410001e-5,1.2444149748872966,0.9966635875847007,-2.0797286051579205,5.0176e-4,-1.2321428571428572,0.9876114025662095,-1.4458054211804283,-3.525534026338349,0
rs35751618,22978926,5.9691385040400004e-5,5.684751010222598,0.9972261939280455,13.169609884743053,3.920400000000001e-4,2.121212121212121,0.990294127258737,-0.0895776236336312,13.080032261109423,0
rs35791011,22979097,5.96940119161e-5,5.6859719991354085,0.9972260721980556,13.17655236750883,3.920400000000001e-4,2.1363636363636362,0.990294127258737,-0.057636318564794564,13.118916048944035,0
rs35795540,22933832,1.6728059569e-4,7.081693560234117,0.9922652883774956,22.450223923859927,8.761600000000001e-4,1.233108108108108,0.9785655012603923,-1.1773951526430655,21.27282877121686,0
rs35798750,23026188,1.6799788995999998e-4,7.08052370885861,0.9922323797843166,22.443302054529543,8.0089e-4,0.7314487632508834,0.9803707713238609,-1.703110124057656,20.740191930471887,0
rs35821834,23626037,5.189238440099999e-4,3.780279983669814,0.9763899085331832,5.103517646710683,0.0053289999999999995,0.5616438356164384,0.8824372917999515,-0.9312120150255523,4.172305631685131,0
rs35841035,22862606,8.933538902760001e-5,-2.441307103242366,0.9958543739079094,0.22478553397464296,6.250000000000001e-4,-0.5479999999999999,0.9846153846153846,-1.9393516657170475,-1.7145661317424046,0
rs35867529,22938268,7.08591884841e-5,1.4682594837837486,0.9967089438612363,-1.783927825817506,4.972900000000001e-4,-1.10762331838565,0.9877204128967643,-1.5940262617896972,-3.377954087607203,0
rs35875486,23448514,2.3236124356000002e-4,2.7670204809950536,0.9892883262342169,1.5189841660276833,0.00187489,-1.1709006928406467,0.9552263898484271,-0.8982564684088444,0.6207276976188388,0
rs35878037,23313738,0.00424182571849,-8.564624523831823,0.8349599881532979,29.72254001570926,0.02758921,-1.868753762793498,0.5918104383821027,0.5853604275570412,30.307900443266302,0
rs35924888,23020795,1.6871412100000002e-4,7.065486180614365,0.9921995221487551,22.339058144329144,8.065600000000001e-4,0.6936619718309859,0.9802345505232493,-1.7260816954753055,20.61297644885384,0
rs35927640,23627391,2.1481885489e-4,5.777378263865672,0.9900890018649858,14.216589552566578,0.00165649,0.78132678132678135,0.9602345276810409,-1.319280211381811,12.897309341184767,0
rs35928055,23737891,2.2765981456e-4,-3.261081360515363,0.9895027833926742,2.9831861280583745,0.0010304099999999998,1.3457943925233646,0.9748866755170128,-0.9593392417941143,2.02384688626426,0
rs35943474,22854209,4.5621969649000006e-4,1.5197314518734228,0.9791834451816626,-0.8052502968506405,0.0029052100000000005,0.1706864564007421,0.9322877105134785,-1.3326632206652909,-2.1379135175159316,0
rs35975180,22847569,2.2962553155999997e-4,-3.9117227816859583,0.9894131052854804,5.295720282765923,0.00198025,-1.1056179775280899,0.9528290088791753,-0.9446232291486505,4.351097053617273,0
rs35995607,23793953,0.00290061953476,-0.4956978985246224,0.8809298611564815,-0.9557918187509348,0.015725160000000002,-0.47607655502392343,0.71780861643107,-0.5512396248224827,-1.5070314435734176,0
rs36003808,23707711,7.68509962609e-5,1.3532014596525168,0.996431647288999,-1.9055156143919527,4.5369e-4,0.9014084507042253,0.9887849538571142,-1.8435372218810044,-3.7490528362729574,0
rs36022143,23587811,1.2677408835999997e-4,-4.642130131268096,0.9941272268515002,8.14269462605307,8.1225e-4,-0.519298245614035,0.9800978872764917,-1.8263128670047268,6.316381759048342,0
rs36031806,23464680,1.0664279824e-4,-2.034308788782585,0.9950551916603961,-0.5957342401798007,7.289999999999999e-4,-1.3481481481481483,0.9821012055292297,-1.1190248036908685,-1.7147590438706692,0
rs36046717,23060057,1.6983041761e-4,7.0767347815744435,0.9921483155441503,22.419967122991473,8.179600000000001e-4,0.9055944055944055,0.9799607819695056,-1.5531984919105715,20.8667686310809,0
rs36119565,23039088,7.19051424961e-5,1.266768006849307,0.9966605267399175,-2.0512999322536514,5.0176e-4,-1.1785714285714286,0.9876114025662095,-1.509578160025982,-3.5608780922796335,0
rs367801647,22842118,0.005429169752409999,2.666507425739215,0.7980906596673594,2.0373485394641557,0.098596,0.3697452229299363,0.28860861785332914,-0.15053820389648778,1.886810335567668,0
rs368382527,23703372,0.018778043088999996,-1.7115585296972264,0.5333258607397325,0.4001090618542397,0.32421636000000004,-0.20425008781173165,0.10982483049361101,-0.05587766643508994,0.34423139541914977,0
rs369337601,22879904,6.960264555240002e-5,-1.3968777943189472,0.9967671153460762,-1.8947105546631522,4.5795999999999993e-4,0.13084112149532712,0.9886805958580215,-2.2321556137747747,-4.126866168437926,0
rs369703777,22902447,6.141073225e-5,6.220914949275825,0.9971465253608189,16.3650680508495,4.0804e-4,-0.3712871287128713,0.9899020096000697,-2.229478381494611,14.135589669354891,0
rs370644228,23681057,0.016026800408999998,-0.30994494340308226,0.5724678995365043,-0.39736563949171555,0.095481,1.1737864077669904,0.29524435160649837,0.028438006905038365,-0.36892763258667716,0
rs370896,23331605,8.507255558400001e-4,2.8684344057708655,0.9618691711589336,2.323723258834536,0.00398161,-0.7717908082408874,0.9094710266404528,-0.9301744318437319,1.3935488269908038,0
rs372247681,23615120,0.00711235849104,-1.3484113319768352,0.7510753485962324,-0.012494990018264374,0.08567329000000001,0.11684318414759139,0.31828561184321663,-0.18939957722095968,-0.20189456723922405,0
rs372811002,23347390,0.00411540212196,0.3444383131155361,0.8390873423099957,-0.8636730621921717,0.04096576,-1.3537549407114626,0.4940359974389175,0.11205326124931736,-0.7516198009428543,0
rs373259217,23449775,0.0016711907520399999,2.0293320482776505,0.9277515594265414,0.5965056622909377,0.025664040000000003,-0.8377028714107366,0.6091614222944552,-0.2559919980744808,0.3405136642164569,0
rs373350046,23279718,0.008338063969000001,-2.2116237556536307,0.7201807944858682,1.1244970378813925,0.10214416,1.3814142678347936,0.28140445587071605,0.1032745159152898,1.2277715537966825,0
rs3735228,23170427,6.25061009664e-5,-27.10458280209662,0.9970957764236626,363.3416037041071,3.1684e-4,-5.061797752808989,0.9921412491653612,10.287156781863366,373.6287604859705,3.767523608973887e-240
rs3735231,23015831,6.34928486976e-5,5.393361645733563,0.9970500643692572,11.588284576538362,4.1208999999999994e-4,2.783251231527094,0.9898028040618538,1.5409262316272443,13.129210808165606,0
rs3735235,23297469,0.0040496423142399995,-8.371539738013226,0.8412503782615974,28.558326002058813,0.025153959999999996,-1.800126103404792,0.6139304502750101,0.5188378154664526,29.077163817525264,0
rs373988073,23610138,0.007293911539360001,1.2686934162642673,0.7463330327201189,-0.08522403725077432,0.13801225,1.6804845222072677,0.22470363696880413,0.19002974761427038,0.10480571036349606,0
rs374982366,23455588,0.0071641835222499995,-0.18317964591837338,0.7497155007072241,-0.6800002351397965,0.32547025,-2.131814198071867,0.1094480330478336,0.19074359390268775,-0.4892566412371087,0
rs375065876,23457184,0.004940557578809999,-1.2879706810871103,0.8128614522939608,-0.1637379008014176,0.07507600000000002,-0.09562043795620438,0.34759637109388575,-0.2119568395128712,-0.3756947403142888,0
rs375092,23420767,1.1218622724000001e-4,-4.095300137842482,0.9947994909263906,5.712632104469398,5.336099999999999e-4,-1.5367965367965368,0.9868353694625276,-0.9997847183872517,4.712847386082146,0
rs375392,23419503,5.932488348899999e-4,3.5525214827952887,0.973099225631876,4.332654953992096,0.0032262400000000004,-0.31866197183098594,0.925363853067026,-1.2505819273972771,3.0820730265948186,0
rs375512938,23329108,0.0024902096040000004,-7.751973868782814,0.8960254584916713,25.790668628636748,0.085849,-1.9901023890784983,0.31784122241734153,0.4381598573533823,26.22882848599013,0
rs375520924,23567835,1.5263367024999998e-4,-3.269197458415962,0.9929377493009751,2.8295908308817785,0.001024,-2.3,0.9750390015600625,0.7337577917859182,3.5633486226676965,0
rs3757446,22894777,1.78944129e-4,-0.5963190550945653,0.9917304502716597,-2.2212597122963027,0.00108241,1.580547112462006,0.9736527141421353,-0.602039880780304,-2.823299593076607,0
rs3757447,22894735,6.005165049e-5,4.617746119004297,0.9972094994263916,7.6912707386787,3.7636e-4,1.020618556701031,0.9906787040733737,-1.821750507862875,5.869520230815825,0
rs3757449,23308906,2.8350477376000004e-4,-10.70205967596332,0.9869613898484341,54.35043788050299,0.00146689,-0.9268929503916448,0.9646250297526533,-1.2565059699707049,53.093931910532284,0
rs3757450,23285431,0.0038987536000000002,-8.010794362588085,0.8462559596988829,26.217085294214346,0.024711840000000002,-1.7595419847328244,0.6181249057359519,0.4755227929996625,26.69260808721401,0
rs375927535,23582052,9.2651445769e-4,2.7153426394688345,0.9586127872611885,1.941575434243342,0.009216,1.2697916666666667,0.812743823146944,-0.1824165996201731,1.759158834623169,0
rs376174729,23679807,0.00125322372081,3.106220463321554,0.9448239914809847,3.109503487676746,0.021638410000000004,-2.728755948334466,0.6489460062321529,1.8926537375825463,5.0021572252592925,0
rs376189662,23428721,5.36154025e-4,4.327920535521486,0.9756250751488047,7.280065815159289,0.00264196,-0.048638132295719845,0.9380431856321801,-1.3895492902122524,5.890516524947037,0
rs376360657,23438113,0.00654730195716,-1.399214488218559,0.7662285537184393,0.023355901745944263,0.07969329,-1.398157987956075,0.33418748870550724,0.12326891622747221,0.14662481797341648,0
rs376458882,23071374,0.00444272905444,-0.7067759077501958,0.8284839755375849,-0.67461208505934,0.08916195999999998,0.8868050904219692,0.30968870401161464,-0.06353311336440642,-0.7381451984237464,0
rs376669641,23736944,0.016442163529000003,-0.6827828772411426,0.5661943209579153,-0.28560153370401886,0.38093583999999997,0.2222942320155541,0.09502635841129616,-0.04757687979912391,-0.33317841350314276,0
rs376784665,23672552,0.00691503675489,0.7723514761889301,0.7562983767300647,-0.48032920241300037,0.12709225,-0.37727910238429174,0.23938872090117888,-0.11977918924843386,-0.6001083916614343,0
rs3772,23347216,0.0134629609,1.9737050762733777,0.6144951725519442,0.720285794023654,0.11048975999999998,0.3745487364620939,0.2657988158131159,-0.1358420707056926,0.58444372331796135,0
rs377490930,23764079,0.015260155024,0.9691092186639899,0.5844199230389532,-0.1646043674497436,1.13252164,1.271377560608908,0.03411450896548059,0.0102163659762122,-0.1543880014735314,0
rs377569507,23504268,0.006932494034560001,2.0339748455470468,0.7558333621647254,0.8585094208821602,0.06076225,1.2336713995943205,0.39697406518810374,0.049188834301137685,0.9076982551832979,0
rs3779044,23291405,0.004100468418010001,-8.296382129120213,0.8395775795523489,27.979071703614874,0.025568009999999995,-1.8711694809255788,0.6100535916828954,0.597109781715647,28.576181485330522,0
rs3807452,23162081,6.0086217340900004e-5,-20.91987001275877,0.9972078976470302,215.26903127869977,3.1684e-4,-5.522471910112359,0.9921412491653612,12.705947296019694,227.97497857471947,2.0865184537261577e-303
rs3807453,23155649,3.4420638784000003e-4,13.293680738217411,0.9842137450452163,84.89177709603763,0.00214369,-1.4492440604751622,0.9491337849153693,-0.4925413579449177,84.39923573809271,0
rs3807456,23154044,0.0035633736359999995,-7.428368010185279,0.8575980579157262,22.68685887151618,0.019265440000000002,-1.5979827089337175,0.674929604842215,0.2998760605483942,22.986734932064575,0
rs3807459,23389751,5.86072926916e-5,-19.688487030307463,0.9972764335397515,190.33747732741037,3.2041e-4,-4.782122905027933,0.9920534042188559,8.925979761171721,199.2634570885821,7.0821787e-316
rs3807462,23384498,1.0109900303999999e-4,-11.88357799260055,0.9953110407822032,67.59735457052624,5.76e-4,-4.166666666666667,0.9858044164037855,6.429917814954582,74.02727238548081,0
rs3807467,23373563,0.00161377351524,2.5167903852951574,0.9300601972197712,1.6155492052708618,0.020306249999999998,-0.5859649122807018,0.6632811690330604,-0.4303831005984609,1.185166104672401,0
rs3807888,23749832,1.2787764889e-4,-4.710911454418436,0.9940764075542595,8.466207058907303,7.0756e-4,-0.406015037593985,0.9826184620252355,-1.945181888337331,6.521025170569972,0
rs3807889,23749762,2.5856961601e-4,-4.069595338337448,0.9880945245427758,5.966837779613366,0.0012040900000000001,0.9221902017291066,0.9707774155429716,-1.3536152810111288,4.613222498602237,0
rs3815348,22981528,5.9695866216100005e-5,5.648271943528023,0.9972259862694091,12.96350832368094,3.920400000000001e-4,2.1111111111111107,0.990294127258737,-0.11074552687418926,12.85276279680675,0
rs383419,23403045,8.532766788100001e-4,2.768613770886895,0.9617591985550691,2.054122869480197,0.00404496,-0.8066037735849055,0.9081629316952496,-0.8984398518853208,1.1556830175948765,0
rs386711213,22858266,7.9464227236e-4,-0.041853675495044235,0.9642931525491785,-1.66536181092629,0.00514089,0.1199442119944212,0.8861145626504041,-1.0799070416195693,-2.745268852545859,0
rs386711214,22861552,4.6634834400999996e-4,2.599367449097249,0.9787311211323584,1.3812465520116577,0.004369210000000001,1.393343419062027,0.9015260808114457,-0.283867754155512,1.0973787978561456,0
rs386711218,22919602,7.2082584324e-4,4.022727780633339,0.9675022644881324,6.114932281128213,0.005959840000000001,0.6126943005181347,0.8703250489993003,-0.8580046344707898,5.256927646657423,0
rs386711219,22957868,7.75893199104e-5,1.2642476340980509,0.9963974888766023,-2.0167800175787547,6.300100000000001e-4,2.537848605577689,0.9844939737893247,1.0871398590950858,-0.9296401584836689,0
rs386711223,23035294,6.4834704e-5,5.5448335817188275,0.9969879083339712,12.423725807134494,4.6656000000000003e-4,3.3657407407407405,0.9884704803175759,3.36737865080885,15.791104457943344,0
rs386711234,23185969,6.447560030889998e-5,-23.09845859169804,0.9970045416047568,263.0649690305664,3.3124e-4,-4.697802197802198,0.9917870117556515,8.543025884518029,271.6079949150844,1.85780640359188e-284
rs386711238,23238030,0.00039857726736000003,0.6822594217707519,0.981765615682164,-1.773728001857846,0.00203401,-2.6407982261640797,0.9516103745514644,1.803942561956301,0.030214560098454912,0
rs386711242,23259142,0.0042570274668099995,-8.500411520110843,0.8344664294290498,29.24872810067843,0.02798929,-1.9115361625821874,0.588327955770681,0.6311023697243713,29.8798304704028,0
rs386711244,23264689,3.5349264196e-4,-6.035880306785665,0.9837947535062425,15.859521859683845,0.0016728099999999998,1.1124694376528117,0.9598584784659351,-1.0137172281575748,14.84580463152627,0
rs386711246,23269065,5.990342047290001e-5,-24.348652989186963,0.9972163682557115,292.6613041367591,2.9928999999999996e-4,-5.630057803468208,0.9925733182892303,13.279733561080914,305.94103769784,1.5123471178075291e-269
rs386711247,23276672,0.00417764444409,-8.495637792083818,0.8370502287624082,29.300254048666382,0.02608225,-2.164705882352941,0.605306266054803,0.9533953340056728,30.253649382672055,0
rs386711249,23316742,6.07166665681e-5,-23.46584805873649,0.9971786844173337,271.61096346018644,3.0976e-4,-5.755681818181818,0.9923155087006224,14.00237562034457,285.61333908053103,2.2461778677820516e-278
rs386711270,23785742,1.3082784400000002e-4,-5.462685784228012,0.9939405756820575,12.27698830181187,7.5625e-4,-0.5345454545454545,0.9814445637172213,-1.8532778188577992,10.423710482954071,0
rs3891325,22975004,5.84977166244e-5,6.206059322366306,0.9972815118566033,16.251394945309173,3.8808999999999995e-4,-1.1319796954314723,0.9903909791228057,-1.6879938521997895,14.563401093109384,0
rs3923062,23541702,1.5431602176000002e-4,-3.127286192684183,0.9928604638505495,2.3839936882014894,9.424900000000001e-4,-1.9706840390879476,0.976980149473078,0.011398711610277168,2.3953923998117665,0
rs3950345,23191114,6.37393060161e-5,-23.98840636347353,0.9970386476469236,283.9587196216173,3.2761000000000004e-4,-4.961325966850828,0.9918762852546927,9.800912174946395,293.7596317965637,7.750578481597957e-275
rs399051,23376665,8.5739452969e-4,2.8055516660803996,0.9615817412289891,2.1547514883484222,0.0039942400000000005,-0.8591772151898733,0.9092099329366753,-0.8640199078561037,1.2907315804923185,0
rs411586,23406393,8.537967120400001e-4,2.6977871169549417,0.9617367842936606,1.8681536288665046,0.004057690000000001,-0.7833594976452118,0.9079005276944841,-0.9138754987961244,0.9542781300703802,0
rs412566,23406527,8.536564627600001e-4,2.7008871425931122,0.9617428291583697,1.8761445072641916,0.00404496,-0.7578616352201257,0.9081629316952496,-0.9330660108932467,0.9430784963709449,0
rs41273969,22862489,3.6748506601e-4,2.9810327649074853,0.9831640950387057,2.3263508271637754,0.00339889,1.6449399656946828,0.9216825591622274,-0.026535475347629456,2.2998153518161457,0
rs41273975,23236835,4.923162192400001e-4,4.39126202215592,0.9775733574248668,7.5266097436398205,0.006368039999999999,1.2117794486215538,0.8626631619537941,-0.3592879875664565,7.167321756073364,0
rs41273981,23352557,0.004341123123840001,0.22492836241333672,0.8317465839932704,-0.8701018226815063,0.042189159999999996,-1.3271665043816943,0.4866821853392832,0.09518387484859292,-0.7749179478329133,0
rs41273990,23571558,4.6376483904000005e-4,3.816709387421524,0.978846455312483,5.201586674752218,0.0036,0.6733333333333333,0.9174311926605505,-1.039090194750234,4.162496480001984,0
rs41362248,23104752,7.23416590521e-5,-9.343204720771181,0.9966403218172345,40.65313983236493,5.904899999999999e-4,-2.42798353909465,0.9854525037761308,0.7895043404837452,41.442644172848674,0
rs4140959,23170776,6.257126403999998e-5,-27.1060150185836,0.9970927575512402,363.3797220473815,3.1684e-4,-5.129213483146068,0.9921412491653612,10.627974398197033,374.0076964455785,5.503332828819559e-240
rs41487946,22872145,2.3832258129e-4,-1.9555957169785654,0.9890165315722171,-0.36450703832955345,0.00161604,-1.2935323383084576,0.9611678573934473,-0.8201279972584263,-1.1846350355879798,0
rs4236307,22882866,6.49955215204e-5,1.602286286991533,0.9969804596309385,-1.6215407199076093,4.1208999999999994e-4,0.4433497536945813,0.9898028040618538,-2.195543925544057,-3.8170846454516667,0
rs4236309,22916280,5.86336307076e-5,6.109456907562236,0.9972752129087403,15.659197389056539,4.7961e-4,-0.5616438356164384,0.9881518127274448,-2.06193701749521,13.59726037156133,0
rs4236310,22977668,5.969045792159999e-5,5.684316253255259,0.9972262368909389,13.167138298941719,3.920400000000001e-4,2.1464646464646466,0.990294127258737,-0.036215815046902744,13.130922483894816,0
rs4236311,23044570,6.228366399999999e-5,6.821908261530664,0.99710608161278,20.27930502592856,5.0176e-4,1.5669642857142856,0.9876114025662095,-0.9830101983081787,19.296294827620383,0
rs4236312,23049832,6.647369185959999e-5,7.32664960984357,0.9969119993441257,23.866899915177953,5.382399999999999e-4,1.7758620689655173,0.9867226598885398,-0.604941461305704,23.26195845387225,0
rs4265084,23407240,6.0589410566399995e-5,-22.424048551372575,0.9971845809617718,247.7748048588269,3.2761000000000004e-4,-5.419889502762431,0.9918762852546927,12.161799355122005,259.9366042139489,1.5855497659351537e-289
rs4265095,23500224,6.120652637160002e-5,-4.503352736513,0.9971559868845298,7.179984799719252,3.4969000000000005e-4,-0.6737967914438502,0.9913335145821442,-2.1491122148655686,5.030872584853683,0
rs426889,23404641,0.0029505646248100003,1.0921812032968146,0.8791274381261286,-0.5321713664416007,0.01745041,-0.619227857683573,0.6962526464127933,-0.4622928480243125,-0.9944642144659132,0
rs4275128,22885418,6.49070311201e-5,1.581147621358681,0.9969845582919341,-1.6557599218009795,4.1208999999999994e-4,0.3054187192118227,0.9898028040618538,-2.246656555480324,-3.902416477281304,0
rs4279506,23512896,6.312969897639999e-5,6.417886027422087,0.997066887148089,17.61837864844434,3.920400000000001e-4,0.43939393939393934,0.990294127258737,-2.2219154947592794,15.396463153685062,0
rs4282457,23322416,6.0726017436099996e-5,-23.482648482103098,0.9971782511375044,272.0041854246576,3.0976e-4,-5.727272727272727,0.9923155087006224,13.840518889078105,285.8447043137357,2.8309016906763253e-278
rs4282467,22971415,7.76774297104e-5,1.1942047863046152,0.9963934126487852,-2.102005829415365,6.300100000000001e-4,2.585657370517928,0.9844939737893247,1.2077150166601789,-0.8942908127551861,0
rs4286845,22880508,6.49574745444e-5,1.8446155029641598,0.9969822218705775,-1.205448197182607,4.0804e-4,0.301980198019802,0.9899020096000697,-2.252573830792211,-3.4580220279748177,0
rs4289704,23191041,0.005293726564000001,-8.479782291981637,0.8021310702197888,28.029226990327064,0.036672250000000003,-2.216187989556136,0.5217011369824154,0.9124049985609268,28.94163198888799,0
rs4294098,23185995,6.415721643240001e-5,-23.996419395192397,0.9970192892446472,284.14808657507024,3.3124e-4,-4.884615384615385,0.9917870117556515,9.430735742159968,293.5788223172302,6.468589017892032e-275
rs4295546,23191021,6.37233396361e-5,-23.994793734943983,0.9970393872548048,284.1115970983668,3.2761000000000004e-4,-4.933701657458563,0.9918762852546927,9.665350804193736,293.77694790256055,7.885957052234669e-275
rs4299894,22975045,7.463802284890002e-5,8.184511993406895,0.9965340441419799,30.5446492038458,5.8564e-4,0.8223140495867769,0.9855702657393108,-1.7860106589970839,28.758638544848715,0
rs4301355,22878906,6.4834704e-5,1.927471435668157,0.9969879083339712,-1.0505823806473444,4.0804e-4,0.34653465346534656,0.9899020096000697,-2.238272604572741,-3.2888549852200857,0
rs4304229,23105895,7.235884096000002e-5,-9.339685413335841,0.9966395265397106,40.620458522385526,5.953600000000001e-4,-2.3688524590163933,0.9853342845093626,0.6534615395326981,41.273920061918226,0
rs4304239,23495961,6.11879079529e-5,-4.447238461469625,0.9971568495454642,6.929427888014294,3.4969000000000005e-4,-0.7914438502673796,0.9913335145821442,-2.0636685586857926,4.865759329328501,0
rs4307237,22879277,1.6537445603999999e-4,4.354297889547271,0.9923527503671821,6.970754862185839,0.00111556,-1.0508982035928143,0.972867692912367,-1.2663038257620807,5.704451036423758,0
rs4321896,23128056,6.254342323359998e-5,-26.664424336531606,0.997094047356835,351.5422117432533,3.2399999999999996e-4,-5.033333333333334,0.9919650828290845,10.153462846690335,361.6956745899436,2.4750423003499674e-245
rs4321897,23201568,4.3705665481000007e-4,-3.2580563381629104,0.9800403710110667,3.2445087100456482,0.00231361,2.0041580041580045,0.9453223206434053,0.4453642671698783,3.6898729772155265,0
rs4329182,22882621,8.798064804e-5,1.036058338130877,0.9959169842397334,-2.215942652353914,4.7961e-4,1,0.9881518127274448,-1.723714291577616,-3.93965694393153,0
rs4330588,23074884,1.7947425024000002e-4,-4.394452406544847,0.9917061549517061,7.179403077016789,0.00164025,-0.6666666666666666,0.9606090261225616,-1.4036406166924957,5.775762460324294,0
rs433395,23401955,5.98865490496e-5,-21.72849492934159,0.9972171500664296,232.46467610726774,3.2041e-4,-5.687150837988827,0.9920534042188559,13.625825410183833,246.09050151745157,1.5377788408161937e-295
rs43350,23446436,6.256019025e-5,-16.692711296542136,0.9970932705760773,135.99796669456487,3.7249000000000006e-4,-2.55440414507772,0.9907736679109957,0.8895425997495323,136.88750929431438,0
rs4335034,22948438,7.77178006929e-5,1.2830076102257657,0.9963915449752666,-1.9921534749612828,6.300100000000001e-4,2.545816733067729,0.9844939737893247,1.107079452284959,-0.8850740226763238,0
rs4343994,22971051,1.5472872100000002e-4,5.283889380175255,0.9928415067212509,11.390084882969676,0.0013689999999999998,2.3378378378378377,0.9669075878072952,0.9380841933925257,12.328169076362201,0
rs4354222,22861978,6.13001307136e-5,3.1412463726652224,0.9971516498680851,1.9891537641604726,3.8416e-4,0.15306122448979592,0.9904873594003193,-2.3159644482993866,-0.326810684138914,0
rs4360198,23105947,7.237755624999999e-5,-9.338689391713196,0.9966386602898876,40.611278847172535,5.953600000000001e-4,-2.3483606557377046,0.9853342845093626,0.6058382627980214,41.21711710997056,0
rs4365988,23190871,6.373291922410001e-5,-23.98271890411096,0.9970389435010619,283.82274181569204,3.2761000000000004e-4,-4.955801104972376,0.9918762852546927,9.773739348536457,293.5964811642285,6.583831370490166e-275
rs4373423,23030232,6.579789232810001e-5,7.017896614597138,0.9969432972967289,21.654954562461143,6.0516e-4,2.6260162601626016,0.9850964754233206,1.293514861610198,22.94846942407134,0
rs4379365,23008208,6.795100569760001e-5,7.004988329831473,0.9968435881186832,21.578328715046396,5.428900000000001e-4,1.2918454935622317,0.9866094893580601,-1.33334557814415,20.244983136902245,0
rs4394299,22865382,6.93301026609e-5,-1.370400661985211,0.9967797335784525,-1.9331704313423117,4.5795999999999993e-4,-0.01869158878504673,0.9886805958580215,-2.240445712228995,-4.173616143571307,0
rs439590,23419593,1.1586800164e-4,-4.260121513907212,0.9946297350068314,6.412147153819202,5.76e-4,-0.9666666666666666,0.9858044164037855,-1.666822458441845,4.745324695377357,0
rs439593,23419579,1.5737953401e-4,-1.8507066504053375,0.9927197602321546,-0.7612060177604187,8.5849e-4,-2.054607508532423,0.9789886997781856,0.1350098893720848,-0.6261961283883339,0
rs4409314,23127952,6.222985218809998e-5,-22.97394084367422,0.9971085746696905,260.2149261168286,3.2399999999999996e-4,-5.211111111111111,0.9919650828290845,11.056763396190002,271.2716895130186,1.3272259826811052e-284
rs4427058,22948361,7.771956385689999e-5,1.2915231281767992,0.9963914634065738,-1.9812200642340487,6.300100000000001e-4,2.545816733067729,0.9844939737893247,1.107079452284959,-0.8741406119490898,0
rs4431498,23163788,3.7313103556e-4,13.06156362921011,0.9829098520468926,81.80976805918392,0.0024800399999999998,-2.028112449799197,0.941618699040773,0.5161720854169403,82.32594014460086,0
rs4440529,23168751,6.253519872640001e-5,-27.114083096440023,0.997094428381473,363.5981388803129,3.1684e-4,-5.117977528089888,0.9921412491653612,10.570858325779483,374.1689972060924,6.466626965997483e-240
rs4442011,23463476,6.285381824160001e-5,-16.567020348030532,0.9970796676022984,133.91428647460265,3.7636e-4,-2.6391752577319587,0.9906787040733737,1.1124336547223876,135.02672012932504,0
rs444414,23435103,6.107297460639999e-5,-4.520519723810352,0.9971621748700781,7.2561950087940685,3.7636e-4,0.7835051546391752,0.9906787040733737,-2.0336477224390963,5.222547286354972,0
rs4445114,22954570,6.652392468840001e-5,7.317826149858635,0.9969096730156864,23.802806192505745,5.336099999999999e-4,1.7099567099567101,0.9868353694625276,-0.7223811738146626,23.08042501869108,0
rs4452700,23500248,0.00113157559321,-0.49850024822452577,0.949911560043998,-1.3789548209304663,0.01306449,0.8670166229221347,0.7537997632691844,-0.4174826927990421,-1.7964375137295083,0
rs4464860,23500546,6.12140371236e-5,-4.429520165031941,0.9971556388837368,6.851211940656729,3.4969000000000005e-4,-0.6577540106951871,0.9913335145821442,-2.159700537885856,4.691511402770873,0
rs4473921,23241991,3.9835369743999996e-4,0.7006282942862296,0.9817756573120434,-1.7615315134747975,0.00203401,-2.585365853658536,0.9516103745514644,1.6661024300974476,-0.0954290833773499,0
rs4483059,22886386,6.49009083321e-5,1.6806870809857362,0.9969848418858899,-1.4939554439748357,4.1208999999999994e-4,0.32019704433497537,0.9898028040618538,-2.242080918260936,-3.7360363622357715,0
rs4486091,22948133,7.772132704089999e-5,1.2908619244393982,0.9963913818369691,-1.982059490578923,6.300100000000001e-4,2.5577689243027883,0.9844939737893247,1.1371060418729986,-0.8449534487059245,0
rs449271,23416417,1.3274035369e-4,-6.997812746825445,0.993852540396455,21.78831478963026,6.200099999999999e-4,-1.5943775100401607,0.9847363405375824,-0.8395208286646278,20.94879396096563,0
rs449672,23428020,5.1726679225e-4,3.827678237738255,0.9764635268940316,5.278540484786892,0.0024700900000000003,-0.6036217303822937,0.9418393038488969,-1.2506888335948574,4.027851651192035,0
rs4496867,23507519,6.123485057290001e-5,-4.405355981327162,0.9971546745212696,6.744931908729642,3.4969000000000005e-4,-0.6310160427807486,0.9913335145821442,-2.176780764444686,4.568151144284956,0
rs450065,23404645,0.00284015450761,0.9419906141695641,0.8831218430958336,-0.6814941828489485,0.01517824,-0.8360389610389609,0.7249234480838823,-0.3920062632961758,-1.0735004461451243,0
rs450096,23401677,8.5531096849e-4,2.7391035263303665,0.9616715233759863,1.9767796886736368,0.004057690000000001,-0.803767660910518,0.9079005276944841,-0.8991718907882571,1.0776077978853797,0
rs4504540,23186198,6.369412633959999e-5,-23.958696180612115,0.9970407405001663,283.2488174610485,3.2761000000000004e-4,-4.87292817679558,0.9918762852546927,9.369780087951897,292.61859754900036,2.476220079088722e-275
rs4537204,23362543,0.004247650275999999,-8.57349556571639,0.8347708119006791,29.779630854160615,0.03076516,-1.588369441277081,0.5652499054619534,0.29654747994258646,30.0761783341032,0
rs4557594,22938527,6.50247091641e-5,4.017130902466458,0.9969791077373732,5.143194239948521,5.1984e-4,1.7807017543859647,0.9871707292032742,-0.6129037591365951,4.530290480811926,0
rs4557595,23004373,6.716458116e-5,7.37524708983088,0.9968800045782685,24.22731800963518,5.2441e-4,0.5589519650655022,0.9870594044429024,-2.019500831266633,22.207817178368547,0
rs4559148,23185967,6.447945460809999e-5,-23.100507975805456,0.9970043630750954,263.11214910482175,3.3124e-4,-4.708791208791208,0.9917870117556515,8.5942859788341,271.70643508365583,2.0499934692325683e-284
rs456866,23335603,7.022235002499999e-4,-0.8241891356440688,0.9683143593652721,-1.397063806587314,0.00320356,-1.3816254416961133,0.9258496290583461,-0.4171580819120596,-1.8142218884993735,0
rs4570044,22913650,8.771184101160002e-5,2.366450766967132,0.9959294082864639,0.0366633248604229,7.128900000000001e-4,0.6928838951310861,0.9824898207914005,-1.786645617245418,-1.749982292384995,0
rs457656,23336317,8.5629390625e-4,2.8354993592481845,0.9616291657937367,2.235547651505519,0.00398161,-0.7781299524564184,0.9094710266404528,-0.9257065775634064,1.3098410739421125,0
rs458163,23332513,8.504747364099999e-4,2.8652054493894643,0.9618799847223289,2.3147219639732963,0.0039942400000000005,-0.8306962025316454,0.9092099329366753,-0.8858997294877218,1.4288222344855745,0
rs458637,23333166,8.50538896e-4,2.862577149910849,0.9618772185905404,2.3075066828131394,0.0039942400000000005,-0.8844936708860759,0.9092099329366753,-0.8439520231802462,1.4635546596328932,0
rs459704,23335168,6.9961308004e-4,-0.8352072952189398,0.968428427695864,-1.3899751841609813,0.00320356,-1.4540636042402828,0.9258496290583461,-0.322067721749952,-1.7120429059109332,0
rs4599714,23168801,6.25636704784e-5,-27.117141946870433,0.9970931093445352,363.68058245032825,3.1684e-4,-5.134831460674157,0.9921412491653612,10.656579404860093,374.33716185518836,7.650869390509968e-240
rs460445,23328098,8.482889251599999e-4,2.937322749215461,0.9619742317677834,2.5151462515400276,0.00394384,-1.0923566878980893,0.9102527225658933,-0.6623023880156802,1.8528438635243474,0
rs461239,23334438,7.0959902689e-4,-0.8993817173017797,0.9679922138919935,-1.3293896568607921,0.00332929,-1.2807625649913343,0.9231630612917959,-0.5258783586807565,-1.8552680155415486,0
rs461344,23334236,6.9955489081e-4,-0.8364594636490467,0.9684309707146624,-1.3890010087918536,0.00319225,-1.430088495575221,0.9260920651274245,-0.3554675105053645,-1.744468519297218,0
rs4624924,23168843,6.25407343929e-5,-27.10188195395453,0.9970941719253065,363.2683014808467,3.1684e-4,-5.1011235955056184,0.9921412491653612,10.485419069424612,373.7537205502713,4.2689930607745105e-240
rs4628176,23142566,6.24819107025e-5,-26.68703468255625,0.9970968971139513,352.14413072378386,3.1684e-4,-5.022471910112359,0.9921412491653612,10.090428862475617,362.2345595862595,4.242456578721116e-245
rs463225,23335793,8.506497228100001e-4,2.8591265827558896,0.9618724405182719,2.2980545862451454,0.00398161,-0.7987321711568938,0.9094710266404528,-0.9109336493640169,1.3871209368811286,0
rs464336,23334755,8.4883657104e-4,2.832684624572676,0.9619506168302039,2.2249598189567834,0.003969,-0.8126984126984127,0.9097318565352862,-0.9020560716506894,1.322903747306094,0
rs4644138,22882827,6.49943928481e-5,1.6077827710803023,0.9969805119080933,-1.6127539006663183,4.1208999999999994e-4,0.4334975369458129,0.9898028040618538,-2.199819324100756,-3.8125732247670747,0
rs464428,23334475,6.995972100099999e-4,-0.8367214998922492,0.9684291212556095,-1.388760068195873,0.00320356,-1.4593639575971733,0.9258496290583461,-0.3149191462355997,-1.7036792144314727,0
rs464452,23334413,6.9959192004e-4,-0.8368456472260659,0.9684293524406641,-1.3886630438978589,0.00320356,-1.46113074204947,0.9258496290583461,-0.31253050760102863,-1.7011935514988874,0
rs466225,23332403,5.996163738009999e-5,-22.533121370338183,0.9972136705317313,250.22189663553127,3.1329000000000003e-4,-5.858757062146893,0.9922286174112804,14.600487074075545,264.8223837096068,2.0991668173062894e-287
rs466240,23338774,5.89575194244e-5,21.277925812476067,0.9972602025838371,222.80490597820807,3.1329000000000003e-4,5.4124293785310735,0.9922286174112804,12.10471333014652,234.9096193083546,2.1433763513803312e-300
rs467440,23360425,8.6551286416e-4,2.7865810548069994,0.9612320762286242,2.1069188242985755,0.004057690000000001,-0.9073783359497644,0.9079005276944841,-0.8186896903708508,1.2882291339277248,0
rs467459,23331208,7.0733125849e-4,-0.8065025549242922,0.9680912418024871,-1.4075916600520104,0.00331776,-1.4583333333333335,0.9234087819868801,-0.30271302709389014,-1.7103046871459004,0
rs4719717,22924077,7.889560858240002e-5,1.5380666312404865,0.9963370594003139,-1.626252640555707,6.4516e-4,2.503937007874016,0.9841270153691116,1.0135224922256967,-0.6127301483300103,0
rs4719718,22937996,6.0477138241e-4,1.0868571614461555,0.9725910583868626,-1.2240022690785712,0.006756839999999999,-1.9416058394160585,0.8554898064112118,0.6453243374609734,-0.5786779316175978,0
rs4719719,22951384,7.765116776010001e-5,1.2751262768114808,0.996394627603137,-2.0026226680878643,6.300100000000001e-4,2.5338645418326693,0.9844939737893247,1.077193502460796,-0.9254291656270683,0
rs4719720,22951843,7.763618809960001e-5,1.2765544526587933,0.9963953206072114,-2.000902664854062,6.300100000000001e-4,2.537848605577689,0.9844939737893247,1.0871398590950858,-0.9137628057589762,0
rs4719721,22988588,5.97348131689e-5,5.683835716402094,0.9972241814629638,13.16475164123571,3.920400000000001e-4,2.0656565656565653,0.990294127258737,-0.20475072008389716,12.960000921151813,0
rs4719723,22992618,5.97391413921e-5,5.689050873903981,0.9972239808929869,13.19435790082992,3.920400000000001e-4,2.02020202020202,0.990294127258737,-0.2967098510472028,12.897648049782717,0
rs4719724,22992843,5.9765577872400005e-5,5.699537694578324,0.9972227558275466,13.254107878600975,3.920400000000001e-4,2.025252525252525,0.990294127258737,-0.28659320993999104,12.967514668660984,0
rs4719725,23054005,6.384840987039999e-5,5.703483628099298,0.9970335936771698,13.30641253074657,4.1616000000000005e-4,3.0098039215686274,0.9897031286495304,2.1948629669237825,15.501275497670353,0
rs4719726,23054378,6.637458664359999e-5,7.369345506231697,0.9969165890295443,24.17904138655981,6.200099999999999e-4,2.807228915662651,0.9847363405375824,1.7889839601872906,25.9680253467471,0
rs4719727,23054480,6.639446695840001e-5,7.336922638888206,0.9969156683441308,23.94149130486719,6.200099999999999e-4,2.7469879518072293,0.9847363405375824,1.6242418158311338,25.565733120698322,0
rs4719731,23271086,8.02592015625e-5,19.2445374633738,0.9962739868207908,181.68993422434636,4.2849e-4,1.8502415458937198,0.9894012860732618,-0.5799562030265704,181.1099780213198,1e-323
rs4719732,23547690,6.18546071529e-5,1.3717120780391543,0.9971259598095922,-1.9879251295491223,3.8416e-4,0.7704081632653061,0.9904873594003193,-2.0336255314649114,-4.021550661014034,0
rs4722188,22860211,6.78854053476e-5,4.7132145362568965,0.9968466257305467,8.192529386071437,3.3489e-4,0.0546448087431694,0.9916972625932537,-2.394104373910786,5.798425012160651,0
rs4722189,22860474,6.78702459556e-5,4.692098165407108,0.9968473276859742,8.093435902615244,3.61e-4,0.18947368421052632,0.9910557221079755,-2.340581058940156,5.752854843675088,0
rs4722190,22861062,6.129684239289999e-5,3.132044913739921,0.9971518022268411,1.9603482578768934,3.8416e-4,0.14285714285714285,0.9904873594003193,-2.3174598738211802,-0.35711161594428686,0
rs4722193,22892011,7.322036647209999e-5,5.3029079490328845,0.996599651810954,11.170667324627823,4.9284e-4,1.4324324324324325,0.9878289593913393,-1.1909032500117833,9.979764074616039,0
rs4722194,22900727,1.9367732224e-4,-4.2455593239825244,0.9910556747079394,6.5734092691766985,0.0016646400000000002,-0.7401960784313725,0.960046696671326,-1.3470218569093761,5.226387412267322,0
rs4722195,22918729,6.05277776016e-5,5.352289728996036,0.9971874368169044,11.346387391989602,4.8399999999999995e-4,-0.8136363636363636,0.9880446596186148,-1.8862437795477327,9.460143612441868,0
rs4722196,22923091,6.0510818476900006e-5,2.50630232925862,0.9971882226460518,0.1949752782423193,4.0804e-4,0.9603960396039605,0.9899020096000697,-1.8411861401787126,-1.6462108619363933,0
rs4722198,22933477,6.64308132601e-5,7.248969696374828,0.9969139851000404,23.3022622019576,5.336099999999999e-4,1.588744588744589,0.9868353694625276,-0.9196705747146876,22.382591627242913,0
rs4722199,22953329,6.651348513640001e-5,7.307880003629416,0.9969101564800343,23.730230941890973,5.336099999999999e-4,1.722943722943723,0.9868353694625276,-0.7003830727300564,23.029847869160918,0
rs4722200,22953338,7.75641297025e-5,1.2951328765023475,0.9963986542585044,-1.9775596524011358,6.300100000000001e-4,2.541832669322709,0.9844939737893247,1.0971018423698067,-0.8804578100313292,0
rs4722202,22954795,7.75588455625e-5,1.2936213699718964,0.9963988987205533,-1.9795428029673678,6.300100000000001e-4,2.5657370517928286,0.9844939737893247,1.157201901467182,-0.8223409015001859,0
rs4722204,22960597,6.65454588516e-5,7.28881501040755,0.996908675752135,23.591718147604904,5.336099999999999e-4,1.7575757575757576,0.9868353694625276,-0.6409077527736935,22.950810394831212,0
rs4722205,22960879,7.760781882089999e-5,1.2486250685337357,0.9963966330578706,-2.0362199644169228,6.300100000000001e-4,2.553784860557769,0.9844939737893247,1.1270815520365551,-0.9091384123803676,0
rs4722207,22992787,5.973311283839999e-5,5.6879664420499125,0.9972242602563458,13.188160424868268,3.920400000000001e-4,2.02020202020202,0.990294127258737,-0.2967098510472028,12.891450573821066,0
rs4722211,23029032,6.586150256009999e-5,6.977084619450904,0.9969403512653198,21.37065590616443,5.29e-4,1.7217391304347829,0.9869476177551876,-0.7065456377570745,20.664110268407356,0
rs4722212,23029229,6.583732056039999e-5,6.975371024473689,0.9969414712235076,21.358582245575473,5.29e-4,1.7347826086956522,0.9869476177551876,-0.6842973384343327,20.67428490714114,0
rs4722217,23064871,8.6356638225e-4,-0.07835060316812142,0.9613158900242127,-1.623212507930136,0.006037290000000001,0.2445302445302445,0.868860873435426,-0.9897714566948346,-2.612983964624971,0
rs4722218,23070030,7.98567427876e-5,3.816786888474597,0.9962926015986493,4.458214197651856,6.6564e-4,-0.10465116279069768,0.9836313900383714,-2.050808602959602,2.4074055946922535,0
rs4722219,23075367,6.707577240039999e-5,7.2152312948261175,0.9968841171560686,23.063054194923524,5.5225e-4,1.8851063829787233,0.986381766733042,-0.39555686822239067,22.667497326701135,0
rs4722223,23106505,5.7716840065600004e-5,-3.123983172659257,0.9973177031782342,1.906005886696235,4.7524e-4,-2.137614678899083,0.9882585007525588,0.03555959058657043,1.9415654772828055,0
rs4722224,23106669,5.77537681681e-5,-3.1219973709107993,0.9973159916106032,1.9001314877186601,4.7524e-4,-2.1559633027522938,0.9882585007525588,0.07448770929309312,1.9746191970117533,0
rs4722225,23107005,5.8306968810000004e-5,-3.1536557576710016,0.9972903522118434,2.003829547427237,4.7961e-4,-2.132420091324201,0.9881518127274448,0.028879394914478773,2.0327089423417157,0
rs4722227,23196018,4.3477671169e-4,-3.120304249615132,0.9801424245165128,2.81189480868961,0.002304,2.091666666666667,0.9455370650529501,0.613277710253632,3.425172518943242,0
rs4722228,23196098,4.3477671169e-4,-3.120304249615132,0.9801424245165128,2.81189480868961,0.002304,2.089583333333333,0.9455370650529501,0.609159453114827,3.421054261804437,0
rs4722229,23196104,4.3477671169e-4,-3.120304249615132,0.9801424245165128,2.81189480868961,0.002304,2.091666666666667,0.9455370650529501,0.613277710253632,3.425172518943242,0
rs4722230,23197191,4.3483092675999994e-4,-3.1231884752980448,0.9801399975259724,2.820769105070501,0.002304,2.089583333333333,0.9455370650529501,0.609159453114827,3.429928558185328,0
rs4722233,23197411,4.3559446681000003e-4,-3.1675682409479227,0.980105818186742,2.9582762771066804,0.002304,2.08125,0.9455370650529501,0.5927274634947226,3.551003740601403,0
rs4722236,23523789,0.00397150779601,0.1652652574821604,0.843834997099771,-0.9168973937878853,0.09114361,0.16296787015568068,0.30500914226777803,-0.17787799719819442,-1.0947753909860798,0
rs4722237,23568497,6.215272569e-5,1.0187982799954336,0.9971121478985426,-2.4061448906249536,3.8808999999999995e-4,0.517766497461929,0.9903909791228057,-2.189773404030606,-4.59591829465556,0
rs4722238,23568653,6.21445269124e-5,0.9527728657724421,0.9971125277449708,-2.4711094282380257,3.8416e-4,0.5561224489795918,0.9904873594003193,-2.174401796102712,-4.645511224340737,0
rs4722243,23695573,5.81480977401e-5,2.6814145713914774,0.9972977153342945,0.6284485142950489,3.459599999999999e-4,-0.8225806451612904,0.9914251637586514,-2.0440432667259767,-1.4155947524309278,0
rs4722244,23720985,5.8181807290000003e-05,3.641674423482832,0.997296153004617,3.6564275208030135,3.0275999999999995e-4,-1.5000000000000002,0.99248785939226,-1.329068567934251,2.3273589528687624,0
rs4722245,23721573,5.814581011560001e-5,3.459268701461181,0.9972978213585411,3.010253646573403,2.9928999999999996e-4,-1.5028901734104045,0.9925733182892303,-1.3303858713258154,1.6798677752475875,0
rs4722246,23721978,1.2902233744e-4,4.6713649329154485,0.994023699788706,8.285642003351205,7.344099999999999e-4,0.6383763837638377,0.9819707711490114,-1.8077919782322447,6.47785002511896,0
rs4722253,23736675,6.12370416681e-5,1.6212441265058317,0.997154573000004,-1.6205443149588985,3.1329000000000003e-4,-1.6892655367231637,0.9922286174112804,-1.0129328475907298,-2.633477162549628,0
rs4722256,23751403,7.20335823076e-5,0.08153267367795966,0.9966545815963584,-2.846769085986122,3.4224999999999994e-4,-1.037837837837838,0.9915163383301625,-1.8508217793075818,-4.697590865293703,0
rs4722258,23754164,7.114247716e-5,0.01319529082588386,0.9966958299882797,-2.8561982139616546,3.3856e-4,-0.9456521739130435,0.9916070380301131,-1.9468046123532434,-4.8030028263148985,0
rs4722260,23759470,1.1840704225000001e-4,4.914331663833111,0.9945127009712993,9.40640735392645,6.4009e-4,0.4940711462450593,0.9842497888169046,-1.955319966767773,7.451087387158678,0
rs4722265,23790274,7.435043792890002e-5,1.044769195620382,0.9965473525758184,-2.2904200063830915,3.6480999999999997e-4,-0.7486910994764399,0.990962177203361,-2.0754323293099226,-4.365852335693014,0
rs4722266,23794029,1.1157063128999999e-4,2.8449733496170486,0.9948278799213061,1.393769136920458,5.953600000000001e-4,-0.6844262295081966,0.9853342845093626,-1.8803367610362367,-0.4865676241157788,0
rs4722267,23794183,6.33354938896e-5,2.597708573123106,0.9970573537038427,0.44989329379239207,4.6224999999999993e-4,-0.702325581395349,0.9885757712435665,-1.9921963780727503,-1.5423030842803582,0
rs4722269,23794429,7.50149996544e-5,1.0832351936008275,0.9965165994997061,-2.245217619628682,3.7249000000000006e-4,-0.7979274611398963,0.9907736679109957,-2.027439881712015,-4.2726575013406976,0
rs4722270,23794485,7.43761357056e-5,1.0723421179569952,0.9965461633572732,-2.26116180256797,3.6863999999999994e-4,-0.6770833333333334,0.9908681590462298,-2.120866272261883,-4.382028074829853,0
rs5013587,22882660,8.79877768324e-5,1.0353713894616094,0.9959166547568465,-2.2166110605536757,4.7961e-4,0.9863013698630138,0.9881518127274448,-1.737157903216336,-3.9537689637700115,0
rs527238133,23227843,0.019043172009000003,0.7974303789212809,0.5298347714002205,-0.20887585151499763,0.27751824,-0.5971905846621108,0.125977014737799,-0.04486029561774926,-0.2537361471327469,0
rs527487276,23324094,0.0036538156302400003,-0.8278552379944016,0.854509600439309,-0.6710059486002871,0.08282884,-0.39193884642112575,0.32565641749934304,-0.17199473804102028,-0.8430006866413073,0
rs527641860,23565289,0.009462289440489999,2.867962041361387,0.6939975387495182,2.262055386902966,1.9552428900000003,-1.365014660659372,0.020047684520254072,0.008551391599998062,2.2706067785029638,0
rs527756177,23424537,0.008688607441289999,2.59179274927129,0.7118071117254569,1.7686802283543759,0.33120025000000003,-1.629018245004344,0.10775854811520198,0.08597020488057718,1.8546504332349532,0
rs527791756,23444761,0.006548224425209999,-2.700408175370824,0.7662033174897582,2.067003858710783,0.27311075999999995,-0.4446995790279373,0.12775032068524256,-0.05570797749196088,2.011295881218822,0
rs527853336,23703231,0.020951694008999995,-0.932696359855472,0.5059922462430514,-0.13251501318940087,0.55771024,0.4064006427423674,0.06692205909003668,-0.02910679859254455,-0.16162181178194543,0
rs528029613,23492499,0.00431663454121,-2.012584264190402,0.8325367691356195,0.7925974508560213,0.09144576,-1.246031746031746,0.3043080278892221,0.05480943563140256,0.8474068864874238,0
rs528359547,23513922,0.0049966378316099996,1.6156883382918195,0.8111384247207204,0.22534719725983332,0.03632836,-1.6736621196222456,0.5240516106988281,0.36274931764162244,0.5880965149014558,0
rs528690985,23474844,0.00456113831044,-0.6657348207331771,0.8247139536758313,-0.6879102565436205,0.17656804,0.014278914802475012,0.18469945980948993,-0.1020804074264157,-0.7899906639700361,0
rs528748724,23431642,0.004703161536160001,3.6168773221191137,0.8202371001542839,4.507031229784797,0.04963984,0.2621184919210054,0.4462301583760079,-0.2801736956531974,4.226857534131599,0
rs528838769,23760116,0.007011834926889999,1.0510457183051158,0.7537271212650595,-0.2843374640707778,0.14845608999999999,-0.7072411108227357,0.2122510341798984,-0.0662049843779548,-0.3505424484487326,0
rs528976571,23491022,0.017610617024999997,2.0787008778870426,0.5492615928745523,0.7882448726590661,1.1008206399999998,0.23808616088448342,0.035062479234246685,-0.01685220386143732,0.7713926687976287,0
rs529257550,23260729,0.008910510420249998,0.0010863017834536605,0.7066062692196388,-0.6131194735765707,0.20079361,-0.3758089712117831,0.16611736499153779,-0.07910073032312961,-0.6922202038997003,0
rs529289391,23569392,0.007201474182250001,0.9512370156077844,0.7487400655735957,-0.3518842197485907,0.09740641,-0.17558474847805192,0.29110723437138053,-0.1675380870344668,-0.5194223067830575,0
rs529479563,23492151,0.017406316489,1.5977276344811382,0.552148784567426,0.3030972705531449,0.41525135999999996,-0.6500620732464308,0.0878635486119141,-0.027418121276917125,0.2756791492762278,0
rs529626137,23291561,0.015887089935999996,2.1403160800990135,0.5746094268093824,0.8887555984188708,0.77686596,-0.16360335829362377,0.048967642133110806,-0.024448260564065023,0.8643073378548057,0
rs529933914,23338883,0.00636135451561,-16.949375674696363,0.771349740762846,110.05941108545413,0.05531904,-1.4506802721088436,0.419643336735242,0.16950787485852403,110.22891896031265,0
rs529948292,23689589,0.014313490320999999,-0.4844732904822006,0.599885287855299,-0.387601147850161,0.11035684,-0.0662251655629139,0.2660337900158051,-0.1540627615882586,-0.5416639094384196,0
rs529976615,23018594,0.018550439999999998,2.7289867841409694,0.5363597360254733,1.6129112397620144,2.91009481,-0.17615335013775718,0.013558886265082446,-0.006615457565683552,1.6062957821963308,0
rs530267211,22946391,0.003520879569,-1.2297790585975026,0.8590568882074017,-0.330099317705838,0.05938969,-0.840377513336069,0.40245623062110375,-0.11534966161382335,-0.4454489793196613,0
rs530516624,22990314,0.014558352964,-1.4501815047489597,0.595807100447297,0.17356750937816146,0.34668544,0.38502038043478265,0.10344325351376045,-0.04692959525368563,0.12663791412447584,0
rs530530502,23449661,0.005920271414890001,2.8359064401968723,0.7837758275634366,2.3859859869417646,0.10517048999999999,-0.4973789700894234,0.2755380931758239,-0.12708093728752218,2.2589050496542424,0
rs530770059,23305541,0.020575607363999996,0.9220033184144115,0.510519289986827,-0.1402114106289211,0.266256,0.8226744186046511,0.13060968601431486,-0.0257836771506453,-0.1659950877795664,0
rs530852623,23519950,0.010470610276,0.7902077673318608,0.6720821199622845,-0.3476624808014994,0.11029041,-0.18157181571815717,0.26615137985184817,-0.1503389731120261,-0.4980014539135255,0
rs531400835,23084115,0.015450738600999998,-0.12128703711152768,0.5814023483444705,-0.4311461666790111,0.80874049,0.1703547203380407,0.04712865766543081,-0.023453839577101326,-0.45460000625611247,0
rs531403603,23453157,0.008519548441960002,2.2498900341706625,0.7158210978991589,1.1826693966121509,0.57017601,0.1595815123824659,0.06555485522939522,-0.03306645848311877,1.149602938129032,0
rs531840794,23347879,0.013043467264,2.142984729616139,0.6219662185464774,0.9417678565641594,2.3457985600000004,0.5486419430660747,0.01676587481886987,-0.005930675455937457,0.9358371811082219,0
rs532022354,23673607,0.013714049449000001,1.2205248191824571,0.6101086203242105,-0.016509986900292928,0.10233601,0.723976242575805,0.2810251601123286,-0.09131596903309026,-0.10782595593338319,0
rs532042217,23749000,0.017786756689000004,-1.919612797768563,0.5467965022818766,0.6117418339930405,0.19642623999999997,-0.7721119133574008,0.1691859583775473,-0.04224396255149876,0.5694978714415417,0
rs532308647,23146797,0.012843008929,-0.568840611681241,0.6256008384365032,-0.3900005393864413,0.32228329,0.1636427690681698,0.11041083346681545,-0.05701942331551084,-0.44701996270195216,0
rs532500052,23180170,0.00898980837316,2.644476694517511,0.7047661107040711,1.8543115683857407,0.29311396,-0.7004063538973032,0.1200790264088602,-0.034508061549506044,1.8198035068362346,0
rs532509156,22980406,0.00808841214736,1.42081667326398,0.7262655407740312,0.08526500843739915,0.27468081,-1.5905361572219041,0.1271129307185907,0.09281093541164297,0.17807594384904213,0
rs532514758,23673264,0.012559909041000001,-0.055811672957321694,0.6308068385519893,-0.49723518595137345,0.25361296000000005,-0.9354646544876886,0.1362337684276607,-0.013617871214303183,-0.5108530571656766,0
rs532753140,23075309,0.00159028678656,-0.26790442946557536,0.9310078684621845,-1.3034708952760747,0.021579610000000003,0.45405037440435664,0.6495656598020026,-0.45733316679143843,-1.7608040620675132,0
rs532872547,23200403,0.00734178212964,0.6831761281543155,0.7450925736404299,-0.5095490291553745,0.101761,-0.7338557993730408,0.2821650524474291,-0.08977861204743898,-0.5993276412028135,0
rs532878023,23706876,0.014792883876,-0.30618042194925427,0.5919526409161516,-0.42043928800484054,0.10666756,-0.17513778322106552,0.2727256115803659,-0.15504303402869246,-0.575482322033533,0
rs532937522,23371591,0.013835875876,0.18218676143029605,0.6080027821420891,-0.458159849210302,0.18429849,0.4651758676915909,0.1783337908338126,-0.07891582039952119,-0.5370756696098232,0
rs532985863,23437560,0.006939906297209999,-1.1732430158175693,0.7556360924974933,-0.18448214163748433,0.07683984,-0.6767676767676767,0.34234897959463145,-0.1311400298800703,-0.3156221715175547,0
rs533236664,23404763,0.005466561670439999,1.518647157955102,0.7969823797800623,0.12180467140201823,0.10896601,-1.3886700999697061,0.26851763029700537,0.10256424278244122,0.22436891418445945,0
rs533263224,23420869,0.00920112600625,0.7982173108499049,0.6999088324285795,-0.37886071667330434,1.35349956,-1.1879834966477567,0.02870470945825057,0.005693173353169562,-0.3731675433201348,0
rs533377874,23647265,0.00558851934096,0.6588225222188334,0.7933889039882701,-0.6162744252821141,0.08317456,-0.48092926490984744,0.3247423818684638,-0.15877518919510372,-0.7750496144772178,0
rs533502521,23695652,0.016195616643999995,1.2856626487089629,0.5699014315097284,0.04913271010241027,0.15233408999999998,-0.8296182423776582,0.20797145217470295,-0.04500903702563279,0.0041236730767774815,0
rs533523204,23610145,0.008368755064810001,2.286193074182698,0.7194397928839595,1.2446568792945525,0.15225603999999998,1.5312660174269606,0.20805588214549728,0.12728995566244866,1.3719468349570012,0
rs533795715,23553895,0.0105452361,-1.0272275781478235,0.6705150414099934,-0.20134972609474128,0.17698849000000003,0.5369622058473972,0.1843415749840003,-0.07530434757123615,-0.27665407366597744,0
rs534095320,23213312,0.00704698128369,1.8625835802173532,0.7527978476936492,0.6070353453590175,0.19971961000000002,0.054822107854106066,0.16686160969475966,-0.09102700965742681,0.5160083357015907,0
rs534166939,23116662,0.010028420163999999,2.5097661320924285,0.6815201384314516,1.5743244551482958,1.2003393599999999,-1.6193866374589267,0.032249238627725246,0.02589506123423208,1.600219516382528,0
rs534525016,23438367,0.012597817600000002,2.25433891660727,0.6301047091571934,1.1038422572537119,2.38424481,0.5021047859594586,0.016499983761953482,-0.00623891333546968,1.0976033439182422,0
rs534906030,23488264,0.00199449773604,1.6341318142938392,0.914963016079513,-0.010681931956174173,0.02050624,-1.0258379888268156,0.6610888397626428,-0.19316233712930359,-0.20384426908547776,0
rs535068068,23336939,0.0118048225,-1.5613713759779106,0.6451256912182864,0.2683738891301406,1.5602508100000003,0.6058762308862381,0.024996081707966765,-0.008069038701329906,0.2603048504288107,0
rs535094329,23495656,0.011486694975999998,-0.8201323057400911,0.6513549165248963,-0.30779421891830994,0.30869135999999997,0.7710583153347732,0.11471462900600694,-0.026821919141148225,-0.33461613805945817,0
rs535183681,23259175,0.010893096900000001,-5.628964261761042,0.6633056521539165,9.964209076637632,0.09891025,-1.2829888712241655,0.28795571241143114,0.06718866994917039,10.031397746586801,0
rs535193557,23305857,0.015770587561,2.1709096121228533,0.5764075022581965,0.9287689408236794,0.33918976,-1.0472184065934065,0.10548808069078659,0.0021040908710281483,0.9308730316947076,0
rs535274306,23535243,0.010550165796,-0.6232840703312109,0.6704117792844423,-0.4247338093902279,0.3365160099999999,-0.9763833821754871,0.10623718231795778,-0.005518166972374852,-0.43025197636260276,0
rs535345639,23507673,0.0032009342982399994,-3.3641704727025923,0.8702021047232882,3.9034300212564856,0.07284600999999999,-0.3593923675435347,0.3544653461828204,-0.1959463110559328,3.707483710200553,0
rs535839017,23760869,0.00367048164025,-2.441928215962829,0.8539429070046752,1.584157660839491,0.10163343999999998,-0.5812421580928482,0.2824191801032299,-0.11822825501005335,1.4659294058294376,0
rs536643690,23786059,0.017966989681,-0.70233436038227115,0.54429692446667155,-0.2587132767322944,1.2148448400000003,-0.5477227363454908,0.03187645095627918,-0.011416312504288186,-0.2701295892365826,0
rs536690936,23637482,0.0013351716000000002,2.4698576902025176,0.9414273773213983,1.4527022953890079,0.007832249999999999,1.4836158192090396,0.8362558733908608,0.015622912706513614,1.4683252080955214,0
rs536895095,23547864,0.017430864676,0.699270598215503,0.5518002641637402,-0.26634868086351615,0.14130081,-0.41367384942803936,0.22062780635122373,-0.10575569874411445,-0.3721043796076306,0
rs537053686,23778007,0.004427252213760001,1.2337760905112296,0.8289792898375252,-0.25204774490727555,0.02643876,-0.8714637146371463,0.6020581961493562,-0.23210850364637836,-0.4841562485536539,0
rs537136793,23259662,0.014209116804000001,-0.3577096021878828,0.6016406489185322,-0.4217085810310033,0.26615281,-0.1692188408606319,0.13065370851895824,-0.06813623391139152,-0.4898448149423948,0
rs537490784,23447916,0.011072721529,-1.2182899826090263,0.6596433050558974,-0.049349204044387474,0.43178041,-1.2424288540556994,0.08478520759265948,0.021140224268120525,-0.02820897977626695,0
rs537664650,23686474,0.00878501296656,0.45116421490178005,0.7095382354573918,-0.5459287134767028,0.13017664,-0.5523835920177383,0.23504988698801435,-0.09811222172040636,-0.6440409351971091,0
rs537890697,23453383,0.015506973729,1.9638793193443993,0.5805179033089608,0.6851098890488438,1.7889062499999997,-0.6976448598130842,0.02187099530115336,-0.005734457478025859,0.679375431570818,0
rs538066200,23320300,0.012716847360999999,2.8267342975463117,0.6279102040866855,2.0143252243995136,2.34763684,0.5376582691554627,0.016752966502225693,-0.006025998612747448,2.0082992257867662,0
rs538104894,23200550,0.011782885401000002,2.833172115818662,0.6455514122726315,2.0722807868857283,0.7659750399999999,0.044904021937842785,0.04962932847151198,-0.025401559391982926,2.0468792274937453,0
rs538122237,23777062,0.017296721289,-0.7409156230753439,0.553710136802133,-0.2514120702933442,1.1870102499999997,0.9385956860945388,0.03259956467356325,-0.0022118977016425245,-0.25362396799498677,0
rs538474460,22847528,0.021021810121000004,-0.43542682548331246,0.5051571069527163,-0.3038694624331633,1.1541204900000002,1.1979893884389834,0.033497457195462745,0.0070017417407372134,-0.2968677206924261,0
rs538751977,22950473,0.019376918400999997,-0.38033060107326816,0.5255046076017049,-0.3347442060133974,1.3133159999999997,1.1848167539267016,0.029557028809235993,0.005744621479534648,-0.32899958453386274,0
rs539057874,23296009,0.00549853393441,3.7749841204766956,0.7960371743234786,4.8770571457545415,0.08288641,0.5428968391802709,0.32550385351805794,-0.14892564719380458,4.728131498560737,0
rs539073995,23027556,0.012822618169,0.1212483552195837,0.62597293619427,-0.4871122952486992,0.12306064,0.47462941847206386,0.24530751259163466,-0.1130918670216032,-0.6002041622703024,0
rs539190276,23693017,0.0035805264062500003,-3.094564445372885,0.8570106023604108,3.131015391084124,0.07901721,-0.4190679473496976,0.3360858484247783,-0.17528986089309287,2.955725530191031,0
rs539207293,22844148,0.010050463503999999,-1.3191357778398436,0.681043376437773,0.02119824694608574,0.145161,0.5183727034120735,0.216028213284655,-0.09266662416492183,-0.07146837721883609,0
rs539222093,23556450,0.005558567313640001,-0.13554277467346604,0.794268433485498,-0.7832954297685937,0.11471769,-0.3835252435783879,0.25853540083231596,-0.1305497358724148,-0.9138451656410085,0
rs539261540,23066092,0.013491984024999999,-1.3649433946020404,0.6139849130411301,0.09600916795209341,0.9428409999999999,-0.7737384140061792,0.0406983428652244,-0.008592388335581269,0.08741677961651215,0
rs539493543,23621724,0.004206586107240001,0.2670888183760881,0.8361063693812675,-0.8744464030558804,0.025824490000000002,-1.757311761045426,0.6076765653634384,0.4704622141716155,-0.4039841888842649,0
rs539545364,22894015,0.00529519637761,0.675449819357658,0.8020870046039228,-0.6269948180168179,0.04016016,1.0224550898203593,0.49900099999800407,-0.08474416877593022,-0.7117389867927482,0
rs539593504,23732693,0.010144921284000002,-1.5675125593216972,0.6790079373055448,0.2660242740989782,0.26635921,-0.6657624491377641,0.13056568464189475,-0.041020302080144955,0.22500397201883326,0
rs539667759,23303811,0.004881299875690001,0.7530282840224829,0.8146900767766206,-0.6118771431005433,0.06953769,-0.7986348122866895,0.3651711114229267,-0.11074361734972797,-0.7226207604502712,0
rs539696686,23590466,0.0022304462017600003,-0.37182283241155595,0.9058502989328124,-1.1188166926569434,0.029859840000000002,-0.7482638888888888,0.5725750302319617,-0.26469620791892984,-1.3835129005758733,0
rs539742909,23251596,0.011681718724,-2.133852075276179,0.6475219901522179,0.9528054079864505,0.35105625,-1.8082700421940925,0.10228707506912371,0.11327874042344699,1.0660841484098975,0
rs539762943,23617648,0.018110430625,-0.28452684376741594,0.5423238726175043,-0.36884468836691436,1.71793449,0.36339360646982527,0.02275397645790544,-0.010006034479510208,-0.37885072284642457,0
rs539839986,23643109,0.010547084601,0.25953904127596183,0.6704763172132822,-0.5324717116921467,0.17514225,-0.368936678614098,0.1859234994521067,-0.09019704722456505,-0.6226687589167117,0
rs540223045,23394695,0.0105555076,-1.5855655051586528,0.6702999206497454,0.28778707917142443,3.38302449,0.3024520197901376,0.011685572252508193,-0.005342710721148826,0.2824443684502756,0
rs540256277,23391960,0.0062279718062500005,0.2775201951404948,0.775065607236317,-0.7161264618055736,0.10214416,-0.8707759699624531,0.28140445587071605,-0.05854072707654158,-0.7746671888821152,0
rs540288347,22896104,0.0038229859980899996,1.261743837568312,0.8487920068509553,-0.2689120945418132,0.05303809,-0.14329135909683022,0.42993143990810645,-0.27658555719170724,-0.5454976517335204,0
rs540330623,23370129,0.006066447078759999,0.10625775157470913,0.779613683062532,-0.7517854473317477,0.16378209,0.006671608598962195,0.19628810363069693,-0.10925283750811696,-0.8610382848398647,0
rs540362373,23598384,0.017300667024000002,1.622540522458413,0.5536537705172562,0.32545474310280836,0.45630024999999996,1.0558105107327904,0.08059637286098488,0.0029068072311658477,0.3283615503339742,0
rs540501843,23196871,0.0069102311328400005,-1.509807789933091,0.7564264859149308,0.15597624806903743,0.21949225000000003,1.2343649946638207,0.15414718551324752,0.03372875816836918,0.1897050062374066,0
rs540569569,23608709,0.00184774461316,2.007842197583366,0.920723925956536,0.5885077069346816,0.02143296,-0.6885245901639344,0.6511162737396994,-0.372172207499238,0.21633549943544356,0
rs540708677,23673152,0.012539968323999999,-0.056406029540461866,0.6311768021142374,-0.4977148554095372,0.24990001,-0.9837967593518704,0.13797860855541194,-0.007465879806277512,-0.5051807352158147,0
rs540903503,23464865,0.0036191895040900003,-0.07327928829432327,0.8556893987383783,-0.9655962109321378,0.07991929,-0.33321542270958615,0.3335576786687113,-0.18438296690406905,-1.1499791778362067,0
rs541366027,23329642,0.018957709969,0.4388330052946175,0.5309550918476893,-0.3274042002100475,0.27342441,0.7523427041499331,0.1276224784151305,-0.03214809703367808,-0.3595522972437256,0
rs541375834,23155324,0.00755181856144,1.2311567619319412,0.73969833360856,-0.11235927774846677,0.06625476000000001,-0.033022533022533024,0.3764537231084989,-0.23596088865463058,-0.3483201664030974,0
rs541388036,23131552,0.004218112809,1.4569556715475693,0.8357310474989266,-0.016113687012152877,0.06635776,0.4083850931677019,0.37608915419053585,-0.20451212731446605,-0.22062581432661893,0
rs541417232,23491769,0.004948630062250001,1.520487870754053,0.8126129798638262,0.10204362798129807,0.03636649,-1.4016780283167276,0.5237899502779295,0.14359727624787139,0.24564090422916945,0
rs541531630,23585968,0.011182005025,-1.922417135561965,0.6574348568108913,0.6791902180937992,0.20088324,0.9812583668005356,0.16605555454999696,-0.010849457116902494,0.6683407609768968,0
rs541672608,23515377,0.011180101695999999,-1.0020049935688886,0.6574731935705851,-0.20564653086670093,0.18037009,0.3501295031787144,0.18151283597515436,-0.08902289230786435,-0.2946694231745653,0
rs541841095,23706311,0.010354894081,0.32447547637064045,0.6745265990560777,-0.5257287269696023,0.5569636899999999,-1.2240385903792041,0.06700575038324359,0.015518247844472012,-0.5102104791251303,0
rs541857149,22855419,0.00917919202561,-0.18175811857243804,0.7004098834554924,-0.5911006331188206,0.09351364000000001,0.3508829300196207,0.29959485787369744,-0.1596052841744959,-0.7507059172933165,0
rs541938569,23468595,0.012427344483999998,-0.7523995765980732,0.6332745057218286,-0.3223208704616827,0.52954729,-0.5169712793733681,0.0702312182013894,-0.027024699496986257,-0.34934556995866894,0
rs542003741,23648605,0.011224554916,1.5325448813546525,0.6565789846166107,0.2366524323677699,0.39513796000000007,0.4360483614381164,0.09192486906911088,-0.039474866891357915,0.19717756547641196,0
rs542050673,23728247,0.00291341937121,-0.6775017090897638,0.8804672355021022,-0.8600113811366797,0.05555449,-0.4255409418752652,0.41860931914345423,-0.23326420610389695,-1.0932755872405766,0
rs542250577,23404560,0.011403249796000001,1.958880377577585,0.6530088146542391,0.7236387878796275,0.4526598399999999,0.7256242568370987,0.08119192341717972,-0.020963994385050224,0.7026747934945773,0
rs542559885,23679084,0.010212113025,0.24186136262431346,0.6775674347572368,-0.5461128287338933,0.17673616,-0.7835394862036157,0.1845561903468254,-0.04535870936717879,-0.5914715381010721,0
rs542939248,23567515,0.00300824825625,2.0782351064314692,0.8770549026668596,0.8460181883950901,0.056169,-0.5755274261603376,0.4159344487308801,-0.19998566669893425,0.6460325216961559,0
rs543488035,23087133,6.87922606921e-5,1.1599351829189628,0.9968046356053156,-2.2024518596881766,4.8399999999999995e-4,-1.0636363636363637,0.9880446596186148,-1.6543901179440463,-3.856841977632223,0
rs543588453,23480390,0.00995141914624,-1.2063037306729967,0.6831907978672325,-0.07764885677036032,0.46895103999999993,-1.6267523364485983,0.07859302144269126,0.06306454026877775,-0.014584316501582567,0
rs543689396,22957090,0.011420769424,-2.2797189055657445,0.6526608763321956,1.1672510509289737,0.32524209000000004,-0.4373136945467298,0.10951640321628868,-0.04752316093228873,1.119727889996685,0
rs543833977,23196571,0.00433435256164,1.8808307941879647,0.8319649029888925,0.5797568985915765,0.028662490000000002,-0.013585351447135262,0.5825597061801866,-0.43675311773999037,0.14300378085158616,0
rs543839447,22987424,0.00699059865604,1.869290442029523,0.7542897233667268,0.6160361225339639,0.07667360999999999,-0.39472733838931023,0.3428367391734944,-0.1832027585953869,0.43283336393857696,0
rs544017339,23315942,0.014744759183999999,-1.9053019073030932,0.5927394865621568,0.6267230308337519,0.6066852100000001,0.44575683656438564,0.06185389642667102,-0.02577963213389223,0.6009433986998597,0
rs544046253,23229639,0.011749692816000001,1.2946787704343332,0.6461966315915648,0.02206818525005294,0.25918281,0.38715380082498524,0.1336975209237456,-0.06174074281716126,-0.039672557567108316,0
rs544258659,23720488,5.82223937296e-5,3.665318543292846,0.997294271959621,3.7429127506544027,3.0275999999999995e-4,-1.4540229885057472,0.99248785939226,-1.3964670036229319,2.3464457470314706,0
rs544267848,23524999,0.011089774864,-0.7726554487788203,0.6592977073833881,-0.34157391966371986,0.31945104,0.7570771408351026,0.11128080196958118,-0.02709580326256772,-0.3686697229262876,0
rs544293154,23501882,0.0032056092476099997,-3.2590461354231244,0.8700371724631346,3.600245050815273,0.07365795999999998,-0.2266028002947679,0.35193311581520564,-0.20784500910130685,3.3924000417139664,0
rs544321239,22883107,0.015067317000999999,-0.033529560322283686,0.5875052428699633,-0.44243564571260696,1.5003800100000002,-0.42550412278553346,0.025967618211300992,-0.010804597412985706,-0.4532402431255927,0
rs544558581,23224597,0.018653823241,0.03683077193419193,0.5349774035510539,-0.382471790065764,1.4847422499999998,0.037423061140746824,0.026233942163011493,-0.013273725479531118,-0.3957455155452951,0
rs544711658,23528230,0.004378151289759999,-2.2237771960899293,0.8305546226042573,1.1660108074291888,0.06071296,-1.9931006493506491,0.3971683485422333,0.5358070893841536,1.7018178968133424,0
rs544942418,23714818,0.004094157007360001,-1.4613553674576778,0.8397849400917263,-0.01891376334136774,0.06360484,0.15463917525773196,0.38608234904855804,-0.2393309927997605,-0.25824475614112824,0
rs545249172,23567930,0.011757498624000001,0.015841541242437657,0.646044781192345,-0.5192113732972238,0.46621583999999994,-1.673403632103105,0.0790176775187438,0.06947858140681949,-0.44973279189040427,0
rs545439469,23156034,0.018528382160999998,-0.04882426406306247,0.5366555955491633,-0.3840026815011495,0.5727462400000001,-0.09077695560253699,0.06527987833919634,-0.03348509684089411,-0.41748777834204365,0
rs545442084,23266481,0.0186841561,1.1389933426000438,0.5345731752576968,-0.0356477462580172,0.55517401,0.25942826466246144,0.06720723574606359,-0.032524485099630886,-0.06817223135764808,0
rs545676435,23179278,0.00862310960449,3.1655264282952853,0.7133568804593406,2.949358182213153,0.38713284,-0.30633236901317906,0.0936476811288966,-0.0447696610648213,2.904588521148332,0
rs545819050,23696095,0.019606440529000003,-1.3201402626711325,0.5225675377288982,0.08569131101102523,0.37222201,0.4600885100803147,0.09703509038733765,-0.04076552936188282,0.04492578164914241,0
rs545819888,22874828,0.00790031212569,0.20153638968674797,0.7309184434201773,-0.641526553865781,0.42850115999999994,-0.5267338832875038,0.08537865733352722,-0.032778472473190726,-0.6743050263389717,0
rs545952710,23501491,0.00546795175936,1.6341472650164446,0.7969412374994191,0.26696086110111783,0.08340544,-0.058864265927977846,0.32413481934021715,-0.1953192659948303,0.07164159510628754,0
rs546086667,23344531,0.0017663107562500002,-1.4396787817500445,0.9239520829187204,-0.330669635482171,0.025408359999999994,-0.5922208281053952,0.6115426223803808,-0.36554411382619545,-0.6962137493083664,0
rs546118650,23669015,0.007691658344410001,-2.9774087507596736,0.7361500161469153,2.596783989451092,0.15233408999999998,-0.10632846528311557,0.20797145217470295,-0.11540328544579921,2.481380704005293,0
rs546317469,22902157,0.004075481760249999,-1.6358210825586041,0.8403991131841155,0.2068769347972742,0.095481,-0.8200647249190939,0.29524435160649837,-0.07567524558083145,0.13120168921644276,0
rs546345392,23689595,0.006626529812250001,-1.1833926059690307,0.7640671369704483,-0.18709728777800205,0.45697600000000005,-0.364792899408284,0.0804867840700557,-0.03660008754839928,-0.22369737532640133,0
rs546446470,23195180,0.005815709616640001,1.1754820300862305,0.7867804453040783,-0.22914634699388103,0.052349440000000004,-1.1009615384615385,0.4331374397072685,-0.02131272396416023,-0.25045907095804126,0
rs546806205,23794274,0.017641418040999998,1.626060638001521,0.5488289276110198,0.3276175822840153,0.7694798399999999,-0.2837437300501596,0.049414448666195335,-0.02334936612820932,0.30426821615580596,0
rs546844496,22963469,0.017887725025000002,-0.1759564843545553,0.54539339279818555,-0.38571854043427645,0.89208025,-0.037586024351508734,0.0429147597537873,-0.02190109757545964,-0.4076196380097361,0
rs546851717,23022253,0.014871314704,-1.5546298422278348,0.5906747525061308,0.2671706036391564,0.6113676100000001,-0.019311932472183144,0.061409255520089495,-0.031676417013974036,0.23549418662518237,0
rs546942300,23496808,0.005492781236889999,1.6444551787600876,0.7962070775722706,0.2812392178829298,0.08236899999999998,0.011149825783972127,0.3268801739002526,-0.1978956400995102,0.08334357778341964,0
rs547158952,23671839,0.019860137476,1.535940848388516,0.5193590812016666,0.24629630586979778,0.23474024999999998,-1.768627450980392,0.14559206377660355,0.14903586128586607,0.3953321671556639,0
rs547240136,23437367,0.005523209714890001,0.021792613663122,0.7953092084517861,-0.7929385328843991,0.07656289,-0.1131189013371883,0.34316239070599575,-0.2079636971487272,-1.0009022300331263,0
rs547381539,23510530,0.0110082064,0.8982710636675563,0.6609540335694821,-0.2741508945357306,0.195364,-0.023076923076923078,0.16994952499107768,-0.09308913055629334,-0.3672400250920239,0
rs547539055,23027313,0.00400392810756,-20.17017349225464,0.8427606373705199,170.50764763407187,0.044944,-0.8297169811320755,0.4708984742889434,-0.1561970911285525,170.35145054294333,0
rs547703544,23348489,0.018489200625000004,-1.7419672733958447,0.5371819390717789,0.42981523302020924,1.6684888900000001,-0.9016025392893087,0.023412502260989246,-0.0023296036419304354,0.42748562937827883,0
rs547779835,23110995,0.005237778756250001,0.21331721302981102,0.803812015854431,-0.7960525635271957,0.06953769,-0.8452787258248009,0.3651711114229267,-0.09674321969010904,-0.8927957832173047,0
rs548035366,23635622,0.00360032400729,-1.1842167102480388,0.8563335652240588,-0.3696826302136421,0.061404839999999995,1.4386602098466506,0.39445848935810174,0.15739780671375891,-0.2122848234998832,0
rs548102711,23133195,0.011039074488999998,2.036376788144708,0.6603262494525912,0.8292456506374115,0.44169316,0.6133012338248571,0.0830404151887895,-0.027728595889719675,0.8015170547476919,0
rs548120755,22983854,1.5448252681e-4,5.253300721693445,0.9928528154388041,11.2294448243086,0.00136161,2.2872628726287263,0.9670803433425343,0.8228322899056177,12.052277114214217,0
rs548702217,23704719,0.020085408729,1.318134671154294,0.5165429640626368,0.08534486496669519,0.46226400999999995,-1.3734372701867923,0.0796393912436609,0.03361822401046198,0.11896308897715717,0
rs548723767,22879763,0.018921102916000004,-4.035753231458191,0.5314364237372614,3.9487915912420153,0.35581225000000005,-0.43202011735121537,0.10105801424791679,-0.043837585574823985,3.904954005667191,0
rs548912816,23372603,0.00719399134276,1.4577669204667911,0.748935595274395,0.10475278285070555,0.21977344,0.7598122866894198,0.15398032993673258,-0.03915877965132435,0.06559400319938119,0
rs549346053,23066889,0.00295623826369,0.1957815980121866,0.8789231537318616,-1.0388201679028677,0.07263025000000001,-1.1410018552875696,0.3551443772876292,0.011814196324315518,-1.0270059715785522,0
rs549501655,23186132,0.017301193156000004,-2.039351042316055,0.5536462553940215,0.7479725411049225,0.57471561,0.5573143384777733,0.06507074059824185,-0.023536743149743376,0.7244357979551791,0
rs549676225,23586857,0.007024283720999999,1.8267172566846837,0.753397711488463,0.5570156767610099,0.20106256000000003,-0.243978590544157,0.1659320302580376,-0.08578159282510701,0.47123408393590294,0
rs549732693,23390470,0.0016767796522499999,-1.5999975579081043,0.9275274523441157,-0.12504220609388073,0.02325625,-0.7468852459016394,0.6323485821559134,-0.32393611351724955,-0.44897831961113027,0
rs549868864,23402910,0.012781885249000001,1.4613336635502445,0.6267175716883312,0.17646647492360823,0.17255716,0.0876263842079923,0.1881846746541025,-0.10351872124045276,0.07294775368315547,0
rs550133784,23314357,0.022559439203999998,-0.4715389019827162,0.4875116146331971,-0.2800397710417344,2.19513856,-0.6005669546436285,0.01789598225176698,-0.00580165851734764,-0.28584142955908204,0
rs550149845,22988428,0.0028313998788099997,4.272789973482877,0.8834401208190654,6.989690638112123,0.038416000000000006,0.9,0.5100999795960008,-0.15018648260776682,6.839504155504356,0
rs550299305,23094309,0.00968320945089,-0.3256598101892924,0.6890745374727798,-0.5475613699447229,0.13557124,-0.36067354698533405,0.22782774673118447,-0.11445528128909949,-0.6620166512338224,0
rs550518539,23394159,0.019487601604,0.20244559377641513,0.5240841442663501,-0.36051751749827177,0.43309561,-0.43093754748518465,0.08454950575423857,-0.0363187710027642,-0.39683628850103597,0
rs550558442,23475521,0.00577753530201,1.2241294249053745,0.7878831453099865,-0.18499034788342927,0.06864400000000001,-0.6125954198473282,0.3681749567394426,-0.16048828912977006,-0.34547863701319936,0
rs550717836,23496850,0.015705353040999997,2.180408710431612,0.5774192426987236,0.9418907723176899,0.9160404099999999,0.007522724898129767,0.04183923564486151,-0.021368667435225287,0.9205221048824647,0
rs550719957,23645613,0.0033152836622499997,-0.12256519360525196,0.8661857167148126,-0.9991451738943149,0.036519209999999996,-0.6153846153846154,0.5227445500286791,-0.27087048188160523,-1.2700156557759201,0
rs550739850,23601349,0.005960534820249999,-0.3410707925056182,0.7826249560987778,-0.7175444511945901,0.13359025,-1.5537619699042406,0.23042768819101309,0.1471863483088979,-0.5703581028856922,0
rs550815375,23475364,6.121935751839999e-5,-4.687690113339503,0.9971553923704042,8.024799903154165,3.5721e-4,-0.5925925925925926,0.9911487934869632,-2.1895718809591673,5.835228022194997,0
rs551046567,23480631,0.018129814608999997,0.3134507267150401,0.5420583395845181,-0.3638777569825294,3.0467702500000002,-0.598338584932684,0.01295852841655449,-0.004201976005093002,-0.36807973298762237,0
rs551126921,23343612,0.021332939364,1.0328568103082336,0.5014843226694772,-0.08057009022509154,6.29658649,1.0399314549874468,0.006312546994051999,2.4709774495694416e-4,-0.0803229924801346,0
rs551366620,23492505,0.007539205777960001,-1.0940438979783158,0.7400200549205588,-0.23069853167680437,0.39576680999999997,-0.15402956604673343,0.09179221336292227,-0.04705215327417328,-0.27775068495097766,0
rs551572404,23233384,0.014318754921000001,-23.26998771529571,0.5997970187643077,161.93485038630104,0.29398084,-0.21394319439321285,0.1197673495281945,-0.06104353843445431,161.87380684786658,0
rs551573168,22864954,0.011560335361,-0.19849328955812462,0.6499022946587296,-0.511968561994196,0.56055169,-0.25871510618405236,0.06660542408930696,-0.03223456101419615,-0.5442031230083922,0
rs551890319,22916938,0.0198471744,-0.5008219761499149,0.5195220672977311,-0.30133303736929695,3.7430640900000003,-0.11779604072982891,0.010573439690259121,-0.005241509807741437,-0.3065745471770384,0
rs552005317,22934640,0.00665177261056,0.5629315925766077,0.7633810468713118,-0.59969744729419,0.08392609000000001,-0.19192267863306867,0.3227730335073107,-0.18892984274494815,-0.7886272900391381,0
rs552097395,23499473,0.010846805904000001,-0.7218717594192879,0.6642560742369833,-0.3726317337516567,0.30525625,0.7619909502262443,0.11585597653916475,-0.02793291368283348,-0.40056464743449016,0
rs552531312,23390563,0.007556216402250001,-1.528624757697595,0.7395862211909873,0.19135148526804402,0.15752961,0.3867472915091963,0.20250128575660128,-0.0979931185383413,0.09335836672970271,0
rs552554366,22939004,0.012773520399999998,0.07953663068483455,0.6268707081876647,-0.49093233052620516,0.14280841,0.5969833289229954,0.21880831412515434,-0.08447691287271047,-0.5754092433989156,0
rs552632410,23382388,0.016749277561000003,2.3306624220554943,0.5616434280984868,1.113058687114201,0.8004880900000001,-0.6964345590700793,0.04759139418620435,-0.01283914918126079,1.1002195379329403,0
rs552787930,23014965,0.004811558717159999,1.8892127775519207,0.8168527760495737,0.6089923254624656,0.07711729,1.7115592365862442,0.34153795737589215,0.29133242573643114,0.9003247511988968,0
rs552800649,23070153,0.015700841809,-0.40010215238262453,0.5774893399757444,-0.3845475538623307,0.92891044,1.4315210624610915,0.04128348539623539,0.0212202174032279,-0.3633273364591028,0
rs552867099,23502143,0.0111703761,-0.6103453496073422,0.6576691558627653,-0.41349088211028573,0.30824704000000003,0.7705331412103746,0.11486099063469427,-0.026907577203935433,-0.44039845931422117,0
rs552904016,23068189,0.00273481932025,-1.6828924094807391,0.8869666288116327,0.16596491571918404,0.03437316000000001,-1.4320388349514563,0.5378284316546452,0.16556230645771564,0.33152722217689967,0
rs553062876,23217993,0.004559139457959999,1.2999774886184232,0.8247773102304322,-0.1739361101101179,0.07969329,0.5451647183846972,0.33418748870550724,-0.1537125568549226,-0.32764866696504047,0
rs553182818,23434457,0.023129238889,0.1311783697060158,0.4812817681795352,-0.3240563328828173,0.89019225,-0.758664546899841,0.043001863324490186,-0.009601585314163642,-0.333657918196981,0
rs553250128,23478894,0.00514631194884,-0.3133466596410818,0.8065753520256302,-0.7818363734290446,0.13682601,0.4744525547445255,0.2262110647636058,-0.10276742152829804,-0.8846037949573426,0
rs553350686,22992588,0.020049993604,-2.0410740264693,0.516983663818834,0.7130202225067552,0.34316164,0.7328439740525777,0.10439458396722598,-0.02709458066246907,0.6859256418442862,0
rs553476623,23672450,0.019127719809000004,-1.4835180726376145,0.5287310781995587,0.20565932374220292,0.63504961,0.2892458275818798,0.05925490424325999,-0.028062805386786432,0.17759651835541648,0
rs553582113,23155762,0.0065102790076900004,-3.730112794861085,0.7672427754572176,4.608729146607412,0.18905104,1.5186292548298068,0.17463356638764882,0.10540909056343167,4.714138237170843,0
rs553673024,23245116,0.00540510217636,1.671735623522499,0.7988056439032991,0.3144691183133337,0.10125123999999999,1.1448774355751101,0.28318335470895695,0.01912289207399459,0.3335920103873283,0
rs553848010,23346454,0.009633658061439999,1.0816373105983421,0.6901726593684201,-0.18214000196834834,0.38464803999999997,0.7852305707836182,0.0941956543588427,-0.020426064860844296,-0.20256606682919265,0
rs553856783,23727700,0.006265767323559999,-12.222404701566264,0.7740090438519192,57.069882747567426,0.10975969,1.3214609115605194,0.26709456997406983,0.07783883886634746,57.147721586433775,0
rs553985880,23624435,0.011367611161000001,2.4179742822573833,0.6537177410347343,1.3807624217504828,2.15473041,-0.8486272906873765,0.018225473077579494,-0.0026340977026792977,1.3781283240478035,0
rs554071125,22951071,0.0030327930126400004,1.104294835012384,0.8761759861750349,-0.5102130955340879,0.06671888999999999,-1.9794812233836625,0.37481649218802793,0.49947530536035395,-0.010737790173733941,0
rs554151253,22867075,0.010677502224,0.24170924786126274,0.6677554463970758,-0.5314357284090416,0.48399849,-0.9356044271956304,0.07633609783875524,-0.006292890830999973,-0.5377286192400416,0
rs554240808,23526534,0.00592070230521,-12.555490141800558,0.7837634932666373,61.010677652804134,0.07485696,-1.3395467836257309,0.34825926091026616,0.09840148111700497,61.10907913392114,0
rs554362147,23610561,0.00934764116224,-12.623702980455755,0.696580199446535,54.90645187469622,0.30991488999999994,-0.3057301957966589,0.11431351206574836,-0.055353624608399335,54.851098250087816,0
rs554412818,22888783,0.007534917055210001,-1.8259663448301287,0.740129513534537,0.5600666026566696,0.13133376,1.5416666666666665,0.23346245363435675,0.14450352322028112,0.7045701258769508,0
rs554679048,23668065,0.014221993536,2.251056550613806,0.6014235318305362,1.0638554234596027,0.6945555600000001,-0.8900887928965683,0.05445469638811257,-0.00642565248817905,1.0574297709714238,0
rs554798969,22944126,0.012291269956000002,0.1216883444879404,0.6358276715714567,-0.5003563618262651,0.16184529,0.8344519015659956,0.1981715798273024,-0.04143589296976223,-0.5417922547960273,0
rs554912449,23072416,0.007769170820409999,-0.8104146788907559,0.7341978274594069,-0.4214012095126766,0.12852224999999998,-0.36206415620641563,0.23735738159204503,-0.11992523036496731,-0.541326439877644,0
rs555084540,23645841,0.014976130129,-2.139102936009217,0.5889755636740323,0.9029545110789416,0.48776256,-0.09392898052691867,0.075791659036973,-0.03907453599345898,0.8638799750854826,0
rs555595475,23003425,0.00439724155689,-1.4477022908476183,0.8299414278798154,-0.01609316063312105,0.09790641000000001,-0.3352508788750399,0.2900517822195502,-0.15498170516257193,-0.17107486579569298,0
rs555772431,23512802,0.007109356489000001,-9.286846069001506,0.7511542699256554,31.696380448925286,0.11916304,1.123117033603708,0.2513146268128581,0.013784890575848918,31.710165339501135,0
rs555813708,23221938,0.004194777242409999,-8.071798799081634,0.8364912285483027,26.34490360212568,0.030345639999999997,-2.1039035591274398,0.5686208839666539,0.8380906584371616,27.18299426056284,0
rs555848638,23493157,0.019063048760999998,1.4139452013123874,0.5295748847228989,0.1523146733592659,90.26140036000001,0.45090836368229376,4.429610154497498e-4,-1.7649852390297152e-4,0.15213817483536293,0
rs555849927,23010560,0.015919373584,-19.60815394857813,0.5741131504294167,109.94063549680247,2.214144,0.5311155913978495,0.017745095255671334,-0.00644941189261857,109.93418608490985,0
rs555934919,23491735,0.017349104656,1.8328145403747456,0.5529627549896028,0.5262020873225732,0.32706960999999996,-0.9791921664626685,0.1089711567241974,-0.005447525044444471,0.5207545622781288,0
rs55633349,23317121,1.2267113049000002e-4,-12.092599113374323,0.9943162148860851,70.11483506311517,6.5536e-4,-4.1015625,0.9838801083055223,6.211965862961729,76.3268009260769,0
rs556482785,23374948,0.010967535076,1.7349177854591982,0.6617830171844171,0.4539296812467951,1.1573456400000002,-0.4822457705893289,0.033407229010329886,-0.013104390187551919,0.4408252910592432,0
rs556565697,23398066,0.0034866426848399997,2.6196403591666413,0.860235862846124,1.9677915132483048,0.07225343999999999,0.10119047619047619,0.3563365185066935,-0.21846526074565692,1.7493262525026478,0
rs556569236,23538706,0.011313725956,0.8213611492394185,0.6547925574883297,-0.3109321738784183,0.21169201,0.5146707237557053,0.15892439334883934,-0.06548844131403277,-0.37642061519245107,0
rs556630570,23559681,0.011047691664,1.4372454998668038,0.6601512093098929,0.14220155471048757,0.11553200999999999,-0.2374227714033539,0.25718178528008484,-0.1414033504211507,7.982042893368568e-4,0
rs556707401,22954291,0.007351227564490001,1.3275942304170898,0.744848303273197,-0.026548544879511415,0.21594609,-0.6221217990101141,0.15628291098332467,-0.05472550172273835,-0.08127404660224977,0
rs556729923,23133801,0.010605292324000001,1.576450253442349,0.669259209066066,0.27840979473950866,0.18241440999999997,0.3561226878951066,0.17984446241590196,-0.08772639807027251,0.19068339666923617,0
rs557067922,23571136,0.00757281107961,-0.4934550957862331,0.7391634855253636,-0.5819383347166158,0.09168784,-0.3956406869220608,0.303748622499997,-0.15724913282002154,-0.7391874675366373,0
rs557167909,23451750,0.008396240161,-2.3369165457105128,0.7187774895441998,1.328381709382024,0.18671041,-0.17750520712797965,0.17643653857800357,-0.09427774471829393,1.2341039646637302,0
rs557423034,23591999,0.004190749696,-1.8126699209095403,0.8366225701422207,0.4686294919421129,0.08196769,-0.8623821166608453,0.3279557069581297,-0.07676470653301218,0.39186478540910075,0
rs557509925,22964064,0.005842721981289999,-1.342648980803975,0.7860020313895555,-0.06242897697858529,0.04363921,0.27668741024413596,0.4782445936541008,-0.30697195742519473,-0.36940093440378,0
rs55756298,22885965,4.3157985025000004e-4,1.344090110471973,0.9802855563931798,-1.077720596670789,0.00316969,-0.2078152753108348,0.9265760305436522,-1.2857443117438947,-2.3634649084146835,0
rs55770647,23138861,0.00109667607921,3.677154012700771,0.9513812573710724,4.920159499197434,0.008353959999999999,-0.7024070021881837,0.827233178006517,-0.6738378902857501,4.246321608911684,0
rs55775122,23228758,1.2240324496e-4,-11.753407570772625,0.9943285565708837,66.093405011225,6.502499999999999e-4,-3.831372549019608,0.9840037884145855,5.154598605326662,71.24800361655167,0
rs55781938,22990608,3.197051280899999e-4,0.907484773745407,0.9853209456549653,-1.7049468412461066,0.0023814400000000003,0.15163934426229508,0.9438093656090969,-1.4286513840558532,-3.13359822530196,0
rs55785521,23035744,3.0835711200999995e-4,0.670383426062494,0.9858346017854552,-1.9069526114901265,0.0023328900000000002,0.3188405797101449,0.9448917850871982,-1.401199715541832,-3.3081523270319586,0
rs557868539,23651489,0.00579509175025,-1.034016196937951,0.7873756276032978,-0.3531872149458284,0.097969,-0.6779552715654952,0.2899201994650973,-0.1045619133808286,-0.457749128326657,0
rs558051395,23331158,0.016997379875999998,-0.2668898706797368,0.5580200631983318,-0.3883714536832754,0.34809999999999997,-0.4664406779661017,0.10306622004637982,-0.0431747224712626,-0.431546176154538,0
rs55811252,23449799,6.963602083239998e-5,-21.080742304807053,0.9967655701542265,218.61321016894001,4.0401e-4,-1.7611940298507462,0.9900007449755606,-0.7672280044383286,217.8459821645017,8.326356121752982e-308
rs558235521,22988999,0.0038940220844100003,0.884888489329686,0.8464138863973564,-0.6053642009440698,0.05914624,-0.4773848684210526,0.40344444731338275,-0.21231970441217435,-0.8176839053562441,0
rs558384362,22905808,0.010587998404000001,-0.8932146397403254,0.6696203587271077,-0.28663402234462054,0.16990884,0.41800097040271716,0.1905589111921156,-0.08905795675534045,-0.375691979099961,0
rs558415211,23221225,0.021320380225,-4.237756394890936,0.5016315447082446,4.156087125360044,0.71554681,-1.094337392126729,0.052941789271799065,0.004503504288436547,4.160590629648481,0
rs55844051,23360363,0.00498084474001,-2.676099644208793,0.8116229173692826,2.0715677545805415,0.12390399999999999,-1.5363636363636364,0.2440452948067162,0.1481369612719952,2.219704715852537,0
rs55858041,22991110,3.0876464089e-4,0.6993916354137619,0.9858161461443491,-1.8867201835721836,0.0022944099999999998,0.29227557411273486,0.9457514598264878,-1.416694183548932,-3.303414367121116,0
rs558690110,23450135,0.016575532516,2.6723315675826824,0.5642089981562716,1.599312407056684,0.43771456,1.1701934703748489,0.08373200934047312,0.013606133528664285,1.6129185405853483,0
rs558691502,23524675,0.0064484272644100005,-1.2204101760726058,0.7689431702139451,-0.15991342865603853,0.07623121000000001,-0.14994567185802243,0.3441416466369059,-0.20703642950616263,-0.36694985816220116,0
rs55877195,23270152,0.0025785576202499998,1.7535048592443803,0.8927323262294151,0.2562634625495779,0.03323329,-2.0746023038946793,0.5461996859624906,0.7803658127333342,1.036629275282912,0
rs558833987,23256546,0.016153393215999998,1.027483162333984,0.5705411825433548,-0.12144837450859902,0.6923904099999999,1.121860353322918,0.0546156796345818,0.006286972800201213,-0.11516140170839781,0
rs558950280,23609995,0.004138863556,-1.9956321696148225,0.8383183155726598,0.7582584695860701,0.07924224999999999,-1.102309058614565,0.3354515702278346,-5.226316488021743e-4,0.757735837937268,0
rs558950913,23034570,0.022513502025000003,0.3653450631477223,0.4880208967989852,-0.30216594809624947,0.6074643599999999,-0.16692327431357454,0.061779462270324825,-0.03102442907883298,-0.33319037717508243,0
rs558951249,23296263,0.00958873766841,-0.24290737228878875,0.6911711814680866,-0.5670931411998629,0.17639999999999997,-0.3761904761904762,0.18484288354898343,-0.08910778632306947,-0.6562009275229324,0
rs55908503,22900531,4.5459783369000006e-4,-2.6485486344641274,0.979255912991921,1.4969000032351463,0.00361201,-0.30282861896838603,0.9171785478357911,-1.2034790750634703,0.293420928171676,0
rs55919851,23753422,9.292902160089999e-5,-3.6006543588828595,0.9956883297178568,3.731191168012984,4.7089e-4,0.1935483870967742,0.9883647233851294,-2.208344299414617,1.522846868598367,0
rs55921023,23069783,4.6087931761e-4,0.31686781783203916,0.9789753044078752,-1.881881663343491,0.00341056,-0.3219178082191781,0.92143478453169,-1.2241684756514748,-3.1060501389949655,0
rs559266520,23516614,0.018202057225000002,-0.16056702368157727,0.5410710046210091,-0.38245500367340535,2.16619524,1.0680119581464873,0.018130761627425145,0.0011918534929030323,-0.38126315018050233,0
rs559400675,23258163,0.004147694886760001,-1.3367457214460285,0.8380292043037183,-0.16143698144002872,0.046526490000000004,2.139545665275846,0.462286173864212,0.7478790677209086,0.5864420862808799,0
rs55950645,23775503,0.00757702352521,1.0474897784047763,0.7390562538559331,-0.2662660797560581,0.12702096,0.1324354657687991,0.23949089982478852,-0.13478336693763454,-0.40104944669369263,0
rs559759273,23715994,0.0040930821198399995,-1.4613315368600064,0.839820265583292,-0.01901554611029166,0.06355440999999999,0.15351051170170568,0.38627036743292736,-0.23954907005645498,-0.25856461616674664,0
rs559986949,23581680,0.007557433422249999,1.4692034716191114,0.7395552021844716,0.1255045356368748,0.13075456,0.4897676991150443,0.2342543590051124,-0.10535703532857445,0.020147500308300356,0
rs559988157,23664924,0.00376984948081,-1.201449206910199,0.8505796470603981,-0.3365984540265473,0.05769604,1.1548709408825977,0.4094331766159611,0.009699775836823632,-0.3268986781897237,0
rs559990713,23435408,0.00214883238025,-20.182847774266268,0.9089817531897695,183.93730394097037,0.017476840000000004,1.3214826021180028,0.695932483414189,0.01240635440229143,183.94971029537265,1.6e-322
rs56009416,23743580,2.5785615241e-4,-3.983241893398265,0.9881269849403049,5.622174532067781,0.00130321,0.7894736842105263,0.9684477308180164,-1.426253306447515,4.195921225620266,0
rs56041996,23472117,1.5370544484e-4,5.837317911242317,0.9928885117180836,14.442958908216134,9.734399999999999e-4,1.794871794871795,0.9762421705377923,-0.29740788370257265,14.145551024513562,0
rs560557564,23692141,0.021413932224999998,-1.3331533809409917,0.5005369714391826,0.0976908131300861,2.39042521,0.25742190026518336,0.016458025466251646,-0.007752177621829698,0.0899386355082564,0
rs560623900,23553031,0.014730676900000001,0.8026316223119386,0.592970129698915,-0.25843347888380586,0.40157569000000004,0.3601073062963547,0.09058469681607699,-0.0416033167897685,-0.30003679567357433,0
rs56062719,23103989,7.23402981961e-5,-9.36286860796373,0.9966403848055317,40.836432374751055,5.953600000000001e-4,-2.4344262295081966,0.9853342845093626,0.8086364631345488,41.6450688378856,0
rs560655445,23347715,0.0067941773582399995,-5.197605633119326,0.7595335033748266,9.54685115997228,0.30680520999999994,-0.19931395558765122,0.11533852101010827,-0.05898413628974046,9.487867023682538,0
rs560747802,23530403,0.007624083856000001,2.922637317330157,0.7378604018487509,2.4818922196742452,0.243049,0.7503042596348884,0.14131828764630863,-0.03640045618456739,2.445491763489678,0
rs560970669,23739670,0.00921989801209,0.3260206435514157,0.6994805812391147,-0.5639477461593739,0.19722481,-0.9513623057869849,0.16861642759878281,-0.01602546446109382,-0.5799732106204678,0
rs560978554,23075141,0.010399308529,0.4258107220255548,0.6735862538264653,-0.4987292024604356,0.21687649,0.5572256817693795,0.15571685832362472,-0.06045860426030264,-0.5591878067207383,0
rs561103030,23068867,0.006394561155999999,0.29785033639296704,0.7704301802263469,-0.701599746584034,0.32809984,-0.49214385474860334,0.108666170569376,-0.04435835060892739,-0.7459580971929614,0
rs56133021,23022817,6.540118640999999e-5,1.5609551013342238,0.9969616706472222,-1.6836348881509775,4.4944e-4,-1.0235849056603774,0.9888888449382734,-1.7318605511958796,-3.415495439346857,0
rs56134032,23011257,3.1619596761e-4,0.9891069008373683,0.9854797269720663,-1.634041329675702,0.00234256,0.128099173553719,0.9446759950272255,-1.439523406850588,-3.07356473652629,0
rs561360064,23294512,0.00534862583649,-2.8681343774398607,0.800488447755397,2.486545386845056,0.07924224999999999,-1.565896980461812,0.3354515702278346,0.2069454583470998,2.693490845192156,0
rs561481600,23606322,0.012127295376,0.31855726272202245,0.6389318110275306,-0.4769252304304969,0.3616819600000001,0.22713668107748586,0.09958127071477145,-0.04987893229873345,-0.5268041627292304,0
rs561484982,23084284,0.005255887506250001,-1.3339397910272766,0.8032671698813282,-0.09828939159023109,0.09265936,-0.22076215505913271,0.3015241442443263,-0.1720798037060349,-0.270369195296266,0
rs56150365,23692391,0.001043548416,-5.405491579990094,0.9536273349763806,12.396657741101894,0.006691239999999999,-1.8557457212713935,0.8566917477454015,0.5037554923698752,12.900413233471768,0
rs56150723,23574737,0.0013495777795600001,3.787557912272774,0.9408327856094733,5.334709173021161,0.022290489999999996,0.0020093770931011385,0.6421525982537624,-0.5138230214026073,4.820886151618554,0
rs56167948,23749280,6.0798737476e-4,-4.662292050256719,0.9724493214580762,8.77318542645895,0.00367236,-1.183168316831683,0.9159111163216277,-0.5968542960302139,8.176331130428736,0
rs561726112,23639609,0.009143758129,-0.8599353711973061,0.701220838452143,-0.3447527911825393,0.20566225000000002,-1.2564498346196251,0.16282517969285065,0.039662120309284954,-0.30509067087325437,0
rs56184140,23060325,1.41871921e-4,-2.602762152632021,0.9934324174859799,0.8521350556604039,0.0011289599999999998,-0.7410714285714286,0.9725507282459853,-1.5306517792337544,-0.6785167235733505,0
rs561849248,22923834,0.018710956943999997,0.6549039389420125,0.5342165240400002,-0.26745468667179156,0.35034561,0.0834600439263389,0.10247329283400934,-0.05369930798237708,-0.32115399465416866,0
rs561869181,22955228,0.014044857121,-2.2161909021103527,0.604424081274058,1.0206087997092554,0.35581225000000005,-0.727577535624476,0.10105801424791679,-0.026519895758542262,0.9940889039507131,0
rs561976193,23762323,0.00349057637721,-2.385822200331409,0.8601002384659124,1.4644941909268538,0.05683456,-0.9475671140939597,0.4130756622429017,-0.08098278456683425,1.3835114063600196,0
rs56200701,23073323,1.5825639999999998e-4,-2.8251351351351355,0.992679494119505,1.5029424430270169,0.00103684,-0.25465838509316774,0.9747339220076401,-1.8075401041766905,-0.3045976611496737,0
rs562087246,23466276,0.014920866800999999,2.749514944617727,0.5898702309477076,1.784019221165062,1.10019121,-0.03918390695013824,0.035081835089747805,-0.01782906027168945,1.7661901608933726,0
rs562110031,23347977,0.014478827584,2.28778006781464,0.5971255023104138,1.1080937279511274,0.11062276,-0.8039687312086591,0.2655641152771334,-0.0685005187250482,1.0395932092260791,0
rs562133008,23270400,0.020046595395999997,-7.287796816069386,0.5170259900806329,13.366241432871352,0.32194276,0.1325343672893902,0.1105147123263358,-0.05758554073298207,13.30865589213837,0
rs56232288,22901064,2.652533395599999e-4,-3.1738361597878013,0.9877905392346096,2.7723515173184774,0.0022848400000000002,1.1527196652719665,0.9459655044219157,-0.8305845104694639,1.9417670068490134,0
rs56259943,23440416,2.2836649924e-4,7.8779496817056875,0.9894705418119052,28.42751629249013,0.00173889,3.2422062350119902,0.9583388537644388,3.4478885424203334,31.875404834910462,0
rs56283444,23667094,7.47865203264e-5,1.780902228512752,0.9965271723323081,-1.2510939220100932,4.4100000000000004e-4,0.7428571428571428,0.9890952251428007,-1.9863677230149066,-3.237461645025,0
rs562849510,23509057,0.005285028283240001,3.038617187220591,0.8023919473947897,2.893585550622782,0.05085025,0.04745011086474501,0.44028497444971265,-0.28966810018538486,2.603917450437397,0
rs56288917,23253139,0.00108696155481,3.8861540048105647,0.9517911674207608,5.6709604157304,0.00786769,-0.4036076662908681,0.8356367311645915,-0.8347758675565637,4.836184548173836,0
rs563056231,23557325,0.00428840309881,-1.5681849069799758,0.8334495921692788,0.12858261196792686,0.059731360000000004,-0.3076923076923077,0.40107745447369814,-0.23732558275906035,-0.10874297079113349,0
rs563083218,23420004,0.00749864206809,0.8291361942474539,0.7410566360988621,-0.4208470289755479,0.20358144,-0.7699468085106382,0.16421612418417433,-0.04101746616213597,-0.46186449513768385,0
rs563165114,23057852,0.00890918893225,0.19258384231129852,0.7066370165812045,-0.6000682263976608,0.20757136,0.22848990342405617,0.16156957735337402,-0.08389425692111585,-0.6839624833187766,0
rs563234241,23229279,0.004940417001610001,3.7062176954562718,0.8128657806304901,4.744817758452038,0.08054243999999999,0.08914728682170543,0.3318333360433056,-0.20029024043877278,4.544527518013266,0
rs563241524,23087169,0.014243945103999999,-0.9167895565908101,0.6010537632164251,-0.20687053509472741,0.19158129,-0.17066483893077453,0.17272552545155961,-0.09229392968596646,-0.29916446478069386,0
rs563395173,22931233,0.00317672013376,-0.589169375328233,0.8710573824146485,-0.8730129391891998,0.07006609,1.5477899508877977,0.36341801548506,0.20949083051335302,-0.6635221086758467,0
rs563518189,23492133,0.00547872353856,1.5233374404202198,0.796622570485791,0.12795814040992193,0.08282884,0.01667824878387769,0.32565641749934304,-0.19696247287453755,-0.06900433246461563,0
rs563522853,23288583,0.005340262544410001,-0.9852388778427168,0.8007382484650353,-0.41793142625215046,0.11062276,0.17438364401683704,0.2655641152771334,-0.15028843251187166,-0.5682198587640221,0
rs563532158,22901660,0.013129722225000001,-1.4587947811668194,0.6204152460278285,0.17580863681846343,0.22259524,0.2556167867740568,0.1523256857207313,-0.07765291444495316,0.09815572237351027,0
rs563555423,23754709,0.021109474681000003,0.45641918632262146,0.5041168216205025,-0.29819903032045064,0.49252324,-0.13550869193502424,0.07511409267321369,-0.03835280102481754,-0.33655183134526817,0
rs56359038,23719779,5.8308037840899994e-5,3.811814347096702,0.9972903026663413,4.289819286288341,3.0275999999999995e-4,-1.517241379310345,0.99248785939226,-1.3032532624357902,2.986566023852551,0
rs56391241,23719766,5.838335281e-5,3.687759295370964,0.9972868121173705,3.8265197204107113,3.0625000000000004e-4,-1.577142857142857,0.9924019227787254,-1.2056898856402092,2.620829834770502,0
rs56392022,23723869,2.4861405625e-4,1.0847122245124463,0.9885476647007415,-1.6532179141016967,0.00156025,1.5417721518987342,0.9624581180334575,-0.49723805286424017,-2.1504559669659367,0
rs56394851,23732488,1.8770644036e-4,-2.740879961461542,0.9913290285087343,1.3497542576898747,9.1204e-4,1.195364238410596,0.9777072959451545,-1.2032270560674325,0.14652720162244215,0
rs56400441,23143564,5.8921897123600004e-5,-18.828018540761796,0.9972618534445131,173.81157542326446,3.2041e-4,-5.407821229050279,0.9920534042188559,12.088562168728629,185.9001375919931,1.11e-321
rs56404120,22864848,2.3635372644e-4,-1.8430316512508294,0.9891062808518287,-0.5799033122242596,0.0016080099999999998,-1.324189526184539,0.9613533547987515,-0.7837917221137493,-1.3636950343380088,0
rs564206609,22901129,0.022113474436,-2.047039124177908,0.49250118971106,0.6927504460697651,0.21930489,0.0012812299807815502,0.15425856411732153,-0.08377067210592838,0.6089797739638367,0
rs564481947,22958107,0.004237814702250001,2.4857254775455653,0.8350903121202463,1.6787623661218878,0.08248384,-0.9066852367688023,0.32657369331333835,-0.06345381008724285,1.615308556034645,0
rs564504675,23488903,0.0039128152562499996,-0.9628823788018065,0.8457869628069488,-0.5426276278834763,0.09102289000000001,0.10938017898574742,0.30529016723719044,-0.18030426433088084,-0.7229318922143572,0
rs564547707,23116057,0.00174724836001,-1.4165827354480014,0.9247110164374233,-0.3653988564265669,0.026276409999999997,-0.5188155459592844,0.6035329916028946,-0.38135486608383357,-0.7467537225104004,0
rs564581837,23492003,0.012058016481000002,-0.7306076915371236,0.6402524297789732,-0.34029694005548394,0.31663128999999995,0.7549315798827084,0.11216065757998973,-0.0275208407513294,-0.3678177808068133,0
rs564870184,22882030,0.004032516704410001,0.5973959916286232,0.8418155221145175,-0.7717822814503613,0.06744409,-1.0700808625336926,0.37228664694354063,-0.01968812686253868,-0.7914704083129,0
rs564948156,23661081,0.014715630864,1.3775843307943418,0.5932167558264231,0.11314776192189391,0.18224361,-0.38697587256968846,0.17998267756719757,-0.08573867469883996,0.02740908722305395,0
rs564953782,23599591,0.018945044881000003,-0.09287276320282474,0.5311215214833334,-0.37641527132905556,0.29387241000000003,-1.0293303818483674,0.11980624574519352,-3.379914822043001e-4,-0.37675326281125987,0
rs565331889,23224433,0.00955345946724,2.2773777442199754,0.691957398000929,1.205642418641025,0.45360225,0.8691907943578323,0.08103690775315552,-0.011643265538231338,1.1939991531027938,0
rs565477398,23121234,0.004271838096489999,1.4677941777222219,0.8339861300980195,5.361239405673457e-4,0.06558720999999999,0.2991019133151113,0.3788337621573674,-0.22113266513606544,-0.2205965411954981,0
rs565491476,23627674,0.0037890672691600004,1.5634696549774674,0.8499322459201359,0.09046887206136045,0.05225796,-0.24453193350831146,0.43356692474015257,-0.27123541638440635,-0.1807665443230459,0
rs565628725,23032074,0.015644255928999998,-0.3799331611727176,0.5783700411918239,-0.3900699838566079,0.5915148100000001,1.0657911845013652,0.063339765539307,0.0032568271884421615,-0.38681315666816574,0
rs565881272,23232413,0.0026944923722500005,1.6764422011809241,0.8884474586126734,0.15184254751811666,0.04528384,-0.9656954887218046,0.46902203277901194,-0.09781995857502371,0.05402258894309295,0
rs565992031,23208777,0.015771843396,-1.8062682146099087,0.5763880599445932,0.5107945044306553,0.6098048100000001,0.4254065821488026,0.06155694661601535,-0.02619654785469151,0.48459795657596383,0
rs566220483,23743488,0.00479100693241,-0.8189132454263469,0.8174922866630538,-0.5763685305313421,0.06355440999999999,-0.5700119000396668,0.38627036743292736,-0.18134815152794198,-0.757716682059284,0
rs566223660,23256355,0.004724390249639999,-1.6708567205263174,0.8195721011245742,0.28781318145511325,0.149769,-0.6638242894056848,0.2107825830351638,-0.07191470824074538,0.2158984732143679,0
rs566231043,23764075,0.017243891855999997,-0.9042462456974018,0.5544659318667259,-0.1775581218544983,0.6364848399999999,-2.170468789170218,0.05912918905913695,0.10880215720603084,-0.06875596464846745,0
rs566500948,22965091,0.0162690025,-2.4231673853390827,0.5687929280289146,1.2493187146325577,0.6376022499999999,-1.3442705072010017,0.059031681196454126,0.022914085486001243,1.272232800118559,0
rs566731092,23387880,0.0176305284,-0.3125380328362705,0.5489818176806093,-0.37131153435816777,1.7886387599999998,0.42799461641991926,0.02187419455114252,-0.00905504007020103,-0.3803665744283688,0
rs566811477,23022383,0.014871314704,-1.5546298422278348,0.5906747525061308,0.2671706036391564,0.6115240000000001,-0.01930946291560102,0.06139451501402865,-0.03166857028501558,0.23550203335414083,0
rs56685747,23484228,1.2679435609000002e-4,-6.6311199523991355,0.9941262934695465,19.288102624523034,8.820900000000001e-4,-0.18181818181818182,0.9784235590695094,-1.9019043383664687,17.386198286156567,0
rs566896088,23781201,0.00366441358336,-1.5485476026854152,0.8541491517793136,0.0615393118828258,0.04955076,0.7322551662174305,0.4466740427440259,-0.17615122711916414,-0.11461191523633835,0
rs566907430,23526377,0.00208553882329,-0.3094616107226771,0.9114252201489097,-1.1683120604057915,0.030206440000000005,-0.576524741081703,0.5697483022924963,-0.32700575728989406,-1.4953178176956856,0
rs567250109,23761852,0.00412855081444,-1.5914856397598274,0.8386561763677215,0.14997649110774525,0.06031936000000001,0.03175895765472313,0.398726626645146,-0.25415170776145446,-0.10417521665370921,0
rs567323268,23012580,0.018630339049,-1.7712263632567238,0.5352907837760393,0.4564968814272244,0.237169,0.29342915811088294,0.1443162835670656,-0.07171436622018613,0.38478251520703827,0
rs567660259,22856785,6.421778495999999e-5,3.6879929120495163,0.9970164836580616,3.873029674816478,3.3856e-4,0.2554347826086957,0.9916070380301131,-2.357831235941251,1.515198438875227,0
rs567698847,23689791,0.010649620809,0.4485072240472107,0.6683352720057598,-0.48459460060314524,0.29975625,-0.6244748858447489,0.11773146189363701,-0.03967359882379924,-0.5242681994269445,0
rs567791480,23176967,0.002801267329,2.5543106542974288,0.8845373565499616,1.806179164901279,0.03709476,1.8437175493250262,0.5188420069016364,0.5160685672958265,2.3222477321971056,0
rs567854070,23217812,0.013026113423999999,2.4869011320225702,0.6222791998763878,1.4374980121964307,1.0857640000000002,0.4226487523992322,0.035531425769521854,-0.01491549055293687,1.4225825216434937,0
rs568070884,23668122,0.007180782860249999,0.4670844175384561,0.749280987749412,-0.609976707781139,0.34468640999999994,-1.960313404871402,0.10398079828190451,0.14489347722644894,-0.46508323055469003,0
rs568470508,23133029,0.005121134156410001,1.585573928098812,0.8073393451923065,0.19143114201727074,0.12630916,-0.3390545863815419,0.24051591626101657,-0.1237333408412324,0.06769780117603834,0
rs568584397,23109295,0.00667412204209,-2.905662871670708,0.7627746250056355,2.500633743300049,0.27060804,0.7283737024221454,0.12877966713289202,-0.034769558613589796,2.4658641846864593,0
rs568632779,22891938,0.00595550214961,-0.5493502168535438,0.782768622883153,-0.6452819467076816,0.12404484,-1.05366269165247,0.2438357707563371,-0.0043944917727465616,-0.6496764384804281,0
rs56865911,22872357,1.6472695716e-4,4.277889455066773,0.9923824639445287,6.641816194955014,0.0011088900000000002,-1.129129129129129,0.9730255426502638,-1.1861614546781893,5.455654740276825,0
rs568815770,23157244,0.009412569938560001,-5.979711065117545,0.695115205288602,11.83368723330262,0.09156675999999998,-1.2561136814276272,0.30402816030432006,0.05862805639292157,11.89231528969554,0
rs568968432,23553192,0.014317319024999999,0.8060264928335632,0.5998210911859634,-0.26307628439632036,0.4065337599999999,0.3739021329987453,0.08957889320619346,-0.04066232562311524,-0.3037386100194356,0
rs569016751,23795276,0.008077569550090001,1.516412184437771,0.7265321372203072,0.18704688901579258,0.06579225,0.61364522417154,0.37809952997502183,-0.16629894085823094,0.020747948157561646,0
rs56913154,22858525,7.9461408321e-4,-0.08609913831330773,0.9642943739872634,-1.662649318803519,0.00512656,0.10335195530726257,0.8863959495250691,-1.0827839835653081,-2.745433302368827,0
rs569317023,23107464,0.0031969751472400005,-1.110438648928757,0.8703418325210646,-0.4848289469415499,0.06270016,-0.16773162939297126,0.3894833269977379,-0.24124599531053173,-0.7260749422520816,0
rs569379701,23129409,0.00262317084561,-1.8710874730801745,0.8910785694290071,0.45125468785139056,0.04605316,-1.0027958993476234,0.4648289499188641,-0.07886852499031843,0.3723861628610721,0
rs569612091,23181236,3.0614850841000004e-4,13.802115779186263,0.9859346341919719,91.77746523574187,0.0019891600000000002,-0.8318385650224215,0.9526268208270896,-1.1952618897329341,90.58220334600894,0
rs569985605,23540942,0.006820695156249999,2.558668079309823,0.7588213153344127,1.7728103982197505,0.19114383999999998,-0.37694419030192133,0.1730524161924454,-0.08271274091446423,1.6900976573052864,0
rs570142091,23211271,0.00686153782336,0.3091674473407183,0.7577270134484215,-0.6726315896587819,0.11424400000000001,-1.3775147928994083,0.25932937423822,0.09594521257660368,-0.5766863770821782,0
rs570191942,23582679,0.00680535902916,1.1957522068111124,0.7592330344940441,-0.1691783240528716,0.20421361000000002,1.261562292542598,0.16379103523345814,0.0409015748032088,-0.12827674924966279,0
rs570325239,23755568,0.00521034217929,-3.5062279465855393,0.8046389219975658,4.129515495619952,0.20802721000000002,-1.028502521376891,0.16127262811205273,-0.002636285695766072,4.126879209924185,0
rs570345499,23504485,0.011273342976000002,-0.8524158001808319,0.6556003727449126,-0.2947925170658904,0.29822521,-1.0990661051089543,0.11826439548962066,0.008497001655916991,-0.2862955154099734,0
rs570829351,23481170,0.016730387715999998,0.6959302954865246,0.5619212300404287,-0.27660371492995933,0.33790969000000004,-0.23636676414932045,0.1058453939087934,-0.05298153941085055,-0.3295852543408099,0
rs57083319,23694670,7.477873740090002e-5,1.807395689143761,0.9965275324894918,-1.203777049889542,4.3680999999999993e-4,0.813397129186603,0.9891977136673243,-1.9367647667494905,-3.1405418166390326,0
rs570889328,23362704,0.0032557523046399996,2.7643219673602157,0.868272048555199,2.3039317553563103,0.036252160000000005,1.5252100840336134,0.524575303834016,0.23837740592029838,2.542309161276609,0
rs570991395,22977881,0.007586131282560001,-1.1345007485786192,0.7388245138544018,-0.19581382686315374,0.5800345600000001,1.108718487394958,0.06451253297880685,0.006307465967921123,-0.18950636089523262,0
rs571032072,23281923,0.0111661489,-2.1550676634806476,0.6577543666879564,0.991296486375769,0.82937449,-0.723619194026573,0.04601009169247652,-0.011505081838822139,0.9797914045369468,0
rs571146198,23109342,0.00196250772004,2.2721567848452153,0.9162126564435128,1.1253272594630248,0.03337929,0.03776683087027915,0.5451129330905219,-0.3934642912941126,0.7318629681689122,0
rs57146062,23048982,0.00228151433104,-0.17143903930057866,0.9039018079644761,-1.1579089436956767,0.034225,1.9227027027027028,0.5389019872010778,0.6090302506696272,-0.5488786930260494,0
rs571521905,23015670,0.008600577764489999,0.0015995591944299775,0.713891575961964,-0.6256913042103838,0.25462116000000007,-1.3856520015854141,0.13576757351712282,0.05738223973390792,-0.5683090644764759,0
rs571581202,22871959,0.005749597441209999,-0.05187606905801565,0.7886921168067905,-0.7761582883536426,0.08305924,-2.0537820957668282,0.3250467010847784,0.48897100017307005,-0.2871872881805726,0
rs571653983,23497019,0.011020170529,-0.6848052430532403,0.6607105697899238,-0.385528053041665,0.31080625,0.7809865470852018,0.11402305403623798,-0.02575856450348135,-0.41128661754514634,0
rs571825757,23405839,0.011295650961000001,-0.39834965798214167,0.6551538808142089,-0.48034778492688995,0.29953729,0.9121140142517814,0.11780738427876364,-0.013667387813396555,-0.4940151727402865,0
rs571895833,23259656,0.0062127658052100005,0.39152967923563614,0.7754915010043429,-0.6874811828263673,0.09449476000000001,-0.9899154196486663,0.29740935631990423,-0.030769875283744835,-0.7182510581101121,0
rs572007424,23423587,0.005749794590760001,-16.78258782445396,0.7886864023045906,110.29162851550666,0.04963984,-1.1454219030520645,0.4462301583760079,-0.0027780126210832923,110.28885050288558,0
rs572237814,23505274,0.019441561489,1.4081601916332576,0.5246740706002803,0.1483148036755476,0.198916,1.1926008968609867,0.16742285991729314,0.027447806927111268,0.17576261060265888,0
rs572296283,23232668,0.0029362851562499998,1.9630542099192618,0.8796420035486953,0.6362438845362595,0.03825936,-1.7750511247443763,0.5111209700667116,0.44740153489460976,1.0836454194308693,0
rs572333008,23231891,0.016711508529,-2.5284088711486543,0.5621991499592838,1.3840322408483499,1.00560784,-0.5460710011966494,0.03825526021304508,-0.013799367689818355,1.3702328731585316,0
rs572472774,23738350,0.00889331985936,-0.7087527199155076,0.7070064550186037,-0.4362269264592604,0.09036035999999999,0.23220226214238193,0.3068417423824237,-0.1749763402065632,-0.6112032666658236,0
rs572500703,23597510,0.00850768261641,1.8999296378572181,0.7161045303915379,0.6628983578297122,0.16556760999999998,-0.1853035143769968,0.19458318360562743,-0.10485693604450677,0.5580414217852054,0
rs572696527,23352290,0.021709664964,-1.478234312008796,0.4971080532222159,0.1994444882198934,0.5983022499999999,-1.6292178409825468,0.06266623688072541,0.050811159064481116,0.25025564728437455,0
rs572885164,23574038,0.00518881071556,0.4092518192949382,0.8052890474130173,-0.7506818131477047,0.12089529,-0.31061259706643657,0.24860889339893047,-0.1309215747714417,-0.8816033879191464,0
rs573038427,23596641,0.012027289561,0.5077113860799314,0.6408399063809653,-0.4293985991450503,0.08856575999999998,-0.02721774193548387,0.31112482825909493,-0.18623235724795698,-0.6156309563930072,0
rs573172853,23608107,0.004027070064639999,-2.6124186879128644,0.8419954200056454,1.9506306616523625,0.09320809000000001,-0.15165411071077628,0.3002820624483093,-0.17508589678196312,1.7755447648703995,0
rs573185487,23232630,0.00688294233225,2.391147914444304,0.7571547797001894,1.4568841772669114,0.06651241000000001,-1.5370298565335399,0.3755430939925216,0.20816643666021364,1.665050613927125,0
rs573206806,23604812,0.00347839268841,-0.8255312583187939,0.8605204421137349,-0.6916954731818457,0.06335289,1.5292014302741361,0.38702352686993086,0.20780457873013594,-0.48389089445170974,0
rs573310763,22989934,0.0032765435292100003,-1.9656156153533038,0.8675422595939889,0.6651917347994751,0.08156736,-1.492296918767507,0.3290356885269204,0.16685336345853122,0.8320450982580063,0
rs573585519,23779605,0.00542797615504,0.907754076020566,0.7981260881334015,-0.4712210706150006,0.10530025000000001,-0.7010785824345146,0.2752920246179893,-0.09333869516335033,-0.564559765778351,0
rs573702319,23101597,0.0014122639160099998,0.8400243746025157,0.9382542374795276,-1.0613296587857484,0.01397124,0.955160744500846,0.7411354639989743,-0.3376443727691899,-1.3989740315549382,0
rs573713085,23377987,0.00902938953361,0.2503349185619076,0.7038511864445597,-0.5863922789889936,0.34082244,-1.145597807468311,0.10503582719547727,0.013438416421955167,-0.5729538625670384,0
rs573727651,23433146,6.3804739216e-4,-36.048828960078545,0.9711264953149008,629.2257987153646,0.0028515600000000004,1.1292134831460674,0.9334549313957298,-0.7598029502586069,628.465995765106,1.780168236593801e-129
rs573893676,23493648,0.019144873224999998,-0.30626314458136095,0.5285077170929282,-0.35114002285350726,0.40487768999999996,-0.7738488134527739,0.0899123532133068,-0.02018553839372423,-0.3713255612472315,0
rs574124961,23451751,0.014188383225,2.1564622423708184,0.6019905714415138,0.9390874352162593,2.40343009,0.5115139005353803,0.01637042948914491,-0.006111320221718022,0.9329761149945413,0
rs574309504,23685753,0.005801975538489999,0.2805041833670952,0.7871768110582766,-0.7426782205789267,0.19527561000000002,-0.1749264539488572,0.17001337282687315,-0.0905717030163711,-0.8332499235952978,0
rs574485587,23178507,0.004151443964889999,2.610857698927702,0.8379065310226952,1.9460365103250035,0.14100025,0.6034620505992011,0.22099416989755544,-0.08462904375116502,1.8614074665738385,0
rs574584112,22911823,0.006690160283560001,1.2461396640804758,0.7623400422616641,-0.12655196049590234,0.20529961,0.8128448466122269,0.16306589317447348,-0.035134785452613275,-0.16168674594851562,0
rs574688643,22888871,0.012454336801,-1.4607120135485083,0.6327704841269212,0.17418061119445494,0.22458120999999998,0.12492086938172611,0.15118231563004797,-0.08077581175197358,0.09340479944248135,0
rs574709574,23788795,0.010795210000000001,-2.1760538979788255,0.6653186287130862,1.0279237353939956,0.17969121,0.7850908233073838,0.18207373886283393,-0.04437936907634502,0.9835443663176506,0
rs574891690,23555088,0.007152254040999999,2.1096948126426316,0.7500280844130423,0.9759137226171415,0.18386944000000002,-0.37080223880597013,0.17867557090418415,-0.08613510582553802,0.8897786167916035,0
rs575007545,23041228,0.014749130915999999,-1.4332954564168436,0.5926679217438982,0.1597062293869972,0.34762816,-0.5907394843962008,0.1031916773022889,-0.03645100167037235,0.12325522771662484,0
rs575128272,23496410,0.005171407656250001,2.5795654441161133,0.8058152871701603,1.8615383492083235,0.13155129000000002,0.9216983733112765,0.23316641920908904,-0.03370204945321509,1.8278362997551083,0
rs575152167,23583935,0.015766066969,-1.4935450729912474,0.5764774990376247,0.21339319825943392,0.26615281,0.7239775150222911,0.13065370851895824,-0.035766227171578416,0.17762697108785552,0
rs57526389,23295773,0.00390046464369,-7.995459036053909,0.8461988636523231,26.111584476354942,0.024680409999999996,-1.79057924888606,0.6184252697223163,0.5096652437310185,26.62124972008596,0
rs57541772,23289082,0.0038987036481599995,-8.00962850498722,0.8462576266642886,26.209230358036347,0.024711840000000002,-1.7678117048346054,0.6181249057359519,0.48453821512726913,26.693768573163617,0
rs575434880,23341944,0.00445114474561,3.847435957006396,0.8282148916469007,5.2491790839584,0.07360368999999999,-0.23848138591964613,0.35210123896503726,-0.2069978216307822,5.042181262327618,0
rs57552147,22848386,7.90621924e-4,-0.05486236574436304,0.9644673858145502,-1.667200682253556,0.00508369,0.1276297335203366,0.8872388218444408,-1.0840153108683452,-2.7512159931219013,0
rs575537202,23552278,0.004668852241,1.398618448974813,0.821314138746668,-0.057762912541461264,0.029343690000000002,-1.3251605370694688,0.5768369119093605,0.07647854748097227,0.018715634939511006,0
rs57569108,23478750,1.1550875625e-4,-6.863633403117004,0.9946462962171696,20.813643358866457,8.179600000000001e-4,-0.8356643356643357,0.9799607819695056,-1.6128616135083038,19.200781745358153,0
rs575712347,23610095,0.020279753649,2.622932861446418,0.5141378813986949,1.4076617321492857,0.22934521,-2.1862601795781997,0.1485083027836285,0.2745322954777066,1.6821940276269922,0
rs575965545,23301494,0.0138368169,1.9548669557085776,0.607986572589965,0.6934822140677905,0.30880249,-1.1445024293683643,0.1146780804231071,0.01420562058913103,0.7076878346569215,0
rs576142186,22972781,0.00353114046756,-1.070911459122164,0.8587041750553573,-0.48604674597712244,0.06446521000000001,-0.7258763292634894,0.3829025950361848,-0.140489191311229,-0.6265359372883514,0
rs576374830,23374971,0.00520309755625,-0.588559941773819,0.8048575504157615,-0.677610281642331,0.09229444,-0.48979591836734687,0.30235586620269156,-0.14375547915124465,-0.8213657607935756,0
rs576401325,23323784,0.023230332224999997,0.9942000459272382,0.48019306727214556,-0.08982939716318855,0.27615025,-1.0759276879162702,0.12652212041584662,0.005596056357820844,-0.0842333408053677,0
rs576406043,23030625,0.013489428736,0.5737171097947377,0.6140298039023745,-0.37494320146751736,0.52215076,-0.7336008856905618,0.07115528937468661,-0.01776002557783157,-0.39270322704534893,0
rs576415999,23207817,0.00660309008836,-12.311806387937889,0.7647053253438013,57.23377873931766,0.19070689,-0.10052667735287384,0.17338017083061547,-0.0943291377376266,57.13944960158003,0
rs576578118,23716780,0.0031571812454399997,-0.36064660572925566,0.8717487495169107,-0.9701895971194106,0.01907161,-1.0687907313540912,0.6771442322293231,-0.1785192553437277,-1.1487088524631384,0
rs576841116,23370582,0.0035512779747600004,2.5277467336548494,0.8580127998335992,1.7651287324693246,0.07043716000000001,-0.26262245666917855,0.36219692719370905,-0.21237239180025178,1.5527563406690728,0
rs57687791,23630846,0.004496010935289999,0.9227960860403,0.8267832818217536,-0.5245811476965379,0.026896000000000003,-1.0390243902439025,0.597943075819182,-0.13281959246784186,-0.6574007401643798,0
rs576932101,23720595,0.002688733609,2.993867278653115,0.8886593274281133,2.8850536569324037,0.03478225,0.3399463806970509,0.5348862865185255,-0.3518300022332752,2.5332236546991282,0
rs576941128,23417384,0.014632773156000001,0.12579319808871914,0.5945785966781887,-0.44670984074088593,0.22287841000000003,-0.5619572124549883,0.1521616020121242,-0.058506609197590896,-0.5052164499384768,0
rs577062055,23342471,0.0025753696536099996,2.165854485192549,0.8928507352123186,0.9773819988684931,0.03031081,-1.8368753589890865,0.5689025627780423,0.5390596505298245,1.5164416493983177,0
rs577070096,23694008,0.014074263225000001,0.03177468706536857,0.6039238944794414,-0.46276958020381864,0.12131288999999999,0.37668676428366354,0.24796530519042845,-0.12489414928481943,-0.5876637294886381,0
rs577333408,22952632,0.009498666013209998,-0.8471738980988313,0.6931820878768166,-0.34200076905717913,0.15031129,0.6855816352850141,0.2101819603030383,-0.0685812533280118,-0.4105820223851909,0
rs577681847,23627217,0.00684969761641,-3.507151151059231,0.7580439243623472,3.9525119851886004,0.13490929000000002,-0.0021780560849441874,0.22868996838304015,-0.12983189256117522,3.822680092627425,0
rs577820899,23732056,0.008325029570560001,-0.5660641637147967,0.7204959572039153,-0.5219354921277345,0.08767520999999999,-1.6031746031746033,0.3132949614886086,0.21468525585182668,-0.3072502362759078,0
rs578015171,23616602,0.0073034115999999994,-1.1255803884858415,0.7460865315402208,-0.21276071624430876,0.08714304,0.062330623306233054,0.31460628910556176,-0.18826978321541668,-0.40103049945972546,0
rs578085627,23780233,0.012138530625,-0.8287243022464262,0.6387181539743929,-0.2897177497041885,0.15186608999999998,-0.020272004105722354,0.20847873639370046,-0.11685642993598795,-0.40657417964017645,0
rs57864591,23184424,6.36871033764e-5,-23.991469120672846,0.9970410658249161,284.0322648737178,3.2761000000000004e-4,-4.878453038674033,0.9918762852546927,9.396498772416269,293.4287636461341,5.567239518288313e-275
rs57869254,22864640,1.65251025e-4,4.460318942045896,0.9923584144524599,7.434134897977542,0.00113569,-1.1810089020771515,0.9723916141919583,-1.1166806861552796,6.3174542118222625,0
rs57949371,23005076,8.636075238399999e-4,-0.09736041541895792,0.9613141183524047,-1.6215841078750823,0.00591361,0.340702210663199,0.8712013714451989,-0.9741889018098021,-2.5957730096848843,0
rs57986761,23028906,3.7572782569e-4,5.994211631422277,0.982792960437559,15.624938793871305,0.00254016,0.6626984126984127,0.9402879537829665,-1.202638002154264,14.42230079171704,0
rs58064027,22919600,7.193553126399999e-4,4.015801169241783,0.9675664116728581,6.087526447192659,0.005944410000000001,0.6588845654993515,0.87061733951965,-0.8335103914481468,5.254016055744513,0
rs58238418,23578630,6.47065795216e-5,2.5791890642015702,0.9969938428490637,0.41256295579015445,3.8416e-4,-0.5102040816326531,0.9904873594003193,-2.198650894434553,-1.7860879386443984,0
rs58300464,22855527,1.6426267225e-4,4.24008114539851,0.9924037709695945,6.480808795197661,0.0011088900000000002,-1.159159159159159,0.9730255426502638,-1.152729578500232,5.328079216697429,0
rs58483145,22853867,7.9036888225e-4,-0.054282462162306366,0.9644783542068397,-1.667385554769871,0.005112249999999999,0.06293706293706294,0.8866771220677311,-1.087001007118183,-2.754386561888054,0
rs5850,23314547,6.238709210250001e-5,-27.1608079964044,0.9971012899090124,364.86379781728164,3.2399999999999996e-4,-5.15,0.9919650828290845,10.742717660476444,375.6065154777581,2.7226013903749656e-239
rs58544591,22846255,0.011804170608999999,0.5817896490469133,0.6451383340085087,-0.40883066713872196,0.06775608999999999,0.3649635036496351,0.371208717762495,-0.20725575501914956,-0.6160864221578715,0
rs586508,23367192,7.108249176899999e-4,-1.100917809709204,0.9679386906685903,-1.1334721088825417,0.00332929,-1.410745233968804,0.9231630612917959,-0.36439435223499483,-1.4978664611175365,0
rs58653267,22907136,8.18474881e-4,0.058613023873606215,0.9632615897588958,-1.6503115991991988,0.0048163600000000004,-0.16282420749279536,0.8925312095850713,-1.1034461277478316,-2.7537577269470304,0
rs586926,23367261,8.6456581225e-4,2.7906473719115072,0.9612728536236083,2.1174511972417243,0.004057690000000001,-0.9199372056514913,0.9079005276944841,-0.8082719776896319,1.3091792195520924,0
rs586980,23367301,8.6623673761e-4,2.7780367560368173,0.9612009106038751,2.0843491004058468,0.004057690000000001,-0.8963893249607534,0.9079005276944841,-0.8276877212015041,1.2566613792043426,0
rs58793037,23609602,8.978113322500001e-4,-2.9939493049877353,0.9598434628301461,2.6944049763644435,0.008519289999999999,-2.2741061755146266,0.8244143720981902,1.2619395172351404,3.956344493599584,0
rs58856240,23186444,3.1497375625e-4,7.715790956472743,0.985535041198334,27.218127640901255,0.00200704,0.96875,0.9522213419464928,-1.0737694058478304,26.144358235053424,0
rs58927741,23476772,1.1554315080999999e-4,-6.919825845884772,0.9946447106042853,21.198943290258725,8.179600000000001e-4,-0.8776223776223776,0.9799607819695056,-1.5776388067819318,19.621304483476795,0
rs58941848,23230421,0.00206377586944,3.4453694572605924,0.9122684234276894,4.197836711344872,0.04198401,-0.35724743777452417,0.48790001855239823,-0.3034833999152263,3.8943533114296454,0
rs59030480,23671423,0.00290959911649,-0.6358019083919935,0.8806052604388244,-0.8846703423102233,0.02903616,-1.3198356807511737,0.5794065023315318,0.07160904082225428,-0.8130613014879691,0
rs59105930,23734399,2.2529109409000003e-4,2.008281311418616,0.9896108685478967,-0.2878513135000931,0.0014592399999999999,1.5392670157068062,0.9648030209912193,-0.5304228959773933,-0.8182742094774864,0
rs59389125,23168394,3.76592836e-4,13.276151705658044,0.9827540291367678,84.57815900757024,0.00225625,-1.6189473684210525,0.946605531726076,-0.22450197275105555,84.35365703481918,0
rs59538378,22877097,7.015050784810001e-5,4.67982554064848,0.9967417513004485,8.051421754167174,3.3856e-4,0.06521739130434782,0.9916070380301131,-2.3880720873934633,5.663349666773711,0
rs59759187,22853654,0.0014440456003600001,-1.5514860291679604,0.9369523132989046,-0.254258828076529,0.028358559999999998,0.20486935866983375,0.5851498334663574,-0.42763913952561816,-0.6818979676021472,0
rs59832199,23263786,7.338200966890001e-5,-17.508197792987193,0.9965921706948675,149.90534223154143,4.6656000000000003e-4,-4.171296296296296,0.9884704803175759,6.368128928377868,156.2734711599193,0
rs59865844,23733040,5.8139100010000004e-5,8.485999816391034,0.9972981323510957,32.95190672311231,3.0976e-4,0.05113636363636363,0.9923155087006224,-2.4329781324253843,30.518928590686926,0
rs59957543,23785252,7.438803752249999e-5,1.0823457799266076,0.9965456125766812,-2.250342235569246,3.6480999999999997e-4,-0.7643979057591623,0.990962177203361,-2.0636568268890008,-4.313999062458247,0
rs60825125,23105456,7.23416590521e-5,-9.34226414073899,0.9966403218172345,40.64438176638586,5.953600000000001e-4,-2.360655737704918,0.9853342845093626,0.6343625781593478,41.27874434454521,0
rs61004799,23253970,0.00396310539024,-7.905507583411168,0.8441138871304898,25.447999176704673,0.027225000000000003,-2.298787878787879,0.5950167348456676,1.1202060995758787,26.56820527628055,0
rs61042179,22884114,1.77742224e-4,5.043114311431143,0.9917855376775961,10.211112270742067,0.0012110399999999998,-0.7557471264367817,0.9706136996300021,-1.4864285313383019,8.724683739403766,0
rs61046642,22987489,8.6752633444e-4,0.11856704398074273,0.961145393349455,-1.6172083568141127,0.005944410000000001,0.456549935149157,0.87061733951965,-0.9317556523486872,-2.5489640091628,0
rs61292332,23131862,6.25739535369e-5,-26.735032621735773,0.9970926329527218,353.42169324350294,3.2399999999999996e-4,-4.98888888888889,0.9919650828290845,9.932536302317043,363.35422954582,1.2998220231259126e-244
rs61352090,22841603,1.6430881489e-4,3.287542029754336,0.9924016533444531,2.92299278910869,0.0011424399999999998,-1.0384615384615385,0.9722320795752513,-1.267708245194784,1.6552845439139061,0
rs61478643,23422419,1.2498792804e-4,-5.441868369738278,0.994209491087959,12.145458261936636,6.4009e-4,-0.9209486166007905,0.9842497888169046,-1.6580568175636234,10.487401444373011,0
rs61542988,22882291,7.921623012249999e-5,0.11984472520743568,0.9963222284301556,-2.795569163339031,4.5795999999999993e-4,0.9018691588785048,0.9886805958580215,-1.8385378531847365,-4.634107016523767,0
rs61571409,23763792,7.263368805160001e-5,1.2102729937319157,0.9966268052079857,-2.116037589034282,3.4969000000000005e-4,-0.7058823529411764,0.9913335145821442,-2.127170147883768,-4.24320773691805,0
rs61729404,23625689,1.5061425625e-4,-2.15566510490935,0.9930305349368815,-0.17585555643205986,8.5849e-4,1.3583617747440273,0.9789886997781856,-1.028158550299605,-1.2040141067316648,0
rs61756129,23240138,0.00427411290289,2.0925344962348973,0.8339124085465266,0.9281064040870671,0.03594816,-0.7895569620253164,0.5266750372885927,-0.20982189000047602,0.7182845140865911,0
rs62448273,22841822,6.86818275025e-5,-2.054359302318566,0.9968097488044008,-0.7703637943204904,5.664400000000001e-4,-1.491596638655462,0.9860367338124815,-1.0387655144115888,-1.8091293087320792,0
rs62448274,22843180,1.2733542649e-4,3.9253653305920615,0.9941013764110108,5.092283916585528,7.289999999999999e-4,1.7444444444444445,0.9821012055292297,-0.517201537517967,4.5750823790675605,0
rs62448355,22853718,3.9405029048999996e-4,6.201292649629485,0.9819689846221903,16.873483660612123,0.0023328900000000002,0.19461697722567287,0.9448917850871982,-1.4313339905442917,15.442149670067831,0
rs62448356,22854082,1.6574502564000002e-4,4.490065402122074,0.9923357458124988,7.567491305359123,0.00114921,-1.1061946902654867,0.9720721248354465,-1.1943188484797103,6.373172456879413,0
rs62448357,22854217,1.2637581889e-4,3.9463337395589635,0.9941455685574349,5.170909655163507,7.182400000000001e-4,1.7649253731343284,0.9823607307192059,-0.4888058632500878,4.68210379191342,0
rs62448359,22860667,1.2629489161000002e-4,3.973963570354419,0.994149295625249,5.279398327458635,7.128900000000001e-4,1.7940074906367038,0.9824898207914005,-0.4414329416880811,4.837965385770554,0
rs62449763,22874682,3.7688009956e-4,6.250785539884822,0.9827411010204148,17.169273629261045,0.002209,0.28085106382978725,0.9476651898884124,-1.4376721267600765,15.731601502500968,0
rs62449767,22877584,1.2678309604e-4,4.046457308300325,0.9941268120240705,5.570146274049078,7.0756e-4,1.8759398496240602,0.9826184620252355,-0.29718229874999347,5.272963975299085,0
rs62449828,22883097,8.79594509689e-5,1.0271232488188624,0.9959179639402169,-2.225241843885381,4.7961e-4,0.995433789954338,0.9881518127274448,-1.7282160986934172,-3.9534579425787983,0
rs62449830,22884618,1.3480371024999997e-4,3.243641531372465,0.9937575789218385,2.68957269000978,9.424900000000001e-4,-0.6807817589576547,0.976980149473078,-1.6593017165202588,1.0302709734895212,0
rs62449832,22895911,9.24374565136e-5,0.24153044795120673,0.9957110392679346,-2.6968120383098415,6.300100000000001e-4,-1.5019920318725097,0.9844939737893247,-0.9727638825107425,-3.6695759208205843,0
rs62449834,22897053,1.8240663364e-4,5.176687052969835,0.9915717860761462,10.898029209004665,0.0012959999999999998,-1.1611111111111112,0.9686168151879117,-1.0778070919023595,9.820222117102306,0
rs62449835,22897158,1.8249578281e-4,5.176725318489019,0.9915677016166091,10.898413150181526,0.0012959999999999998,-1.1611111111111112,0.9686168151879117,-1.0778070919023595,9.820606058279166,0
rs62449838,22899817,7.32583639921e-5,-0.9559545326558485,0.996597893212411,-2.386310169732364,4.4944e-4,-0.1650943396226415,0.9888888449382734,-2.236426210508012,-4.622736380240376,0
rs62450566,22917887,5.95178304484e-5,6.257780519988904,0.9972342365513404,16.58053583762429,4.7961e-4,-0.6666666666666667,0.9881518127274448,-1.9982009062241284,14.582334931400162,0
rs62450567,22919576,1.0262297809e-4,1.2529638806353218,0.995240695404552,-1.8926034744468854,8.5264e-4,0.7294520547945206,0.979128888610381,-1.6741972653636696,-3.566800739810555,0
rs62450589,22958934,7.759213864959999e-5,1.2610573255349296,0.9963973584726218,-2.0207757617550466,6.300100000000001e-4,2.5657370517928286,0.9844939737893247,1.157201901467182,-0.8635738602878646,0
rs62450590,22959063,7.760922835210001e-5,1.3054153362067105,0.996396567848512,-1.9639499770788553,6.300100000000001e-4,2.5737051792828685,0.9844939737893247,1.1773602676230879,-0.7865897094557674,0
rs62450593,22970386,1.3233971520999998e-4,-3.086448943401803,0.9938709810106927,2.186530222542226,8.5849e-4,1.1194539249146758,0.9789886997781856,-1.3179243351236996,0.8686058874185263,0
rs62466479,23032881,9.946643668899999e-4,0.8132841656018239,0.9557033942665523,-1.2423576225118866,0.01147041,-1.776844070961718,0.7771455482868701,0.47617398913990916,-0.7661836333719775,0
rs62466481,23073056,0.00260155082916,3.0538335156669687,0.8918792307163319,3.0465346547358507,0.055695999999999996,-0.8385593220338983,0.41799030262497916,-0.12367251118194303,2.9228621435539077,0
rs62466482,23073063,0.00262180865296,3.017932332882844,0.8911289735281015,2.9493680542349727,0.055979560000000005,-0.81614539306847,0.4167554008374283,-0.13077532334668382,2.8185927308882888,0
rs62466492,23091446,0.0012967561102500001,1.6899376570722429,0.9430165946583342,-0.08592209991374755,0.01607824,-1.3406940063091484,0.7132891474482794,0.016413978024834908,-0.06950812188891264,0
rs62466537,23105279,1.9890871225e-4,5.589406884815826,0.99081629956281,13.132115985349175,0.0014745599999999998,0.3072916666666667,0.9644466390963521,-1.622824828681222,11.509291156667953,0
rs62466538,23107368,0.0013175883619600001,1.9176552263723667,0.9421541161927127,0.3073530213662625,0.023901159999999998,-0.9592496765847348,0.6259667273645737,-0.20371050684782654,0.10364251451843598,0
rs62466539,23108433,3.3925587720999995e-4,0.2142375494736385,0.9844372556971241,-2.058845986848993,0.00487204,0.7063037249283667,0.8914237017082353,-0.887801050523527,-2.9466470373725198,0
rs62466541,23123328,7.406671110399999e-4,2.294860960051736,0.9666375836261911,0.8451810825244672,0.006642250000000001,0.9226993865030675,0.8575915612990368,-0.6094623639683509,0.23571871855611637,0
rs62466542,23153534,0.00129061281001,3.735995167723959,0.9432712357153451,5.148192602464787,0.01361889,-0.5364181662382177,0.7460057453632479,-0.5778923097784461,4.570300292686341,0
rs62467060,23586177,1.16553616e-4,-4.525138940348277,0.9945981297195048,7.572629464843345,9.4864e-4,-0.7045454545454546,0.9768334186434519,-1.640079863614702,5.932549601228644,0
rs62467062,23596276,1.4529409444e-4,-6.045578987539199,0.9932750624534796,15.650651370891573,0.00104329,-2.377708978328173,0.9745807414561551,0.9187720129719534,16.569423383863526,0
rs62467091,23599023,1.4472330601e-4,-5.959825770359349,0.9933013044250129,15.137873139113154,0.00104329,-2.523219814241486,0.9745807414561551,1.2662774129330363,16.40415055204619,0
rs62467092,23617617,6.13914559729e-5,4.490706765688993,0.9971474184858705,7.124694960252032,3.8416e-4,-1.153061224489796,0.9904873594003193,-1.6691155605277492,5.455579399724283,0
rs62467155,23699659,5.8078116809999995e-5,2.776063194635804,0.9973009587419085,0.8854339840156675,3.459599999999999e-4,-0.7795698924731184,0.9914251637586514,-2.0782026722988842,-1.1927686882832167,0
rs62467156,23707022,1.1757932356e-4,-2.0328402530571594,0.9945508506469318,-0.5511872750215825,6.76e-4,0.4153846153846154,0.983380863408398,-1.9637618003837676,-2.51494907540535,0
rs62467157,23708756,1.2875667841000002e-4,-0.5883855786941157,0.9940359316955756,-2.3889347931057316,7.128900000000001e-4,1.1797752808988764,0.9824898207914005,-1.3387375363953498,-3.7276723295010816,0
rs62467159,23714862,0.0035511111174399996,-1.49686195277155,0.8580185239236241,-0.014793029990421092,0.04558225,0.6580796252927401,0.4673866368318198,-0.21377447434746127,-0.22856750433788237,0
rs62468184,23243251,0.0016547566336899998,4.2922463107228115,0.9284111724506362,7.23382703816692,0.026634240000000003,-0.6329656862745098,0.6002919820200545,-0.33825831808534335,6.8955687200815765,0
rs62468185,23248926,0.009770689870239999,1.47620357968088,0.6871443663688681,0.16769788778723893,0.6844252900000001,-0.5816511543575487,0.055216183852443916,-0.019059255571461032,0.1486386322157779,0
rs62468187,23256882,0.00174708952324,4.120440593135589,0.924717345462894,6.5566869704476085,0.028900000000000006,-0.42,0.5805515239477503,-0.3832026470384216,6.173484323409187,0
rs62468198,23382980,2.0963275369000002e-4,7.948848998874208,0.9903259559205579,28.967322409468366,0.00140625,2.2986666666666666,0.9660377358490566,0.8609555299726921,29.828277939441058,0
rs62468200,23411670,8.3557881e-5,-0.7369062465813369,0.9961214404243348,-2.505683399390879,6.9169e-4,2.1102661596958177,0.9830016890426522,0.1514423478141822,-2.3542410515766967,0
rs62468201,23416444,1.3725762649000002e-4,-6.607560794489445,0.993644666413516,19.161962898347415,7.0756e-4,-0.575187969924812,0.9826184620252355,-1.8636280000700012,17.298334898277414,0
rs62468243,23422891,1.24010496e-4,-5.356016522988505,0.9942545139198309,11.681375986613538,6.3504e-4,-0.8809523809523809,0.9843721084069315,-1.6973746948835746,9.984001291729964,0
rs62468244,23423875,0.0015386790759999997,3.862591138530567,0.9330969986181351,5.608466072778322,0.024304810000000003,-1.0359204618345093,0.6220374494536256,-0.15271618215103916,5.455749890627283,0
rs62468253,23480886,1.1549156089e-4,-6.85862636902491,0.9946470889369939,20.779417973158367,8.1225e-4,-0.8491228070175438,0.9800978872764917,-1.6051347288234024,19.174283244334966,0
rs62468257,23484260,1.8379224899999999e-4,-1.1138673747879324,0.9915083065073823,-1.7692509747216225,0.0011424399999999998,-0.3905325443786983,0.9722320795752513,-1.717796620432133,-3.4870475951537556,0
rs62468322,23027618,0.0026411582208399997,2.87827724829838,0.8904135316674816,2.5827858228345004,0.053777609999999997,-0.7516170763260026,0.4265410474845755,-0.15755191994264753,2.425233902891853,0
rs62468325,23031887,0.00247979100625,3.314885285405894,0.896415409182728,3.7914310817867265,0.047436839999999994,-1.002295684113866,0.45747307427853073,-0.07597082477861358,3.7154602570081128,0
rs62468591,23761741,7.26931875609e-5,1.244940493993101,0.9966240513085796,-2.0732171857436503,3.4969000000000005e-4,-0.7433155080213902,0.9913335145821442,-2.10028119370775,-4.1734983794514005,0
rs62468592,23762806,7.262891550760001e-5,1.2365968651507933,0.9966270261030061,-2.0839732557152475,3.7636e-4,-0.5360824742268041,0.9906787040733737,-2.1953739940361525,-4.2793472497514,0
rs62468593,23762829,7.264902943360001e-5,1.2572975230658043,0.9966260951397866,-2.058110445279349,3.4969000000000005e-4,-0.7647058823529411,0.9913335145821442,-2.08429240071326,-4.142402845992609,0
rs62468595,23764154,6.794523555209999e-5,3.4943205599007148,0.9968438553034423,3.2066673739932368,3.6480999999999997e-4,1,0.990962177203361,-1.8576873987306586,1.3489799752625782,0
rs62468596,23765555,7.42890571921e-5,1.1084473919000917,0.9965501931097112,-2.2225100136752203,3.5721e-4,-0.8201058201058201,0.9911487934869632,-2.0302905156835056,-4.252800529358726,0
rs62468597,23768549,1.4367618225e-4,1.9010553539398491,0.993349449496545,-0.7115396761246471,7.6176e-4,-0.021739130434782608,0.9813118962478559,-1.9897021812805398,-2.701241857405187,0
rs62468598,23768622,0.0032607640296099995,3.7691999208449283,0.8680960206272725,5.153622281934074,0.061652889999999995,-0.07732581554571083,0.3934959448767272,-0.24884552069629273,4.904776761237781,0
rs62468631,23780148,7.42604445025e-5,1.1111628149858717,0.9965515172328557,-2.2196979516324875,3.61e-4,-0.8,0.9910557221079755,-2.0412328153427777,-4.260930766975266,0
rs62468634,23787062,7.437389344089999e-5,1.1033577109541595,0.9965462671226647,-2.2275529847199236,3.6480999999999997e-4,-0.7277486910994765,0.990962177203361,-2.0907527061620566,-4.31830569088198,0
rs62468636,23798072,7.264101762089999e-5,1.1890573356470808,0.9966264659624073,-2.1413533783402765,3.6480999999999997e-4,-0.7068062827225131,0.990962177203361,-2.105638462394272,-4.246991840734548,0
rs62468783,23497942,1.1746874689000001e-4,-4.512598839301366,0.9945559473634661,7.5197282651106185,8.179600000000001e-4,-1.3426573426573425,0.9799607819695056,-1.0717302792180252,6.447997985892593,0
rs62468785,23501321,1.1729756416e-4,-4.498624242871916,0.9945638376466805,7.456461586672296,8.179600000000001e-4,-1.416083916083916,0.9799607819695056,-0.9724774416926405,6.483984144979655,0
rs62468788,23506372,1.1751210409000002e-4,-4.496462275029288,0.9945539489306454,7.447599640378286,8.2369e-4,-1.4878048780487805,0.9798232349892917,-0.8671613880593787,6.580438252318907,0
rs62468789,23509871,1.1705076100000001e-4,-4.626240872539052,0.994575213704033,8.034612997086818,8.2369e-4,-1.3832752613240418,0.9798232349892917,-1.0141901875405872,7.020422809546231,0
rs62468793,23523078,1.2761543089e-4,-4.426921136261032,0.9940884823021071,7.175463163410408,8.820900000000001e-4,-0.7474747474747475,0.9784235590695094,-1.6447449578784514,5.530718205531956,0
rs62468795,23530051,1.1661624121000001e-4,-4.600588948874422,0.9945952429376154,7.915274477352164,8.179600000000001e-4,-1.2937062937062935,0.9799607819695056,-1.1349636036744175,6.780310873677747,0
rs62468797,23536186,1.1607045696e-4,-4.703079750501225,0.9946204020607615,8.387413196242353,8.065600000000001e-4,-1.408450704225352,0.9802345505232493,-0.989647918617644,7.397765277624709,0
rs62468815,23538861,1.1616312841e-4,-4.686181909277318,0.9946161300771227,8.3088608182617,8.065600000000001e-4,-1.4225352112676055,0.9802345505232493,-0.970105452375314,7.338755365886385,0
rs62468817,23543610,1.1615235075999999e-4,-4.623740419767291,0.9946166269051071,8.019722168045437,8.179600000000001e-4,-1.311188811188811,0.9799607819695056,-1.1126498358077956,6.907072332237641,0
rs62468819,23550893,1.1604891076000001e-4,-4.642305478714516,0.9946213953062665,8.104879779023582,8.1225e-4,-1.4421052631578946,0.9800978872764917,-0.9393257873265002,7.165553991697082,0
rs62468820,23557438,1.1612002081e-4,-4.700052895813807,0.9946181172537437,8.373445872196367,8.1225e-4,-1.3157894736842104,0.9800978872764917,-1.1100420065839676,7.2634038656124,0
rs62468821,23568817,1.2958862569e-4,-4.069028523239369,0.9939976268251263,5.671005756374192,9e-4,-0.51,0.9779951100244499,-1.781057025294613,3.8899487310795786,0
rs62468822,23569029,1.1646942241000002e-4,-4.836408113342166,0.9946020107473634,9.02142558096549,9.424900000000001e-4,-0.7003257328990227,0.976980149473078,-1.6461162317922537,7.375309349173236,0
rs62468823,23573319,1.1642409999999999e-4,-4.593169601482855,0.9946040999633202,7.880626350884553,9.424900000000001e-4,-0.9283387622149837,0.976980149473078,-1.464712157311051,6.415914193573502,0
rs62468824,23577394,8.435597448099999e-4,2.013231602976164,0.9621782061337303,0.31246806653000725,0.00811801,0.9356270810210877,0.831289573280358,-0.5259311131547051,-0.21346304662469784,0
rs6415247,22978146,5.96654284356e-5,5.677222908364986,0.9972273967643415,13.12676398041348,3.920400000000001e-4,2.1464646464646466,0.990294127258737,-0.036215815046902744,13.090548165366577,0
rs6415248,23714288,5.8183332839999995e-5,3.803101811793702,0.9972960823003763,4.255710746971842,3.0625000000000004e-4,-1.554285714285714,0.9924019227787254,-1.2412057226154087,3.0145050243564335,0
rs6461669,22858066,6.991334441639999e-5,4.776270059391826,0.996752730952345,8.504367797958416,3.4224999999999994e-4,0.005405405405405406,0.9915163383301625,-2.3847920755802594,6.119575722378157,0
rs6461670,22868984,1.6478086688999997e-4,4.295480925783107,0.9923799899712885,6.716790396950146,0.0011088900000000002,-1.132132132132132,0.9730255426502638,-1.1828577535283205,5.533932643421826,0
rs6461671,22871991,6.42400647001e-5,2.301163195462502,0.9970154516452024,-0.26737951530744386,4.0401e-4,0.30845771144278605,0.9900007449755606,-2.255524958643315,-2.5229044739507587,0
rs6461672,22872502,6.424535470239999e-5,2.2918985143450294,0.9970152066089775,-0.2885522346783822,4.0401e-4,0.30845771144278605,0.9900007449755606,-2.255524958643315,-2.544077193321697,0
rs6461674,22902620,5.9606583480899994e-5,4.3579132520694825,0.9972301236666778,6.5249257282298885,3.9601e-4,0.05025125628140703,0.9901968040903049,-2.311273199698509,4.213652528531379,0
rs6461676,22924527,7.89512217025e-5,1.5019047994192753,0.9963344868761085,-1.680668642218019,7.3984e-4,2.9264705882352944,0.9818398894055549,2.200087461069891,0.519418818851872,0
rs6461679,23010063,6.18808782736e-5,6.499941523738819,0.9971247426462145,18.13807464009196,4.884100000000001e-4,1.6108597285067872,0.9879370417361413,-0.9270242772789283,17.211050362813033,0
rs6461682,23091577,7.38851989225e-5,1.6037297935583696,0.9965688829780182,-1.5558724082712678,6.1504e-4,2.7096774193548385,0.9848568412095619,1.5204794525078955,-0.035392955763372314,0
rs6461683,23091891,6.59314768324e-5,7.075834193368818,0.9969371105111479,22.062840998617585,5.428900000000001e-4,1.592274678111588,0.9866094893580601,-0.9059099062824176,21.156931092335167,0
rs6461684,23103886,7.869694747689999e-5,0.2594844174304739,0.9963462490759686,-2.7724574203512633,6.6564e-4,2.2790697674418605,0.9836313900383714,0.4983740185331622,-2.274083401818101,0
rs6461685,23113503,6.479944103609999e-5,-26.50373114396489,0.9969895416494099,347.2637059385282,3.4969000000000005e-4,-5.0588235294117645,0.9913335145821442,10.310806751337182,357.57451268986534,4.015917232881951e-247
rs6461686,23116463,6.36594941161e-5,-6.6925648195380445,0.9970423447708392,19.417295377743148,3.8808999999999995e-4,-3.5583756345177666,0.9903909791228057,3.9476572149641145,23.36495259270726,0
rs6461687,23116580,6.0167946240000005e-5,-20.285298061056103,0.9972041104650061,202.23161130117813,3.2761000000000004e-4,-5.54696132596685,0.9918762852546927,12.852927705955356,215.0845390071335,5.262298222385315e-309
rs6461688,23116615,6.0157242332100005e-5,-20.315725279811655,0.9972046064647595,202.84758607009866,3.2761000000000004e-4,-5.54696132596685,0.9918762852546927,12.852927705955356,215.700513776054,9.742937120937824e-309
rs6461690,23135534,6.256019025e-5,-26.70383715784816,0.9970932705760773,352.59070911536935,3.2041e-4,-5.027932960893855,0.9920534042188559,10.122103699618801,362.7128128149881,6.844159849916922e-245
rs6461691,23139345,6.253994356840001e-5,-26.680972456507277,0.9970942085625886,351.9823417594453,3.2041e-4,-4.994413407821229,0.9920534042188559,9.955466221964986,361.9378079814103,3.153115079754213e-245
rs6461692,23139695,6.24624670224e-5,-26.707004145093457,0.9970977979055975,352.6758742198987,3.2041e-4,-4.988826815642459,0.9920534042188559,9.92780167601856,362.60367589591726,6.13652605467244e-245
rs6461693,23160133,6.247558722250001e-5,-27.0027770221972,0.9970971900695265,360.59565353809046,3.1684e-4,-4.960674157303371,0.9921412491653612,9.78438503913521,370.38003857722566,1.4626956986737574e-241
rs6461694,23187779,6.39636851529e-5,-23.076172864050175,0.9970282538867334,262.55433233882417,3.2761000000000004e-4,-4.718232044198895,0.9918762852546927,8.633949031609596,271.18828137043374,1.221015505643843e-284
rs6461695,23197784,6.39670442436e-5,-23.236233330082495,0.9970280982875351,266.2496947134174,3.2761000000000004e-4,-4.861878453038673,0.9918762852546927,9.316433547412265,275.56612826082966,9.727380991655437e-283
rs6461696,23197844,4.3551516099999993e-4,-3.165906368297475,0.980109368145223,2.9530468219482504,0.002304,2.0770833333333334,0.9455370650529501,0.5845360920457403,3.5375829139939907,0
rs6461697,23198087,4.3551516099999993e-4,-3.166088456562365,0.980109368145223,2.953611846153965,0.002304,2.0749999999999997,0.9455370650529501,0.5804465621615154,3.5340584083154805,0
rs6461699,23202298,4.3566960529000005e-4,-3.2237084804553313,0.98010245479378455,3.134178134434671,0.0022944099999999998,2.0918580375782883,0.9457514598264878,0.6121531455226679,3.7463312799573387,0
rs6461702,23249273,6.38564006404e-5,-23.491118780831485,0.9970332235262668,272.1876090696779,3.3856e-4,-4.994565217391304,0.9916070380301131,9.97797588390075,282.1655849535786,7.146667079866102e-280
rs6461703,23264284,6.00922636864e-5,-24.38002456165698,0.9972076174683936,293.4224927867831,2.9928999999999996e-4,-5.641618497109827,0.9925733182892303,13.344403879857488,306.7668966666406,3.4539613698325216e-269
rs6461704,23310674,0.00411918792481,-8.409667050477635,0.8389631545446208,28.75372476343605,0.0256,-1.955625,0.6097560975609757,0.69550501698267575,29.449229780418726,0
rs6461708,23415317,1.3389961225e-4,-7.1398262973685345,0.9937991858219152,22.788972617192037,6.200099999999999e-4,-1.522088353413655,0.9847363405375824,-0.950444823476235,21.8385277937158,0
rs6461709,23421237,1.1386170436000001e-4,-4.316889397034843,0.9947222323606435,6.646463990675666,5.382399999999999e-4,-1.413793103448276,0.9867226598885398,-1.17471220055466,5.471751790121006,0
rs6461710,23475622,4.5572856484e-4,2.3639953531511444,0.9792053887140686,0.7996012429794361,0.004984359999999999,1.0892351274787535,0.8891979345710376,-0.5725179728999439,0.22708327007949225,0
rs6461711,23477975,4.5507982276e-4,2.2941272981258733,0.9792343757143986,0.6396369124005685,0.004970249999999999,1.1375886524822696,0.8894769319716925,-0.52572592862807,0.11391098377249853,0
rs6461712,23526399,6.123297252249999e-5,-4.880315393315144,0.997154761538068,8.94380176789025,3.7249000000000006e-4,-1.704663212435233,0.9907736679109957,-0.9033138074526137,8.040487960437636,0
rs6461714,23576252,6.45862966336e-5,2.585422120907453,0.9969994142188834,0.42770132802269867,3.8025e-4,-0.6205128205128205,0.9905832678103776,-2.1419283869386234,-1.7142270589159248,0
rs6461715,23579115,6.46377408576e-5,2.561569002059763,0.9969970313719266,0.3668887145514401,3.8025e-4,-0.5538461538461539,0.9905832678103776,-2.1807050652853888,-1.8138163507339486,0
rs6461716,23580554,6.46549470889e-5,2.5635164529034937,0.9969962343983902,0.37199421576043523,3.8416e-4,-0.5612244897959183,0.9904873594003193,-2.1715785358503603,-1.799584320089925,0
rs6461717,23585396,1.2739862641e-4,0.7402034180613266,0.9940984660466187,-2.293937663299871,7.9524e-4,-1.3900709219858156,0.9805065492934959,-1.0215233512392619,-3.315461014539133,0
rs6461718,23664672,7.97563308096e-5,5.326650721560829,0.996297246025405,11.334735241202424,4.7524e-4,-0.1330275229357798,0.9882585007525588,-2.213568614007843,9.12116662719458,0
rs6461719,23669016,5.808528067689999e-5,3.2117978788590507,0.9973006267170518,2.1865320930665546,3.4969000000000005e-4,-0.6631016042780747,0.9913335145821442,-2.1561994458028426,0.030332647263711987,0
rs6461720,23689701,0.00320566586596,-0.2480050725379999,0.8700351753503612,-0.9934893061603771,0.031826560000000004,-0.624439461883408,0.5568970586924948,-0.2984026383909348,-1.291891944551312,0
rs6461721,23707402,5.87004210244e-5,1.1767680986527653,0.9972721175359112,-2.2616119963134893,3.4969000000000005e-4,2.3262032085561493,0.9913335145821442,0.3080165766254672,-1.953595419688022,0
rs6461722,23718939,6.742610459559999e-5,-4.112081584735257,0.9968678940840191,5.545101911623572,3.6480999999999997e-4,0.8795811518324608,0.990962177203361,-1.9698331005640535,3.5752688110595185,0
rs6461724,23723840,6.745484734809999e-5,-4.1016353163060435,0.996866563097201,5.5025361711508705,3.6480999999999997e-4,0.9005235602094241,0.990962177203361,-1.951361724217509,3.5511744469333615,0
rs6461725,23730174,1.2791383801e-4,4.7087949495574675,0.9940747411222886,8.456419846725698,7.2361e-4,0.5613382899628253,0.9822311921757427,-1.8604045079390206,6.596015338786677,0
rs6461726,23732337,9.080793966240001e-5,2.658867579218664,0.995786327846546,0.7851835794541508,4.7524e-4,-0.24770642201834864,0.9882585007525588,-2.1919938687311245,-1.4068102892769736,0
rs6461727,23750522,9.305322588809999e-5,-3.589625570549044,0.9956825918349848,3.692340068160261,4.7089e-4,0.15207373271889402,0.9883647233851294,-2.215428185123434,1.476911883036827,0
rs6461728,23755929,5.8339502280899996e-5,-2.8888862704126588,0.9972888444118432,1.2063285857091866,2.9584e-4,-0.7383720930232558,0.9926582992189765,-2.186497023916425,-0.9801684382072384,0
rs6594,23570579,1.5278937664e-4,-3.1151867193061937,0.9929305958087119,2.3419024887099993,9.2416e-4,-2.0723684210526314,0.9774177405229576,0.20356796870985105,2.5454704574198503,0
rs66473610,22843553,2.2777450084e-4,4.031148540305589,0.9894975508356405,5.761672647306034,0.0015523599999999998,-1.1548223350253808,0.9626408704583806,-1.0016930105891528,4.7599796367168805,0
rs6651066,23456221,7.046712658089999e-5,7.117733460242279,0.996727093585176,22.387120162550154,4.4100000000000004e-4,-0.35238095238095235,0.9890952251428007,-2.197868130568118,20.189252031982036,0
rs66540642,22858386,2.3640292515999996e-4,-1.6960794515915034,0.9891040379539545,-0.837010881427777,0.00164025,-1.2345679012345678,0.9606090261225616,-0.8850493698511435,-1.7220602512789205,0
rs66553380,23102221,8.982376445159999e-5,-6.88470847920452,0.9958318052158831,20.86068472891566,7.344099999999999e-4,-1.7859778597785978,0.9819707711490114,-0.44177611681584206,20.41890861209982,0
rs66662544,22890771,2.1437937889000002e-4,-3.112384490871962,0.9901090772185304,2.4874933188971804,0.00185761,-0.642691415313225,0.9556207341986319,-1.3601308027915149,1.1273625161056655,0
rs66662821,22867246,2.3883538849000003e-4,-1.7912943323217487,0.988993158181806,-0.66791043693717,0.0016483599999999998,-1.2192118226600988,0.9604219709971773,-0.9009177588504023,-1.5688281957875723,0
rs66797912,23577188,6.46083186849e-5,2.6243945891541727,0.9969983941772623,0.529082849703864,3.8025e-4,-0.6051282051282051,0.9905832678103776,-2.1512676138027924,-1.6221847640989284,0
rs66798410,22870292,6.93271051641e-5,-1.3483195997256883,0.9967798723587928,-1.9631113094101988,4.5369e-4,-0.01408450704225352,0.9887849538571142,-2.2451514240278883,-4.208262733438087,0
rs668279,23367521,8.6510103876e-4,2.757365890808701,0.9612498078484222,2.0289133987486307,0.004057690000000001,-0.8995290423861851,0.9079005276944841,-0.8251280426561187,1.203785356092512,0
rs67056093,23526069,8.202635078560001e-5,5.524344031693173,0.9961922597489883,12.41572577615313,4.4521000000000003e-4,1.04739336492891,0.9889922688001866,-1.712100199331954,10.703625576821175,0
rs67128962,23487547,6.112081128040001e-5,-4.50511513204178,0.9971599583974923,7.187242056678182,3.5344e-4,-0.5957446808510638,0.9912413910685186,-2.192957496329845,4.994284560348337,0
rs67334442,23789563,5.81840956225e-5,2.0818185989499005,0.997296046947912,-0.7953953261244773,3.0275999999999995e-4,0.4310344827586207,0.99248785939226,-2.3534198901131833,-3.1488152162376606,0
rs67363589,23104723,7.234846352409998e-5,-9.374461396295935,0.9966400068669807,40.94471607821094,5.904899999999999e-4,-2.4444444444444446,0.9854525037761308,0.8290232405318734,41.77373931874281,0
rs67445721,22867610,2.3814971041000003e-4,-1.9217345662612346,0.9890244111539672,-0.42977573706351246,0.00161604,-1.308457711442786,0.9611678573934473,-0.801464197250378,-1.2312399343138904,0
rs67476427,23755400,7.426544270760001e-5,0.7301740363482768,0.9965512859282701,-2.569219211511714,3.61e-4,1.4,0.9910557221079755,-1.387136038751514,-3.9563552502632278,0
rs67548062,22882818,2.0575320481e-4,-2.3485405149155403,0.99050328749588,0.40322624308079824,0.0017472399999999997,-0.36124401913875603,0.9581471733221167,-1.5242801891545719,-1.1210539460737736,0
rs67566012,22842073,2.3702449936000003e-4,-1.5736703993348746,0.9890757021689643,-1.0336903190487161,0.0016483599999999998,-1.307881773399015,0.9604219709971773,-0.7933133947529002,-1.8270037138016164,0
rs67998529,23693043,7.469885612250001e-5,1.8289221726629525,0.9965312290343654,-1.1653007550124237,4.3680999999999993e-4,0.7081339712918661,0.9891977136673243,-2.0159802975845973,-3.181281052597021,0
rs68012360,22842583,2.3687980281000002e-4,-1.5224905626051757,0.989082298324682,-1.1123496369339982,0.0016483599999999998,-1.2783251231527095,0.9604219709971773,-0.8300205365015608,-1.9423701734355592,0
rs687204,23427745,5.345159041600001e-4,4.133358708628177,0.9756977384205404,6.47613630731587,0.00258064,-0.22637795275590553,0.9393940532598852,-1.3776105768955207,5.0985257304203495,0
rs6942685,23110209,3.303197200899999e-4,13.482588433371667,0.9848409714594921,87.41771039051164,0.0021344399999999996,-1.2597402597402598,0.9493421533548327,-0.7380534311035126,86.67965695940813,0
rs6942894,23708900,6.126318132640001e-5,0.7279113028102434,0.9971533618578777,-2.6666350102703165,3.5721e-4,1.6031746031746033,0.9911487934869632,-1.089890893364417,-3.756525903634733,0
rs6942981,23231548,6.38843722729e-5,-23.41591213058802,0.9970319278178772,270.4288448155704,3.3124e-4,-4.879120879120879,0.9917870117556515,9.40413259157595,279.83297740714636,6.93529542443907e-281
rs6943423,23428445,0.017286201529,-1.2172243053918175,0.5538604715723481,0.006747766628027896,0.07650756,-1.1200289226319595,0.34332536017405224,0.00506148544006399,0.011809252068091886,0
rs6943926,23231982,6.388884830249999e-5,-23.3404019742151,0.997031720478518,268.6687744743981,3.3124e-4,-4.895604395604395,0.9917870117556515,9.48403186825962,278.15280634265775,1.2923374912986311e-281
rs6944078,23756609,5.83185759556e-5,-2.8837476069381114,0.9972898142652095,1.1913621228143567,2.9584e-4,-0.7267441860465117,0.9926582992189765,-2.1949526043451426,-1.003590481530786,0
rs6944399,23311092,0.00411528665025,-8.40853929431571,0.8390911307695802,28.749895202120808,0.025568009999999995,-1.8336460287679803,0.6100535916828954,0.5547057290287605,29.30460093114957,0
rs6944696,23137387,3.7315421584e-4,12.89053278943118,0.9829088084894647,79.62833570609841,0.00227529,-1.8763102725366876,0.9461791982976344,0.20448335147335084,79.83281905757177,0
rs6945180,23097070,9.00204361681e-5,-6.852942323441094,0.9958227169569664,20.644273634800136,7.344099999999999e-4,-1.7712177121771218,0.9819707711490114,-0.46755517274883984,20.176718462051298,0
rs6945252,23066764,6.60167625049e-5,5.49027885298219,0.9969331606607762,12.131804934959373,4.3680999999999993e-4,2.813397129186603,0.9891977136673243,1.6508518215750638,13.782656756534436,0
rs6945306,23757162,7.19696025801e-5,0.060751058821310565,0.9966575430420481,-2.848685385550808,3.3856e-4,-1.048913043478261,0.9916070380301131,-1.8446886524615846,-4.693374038012393,0
rs6945510,23192240,6.379312744360002e-5,-23.96851907961127,0.9970361544942565,283.4829699223218,3.2761000000000004e-4,-4.9502762430939224,0.9918762852546927,9.746596798256219,293.229566720578,4.561732143275526e-275
rs6945626,23668852,1.2846408963999997e-4,5.161237670060525,0.9940494038938733,10.677798101003845,7.6176e-4,0.9673913043478262,0.9813118962478559,-1.5307556853805944,9.14704241562325,0
rs6946740,23693730,0.0032719887216899994,-0.13846433560076432,0.8677020320987557,-1.0030313307055516,0.03515625,-0.9104,0.5322245322245323,-0.15932209407541068,-1.1623534247809624,0
rs6947502,23769411,5.8430975625e-4,0.14730582273244391,0.9734938226924941,-1.8046268097426224,0.00544644,-0.6720867208672086,0.8801569495872504,-0.8620024590767903,-2.6666292688194124,0
rs6948265,23197635,4.3551516099999993e-4,-3.1655613589534717,0.980109368145223,2.9519763388872065,0.002304,2.0749999999999997,0.9455370650529501,0.5804465621615154,3.532422901048722,0
rs6948469,23174766,6.25584501721e-5,-27.111951743434066,0.9970933511901862,363.54030880774724,3.1684e-4,-5.1011235955056184,0.9921412491653612,10.485419069424612,374.02572787717185,5.60346585614636e-240
rs6948678,23107416,6.06937599844e-5,-7.56281271580439,0.9971797458135114,25.581950135397207,5.1076e-4,-1.190265486725664,0.9873919916585124,-1.4872766616754474,24.09467347372176,0
rs6949019,23594050,5.9215795232400006e-5,-1.3017109411345804,0.9972482333527051,-2.1028617584374,3.5721e-4,-1.5343915343915344,0.9911487934869632,-1.1968415113341127,-3.2997032697715127,0
rs6949233,22858191,6.41964705529e-5,3.676648440454453,0.9970174709580333,3.831221512391856,3.3489e-4,0.2622950819672131,0.9916972625932537,-2.3614712590558256,1.4697502533360303,0
rs6949272,23198369,4.355193348100001e-4,-3.1663176658313006,0.9801091813127191,2.954326894074076,0.002304,2.0749999999999997,0.9455370650529501,0.5804465621615154,3.5347734562355915,0
rs6949363,23192394,6.38169311025e-5,-23.952782419838393,0.9970350518490018,283.1068965307936,3.2761000000000004e-4,-4.9502762430939224,0.9918762852546927,9.746596798256219,292.85349332904985,3.1318660714155784e-275
rs6949932,22919472,6.409875806889999e-5,4.996271625508826,0.9970219971015806,9.535944350832182,7.128900000000001e-4,1.041198501872659,0.9824898207914005,-1.489930631809678,8.046013719022504,0
rs6950139,23345410,8.632137802500001e-4,2.752533142730723,0.9613310743192627,2.015373500636283,0.00401956,-0.8548895899053628,0.9086869564348213,-0.8646801522632488,1.1506933483730342,0
rs6950384,22919534,1.0568456808999998e-4,1.8442846998628446,0.9950994050925286,-0.9668407162870962,0.0011560000000000001,-1.6323529411764706,0.9719117504130625,-0.49133555446307575,-1.458176270750172,0
rs6952410,22849917,7.8798665521e-4,-0.05749080014677016,0.9645816268711261,-1.6686682254848677,0.00509796,0.1330532212885154,0.8869580797002792,-1.0821472962163834,-2.7508155217012513,0
rs6952668,22849938,7.8812140225e-4,-0.058409532121039415,0.9645757848202468,-1.6685344152400263,0.00509796,0.13025210084033612,0.8869580797002792,-1.0824743841476023,-2.7510087993876287,0
rs6952712,23664922,0.0016713788062500002,-0.9059475325628324,0.9277440169550615,-0.9330513281001129,0.01779556,-0.42053973013493257,0.6920946868582984,-0.5277817432507997,-1.4608330713509128,0
rs6952947,23121042,6.225967463040001e-5,-23.01875171092253,0.997107193018969,261.24230558536374,3.2761000000000004e-4,-5.220994475138121,0.9918762852546927,11.112186490520502,272.35449207588425,3.9192237045344234e-284
rs6953020,23172132,6.25541791744e-5,-27.12817608027189,0.9970935490564828,363.97907369021164,3.1684e-4,-5.117977528089888,0.9921412491653612,10.570858325779483,374.5499320159911,9.464892699130704e-240
rs6953027,23482123,1.0847639103999999e-4,-4.496735540364083,0.9949705993135729,7.413239208579776,6.969599999999999e-4,-0.32575757575757575,0.9828743965151207,-1.9814399960287554,5.43179921255102,0
rs6953685,23761829,6.142656300010001e-5,6.711774530431221,0.9971457918780847,19.53019018803818,3.4224999999999994e-4,2.135135135135135,0.9915163383301625,-0.12474320528624538,19.405446982751933,0
rs6953728,23121304,6.228461104359998e-5,-23.016424102198922,0.9971060377371419,261.18877826513364,3.2761000000000004e-4,-5.176795580110497,0.9918762852546927,10.884267786103749,272.0730460512374,2.957805401645923e-284
rs6953996,23175946,6.384265682559999e-5,-25.80524044574827,0.9970338601716487,329.05737855423797,3.2399999999999996e-4,-4.8388888888888895,0.9919650828290845,9.201375372515106,338.25875392675306,1.6408062775468283e-255
rs6955115,23227144,6.368486887839998e-5,-23.442661159758806,0.9970411693336196,271.0546754911153,3.2761000000000004e-4,-4.92817679558011,0.9918762852546927,9.638329358432317,280.6930048495476,1.638966731192738e-280
rs6955117,23234140,3.9860921103999995e-4,0.683970107987899,0.9817641809504166,-1.772541711215963,0.00204304,-2.6415929203539825,0.9514059877687245,1.8073342696928831,0.0347925584769202,0
rs6955568,23227335,6.368486887839998e-5,-23.442535850872403,0.9970411693336196,271.05174661696225,3.2761000000000004e-4,-4.92817679558011,0.9918762852546927,9.638329358432317,280.69007597539456,1.6341734268151428e-280
rs6955603,23789022,7.436561460250001e-5,1.0450974366705126,0.9965466502430552,-2.289976885186641,3.6480999999999997e-4,-0.7434554973821991,0.990962177203361,-2.0793031692060735,-4.369280054392714,0
rs6955726,23186691,6.41828504164e-5,-23.94194786941641,0.9970181018544098,282.846199123581,3.3124e-4,-4.95054945054945,0.9917870117556515,9.75230899739048,292.5985081209715,2.4269705874375418e-275
rs6955934,23251499,4.0368444561e-4,0.6264315470413451,0.9815362829988126,-1.8033883497975618,0.0020611600000000002,-2.5308370044052864,0.950996120886823,1.53770180849475,-0.2656865413028118,0
rs6956228,23487715,6.12170102569e-5,-4.476229306005908,0.9971555011275918,7.0586331308664665,3.5344e-4,-0.7553191489361702,0.9912413910685186,-2.0861040077611754,4.972529123105291,0
rs6956514,23117748,3.2681046841000005e-4,13.414389945734847,0.9849996022324388,86.52345980748481,0.00207025,-1.3648351648351649,0.9507906418431076,-0.6202812017185232,85.90317860576629,0
rs6956595,23134256,6.253883642249999e-5,-26.71231577549743,0.9970942598543987,352.81668121144565,3.2399999999999996e-4,-4.9944444444444445,0.9919650828290845,9.960044963641792,362.77672617508745,7.2958746506664944e-245
rs6956768,23309967,0.004177579809640001,-8.569565338474058,0.8370523390369137,29.828331571465686,0.02608225,-2.1560371517027863,0.605306266054803,0.9420593526882203,30.770390924153904,0
rs6956784,23573998,5.8652162740899993e-5,-0.8053488490520953,0.9972743540465019,-2.6291154405174395,3.61e-4,-1.463157894736842,0.9910557221079755,-1.29752922775538,-3.9266446682728198,0
rs6956828,23187347,6.36800808004e-5,-23.99354384346828,0.997041391131942,284.0819340492999,3.2761000000000004e-4,-4.889502762430938,0.9918762852546927,9.45002696973412,293.531961019034,6.172455333479642e-275
rs6956974,23252318,6.141731508640002e-5,-22.87977930105194,0.9971462203595471,258.0656405256292,3.3124e-4,-4.703296703296703,0.9917870117556515,8.568640960854124,266.6342814864833,1.2851214098024384e-286
rs6957013,23118050,3.5489661769e-4,5.389756193367908,0.9837314378060305,12.229178975807809,0.00244036,-0.9433198380566802,0.9424990739946597,-1.008634621112311,11.220544354695498,0
rs6957479,23033665,6.588682538490001e-5,7.122742565975161,0.9969391784739831,22.394551831558502,5.336099999999999e-4,1.7532467532467533,0.9868353694625276,-0.6484068952619724,21.74614493629653,0
rs6957923,23482685,6.11042382864e-5,-4.463906500258414,0.9971607262922982,7.0028387846572135,3.5344e-4,-0.5265957446808511,0.9912413910685186,-2.2314219476610604,4.771416836996153,0
rs6957968,22851101,6.12378242116e-5,3.143546833029624,0.997154536741974,1.9958693768185385,3.8808999999999995e-4,0.1065989847715736,0.9903909791228057,-2.316899397034813,-0.32103002021627436,0
rs6958009,23777149,8.830323312039999e-5,3.661314592560589,0.9959020750234716,3.926508202272099,4.6656000000000003e-4,-0.10648148148148147,0.9884704803175759,-2.2258185114819593,1.7006896907901399,0
rs6958062,23771484,9.869945625760002e-5,-5.220407941409757,0.9954218219557057,10.870718691192309,4.7524e-4,-1.110091743119266,0.9882585007525588,-1.61339559154614,9.257323099646168,0
rs6958727,22905768,6.00373926244e-5,4.096520821126481,0.9972101601173737,5.426447056638263,3.8025e-4,1.1282051282051282,0.9905832678103776,-1.7022031990620878,3.724243857576176,0
rs6958848,23771966,9.876304896159998e-5,-5.202959158620079,0.9954188857188462,10.780478316718405,4.7524e-4,-1.0871559633027523,0.9882585007525588,-1.638297526455895,9.14218079026251,0
rs6958871,22905813,6.204035496489998e-5,6.4808412798972155,0.997117354019167,18.01559107132858,4.1208999999999994e-4,-0.3300492610837439,0.9898028040618538,-2.2389103979829343,15.776680673345645,0
rs6958980,22963646,6.58981897729e-5,7.031524667488732,0.9969386521490892,21.75103948247947,5.29e-4,1.8217391304347825,0.9869476177551876,-0.5316842663504495,21.21935521612902,0
rs6959005,23696342,7.99967459281e-5,5.181287308155441,0.9962861260059251,10.575178368451763,4.7524e-4,-0.18807339449541285,0.9882585007525588,-2.204834741221123,8.370343627230639,0
rs6959138,23666329,1.8697554120999997e-4,0.7663870585568126,0.991362500267152,-2.0846831125959135,0.0011222500000000002,-0.382089552238806,0.9727094212986888,-1.72960276536423,-3.8142858779601436,0
rs6959313,23234469,3.98601225e-4,0.6833158026546456,0.9817645396383501,-1.7729906164269578,0.00204304,-2.6438053097345136,0.9514059877687245,1.812896835537848,0.03990621911089032,0
rs6959793,22955047,5.915932608010001e-5,5.804256901440679,0.9972508502683288,13.850158687182638,3.8808999999999995e-4,-0.2741116751269036,0.9903909791228057,-2.2853188658007055,11.564839821381932,0
rs6960001,23130876,6.25582919844e-5,-26.699564314775618,0.9970933585186866,352.47696479147675,3.5344e-4,-4.654255319148936,0.9912413910685186,8.36732229694866,360.8442870884254,1.056403257906685e-245
rs6960097,23278933,0.004177980551289999,-8.494568925372812,0.8370392552433523,29.29229127949415,0.026569000000000002,-2.020245398773006,0.6008802896242995,0.7669669041180727,30.059258183612222,0
rs6960118,23200328,4.3558611848999994e-4,-3.175140268414572,0.9801061918805904,2.981804619646156,0.002304,2.0854166666666667,0.9455370650529501,0.6009352505177521,3.582739870163908,0
rs6960214,22978186,5.9683504760099994e-5,5.685812328247585,0.9972265591021227,13.175567112782394,3.920400000000001e-4,2.1515151515151514,0.990294127258737,-0.025467673246358125,13.150099439536035,0
rs6960239,23110019,5.97935667169e-5,-18.13276983380816,0.9972214588288913,160.99896782349293,3.4224999999999994e-4,-5.275675675675676,0.9915163383301625,11.413508523175835,172.41247634666877,0
rs6961109,23252413,6.13811138521e-5,-22.895077100200265,0.9971478976665668,258.414914267327,3.3124e-4,-4.697802197802198,0.9917870117556515,8.543025884518029,266.95794015184504,1.7762632529227296e-286
rs6961131,23134790,6.257284609e-5,-26.70328558967422,0.9970926842583144,352.5759148971139,3.2041e-4,-5.011173184357542,0.9920534042188559,10.038645631797202,362.61456052891106,6.203684724318165e-245
rs6961136,23194962,4.3474752036e-4,-3.1186009035711204,0.9801437312998788,2.806660264544174,0.0025200400000000003,1.9003984063745019,0.9407328873632291,0.285884685014016,3.09254494955819,0
rs6961267,23187550,0.0041570772051600004,-7.510833589244889,0.8377222737347838,22.719831625771214,0.02007889,-1.9195483415666905,0.6657912621221863,0.6786143998411694,23.398446025612383,0
rs6961406,23134891,6.25546537225e-5,-26.708306202309984,0.9970935270716684,352.70976017766645,3.2041e-4,-5.033519553072626,0.9920534042188559,10.14998497955698,362.8597451572234,7.927423315875475e-245
rs6961813,23195123,4.3475169049e-4,-3.1188545228697357,0.9801435446190134,2.807439321211866,0.002304,2.09375,0.9455370650529501,0.6174000712859482,3.424839392497814,0
rs6962197,23754784,7.193075343999999e-5,-0.0020859076545771825,0.996659341270525,-2.8507914652852473,3.3856e-4,-1.0815217391304348,0.9916070380301131,-1.8102448352143194,-4.661036300499567,0
rs6962213,23188109,6.367066477209999e-5,-23.98278565153477,0.9970418273112729,283.8246800153633,3.2761000000000004e-4,-4.917127071823204,0.9918762852546927,9.584377295298596,293.4090573106619,5.4586035526932623e-275
rs6962385,23745716,1.0100049001000001e-4,-4.308420979313227,0.995315588401132,6.556011010768083,5.0625e-4,-0.7688888888888888,0.9875019287147045,-1.8991897783023073,4.656821232465775,0
rs6962394,23311135,0.0041763130753599996,-8.570338757497169,0.8370936992694443,29.83527173200465,0.02608225,-2.104643962848297,0.605306266054803,0.8757873994272823,30.71105913143193,0
rs6962526,23158233,6.25024642225e-5,-26.990519678465944,0.9970959449071358,360.26546778671565,3.1684e-4,-4.949438202247191,0.9921412491653612,9.729147784889287,369.9946155716049,9.948712935664905e-242
rs6962859,23747944,6.36283810276e-5,2.60443489445563,0.9970437860288018,0.46959149357707686,3.1684e-4,-1.4157303370786518,0.9921412491653612,-1.4287932296044445,-0.9592017360273677,0
rs6963050,23778209,5.8954448112399995e-5,-1.2778171389574093,0.997260344918847,-2.1357899815448365,2.9241e-4,-0.5438596491228069,0.9927428019321753,-2.3160623529451674,-4.451852334490004,0
rs6963309,23748048,6.597256952250001e-5,1.0917763947625996,0.9969352073742466,-2.299726416426895,3.2399999999999996e-4,-1.777777777777778,0.9919650828290845,-0.8444295336707197,-3.1441559500976144,0
rs6963490,23629635,7.969329000000001e-4,0.7699220687212186,0.9641939098141201,-1.379041212533122,0.006674889999999999,-1.3145654834761322,0.856991842937391,-0.23195053918119657,-1.6109917517143186,0
rs6964278,22964648,6.58973779984e-5,7.0347585282567024,0.9969386897452113,21.773708845043515,5.29e-4,1.808695652173913,0.9869476177551876,-0.5550519769598705,21.218656868083645,0
rs6964618,23110419,3.3122908008999995e-4,13.549179382077728,0.9847998734583502,88.3016835949068,0.00214369,-1.3326133909287257,0.9491337849153693,-0.646514537388853,87.65516905751795,0
rs6964665,23211352,6.291329260409999e-5,-26.31776685968741,0.9970769123645694,342.3825672633054,3.1684e-4,-5.01685393258427,0.9921412491653612,10.062450128536431,352.4450173918419,2.3772412121835545e-249
rs6964671,23200802,4.3566543076000005e-4,-3.191154911223326,0.980102641655953,3.03183860983634,0.0022944099999999998,2.0897703549060545,0.9457514598264878,0.608024981476067,3.639863591312407,0
rs6965031,23559587,6.179563544039999e-5,1.3269779239844195,0.9971286920300365,-2.0485866024335655,3.8416e-4,0.75,0.9904873594003193,-2.048992317861272,-4.097578920294838,0
rs6965057,23654680,0.00317635942464,-0.036193913327371575,0.8710701358673009,-1.0236728050222352,0.031435290000000005,-0.7614213197969543,0.5599473313540129,-0.24811221718608154,-1.2717850222083167,0
rs6965173,23589769,1.5288580609e-4,-3.216438732844307,0.9929261656804609,2.660471657216071,9.3025e-4,-2.013114754098361,0.9772723108214585,0.08817638245778925,2.7486480396738604,0
rs6965272,23589679,0.010052468644000001,0.6897129520655881,0.6810000415801976,-0.4093049462793285,0.17522596000000001,-1.1077400860009554,0.1858511863531704,0.011221833428585903,-0.3980831128507426,0
rs6965776,23441968,7.34733551556e-5,5.984605082329444,0.9965879431234331,15.006426747655324,4.7524e-4,-1.18348623853211,0.9882585007525588,-1.5302158507202366,13.476210896935086,0
rs6965833,23192366,6.38126173584e-5,-23.952214994967626,0.9970352516722799,283.09336920607285,3.2761000000000004e-4,-4.9502762430939224,0.9918762852546927,9.746596798256219,292.8399660043291,3.089785562127711e-275
rs6966420,23195965,4.3477254144000003e-4,-3.1203479895641495,0.9801426112023234,2.8120247895737474,0.002304,2.091666666666667,0.9455370650529501,0.613277710253632,3.4253024998273793,0
rs6966673,23158532,0.004636683886240001,-7.775651606915226,0.8223265412664389,23.995339010639157,0.03853369,-2.1915435557819665,0.5093355475847372,0.8671370774383074,24.862476088077464,0
rs6966776,23166008,6.2504836e-5,-27.029724260055655,0.9970958350271593,361.32129193217526,3.1684e-4,-4.988764044943821,0.9921412491653612,9.9230261633834,371.24431809555864,3.471409198386574e-241
rs6966929,23196074,4.3477671169e-4,-3.120304249615132,0.9801424245165128,2.81189480868961,0.002304,2.091666666666667,0.9455370650529501,0.613277710253632,3.425172518943242,0
rs6967145,23517468,6.02217904729e-5,-1.2311878323821208,0.9972016154280174,-2.1835656726511656,3.4969000000000005e-4,-0.8556149732620321,0.9913335145821442,-2.011279747597463,-4.194845420248629,0
rs6967419,23136310,6.255544464e-5,-26.707505183836545,0.997093490430128,352.68842206688333,3.2041e-4,-5.022346368715084,0.9920534042188559,10.094253381679447,362.78267544856277,7.339409175196952e-245
rs6967475,23128982,6.254468859040001e-5,-26.67831654974635,0.9970939887354621,351.9116486068786,3.2399999999999996e-4,-5.027777777777778,0.9919650828290845,10.125739871921759,362.0373884788004,3.4832695402869737e-245
rs6967526,23159241,6.0032123841600004e-5,-20.917935374623774,0.9972104042661502,215.22877308949606,3.1684e-4,-5.52808988764045,0.9921412491653612,12.736744257216332,227.9655173467124,2.0668705202487726e-303
rs6967744,23718403,2.4842803456e-4,1.1924677697695667,0.9885561356737316,-1.532297558246834,0.00157609,1.4256926952141058,0.9620914328403657,-0.6585157127939729,-2.190813271040807,0
rs6968174,23739795,1.0070925316e-4,-4.294477549474859,0.9953290328983065,6.495001898392603,5.0625e-4,-0.7066666666666668,0.9875019287147045,-1.9445222125212303,4.550479685871373,0
rs6968242,23167411,6.248380780890002e-5,-27.02997089062541,0.9970968092244213,361.3281270899722,3.1684e-4,-5,0.9921412491653612,9.978701808536028,371.30682889850823,3.695335776629268e-241
rs6968416,23197661,4.3551516099999993e-4,-3.1655613589534717,0.980109368145223,2.9519763388872065,0.0025200400000000003,1.8824701195219122,0.9407328873632291,0.2539842672073047,3.205960606094511,0
rs6968748,23719239,2.4871813264000004e-4,1.2029002967509574,0.9885429253797127,-1.519378389160245,0.0015920099999999998,1.4837092731829575,0.9617231771198363,-0.5728899216300869,-2.092268310790332,0
rs6968810,23241791,6.37560728676e-5,-23.521367007566933,0.9970378709601199,272.89702353744025,3.3489e-4,-4.967213114754098,0.9916972625932537,9.838590482707161,282.7356140201474,1.2637583250738551e-279
rs6968891,23029047,6.585225120359999e-5,6.976576536610253,0.9969407797296901,21.367062347915684,5.29e-4,1.7347826086956522,0.9869476177551876,-0.6842973384343327,20.68276500948135,0
rs6969275,23796592,8.959947649000001e-5,-3.6042764930221747,0.9958421698322193,3.7270167626797255,4.884100000000001e-4,0.1945701357466063,0.9879370417361413,-2.1901074792127693,1.5369092834669562,0
rs6969563,23233219,6.369524366490002e-5,-23.380107330849913,0.997040688742322,269.5944867441425,3.3124e-4,-4.972527472527472,0.9917870117556515,9.86045821507136,279.45494495921383,4.752121756926003e-281
rs6969733,23168377,6.253519872640001e-5,-27.114083096440023,0.997094428381473,363.5981388803129,3.1684e-4,-5.117977528089888,0.9921412491653612,10.570858325779483,374.1689972060924,6.466626965997483e-240
rs6970694,23250828,6.360509107839999e-5,-23.542496313609053,0.9970448648966096,273.3935203496994,3.3856e-4,-5.0434782608695645,0.9916070380301131,10.221411076971027,283.6149314266704,3.044715562441172e-279
rs6970861,23761674,0.0019251209264399998,-0.37330944794672283,0.9176774463081726,-1.1846113444769595,0.029172640000000003,0.5339578454332553,0.5782633133562635,-0.34925245230950674,-1.5338637967864663,0
rs6971002,23172304,6.22778240569e-5,-26.42381865343408,0.9971063521719293,345.1762786627795,3.1684e-4,-4.859550561797753,0.9921412491653612,9.291758914533846,354.46803757731334,1.7974621498367448e-248
rs6971076,23761509,6.794638956160001e-5,3.551964342905946,0.9968438018673865,3.40912178842497,3.6480999999999997e-4,1.0157068062827226,0.990962177203361,-1.8420003107304683,1.5671214776945017,0
rs6971100,23473292,5.9342063424400005e-5,0.3351282164452487,0.997242381832273,-2.8906933718621506,3.5721e-4,-0.6402116402116402,0.9911487934869632,-2.160479204103226,-5.051172575965376,0
rs6971244,23284443,0.00409876526656,-8.265788421407775,0.83963352627278,27.768102304961904,0.025664040000000003,-1.8751560549313357,0.6091614222944552,0.6012394880100967,28.369341792972,0
rs6971249,23284464,0.00409876526656,-8.265788421407775,0.83963352627278,27.768102304961904,0.025664040000000003,-1.875780274656679,0.6091614222944552,0.6019526358594937,28.370054940821397,0
rs6971673,23159523,6.247384832159999e-5,-26.989235884433786,0.9970972706297407,360.23117350144594,3.1684e-4,-4.97191011235955,0.9921412491653612,9.839747547925898,370.07092104937186,1.0737568506120417e-241
rs6972242,23102139,7.773296455690002e-5,0.9265762541923613,0.9963908434547076,-2.3844181205784403,6.502499999999999e-4,2.5607843137254904,0.9840037884145855,1.1586579614396117,-1.2257601591388285,0
rs6972276,23245860,3.9828584040999996e-4,0.7070466149891518,0.9817787051472117,-1.7571792516640663,0.00203401,-2.629711751662971,0.9516103745514644,1.7761406108804845,0.018961359216418172,0
rs6972301,23732374,2.2599108899999998e-4,2.00931284507417,0.9895789251922362,-0.28433019626029976,0.0014592399999999999,1.5078534031413613,0.9648030209912193,-0.576598880041719,-0.8609290763020188,0
rs6972589,22883467,6.03777174961e-5,0.6730632368592759,0.997194390143577,-2.7121956030453127,4.8399999999999995e-4,-0.5454545454545455,0.9880446596186148,-2.066306753104881,-4.778502356150193,0
rs6973118,22883518,5.89513768804e-5,-0.6496357114761956,0.99726048725019,-2.739552396221108,4.7524e-4,-0.724770642201835,0.9882585007525588,-1.9627505030149344,-4.7023028992360425,0
rs6973315,23579187,1.1615881728999998e-4,-4.534010039247706,0.9946163288110227,7.611094408509027,9.424900000000001e-4,-0.8859934853420195,0.976980149473078,-1.5022420688344336,6.108852339674593,0
rs6974269,23534675,1.2569548996e-4,0.7795270884992062,0.9941769016563448,-2.2708993970633746,7.784100000000001e-4,-1.1397849462365592,0.9809112223845903,-1.3421716844792413,-3.613071081542616,0
rs6974381,23002354,1.3228910289e-4,-3.2842101602371825,0.9938733106465631,2.812426467298061,8.5264e-4,1.13013698630137,0.979128888610381,-1.3094182412602606,1.5030082260378004,0
rs6974500,23744549,6.356139405160001e-5,2.5893880745659477,0.9970468890943365,0.43011703852338323,3.2041e-4,-1.3463687150837989,0.9920534042188559,-1.5183538960685667,-1.0882368575451835,0
rs6974545,23117775,3.5403432964e-4,5.41024032993548,0.9837703238172065,12.33736629432624,0.0024304899999999996,-0.9107505070993915,0.9427183141179845,-1.0389105384972186,11.298455755829021,0
rs6975037,23527881,1.1659248484e-4,-4.611411583841153,0.994596338013147,7.964764441387398,8.179600000000001e-4,-1.2692307692307692,0.9799607819695056,-1.165699695734454,6.799064745652944,0
rs6975244,23767852,7.429612503040001e-5,1.0779126911939412,0.9965498660285139,-2.2557275713039466,3.5721e-4,-0.798941798941799,0.9911487934869632,-2.047271648955643,-4.30299922025959,0
rs6975524,23186452,6.36770484441e-5,-23.987598671142973,0.9970415315999511,283.939744623261,3.2761000000000004e-4,-4.883977900552486,0.9918762852546927,9.423247733010342,293.3629923562713,5.2128568388488726e-275
rs6975743,23736191,1.0065306275999998e-4,-4.28628670534059,0.9953316268827125,6.459770274061116,5.1076e-4,-0.7300884955752214,0.9873919916585124,-1.9235571548180057,4.53621311924311,0
rs6975852,23186654,6.43194376036e-5,-23.107155415127796,0.997011775055176,263.26601046666116,3.3124e-4,-4.780219780219779,0.9917870117556515,8.930395902166516,272.1964063688277,3.3461415053733276e-284
rs6976424,23732499,2.2533612544000002e-4,2.0267999893412916,0.9896088135388471,-0.25078261747146247,0.00145161,1.4120734908136483,0.9649806123332725,-0.7138644280762467,-0.9646470455477092,0
rs6976831,23562226,1.5291300964e-4,-3.1682382053728833,0.9929249159115779,2.5077697842058813,9.3025e-4,-2.1311475409836067,0.9772723108214585,0.3271970716898214,2.8349668558957024,0
rs6976957,23187333,6.368024040009999e-5,-23.993388462892813,0.9970413837387974,284.0782160821412,3.2761000000000004e-4,-4.883977900552486,0.9918762852546927,9.423247733010342,293.5014638151515,5.987054182661527e-275
rs6977928,23278768,0.004177980551289999,-8.494630809145802,0.8370392552433523,29.29273129252355,0.02617924,-2.149567367119901,0.6044191501745866,0.9327015663063778,30.225432858829926,0
rs6978475,23185495,6.367577168409999e-5,-23.97305165225303,0.9970415907433874,283.5919414182618,3.2761000000000004e-4,-4.889502762430938,0.9918762852546927,9.45002696973412,293.0419683879959,3.7814369193761635e-275
rs6978478,23185499,6.36914128761e-5,-23.961963188646592,0.9970408661959208,283.3268792515446,3.2761000000000004e-4,-4.9226519337016565,0.9918762852546927,9.611338188800602,292.93821744034517,3.408775470173903e-275
rs6978480,23002493,5.97215203209e-5,5.691921681890587,0.9972247974543937,13.210514976084287,3.8808999999999995e-4,1.9390862944162437,0.9903909791228057,-0.460563871567484,12.749951104516803,0
rs6978827,23125544,6.255338826490002e-5,-26.695806207303765,0.9970935856976569,352.37696552296336,3.2761000000000004e-4,-4.999999999999999,0.9918762852546927,9.991969691447714,362.36893521441107,4.852616826952207e-245
rs6978906,23279319,0.00412129332729,-8.56983081843006,0.838894105778542,29.89218386482652,0.02585664,-2.012437810945274,0.6073799088444233,0.7624593393054129,30.654643204131933,0
rs6978926,23720623,8.90277167025e-5,-0.46633811847871587,0.9958685925153995,-2.636282178164688,4.884100000000001e-4,-0.9366515837104071,0.9879370417361413,-1.7754413307802865,-4.4117235089449744,0
rs6979276,23780993,9.89461910089e-5,-5.20330908187957,0.995410429681571,10.783098275262265,4.7524e-4,-1.0504587155963303,0.9882585007525588,-1.677059285680766,9.1060389895815,0
rs6980224,23149137,6.240162628090001e-5,-26.947250891515505,0.9971006165611117,359.10283679908054,3.1684e-4,-4.98314606741573,0.9921412491653612,9.89523531126137,368.9980721103419,3.6725995234370662e-242
rs6980466,23507699,1.1747958544000002e-4,-4.519051924567295,0.9945554477890773,7.548751405540209,8.2369e-4,-1.411149825783972,0.9798232349892917,-0.9760293146655292,6.572722090874679,0
rs706013,23214696,5.7993790761e-4,10.804795302696215,0.9736869254239435,55.01701455429417,0.0026009999999999996,-2.027450980392157,0.938945095185559,0.5318030208171836,55.54881757511136,0
rs706014,23275250,6.41874971241e-5,-7.898875520956201,0.9970178866148436,28.195525368885452,3.1329000000000003e-4,-4.327683615819209,0.9922286174112804,6.862994631942409,35.05852000082786,0
rs714442,22949553,7.768236533760001e-5,1.2932732454707185,0.9963931843126187,-1.979203444799364,6.300100000000001e-4,2.5298804780876494,0.9844939737893247,1.067262772466937,-0.911940672332427,0
rs71520386,22853521,8.97940074409e-5,-2.5368906824314554,0.9958331803107071,0.4641976290677001,7.344099999999999e-4,-0.7749077490774908,0.9819707711490114,-1.7130526105905144,-1.2488549815228143,0
rs71520387,22869676,6.93269386384e-5,-1.3481770970949813,0.996779880068725,-1.963304009808689,4.5369e-4,-0.01408450704225352,0.9887849538571142,-2.2451514240278883,-4.208455433836577,0
rs71520388,22921225,6.871730236809999e-5,1.2985684454840347,0.9968081062666588,-2.033121655245326,4.8399999999999995e-4,-1.05,0.9880446596186148,-1.6686289846813187,-3.7017506399266447,0
rs71520389,22923397,7.117537590249999e-5,1.4399369410481775,0.9966943070767386,-1.8227724294453667,5.0176e-4,-0.9285714285714285,0.9876114025662095,-1.7697079490947607,-3.5924803785401274,0
rs71520390,22930956,0.003451680001,0.6961872989395925,0.8614431753616862,-0.7794766341371366,0.06574096000000001,-0.21528861154446177,0.3782829283940679,-0.2288685263102547,-1.0083451604473914,0
rs71520395,22978375,6.50416442256e-5,1.3045640087094101,0.9969783233523145,-2.052599360223786,4.4521000000000003e-4,-1.2132701421800949,0.9889922688001866,-1.5266683140686048,-3.579267674292391,0
rs71520396,23007156,7.181359100410001e-5,1.2537687523084529,0.996664764462767,-2.068259334538432,5.0176e-4,-1.2366071428571428,0.9876114025662095,-1.4403630871400592,-3.508622421678491,0
rs71520397,23036792,1.6813790224e-4,7.005976802295091,0.9922259564449474,21.922583601791732,8.065600000000001e-4,0.7429577464788732,0.9802345505232493,-1.691371942000122,20.23121165979161,0
rs71520398,23047855,7.978205312640001e-5,3.774283257651073,0.9962960562686349,4.297046741927273,6.6564e-4,-0.1937984496124031,0.9836313900383714,-2.037723367759209,2.2593233741680643,0
rs71520400,23071597,8.42523887881e-5,3.9321444485238444,0.996089329082289,4.928623889765733,7.0756e-4,-0.2293233082706767,0.9826184620252355,-2.0003357865499662,2.928288103215767,0
rs71520401,23072505,8.421787962089999e-5,3.8473885341989735,0.9960909246032367,4.600040218401146,7.0756e-4,-0.2744360902255639,0.9826184620252355,-1.9891702989097906,2.610869919491355,0
rs71524096,23090343,1.9563616899999998e-4,-3.7298419961392724,0.9909660293009882,4.539639974126849,0.0013838399999999997,-1.9623655913978495,0.9665608604711405,0.16204021038838978,4.701680184515238,0
rs71524097,23141460,2.5041480024999997e-4,9.415021011722331,0.9884656707254467,41.578879970396606,0.0018318399999999997,0.5817757009345794,0.9562094328148129,-1.4023476824625576,40.17653228793405,0
rs71526004,23267891,0.00812878953604,-0.6229494741558876,0.7252744651024768,-0.5052641698525571,0.32319225,0.5401934916446789,0.11013450865209819,-0.04227335961631731,-0.5475375294688744,0
rs71526005,23382504,1.4876680899999998e-4,9.510453390177913,0.993115434438769,42.42377513524514,9.3025e-4,0.3016393442622951,0.9772723108214585,-1.8476264622165126,40.57614867302863,0
rs71526008,23472320,3.2858087823999996e-4,-0.3134320453692875,0.9849195669662314,-2.048799525200954,0.0018318399999999997,0.03504672897196262,0.9562094328148129,-1.563581179715505,-3.6123807049164594,0
rs71526011,23521807,0.0010598866248099999,3.4416188770699017,0.9529354763029698,4.1155188255738,0.01134225,0.3943661971830986,0.7790854510661298,-0.6944061397772161,3.421112685796584,0
rs71526017,23629477,7.399698462249999e-5,2.2658056416128525,0.9965637096573107,-0.2785645292271366,4.4944e-4,1.0235849056603774,0.9888888449382734,-1.7318605511958796,-2.0104250804230164,0
rs71526018,23637902,7.481229334809999e-5,1.8766597952923958,0.9965259796799512,-1.076412880051058,4.4944e-4,0.7358490566037735,0.9888888449382734,-1.9821741402053195,-3.058587020256377,0
rs71526022,23691758,5.0172416064e-4,-0.7180077859923569,0.9771545850782167,-1.6376236380101346,0.0036240399999999994,-0.21926910299003324,0.9169256217443409,-1.2219670686923263,-2.859590706702461,0
rs71526027,23769957,9.887478321640001e-5,-5.193451453098381,0.9954137267061185,10.731774906768713,4.7524e-4,-1.0688073394495414,0.9882585007525588,-1.657844765549982,9.073930141218732,0
rs71526028,23773150,1.0350213696e-4,4.833117087363372,0.9952001187097703,8.953868080393374,5.904899999999999e-4,-0.4773662551440329,0.9854525037761308,-2.0028864508392195,6.950981629554154,0
rs71552230,23481124,7.8286920804e-4,-1.6294326621348258,0.9648035497138192,-0.39260380433934294,0.004515839999999999,-0.3154761904761905,0.8985565587440336,-1.0994124097760056,-1.4920162141153486,0
rs717624,22894487,5.97290939716e-5,4.582827626719941,0.9972244464908406,7.5285554673562025,3.7636e-4,1.036082474226804,0.9906787040733737,-1.805996410605252,5.722559056750951,0
rs717901,22995730,5.96714535729e-5,5.830986973007471,0.9972271175575423,14.009131017565409,3.920400000000001e-4,2.080808080808081,0.990294127258737,-0.17364299593026056,13.835488021635149,0
rs722293,23746421,5.8264215610000004e-5,8.816522775805373,0.9972923336635214,35.80446794939439,3.0625000000000004e-4,0.19999999999999998,0.9924019227787254,-2.420081991994303,33.38438595740009,0
rs722294,23746585,5.825948318410001e-5,8.896746799007964,0.9972925529943303,36.51302716365916,3.0625000000000004e-4,0.1714285714285714,0.9924019227787254,-2.4253477981151694,34.08767936554399,0
rs722699,22986448,4.2933497616e-4,0.45748296364935037,0.9803860902845013,-1.8631653156033778,0.00380689,1.059967585089141,0.9130983733380754,-0.7085419713148036,-2.5717072869181816,0
rs723900,23723298,1.1376568920999999e-4,-1.5548982289684141,0.9947266594277772,-1.4200660652326458,6.864400000000001e-4,1.8358778625954197,0.9831285312747932,-0.38427409925662426,-1.80434016448927,0
rs72595733,22848444,2.3698139364e-4,-1.6673877174520273,0.989077667182713,-0.8835649870647793,0.0016483599999999998,-1.1798029556650247,0.9604219709971773,-0.9463180840100158,-1.829883071074795,0
rs727125,22974912,7.46307659881e-5,8.193059078054986,0.9965343799599868,30.614359687417952,5.8564e-4,0.8264462809917356,0.9855702657393108,-1.7826532847054544,28.8317064027125,0
rs73073066,23486970,2.1069683715999998e-4,7.2356945037684115,0.9902773284750549,23.606473480440485,0.00135424,3.3043478260869565,0.9672526928314968,3.5711107560893947,27.17758423652988,0
rs73074858,23564699,3.5237672088999993e-4,5.905165754833074,0.9838450844948449,15.091056952358946,0.00261121,2.551859099804305,0.9387201161384527,1.660313770120891,16.751370722479837,0
rs73074861,23572553,3.2535862129e-4,6.406304573199466,0.9850652458792929,18.111870329320137,0.00234256,2.628099173553719,0.9446759950272255,1.8151196132070542,19.926989942527193,0
rs73074877,23590305,1.0733996025e-4,-4.9319820471984945,0.9950230265700633,9.45022573510494,6.300100000000001e-4,1.3745019920318726,0.9844939737893247,-1.153282832768901,8.296942902336038,0
rs73074879,23591209,1.6046302276e-4,6.202583008352148,0.9925781793808469,16.641586270098717,0.00100489,1.4858044164037856,0.9754934106639476,-0.7776497948622696,15.863936475236446,0
rs73077105,23613305,0.0021987283683599997,-2.2950868617590734,0.9070647191305504,1.2010211345040778,0.034969,-0.36470588235294116,0.5335538689324921,-0.3458222684203373,0.8551988660837404,0
rs73077108,23613703,1.5126294120999998e-4,-1.909699241395572,0.9930007280403846,-0.6702619758692843,8.761600000000001e-4,1.385135135135135,0.9785655012603923,-0.9826392184731867,-1.652901194342471,0
rs73077113,23615629,1.4923798568999998e-4,-2.3862789879095962,0.9930937801187261,0.3398341448130737,8.6436e-4,1.4557823129251701,0.9788480720118949,-0.8907747017472725,-0.5509405569341987,0
rs73077122,23621481,1.5004535049e-4,-2.426318238593226,0.9930566774738449,0.43808492306873603,8.6436e-4,1.4115646258503403,0.9788480720118949,-0.9528275270814988,-0.5147426040127627,0
rs73077128,23624887,0.0020013275904399996,-1.6639656475069409,0.9146966598617997,0.03552684164458042,0.027622439999999995,-0.6257521058965102,0.59151961981851,-0.3318463009659971,-0.2963194593214167,0
rs73077135,23640720,1.5066089535999998e-4,-1.880165221925308,0.9930283918228301,-0.7277664368944667,8.410000000000001e-4,1.2931034482758619,0.9794079478954971,-1.1225829402646963,-1.850349377159163,0
rs73077136,23642834,0.00334794160996,0.15738609850435695,0.8650454417475638,-0.9906948274869722,0.041902089999999996,-0.41866145578895947,0.4883880252628474,-0.29229270636741367,-1.282987533854386,0
rs73077139,23649655,1.5029043649000001e-4,-1.743680308011061,0.9930454150358926,-0.9745389897956744,8.3521e-4,1.328719723183391,0.9795468175625887,-1.080115349647847,-2.0546543394435215,0
rs73077143,23654244,0.0032938646208399997,0.19520596875533608,0.866935211217669,-0.9919421242370972,0.04149369,-0.5920471281296024,0.4908355481264869,-0.25146832367271255,-1.2434104479098096,0
rs73077159,23672309,0.00331790976169,0.03712433573547819,0.8660939134909621,-1.0047114534672696,0.042435999999999995,-0.48349514563106794,0.4852249017419574,-0.2752976683975209,-1.2800091218647904,0
rs73077163,23678739,1.5012375624999999e-4,-1.7723893083044278,0.9930530744658476,-0.9249575235434164,8.2944e-4,1.2291666666666667,0.9796852467239325,-1.2081248795902972,-2.133082403133714,0
rs73077168,23682033,1.4982004801e-4,-1.7920360127776735,0.993067031024987,-0.8911692757205116,8.2944e-4,1.2291666666666667,0.9796852467239325,-1.2081248795902972,-2.099294155310809,0
rs73077182,23690427,2.0945904529e-4,7.000697865636682,0.9903338946570369,21.948453596549747,0.0013912899999999999,2.646112600536193,0.9663868896089007,1.6868583796722318,23.635311976221978,0
rs73077193,23700541,0.0032645453504399997,-0.15404804659742863,0.8679632556903202,-1.0020387830742767,0.03508129,-0.6882007474639615,0.5327558969751319,-0.2542897310950939,-1.2563285141693705,0
rs73078329,22847215,1.7436410209e-4,1.3041492801805419,0.9919404013057102,-1.5668969885179176,0.0013987600000000002,1.0828877005347592,0.9662125145777314,-1.127319889394749,-2.6942168779126665,0
rs73078332,22847952,1.7419512289e-4,1.3123053726616307,0.9919481491085619,-1.556787178182023,0.0013912899999999999,1.1286863270777479,0.9663868896089007,-1.0808635588245656,-2.637650737006589,0
rs73078336,22848009,1.7411594209e-4,1.2992656476169544,0.9919517796398053,-1.5738995961668176,0.0013912899999999999,1.1206434316353886,0.9663868896089007,-1.0896050713817809,-2.6635046675485983,0
rs73078337,22849100,1.7411594209e-4,1.3115579031928035,0.9919517796398053,-1.5579822863990664,0.0013912899999999999,1.101876675603217,0.9663868896089007,-1.1097588248063022,-2.667741111205369,0
rs73078340,22851290,2.3655978025e-4,-1.6590227885959494,0.9890968872271318,-0.8981797982431776,0.0016483599999999998,-1.1945812807881775,0.9604219709971773,-0.9294677579882495,-1.8276475562314272,0
rs73079029,23719015,5.285492960399999e-4,-9.000878635244582,0.9759624949640866,37.67012907889373,0.0028515600000000004,1.2883895131086143,0.9334549313957298,-0.5801948113860065,37.08993426750772,0
rs73079041,23722568,1.8813688569e-4,-2.709724925818187,0.9913093171858078,1.2666465590790157,9.1809e-4,1.244224422442244,0.9775627356995401,-1.141836353808759,0.12481020527025666,0
rs73079052,23726688,2.2813685764e-4,-3.1639875001655167,0.989481018684474,2.6754696978903056,0.0010304099999999998,1.3146417445482868,0.9748866755170128,-0.9997383654871845,1.675731332403121,0
rs73079057,23727207,2.2862952025e-4,-3.188776826163156,0.989458542352706,2.7543347596798133,0.0010304099999999998,1.29595015576324,0.9748866755170128,-1.0235237043547203,1.730811055325093,0
rs73079070,23731747,0.0025598843820900004,-0.06557684211774611,0.8934263437145338,-1.11753845170476,0.023901159999999998,1.0795601552393272,0.6259667273645737,-0.12693875911979097,-1.244477210824551,0
rs73079077,23734312,2.2881705289e-4,-3.2143759048569747,0.9894499869771654,2.8357896485362435,0.00103684,1.2298136645962734,0.9747339220076401,-1.102032196389709,1.7337574521465344,0
rs73079078,23735754,0.00255997545444,-0.1389730849352323,0.8934229562624139,-1.110815999673545,0.028392250000000004,0.42255192878338277,0.5848615888496138,-0.38735808965936785,-1.4981740893329127,0
rs73079086,23738874,2.5779834721e-4,-4.014019593799242,0.9881296149923602,5.743692413413793,0.0011971599999999998,0.823699421965318,0.9709407153308626,-1.439826331975095,4.303866081438699,0
rs73079089,23739009,0.00256650652449,-0.08942592581626388,0.8931800989144953,-1.1147341360995278,0.024304810000000003,1.141757536882617,0.6220374494536256,-0.08103287579158097,-1.1957670118911088,0
rs73079093,23739892,0.00256702328964,-0.08762044613921027,0.8931608886779013,-1.1147870532454551,0.024211359999999998,1.1413881748071981,0.622942731628796,-0.08190449267823902,-1.1966915459236942,0
rs73079094,23740185,0.00256701315649,-0.08281361947037148,0.8931612653598512,-1.1151546744981788,0.02322576,1.1856955380577427,0.6326535260311621,-0.05600935992860301,-1.171164034426782,0
rs73079096,23740790,2.5775339209000006e-4,-3.9140189477224734,0.9881316603942479,5.35192290339117,0.0012040900000000001,0.8184438040345822,0.9707774155429716,-1.4412689618969694,3.9106539414942008,0
rs73080306,22868539,1.6563947401e-4,4.475077893722659,0.9923405892655737,7.500556051095861,0.00113569,-1.1364985163204748,0.9723916141919583,-1.1668333147786663,6.3337227363171955,0
rs73080314,22870746,6.93409274944e-5,-1.3580805848840896,0.9967792324025672,-1.9498465085505021,4.5369e-4,-0,0.9887849538571142,-2.2452494983141267,-4.195096006864629,0
rs73080330,22878506,1.661521e-4,4.514608223429015,0.9923170668131811,7.6781711945343485,0.0011424399999999998,-1.076923076923077,0.9722320795752513,-1.2281573839694595,6.450013810564889,0
rs73080352,22898849,2.6561176575999997e-4,-3.184984292165718,0.9877742427823606,2.8079475135889505,0.00200704,0.9642857142857143,0.9522213419464928,-1.0778780617895438,1.7300694517994066,0
rs73080375,22920232,2.6229098115999996e-4,-4.138848067969918,0.9879252484505595,6.253291707867337,0.0020160100000000004,0.04008908685968819,0.9520180521663052,-1.5177002020938144,4.735591505773523,0
rs73080382,22928555,2.0402979921e-4,-4.234998844853296,0.9905820835828286,6.550580728042597,0.0018922499999999998,-1.6206896551724137,0.9548305474162883,-0.294671476618503,6.255909251424094,0
rs73080390,22931800,2.0126245689e-4,-4.230307259616401,0.9907086358887838,6.525278004217472,0.00179776,-1.5518867924528301,0.9569890826685449,-0.42076707139597636,6.104510932821496,0
rs73080395,22934122,2.2136083523999997e-4,-3.466494602841742,0.9897902590919511,3.654742795190452,0.0019980899999999997,-2.044742729306488,0.9524242650082421,0.46831377846356426,4.123056573654016,0
rs73080398,22936571,3.0751129599999996e-4,0.5928090784671534,0.9858729082130421,-1.9566014488323695,0.002304,0.13333333333333333,0.9455370650529501,-1.4467126767862066,-3.403314125618576,0
rs73080907,23745958,2.2926805056e-4,-3.1048766312675014,0.989429412740904,2.494337887968885,0.00103684,1.282608695652174,0.9747339220076401,-1.0373861775759525,1.4569517103929324,0
rs73080913,23746978,0.0025707840684100003,-0.09903871376193471,0.8930211103084565,-1.1131822050249505,0.02408704,1.08569587628866,0.6241511544299753,-0.12142953872505691,-1.2346117437500075,0
rs73080916,23747731,0.00287695995129,-0.6455973734695819,0.8817862727162595,-0.8838680405095101,0.03367225,0.8926430517711171,0.5429452745097374,-0.1751635216129245,-1.0590315621224347,0
rs73080919,23750584,6.093837844900001e-4,-4.639690185005894,0.9723877910065404,8.67141366680358,0.00366025,-1.203305785123967,0.916165161674521,-0.5761750164137098,8.09523865038987,0
rs73080921,23752112,2.5960943376e-4,-3.98175939028326,0.988047219854954,5.619056105650152,0.0012110399999999998,0.9281609195402301,0.9706136996300021,-1.3455298918260192,4.273526213824133,0
rs73080922,23752550,0.00257032776256,-0.10544257806952488,0.8930380676784022,-1.1126766803469805,0.024149160000000003,1.1357786357786357,0.6235467463642548,-0.08629519676260711,-1.1989718771095876,0
rs73080923,23752637,0.00256434883236,-0.09902822703270577,0.8932603179281478,-1.1143012245661112,0.023839360000000004,1.265544041450777,0.6265726974706514,0.00924398933908599,-1.1050572352270254,0
rs73080932,23754964,2.5966099599999997e-4,-3.9682387985602587,0.9880448742390001,5.566033802434287,0.0012110399999999998,0.913793103448276,0.9706136996300021,-1.358373468038672,4.207660334395615,0
rs73080951,23763730,1.9904130724e-4,-2.56436682213181,0.9908102338547807,0.9129403581123579,9.7969e-4,1.0415335463258784,0.9760932793781505,-1.3373686781120049,-0.42442831999964703,0
rs73080953,23764473,0.0025365727873599996,-0.10154533757971901,0.8942942682116468,-1.1189373425013998,0.024429689999999997,1.2610364683301343,0.6208317935411454,0.008739708601246177,-1.1101976339001536,0
rs73080959,23766382,0.00254050273156,-0.10651225909363257,0.8941478325275943,-1.1177839108031857,0.024680409999999996,1.2673456397199236,0.6184252697223163,0.014922221531788848,-1.102861689271397,0
rs73080960,23766530,8.93788723216e-5,-0.5251955777635804,0.9958523644265088,-2.605265248743473,4.884100000000001e-4,0.9321266968325791,0.9879370417361413,-1.7796183336901064,-4.384883582433579,0
rs73080963,23773667,0.00253799326225,-0.07871949343469933,0.894241333627072,-1.120527057590114,0.024743289999999998,1.3108709472345836,0.6178246425228004,0.049891707871608404,-1.0706353497185057,0
rs73080966,23773993,0.0025331692963600004,-0.0733734547174085,0.8944211262125773,-1.12174086193268,0.02427364,1.2509627727856225,0.6223391113370894,7.238013728977366e-5,-1.1216684817953904,0
rs73080967,23775763,8.908509348010001e-5,-0.45970488923546027,0.9958659409042891,-2.6390202912268874,4.884100000000001e-4,0.8506787330316742,0.9879370417361413,-1.8513454635604276,-4.490365754787315,0
rs73080968,23777678,0.0025290136944900003,-0.06280023782395062,0.8945760663787609,-1.1231187514258674,0.024336,1.2147435897435896,0.6217358865953744,-0.02736395192756358,-1.1504827033534308,0
rs73080974,23781383,2.5526452900000006e-4,4.375721349439819,0.9882449137737931,7.239197083473931,0.00173889,0.26378896882494,0.9583388537644388,-1.5557503422155057,5.683446741258425,0
rs73080983,23790248,4.5366018049e-4,-7.551281028015006,0.9792978139534069,25.981926169290922,0.0022944099999999998,1.651356993736952,0.9457514598264878,-0.16756697759381134,25.81435919169711,0
rs73080985,23792633,0.0025122048596099996,-0.1183321063247802,0.8952033260033027,-1.121599085495078,0.024554890000000003,1.326100829610721,0.6196277307574997,0.06151870642455759,-1.0600803790705204,0
rs73080988,23793021,1.5747489121e-4,-0.28823482536317924,0.9927153812248587,-2.419758028698858,8.3521e-4,0.7647058823529412,0.9795468175625887,-1.6584011066067834,-4.078159135305642,0
rs73080998,23799633,0.0014502615732899999,-0.10062286153935031,0.9366981007396677,-1.3751779575598748,0.014113440000000001,0.515993265993266,0.7391878986070743,-0.5735734863885817,-1.9487514439484566,0
rs73082305,22945143,0.0016470854064899998,-0.2856572615518809,0.9287193922110183,-1.2826737003295914,0.02205225,0.7804713804713805,0.6446180436648148,-0.32095117570636433,-1.6036248760359557,0
rs73082370,22992957,1.5460932964e-4,5.3161120136398,0.9928469908281169,11.559336632985755,0.0013689999999999998,2.294594594594595,0.9669075878072952,0.8412380513617477,12.400574684347502,0
rs73082373,22994186,6.249400014400001e-4,3.785157687569003,0.9717028585760469,5.178499618410161,0.0049984899999999995,0.8585572842998586,0.8889187170502832,-0.7711263797495569,4.407373238660604,0
rs73082377,22997948,1.9532578080999998e-4,-4.139497277456193,0.9909802329426772,6.136271641562786,0.00207936,-1.5394736842105263,0.9505847997688177,-0.3773154893346806,5.758956152228105,0
rs73082381,23001653,1.5450241401000002e-4,5.308683094795613,0.9928519019278781,11.519879354461853,0.0013689999999999998,2.2972972972972974,0.9669075878072952,0.847237963676154,12.367117318138007,0
rs73082383,23001854,1.6371714304e-4,5.508612604726773,0.9924288076380646,12.615830850693765,0.00145161,2.4278215223097113,0.9649806123332725,1.1680242612806206,13.783855111974386,0
rs73082385,23001907,1.6370690704e-4,5.511301466220652,0.992429277423954,12.63051030012898,0.00145161,2.4278215223097113,0.9649806123332725,1.1680242612806206,13.798534561409602,0
rs73082389,23007213,1.5467399423999998e-4,5.233002058407307,0.9928440205254522,11.124270998748607,0.0013689999999999998,2.318918918918919,0.9669075878072952,0.8954915256914904,12.019762524440097,0
rs73082395,23014447,1.4206256100000002e-4,5.178580417820287,0.9934236503526174,10.80852857570483,0.0010627599999999998,2.3220858895705523,0.97411864180586,0.7991480599388765,11.607676635643706,0
rs73082396,23018318,1.9794238864e-4,-4.261471867625736,0.9908605073740419,6.6495087919281755,0.00187489,-1.1685912240184757,0.9552263898484271,-0.9008370046880836,5.748671787240092,0
rs73084103,23021201,2.7495277489000006e-4,3.475880036425698,0.9873497275623851,3.7794140859910654,0.00276676,2.431558935361217,0.935305830977142,1.3959458724205809,5.175359958411646,0
rs73084105,23021455,1.9575087920999999e-4,-4.318395265561679,0.9909607801620375,6.886893514280354,0.0017808400000000001,-1.0947867298578198,0.9573766348402761,-1.0039406444384986,5.882952869841855,0
rs73084116,23029408,1.7506465344e-4,-5.867457222322994,0.9919082818756142,14.665783021376878,0.00135424,1.4320652173913042,0.9672526928314968,-0.7176411440318942,13.948141877344984,0
rs73084119,23031124,1.2087243364000002e-4,-2.6208637281475684,0.9943990880604091,0.8228142899566642,0.0010890000000000001,-2.3757575757575755,0.9734965562559322,0.9320760410611313,1.7548903310177955,0
rs73084126,23033991,1.9593560529e-4,-4.186509212227723,0.9909523272139142,6.33151719517242,0.00179776,-1.169811320754717,0.9569890826685449,-0.9183507172294556,5.413166477942965,0
rs73084146,23047061,1.9565575129e-4,-4.22250977644645,0.9909651332115058,6.480918376693303,0.00179776,-1.1320754716981132,0.9569890826685449,-0.9599145008127815,5.521003875880521,0
rs73084156,23052733,3.8987687209000003e-4,2.9896886854086797,0.9821565450321521,2.3763154370891835,0.00318096,0.7092198581560284,0.9263341991470315,-1.0711385900458557,1.3051768470433278,0
rs73084165,23056287,1.9611761763999998e-4,-4.194213164622042,0.9909439985853974,6.363894253854115,0.00179776,-0.9976415094339622,0.9569890826685449,-1.0969104988159428,5.266983755038172,0
rs73084167,23056879,2.5823525809e-4,-3.1367044811041898,0.9881097365333344,2.644946150166771,0.00249001,-1.3086172344689377,0.9413977544368665,-0.6124291576810822,2.032516992485689,0
rs73084169,23058899,1.96196049e-4,-4.284586278289426,0.9909404097201053,6.743717568868702,0.0018062500000000003,-1.0729411764705883,0.956794737628943,-1.0201641132403934,5.723553455628308,0
rs73084179,23084824,1.7976641929e-4,-4.389216644167158,0.9916927654281702,7.157276758151607,0.00164025,-0.7160493827160493,0.9606090261225616,-1.3708443323072719,5.786432425844335,0
rs73084181,23091423,7.542163690000001e-4,-0.2954058187379383,0.9660479956029925,-1.6492527986530365,0.00804609,-0.8851727982162765,0.8325339273185394,-0.5673292282187227,-2.2165820268717593,0
rs73084186,23093101,1.6649257024e-4,5.744791989583979,0.9923014445481189,13.940919908290438,0.00128164,2.4413407821229054,0.9689537528063323,1.1514136720008321,15.09233358029127,0
rs73086123,23167221,0.00103492820209,4.0601424295079624,0.9539927720289142,6.3236909151568685,0.007586409999999999,-0.3455797933409874,0.8405761224685787,-0.8679012966445886,5.45578961851228,0
rs73086124,23167823,0.0010674987907600003,4.327724148062902,0.9526134738176173,7.396133701177187,0.00769129,-0.38540478905359177,0.8387275747835715,-0.8500391543520307,6.546094546825157,0
rs73086125,23168321,0.0036531386574400002,1.4744859466721374,0.8545326354055638,-0.034978293700902996,0.05387041,0.22188711762171476,0.4261193703106229,-0.2671771755172626,-0.3021554692181656,0
rs73086128,23188203,6.198696331240001e-5,8.333430710335595,0.9971198276663192,31.698072806701838,3.4969000000000005e-4,3.893048128342246,0.9913335145821442,5.1380920305346,36.83616483723644,0
rs73086142,23194401,3.6966983823999997e-4,7.357698628997026,0.9830656972179862,24.57028216159276,0.0024800399999999998,0.6224899598393575,0.941618699040773,-1.2379441343086985,23.332338027284063,0
rs73088126,23227652,0.00106927692004,4.009841038783112,0.9525382884623935,6.133932314495694,0.0077616099999999995,-0.22701475595913737,0.837492705961964,-0.8869358097341139,5.24699650476158,0
rs73088149,23367305,0.00307371556921,1.0529859616782495,0.8747145118289779,-0.5536473889086322,0.05588496,-0.10702199661590524,0.4171665712745774,-0.2675378717413846,-0.8211852606500167,0
rs73088151,23369589,0.0015083669412900003,2.837191697757591,0.9343284397175753,2.3989669465087955,0.01871424,-0.8910818713450291,0.6812657372385302,-0.3012271165302321,2.0977398299785635,0
rs73088156,23391419,3.308506344899999e-4,6.240317109509437,0.9848169766724316,17.081364843856793,0.00256036,2.810276679841897,0.9398416742715523,2.305884942102119,19.38724978595891,0
rs73088171,23436021,5.5353384529e-4,-32.94929719942365,0.97485481232733,527.3370343234121,0.00264196,0.867704280155642,0.9380431856321801,-1.0375274554339238,526.2995068679782,7.5878490785298215e-174
rs73270259,23116918,3.5462162596000004e-4,5.387384899688818,0.9837438385850955,12.216407657498333,0.0024304899999999996,-0.9290060851926979,0.9427183141179845,-1.023079554625355,11.193328102872979,0
rs73270262,23117015,3.5546577444000004e-4,5.451686132238594,0.9837057726196582,12.559829248995987,0.00246016,-0.7379032258064516,0.9420595683106233,-1.1676936491342211,11.392135599861765,0
rs73272014,23135705,0.00982582510009,2.514171457740859,0.6859334060987362,1.5888373462929732,0.9555062500000001,-1.6891048593350384,0.040180561397781284,0.036814033642073835,1.6256513799350472,0
rs73272048,23152653,6.24819107025e-5,-26.996350203363885,0.9970968971139513,360.42257963823914,3.1684e-4,-5.044943820224719,0.9921412491653612,10.202656934594312,370.62523657283344,1.869141244480361e-241
rs73272053,23155525,6.279754176009999e-5,-26.103004735951465,0.9970822747074858,336.7709319797285,3.1684e-4,-4.848314606741573,0.9921412491653612,9.237648951190906,346.00858093091944,3.8085916641897164e-252
rs73277825,23280964,0.003970512144,-8.201517171332444,0.8438680348454299,27.452815850893582,0.025249210000000005,-1.9924480805538072,0.6130342421004024,0.7421172595266017,28.194933110420184,0
rs73277831,23289600,0.00389860374544,-8.011797151771013,0.8462609605827649,26.224028047227026,0.024711840000000002,-1.8097964376590328,0.6181249057359519,0.5309609167574783,26.754988963984506,0
rs73277858,23306847,0.004061767823999999,-8.371759869453337,0.8408506959514405,28.54712743461615,0.02505889,-2.355653821857233,0.6148275815956897,1.2288392791170684,29.77596671373322,0
rs73277879,23325496,0.00407138429476,-8.401047527402778,0.8405339867778693,28.743473335359752,0.025568009999999995,-2.1851156973108194,0.6100535916828954,0.9855477972317039,29.729021132591456,0
rs73277883,23325745,0.00402042228624,-8.260549341710984,0.8422150947071714,27.811717762383918,0.025122250000000002,-1.946372239747634,0.614229391644177,0.6872063500728116,28.49892411245673,0
rs73280058,22906535,4.5467885824000004e-4,-2.702793201770841,0.9792522924115872,1.639103840794661,0.00357604,-0.20066889632107024,0.9179356361890617,-1.23164398871298,0.407459852081681,0
rs73280065,22907501,4.5519502609000004e-4,-2.7018931067292233,0.9792292280904545,1.6371932732146488,0.00357604,-0.17391304347826086,0.9179356361890617,-1.2362438831773899,0.40094939003725893,0
rs73280068,22909214,0.018209343364000003,-0.9186984037586519,0.5409716250859783,-0.16102977244625571,0.03370896,-0.1650326797385621,0.5426748661221105,-0.3837902560889171,-0.5448200285351728,0
rs73281618,23419656,0.018264441315999996,-1.099396208544833,0.5402212949268275,-0.06202980778908834,0.08105409000000001,-1.3754829645240605,0.3304308016358638,0.11201945648735787,0.04998964869826952,0
rs73281637,23426560,0.017636902416,-1.1334372458660882,0.5488923164467587,-0.045449113004252584,0.07650756,-1.1894432393347794,0.34332536017405224,0.0325808038546124,-0.012868309149640184,0
rs73281643,23431392,6.3322186321e-4,-36.004633621974335,0.9713386058011794,627.8133542536001,0.00284089,1.223264540337711,0.933687418725428,-0.6581140327218905,627.1552402208782,4.799623241813507e-130
rs73281645,23432286,8.973223474410001e-5,-15.045430505103608,0.9958360348876429,109.9705578508382,4.884100000000001e-4,1.171945701357466,0.9879370417361413,-1.530363523248191,108.44019432759,0
rs73281684,23467942,7.766811610000001e-4,-11.941870895977608,0.9650720365466996,67.13639808068443,0.006037290000000001,-1.2625482625482625,0.868860873435426,-0.3232539119941734,66.81314416869026,0
rs73287817,23614710,7.526135060890001e-5,1.1376869813597867,0.9965051999127207,-2.1833354337177404,4.5369e-4,0.6995305164319249,0.9887849538571142,-2.0033220284494417,-4.186657462167182,0
rs7341483,23127657,6.254310689639999e-5,-26.6682851947671,0.9970940620120867,351.6448702660524,3.2399999999999996e-4,-5.05,0.9919650828290845,10.236815468233608,361.881685734286,2.981029263343079e-245
rs7385830,23005958,7.15829368489e-5,1.1939479970262403,0.9966754411102945,-2.1428228284072794,5.0176e-4,-1.3169642857142856,0.9876114025662095,-1.3390352909743457,-3.4818581193816254,0
rs740830,23011422,6.360110350089999e-5,5.502311590050446,0.9970450496146789,12.180848506871188,4.1208999999999994e-4,2.8423645320197046,0.9898028040618538,1.7055050569671413,13.886353563838329,0
rs74330472,23754504,0.003906875025000001,19.11559075273978,0.8459850232627887,153.62856854822252,0.03489424,-0.8966809421841543,0.5340864664625745,-0.16716504298148085,153.46140350524104,0
rs74332715,23116811,3.5548085764000007e-4,5.433908625133922,0.983705092485808,12.464657327765565,0.0024700900000000003,-0.9496981891348089,0.9418393038488969,-0.9975377538320311,11.467119573933534,0
rs74364004,22922607,2.7651698943999996e-4,0.5237708072741268,0.9872786753100552,-2.046814820589743,0.00209764,0.1331877729257642,0.9501720286457864,-1.4911618467622703,-3.537976667352013,0
rs74452222,23385251,6.02113444e-4,4.950525715217214,0.9727082316535386,10.11883805266779,0.0038439999999999998,-0.18064516129032257,0.9123255177447314,-1.2021763833857362,8.916661669282053,0
rs74452225,23107503,9.399321890010001e-5,6.883871187342766,0.9956391689900495,20.87297010365879,6.6049e-4,0.29182879377431903,0.9837559753952793,-2.0181247582139625,18.85484534544483,0
rs74523742,23412969,0.00186548839569,3.714243377717272,0.9200235272597551,5.083128676925313,0.030450249999999995,-1.0716332378223496,0.5677765515381422,-0.09338962100721288,4.9897390559181,0
rs74524971,23743366,1.9999333561000003e-4,-4.1794879047369875,0.9907666844193271,6.310946706019402,0.00136161,-1.0596205962059622,0.9670803433425343,-1.1639257887097623,5.14702091730964,0
rs74550556,23290778,0.004100161056250001,-8.298051770585248,0.839587675509126,27.991018812951488,0.02553604,-1.8510638297872342,0.6103511899711976,0.5744103259793218,28.56542913893081,0
rs74552767,23276671,0.004121614320040001,-8.569294608394419,0.8388835795008993,29.88797525533686,0.025760250000000002,-2.021183800623053,0.6082701936200061,0.7738563447717082,30.661831600108567,0
rs7456876,22969067,8.032013262250001e-5,0.8118252874589245,0.9962711686594852,-2.467528817644282,6.502499999999999e-4,2.5529411764705885,0.9840037884145855,1.1389249212228858,-1.328603896421396,0
rs7456915,23143049,6.24218505625e-5,-26.706831629908553,0.9970996796003019,352.67162701732576,3.1684e-4,-5.01123595505618,0.9921412491653612,10.034502708233436,362.7061297255592,6.798572220352949e-245
rs74583958,23328657,0.00419892336081,-8.598452756288282,0.8363560632952053,30.012288255933882,0.02742336,-1.9679951690821258,0.5932661914208962,0.699063288316144,30.711351544250025,0
rs7458966,23708277,6.794952192249999e-5,-3.1204211982069965,0.9968436568244053,1.9739769532558427,3.8025e-4,0.2512820512820513,0.9905832678103776,-2.3013595401010036,-0.32738258684516097,0
rs74606744,23296796,0.004103209569689999,-8.281418065045905,0.8394875512788947,27.872127532268863,0.025504090000000004,-1.8678772698810269,0.6106488923058087,0.5936295815207119,28.465757113789575,0
rs746512820,23549869,0.019095923344000003,-0.3790329116855299,0.5291456117038741,-0.3385930905572304,0.9976014400000001,-0.8466159391269523,0.038550447655508274,-0.005840910044552653,-0.3444340006017831,0
rs74659913,23724401,7.7068422544e-4,-5.366410673890178,0.9653323740563882,12.219021814536163,0.004830250000000001,-1.8561151079136688,0.8922546717896955,0.42298906768941147,12.642010882225573,0
rs746656543,23338929,0.00347730757969,2.111594795204914,0.8605578863774312,0.9334889100315379,0.02050624,-0.4273743016759777,0.6610888397626428,-0.48063509550504024,0.45285381452649764,0
rs74688493,23141166,6.46939225e-4,-6.729978376253195,0.9707358892879289,20.217883809055948,0.007225000000000001,-1.184705882352941,0.8470089994706194,-0.34428765446673104,19.873596154589215,0
rs74696841,23299462,0.0041954378928400005,-8.581675471884543,0.8364696881325245,29.8955910035152,0.02611456,-2.163985148514852,0.6050104545806553,0.9521330838642681,30.84772408737947,0
rs747090511,23435071,0.0053669103846399994,3.637563609758229,0.7999428544590442,4.487793422087712,0.07562500000000001,-0.8799999999999999,0.34594594594594597,-0.0783323694705216,4.409461052617191,0
rs74736201,23751004,4.2298092225000005e-4,3.522368900882503,0.9806707604957394,4.110563436022776,0.0030580900000000003,0.039783001808318265,0.9289775742491132,-1.3216446576100127,2.7889187784127634,0
rs74758879,23296431,0.0010180694118399997,-7.556852371878448,0.954708277469705,25.712478434954704,0.01181569,-1.076356945722171,0.7719669466912435,-0.2919534018047676,25.420525033149936,0
rs74786255,22980278,3.2031334729000006e-4,0.9060919803545786,0.9852934303590012,-1.705266213430055,0.00239121,0.12678936605316973,0.9435918436864624,-1.4299863819316492,-3.1352525953617043,0
rs74798591,23436325,7.16927984656e-5,6.628574398027202,0.9966703557462889,19.043405417187756,4.5795999999999993e-4,-0.9672897196261683,0.9886805958580215,-1.7780892186227124,17.265316198565046,0
rs74815533,23208302,0.0012514401504900002,3.887442509971534,0.9448981902888184,5.690463234837476,0.01071225,1.3111111111111111,0.7887640560219671,-0.09944220110552138,5.591021033731955,0
rs74835020,23432803,0.0016538130224099997,-3.793926786026051,0.9284490744683688,5.363319575686618,0.018496000000000002,-2.898529411764706,0.6838074398249454,2.296792844593177,7.660112420279795,0
rs74874168,23753920,3.6571590169000003e-4,0.32849396298833383,0.983243789135795,-1.9914430709064193,0.0016728099999999998,0.31295843520782396,0.9598584784659351,-1.5606663144053385,-3.552109385311758,0
rs74891341,23619379,0.009447276248409998,1.2589881796884888,0.6943346479221256,-0.04235420191488559,0.11621280999999999,0.029920797887943683,0.2560609466022666,-0.14778346267824544,-0.19013766459313103,0
rs74904363,23787549,1.9666416169e-4,-4.015716251773783,0.9909189903415784,5.63898348252412,0.0013322499999999999,-1.452054794520548,0.9677673003526303,-0.6971360785492138,4.941847403974906,0
rs74909650,23792773,0.00248052806401,0.012742260299689388,0.896387811187214,-1.1334773806300864,0.02458624,1.2908163265306123,0.6193269650005947,0.03305617272034678,-1.1004212079097395,0
rs74918007,23059914,1.8392513161e-4,6.371798936727155,0.9915022191477769,17.743431538467224,0.0016974400000000001,-0.5388349514563107,0.9592915056655756,-1.4613974140172623,16.28203412444996,0
rs74933133,22858265,7.946309966400001e-4,-0.04200970584479162,0.964293641126641,-1.665362343051181,0.00514089,0.1199442119944212,0.8861145626504041,-1.0799070416195693,-2.7452693846707503,0
rs74937181,23220546,5.432069262399999e-4,-7.84736643383047,0.9753123482485776,28.17970681307353,0.00330625,-1.3965217391304348,0.9236542069562709,-0.38555225914425273,27.79415455392928,0
rs749735312,23338260,0.004971279353289999,-1.2411140406738028,0.8119166411015748,-0.21011140038504672,0.13557124,-0.46577946768060835,0.22782774673118447,-0.10456014071620737,-0.31467154110125406,0
rs74986339,22970273,8.3067309796e-4,-10.103534179463871,0.9627344595877201,47.49379902051013,0.007140250000000001,0.07337278106508875,0.8485317748633069,-0.9414056425679699,46.55239337794216,0
rs75004228,23788380,7.205842296900001e-4,-0.019922216385967657,0.9675128035209885,-1.7132626105247062,0.004369210000000001,1.1845688350983357,0.9015260808114457,-0.5264695757147563,-2.2397321862394626,0
rs75030519,23286655,0.0040446801648399994,-8.374597863448107,0.8414140507288855,28.585090693000243,0.02521744,-1.7594458438287153,0.6133328753781196,0.47423630929935856,29.0593270022996,0
rs750425685,23343959,0.004094502536889999,-8.27756011645879,0.8397735851156811,27.854220189066943,0.02893401,-1.4944150499706055,0.580265097010895,0.2138801813270989,28.068100370394042,0
rs75064321,22960291,1.5859624225e-4,-0.9313217135824036,0.9926638892764327,-2.026974683376797,0.00126736,-0.5617977528089888,0.9692890458706348,-1.5886060256986485,-3.6155807090754455,0
rs750855928,23489315,0.019747275625000005,-1.4319017968333037,0.5207815450744882,0.1660909736550491,0.13756681,-0.16257751415475868,0.22526732332466864,-0.12464155044353707,0.04144942321151203,0
rs75101369,22897852,1.7883445441e-4,-0.6160518660873857,0.9917354767784992,-2.2096999425764037,0.00108241,1.4924012158054711,0.9736527141421353,-0.733905458176731,-2.9436054007531345,0
rs75115455,23359938,0.004227665420249999,-8.546412285356157,0.8354202593823474,29.607853608760223,0.02954961,-1.8039557882489818,0.575129033793288,0.5078238117011844,30.115677420461406,0
rs75128856,23304729,0.004190231823999999,-8.580408453315208,0.836639461365896,29.89222690559009,0.025985440000000002,-2.172456575682382,0.606194336205078,0.9645387008803563,30.856765606470447,0
rs75143479,23258955,4.196680016399999e-4,1.808794384402855,0.980819249398086,-0.37243266223046145,0.0021715600000000003,-2.2896995708154506,0.9485065290446926,1.00322890261991,0.6307962403894485,0
rs75167223,23338699,0.004250414103039999,-8.552055979581318,0.8346810753349896,29.623371567963613,0.028798089999999995,-1.5839717147908072,0.5814114897666491,0.2939374855251975,29.91730905348881,0
rs75187854,23046306,3.0836764816e-4,0.6797851985148402,0.9858341246292124,-1.9006787982436675,0.0023619599999999998,0.2757201646090535,0.9442433730639471,-1.4074880531138816,-3.308166851357549,0
rs75239735,23182564,3.8625220088999996e-4,-5.800857871197204,0.9823195019715507,14.50985553897906,0.0019272100000000002,0.48974943052391795,0.9540343848302809,-1.4255161067396782,13.084339432239382,0
rs75285040,23275058,0.00417880794969,-8.494671561188484,0.8370122428494601,29.292129327596008,0.02650384,-2.031941031941032,0.6014690279538746,0.7816829259034488,30.073812253499458,0
rs752937285,23766501,0.00200720128324,-0.10365275502323566,0.9144677168134145,-1.224518224651822,0.03171961,0.9067939359910163,0.5577275169231958,-0.17861179007800174,-1.4031300147298238,0
rs75294734,23389582,0.00303387249636,1.0941765340246838,0.8761373716755858,-0.5198254875981188,0.06012304,-0.15946166394779773,0.3995084448095064,-0.24992399544654398,-0.7697494830446627,0
rs753080237,23100549,0.007753876747209999,-0.9558315664672862,0.7345821956315075,-0.32766275418605856,0.13242321,-0.8623248145094807,0.23198732931604743,-0.04572116088487779,-0.3733839150709364,0
rs753115482,23314639,0.012873852368999999,-1.2718595489278444,0.625038836392395,0.015073347911104873,0.14295961,-0.7971436128008463,0.2186274883292548,-0.05388953730031461,-0.038816189389209735,0
rs75323563,23722654,2.4882854049000007e-4,1.1477339723474258,0.9885378977930006,-1.5832574123469105,0.00157609,1.3450881612090682,0.9620914328403657,-0.7659512603705099,-2.3492086727174204,0
rs75323778,23252222,0.0037944737604900004,28.866074776823762,0.8497502917972838,353.0796029961339,0.01677025,-1.3096525096525096,0.7045943958323242,-0.005446444995874211,353.074156551138,4.459692511723945e-249
rs75329491,23372849,0.0042506096908899995,-8.566599229715614,0.8346747256750994,29.727059251289685,0.03122289,-1.5806451612903225,0.5616171991897548,0.28925180419679436,30.01631105548648,0
rs753824146,22962393,0.007592961333759999,-0.6466508143442097,0.7386508236991512,-0.5165128547057389,0.11451455999999999,-0.8280141843971632,0.2588752801030531,-0.06104976199819692,-0.5775626167039358,0
rs75393023,22981942,1.6705304001e-4,-1.1931620360699116,0.9922757288128566,-1.7253743544126667,0.00130321,-0.5346260387811634,0.9684477308180164,-1.58965159763026,-3.3150259520429266,0
rs753964158,23296533,6.04479815289e-5,-23.340703269396244,0.9971911343109667,268.6916085185895,3.0275999999999995e-4,-5.56896551724138,0.99248785939226,12.944582632243382,281.6361911508329,4.2091145403068994e-280
rs75405258,23300657,0.004092698265639999,-8.538363902948378,0.8398328814264863,29.697675881893538,0.025312809999999998,-2.1231929604022626,0.6124372845082,0.9064790237741022,30.60415490566764,0
rs75412911,23503317,0.00286384452201,-1.0824798327194858,0.8822617327831191,-0.5527449505027178,0.03076516,-1.1242873432155074,0.5652499054619534,-0.059247787634928495,-0.6119927381376462,0
rs75420885,23185436,0.00386216260369,28.724799384677766,0.8474788164548093,348.6931344306774,0.01710864,-1.0756880733944953,0.7004194111433927,-0.19745656755288926,348.4956778631245,4.5803312373216735e-251
rs75425234,23438001,1.2632186449000002e-4,11.807229987632681,0.994148053398843,66.72693760260994,8.3521e-4,1.0657439446366783,0.9795468175625887,-1.3885187824925904,65.33841882011734,0
rs75429103,23021797,3.1166371599999996e-4,0.9627110003398663,0.9856848765182133,-1.6664468396036083,0.00231361,0.14345114345114346,0.9453223206434053,-1.443423323902193,-3.1098701635058013,0
rs75435335,23752497,4.7318865840999995e-4,3.2053703184403,0.9784258834442323,3.108238404478177,0.0034222500000000004,0.13504273504273503,0.9211867187904819,-1.2619372471711492,1.8463011573070276,0
rs75441237,23744254,2.5807779904e-4,-3.9015860763906183,0.9881169004725766,5.304423415578086,0.0012040900000000001,0.8040345821325648,0.9707774155429716,-1.4526166951426298,3.851806720435456,0
rs75441534,23352453,0.00424630779769,-8.575126949513303,0.8348144067548476,29.79277850809108,0.02961841,-1.5624636839047064,0.5745606657779171,0.274018939581348,30.06679744767243,0
rs754499857,23775744,0.013707023929,-0.5633958847596027,0.6102305053379958,-0.37425174253852955,4.37186281,-1.3622841838442774,0.009066465056287644,0.0038589476316101884,-0.37039279490691934,0
rs75523457,23307408,0.0010645211290000003,-4.0511539522481375,0.9527394060704995,6.29206810226663,0.01014049,0.2631578947368421,0.7977584582839139,-0.7715230571115186,5.520545045155112,0
rs75569325,22857305,2.8244499721000004e-4,-2.6631520697841853,0.987009496658611,1.3283543368567696,0.00210681,0.028322440087145965,0.9499651006571146,-1.497136252794416,-0.16878191593764647,0
rs75574164,23289136,0.004044921840089999,-8.372948300070599,0.8414060777917063,28.573213842859207,0.025249210000000005,-1.8067967275015733,0.6130342421004024,0.5259200245893032,29.09913386744851,0
rs756115871,23134857,0.009656305022250001,-0.49658937684765403,0.6896703399241407,-0.5000233625471503,0.64400625,-1.4953271028037383,0.05847899781617493,0.035250299507812125,-0.4647730630393382,0
rs75614627,23221481,0.004141360091560001,-8.108087529174837,0.8382365662667243,26.642479849570076,0.029138489999999996,-2.2905682483889866,0.578548938514567,1.0857113899553807,27.728191239525458,0
rs75628242,23027254,0.00145567430089,-1.8820442792628684,0.936476850567061,0.2803675163539361,0.030520089999999996,-0.13508872352604465,0.5672142505773887,-0.4135807032329033,-0.13321318687896722,0
rs75629737,23289200,0.00410044280409,-8.296080094073993,0.8395784208872592,27.976994260115344,0.025568009999999995,-1.881801125703565,0.6100535916828954,0.60928042723376,28.586274687349103,0
rs75630094,23290784,0.004100468418010001,-8.29639774560435,0.8395775795523489,27.979180479657053,0.025568009999999995,-1.8742964352720453,0.6100535916828954,0.600682225328377,28.57986270498543,0
rs756518730,23176809,0.014223424644000001,-0.31422414515939695,0.6013994113150101,-0.43020756643419955,0.60109009,-1.6225977041145363,0.06239372690973901,0.04992324448450248,-0.3802843219496971,0
rs75693095,23440057,6.933373596899999e-4,-37.14886845693149,0.9687027697681073,666.6914107778231,0.0030691599999999996,1.4259927797833936,0.9287388005709886,-0.37642717529088865,666.3149836025322,4.876043946028219e-113
rs75709480,23066293,8.692826689599999e-4,0.00748758631917405,0.9610697933113455,-1.622965463383802,0.00606841,0.38382541720154045,0.8682739430338491,-0.9495575138441344,-2.5725229772279365,0
rs75716417,22935033,0.0019564344385600003,-0.4828403223035115,0.9164502854041362,-1.13432850357003,0.029172640000000003,-0.5497658079625293,0.5782633133562635,-0.3442992040584733,-1.4786277076285033,0
rs75733834,23415381,1.5770085241000002e-4,-8.296132315116381,0.992705004755793,31.701580337108762,7.6176e-4,-1.3731884057971016,0.9813118962478559,-1.0647304391263614,30.6368498979824,0
rs757459169,23746072,5.8410404728899996e-5,9.009508457122969,0.9972855583745939,37.520869514791784,3.0625000000000004e-4,0.14285714285714285,0.9924019227787254,-2.429803480217441,35.09106603457434,0
rs75747599,22918488,4.758636844899999e-4,-2.737039464938137,0.978306566620669,1.7490627485130172,0.0037332100000000003,-0.04582651391162029,0.914636725728571,-1.22945925688197,0.5196034916310472,0
rs75752485,23190922,0.00108064727824,-1.3365020746383072,0.9520577914843221,-0.6685786860234287,0.0039312900000000005,0.14194577352472088,0.91051275753568806,-1.1976568232131077,-1.8662355092365366,0
rs757569886,23173610,0.020618949649,0.4218993962101217,0.509993443092276,-0.3112790661899403,4535.106586239999,-0.02077418358497963,8.820001567614867e-6,-4.408117022547723e-6,-0.31128347430696285,0
rs75801644,23306141,6.5421362176e-4,-43.71246715876392,0.9704165686157424,925.3659108090006,0.0029159999999999998,1.3907407407407408,0.9320533134495292,-0.4431459224408473,924.9227648865598,1
rs75852153,23451262,4.0683293400999997e-4,-3.170509814031661,0.9813949566827265,2.940394765853518,0.00515524,-1.415041782729805,0.8858329620216835,-0.19817550411422924,2.7422192617392884,0
rs75864611,23185698,9.5673294721e-4,2.5363986408501478,0.9573205444936783,1.502354971483205,0.00954529,0.6888433981576254,0.8073421308059757,-0.6318756502243572,0.8704793212588477,0
rs75870848,23257271,0.004140253287039999,-8.491719610597906,0.8382728067236809,29.312711288475825,0.02611456,-2.0519801980198022,0.6050104545806553,0.8092873960377263,30.12199868451355,0
rs758709,23101815,2.0882562064e-4,6.861979959587012,0.9903628441993949,20.995428590889773,0.0017724099999999999,0.8931116389548694,0.9575698409548311,-1.1980459100919292,19.797382680797845,0
rs758804064,23548404,0.0214476025,1.2960464322294298,0.5001441919366743,0.07333738783072724,1.073296,-1.3793436293436294,0.035929348529052475,0.015884040335470497,0.08922142816619774,0
rs759043367,23741918,0.00976181544361,0.26761934740121396,0.6873396790627433,-0.5567052837150878,0.23357889,0.07759155803848541,0.14621011145998877,-0.07859494848558601,-0.6353002322006738,0
rs75923419,23573746,1.7085888368999997e-4,-4.778407656468753,0.9921011425673484,8.90589327060979,0.00113569,-0.22551928783382788,0.9723916141919583,-1.7700904515441191,7.13580281906567,0
rs75928819,23070400,4.6077198336000005e-4,0.3234747689326178,0.978980097929449,-1.8799245415993442,0.0034222500000000004,-0.3435897435897436,0.9211867187904819,-1.2159620286542627,-3.095886570253607,0
rs75940335,23536956,3.8049183844000005e-4,8.883636997467471,0.9825785859949908,36.747035240805815,0.002209,-0.13191489361702127,0.9476651898884124,-1.4668013555484074,35.28023388525741,0
rs75951443,23262266,0.00418624528144,-8.45330534827793,0.8367695116659967,28.990797214206314,0.026569000000000002,-2.0742331288343556,0.6008802896242995,0.8333796792808239,29.824176893487138,0
rs75958599,23462302,0.0036868576802500004,0.4853185549946887,0.8533868050642123,-0.85947789713288,0.028968039999999997,-0.5487661574618097,0.5799787843760675,-0.3463963765602792,-1.2058742736931594,0
rs76018592,23667236,0.00935133482529,-2.463560846019174,0.6964966933429128,1.5173838126402783,0.17698849000000003,-0.2177323508438317,0.1843415749840003,-0.09751022898960272,1.4198735836506755,0
rs76022934,22908302,8.14303296e-4,-0.062327936641435384,0.963441991893649,-1.6525561322885511,0.00480249,-0.17604617604617606,0.892807520296305,-1.1027295327532574,-2.7552856650418085,0
rs76023965,23112815,5.5816897536e-4,4.287044561831234,0.974649591642892,7.11894089498281,0.0040832099999999994,1.4507042253521127,0.9073749393476565,-0.23479309545458626,6.884147799528224,0
rs76036890,23277372,2.1083039999999999e-4,-7.413842975206611,0.9902712251373305,24.898828794164135,0.00156025,-2.7746835443037976,0.9624581180334575,2.0637703157860114,26.962599109950148,0
rs760484857,23239767,0.00035028491281000003,1.6062866332904107,0.9839394444418468,-0.7963354904584561,0.0019272100000000002,-2.2733485193621865,0.9540343848302809,0.9253481581554788,0.1290126676970227,0
rs76069321,23683111,0.00395488796641,-0.4375961035429709,0.844386815660973,-0.8493450059218226,0.08421604,0.2966919365954514,0.32201960390944684,-0.18014538711858297,-1.0294903930404056,0
rs76069925,23591824,1.5280420996e-4,-3.1909654246282786,0.9929299143389111,2.5791941026637586,9.3025e-4,-2.0590163934426227,0.9772723108214585,0.1795110287386994,2.7587051314024578,0
rs76073861,23686551,0.0149010849,2.071671991480298,0.5901911444224274,0.8204662901239386,0.14837904,-0.03686396677050883,0.21233784820222043,-0.11919873274011286,0.7012675573838257,0
rs760740242,23107815,0.0169546441,2.581852392289379,0.5586408534116057,1.4529911157493447,1.11070521,0.10266628712401556,0.0347612921644806,-0.017506722920241878,1.4354843928291028,0
rs76076073,23176466,4.1028528024999994e-4,6.175804102589421,0.9812400378598357,16.724505283796063,0.00308025,0.7783783783783784,0.9284997185485229,-1.0377505379236365,15.686754745872426,0
rs76080920,23292201,0.00422129581225,-8.43171236619133,0.8356274648328064,28.8011448910884,0.02735716,-1.8391777509068927,0.5938492656163058,0.5538543196031349,29.354999210691535,0
rs76082360,23322037,0.00414009886096,-8.467477728942738,0.8382778633956799,29.140560377249138,0.025376489999999998,-1.800376647834275,0.6118407396909807,0.5184270695482515,29.65898744679739,0
rs76105265,22997309,4.7994293776e-4,2.5457055998831457,0.978124671682592,1.2582277693094075,0.0060528399999999994,-1.0616966580976865,0.8685674976830963,-0.5251063726025882,0.7331213967068193,0
rs76109075,23360156,0.004247506894410001,-8.574008521947004,0.8347754677732567,29.783459188104167,0.03059001,-1.5934819897084047,0.5666524200804052,0.3013100465723286,30.084769234676497,0
rs76122174,23317427,0.004197225795999999,-8.617062328280802,0.8364113993608213,30.148146712451403,0.025664040000000003,-2.1448189762796503,0.6091614222944552,0.9314166171247954,31.0795633295762,0
rs76125571,23375377,0.004240041363359999,-8.50871373372894,0.8350179595194894,29.325943215800784,0.03136441,-1.5759457933370977,0.5605034778540171,0.28497192273719246,29.610915138537976,0
rs76126144,23268617,4.7341491560999995e-4,-8.625017809459466,0.9784157903447167,34.474734735019666,0.0027772899999999995,-1.7096774193548387,0.9350755973555127,-6.543350885177546e-4,34.47408039993115,0
rs76147946,23034520,4.1974175376000006e-4,0.6152355571174759,0.9808159432540751,-1.7912111906012769,0.0030580900000000003,-0.4141048824593128,0.9289775742491132,-1.2427279353662901,-3.033939125967567,0
rs76171748,23003338,2.6428679761000004e-4,1.258714761116818,0.9878344873762487,-1.4220309504000497,0.0024108099999999998,-2.240325865580448,0.9431557661831972,0.9331574363820141,-0.4888735140180356,0
rs761780635,23132999,0.021576378320999998,1.1490717480546535,0.49864763212296026,-0.01602438766884462,1.6424985600000002,-0.4754993757802747,0.023774165964219312,-0.00934300062414484,-0.02536738829298946,0
rs76192809,23372984,0.0030551266382400004,4.250016282755476,0.8753777767430243,6.864581958098752,0.026049959999999997,1.3748451053283768,0.6056021835592331,0.10715674381424739,6.971738701912999,0
rs76231585,23047819,8.6163970369e-4,-0.02498938804988809,0.961398865500089,-1.6269366237352483,0.005882890000000001,0.3533246414602346,0.8717846674435721,-0.9726060125501326,-2.599542636285381,0
rs76237276,23736376,0.00256615191184,-0.07768155365870992,0.8931932817693566,-1.1156722714372798,0.023195289999999997,1.170715692711753,0.6329585638423371,-0.06738160050964731,-1.183053871946927,0
rs762382082,23540391,0.015598011664000001,-0.8088988886397848,0.5790917829507154,-0.24321532203584995,0.40729924,0.3744907552491382,0.08942559347965806,-0.04056916000476965,-0.28378448204061957,0
rs76259529,23305438,0.004187966510249999,-8.578633845583294,0.8367133562153063,29.88198167978911,0.025792359999999997,-2.0653798256537983,0.6079733269941981,0.8285317327282873,30.710513412517397,0
rs76291734,23358440,0.00250594352836,3.3263682744899064,0.8954372066382947,3.8248998776386642,0.028866009999999998,1.0800470865214833,0.5808380651064292,-0.09597467930265363,3.7289251983360105,0
rs76349338,23748757,1.2794550769e-4,-4.754811560121294,0.9940732828054969,8.672977778537467,7.0756e-4,-0.4736842105263158,0.9826184620252355,-1.9159349766828404,6.7570428018546265,0
rs76363413,23595115,1.5684306169000002e-4,-3.8189832078379387,0.9927443969126322,4.7764155832168065,9.548100000000001e-4,-2.197411003236246,0.9766862549234143,0.478664920168169,5.255080503384976,0
rs76365198,23563268,1.7726525881e-4,-0.803944690215636,0.9918074003154447,-2.0817460218327453,0.00104329,-0.956656346749226,0.9745807414561551,-1.3901601510172532,-3.4719061728499985,0
rs76375148,23305977,0.00418655585296,-8.577281635024944,0.8367593786477378,29.873828454537733,0.025824490000000002,-2.0609831985065337,0.6076765653634384,0.8227648659711648,30.6965933205089,0
rs76382000,22908268,8.1419486281e-4,-0.06526401743878377,0.9634466820384604,-1.6524398105709135,0.00480249,-0.19913419913419914,0.892807520296305,-1.0988627060816427,-2.751302516652556,0
rs764009,23095077,9.00756642724e-5,-6.858564381159899,0.9958201648795595,20.68290142194563,7.344099999999999e-4,-1.738007380073801,0.9819707711490114,-0.5247758521395367,20.158125569806092,0
rs76431293,23750519,4.0511223076e-4,1.632048848832934,0.9814721889100265,-0.6871246497393293,0.0033640000000000002,-0.2775862068965517,0.922424130615257,-1.2427111492007745,-1.9298357989401038,0
rs76432102,23348884,0.004099559172839999,-8.339127691409045,0.8396074463650011,28.278526474240053,0.029070250000000006,-1.270967741935484,0.57912053308045075,0.03503938882658436,28.313565863066636,0
rs76433888,23120883,3.5470825568999995e-4,5.434354375401541,0.9837399319751833,12.46648439181822,0.00246016,-0.9758064516129032,0.9420595683106233,-0.9756561907950165,11.490828201023204,0
rs76434762,23469008,0.010221816609,-1.4949111302335243,0.6773599075971877,0.19125925116189058,0.03916441,-1.5816068721576555,0.50527756096458,0.28009173045030317,0.47135098161219374,0
rs764534,23153935,6.279880968490001e-5,-26.085453217019978,0.9970822159685298,336.3142650059312,3.1684e-4,-4.814606741573034,0.9921412491653612,9.076070588430733,345.39033559436194,2.0524088298872436e-252
rs76479116,23105894,9.097153641e-5,6.650625399721113,0.9957787686707097,19.288240641287693,6.4516e-4,0.12992125984251968,0.9841270153691116,-2.0632625447341844,17.22497809655351,0
rs76484170,23726496,2.2815498303999999e-4,-3.164133255653832,0.989480191746506,2.6759611917736845,0.0010304099999999998,1.3146417445482868,0.9748866755170128,-0.9997383654871845,1.6762228262865,0
rs76485137,23288954,0.00414258289641,-8.335189992992857,0.8381965312167646,28.206329963626903,0.025792359999999997,-1.8661270236612704,0.6079733269941981,0.5903995983045205,28.796729561931425,0
rs76487461,23656636,0.0016258878772899999,2.147689987922316,0.9295721459237642,0.8172761384478724,0.025281,-0.6169811320754718,0.6127357117691212,-0.3577002122244889,0.4595759262233835,0
rs764929653,23579306,0.019460529000999996,0.13769435344549502,0.5244308731704362,-0.3666499800290932,0.85285225,0.9866811044937737,0.04480024550534538,-0.0011099900932278715,-0.3677599701223211,0
rs76493369,22971910,5.7530421025e-4,2.598182235100373,0.9738916775496399,1.4644021094128932,0.00495616,0.7869318181818181,0.8897557086726269,-0.8270324623215664,0.6373696470913268,0
rs76497142,23231803,1.4933817615999997e-4,-10.336895682629047,0.9930891756907398,50.56915732974444,8.4681e-4,2.3917525773195876,0.9792686381139677,0.8628896918279936,51.43204702157244,0
rs76500485,23346294,0.0042456692174400006,-8.57276377097184,0.834835145233914,29.77656297768804,0.029241000000000003,-1.5228070175438597,0.5776924076775322,0.2388066968584665,30.01536967454651,0
rs76512493,23757440,0.0025822861824399998,-0.13225113251286008,0.8925938780283628,-1.1077631534213133,0.024680409999999996,1.1712285168682368,0.6184252697223163,-0.05755373580729822,-1.1653168892286114,0
rs766149280,23257837,0.019413406224000004,2.0731777337582176,0.5250354876537444,0.7560609727278554,1.7939923599999998,-0.7227116619381813,0.021810341674487678,-0.005329948354247509,0.750731024373608,0
rs76616547,23745294,0.0049925812272400005,-1.2983942415742262,0.8112628160075861,-0.14987527057030225,0.10310521,-0.9099968857053878,0.279514631228311,-0.04818284448382361,-0.19805811505412585,0
rs766341493,23423606,0.015813314001,0.37927730196976567,0.5757467652981276,-0.3873014229809002,1.7027640099999999,-0.5234883899149361,0.022952046157987856,-0.008464882251735533,-0.39576630523263573,0
rs76644603,23031662,0.0047547506520899995,2.3138379254786114,0.8186229194366872,1.3378019506195928,0.08242641000000002,-1.1365377917102053,0.3267268884221958,0.013217416505536816,1.3510193671251296,0
rs76644808,23567234,0.0010785050083599998,-6.977856677405407,0.9521482840378329,21.660456154303535,0.00749956,-2.825635103926097,0.8421130637841697,2.438867299634092,24.09932345393763,0
rs76692254,22983164,0.00284827150864,-1.3773075106990549,0.882826951380454,-0.23470093423051364,0.07360368999999999,1.1975672687062293,0.35210123896503726,0.03547563880810725,-0.19922529542240638,0
rs767090,23701711,5.8150385409600004e-5,2.6027454744782075,0.9972976093079851,0.421179393309965,3.459599999999999e-4,-0.7903225806451614,0.9914251637586514,-2.0698347642223,-1.6486553709123348,0
rs76713129,23066541,5.377250832099999e-4,3.706376757845349,0.9755553967877002,4.845040876028082,0.0030140099999999997,0.7996357012750456,0.929929574108529,-1.0318207215708441,3.813220154457238,0
rs767232830,23567271,0.022389136900000006,-0.6608193544075386,0.48940502467134933,-0.2292320713506392,1.0780668900000001,-1.5645767119329674,0.0357760348309751,0.025572241803444955,-0.20365982954719425,0
rs76730967,22881001,8.900436889599999e-4,-0.26268301512388714,0.9601770518658268,-1.5785287288965368,0.00804609,-0.4682274247491639,0.8325339273185394,-0.8022261621481221,-2.380754891044659,0
rs767463197,23469798,0.007907993543610001,-0.3697362665290255,0.7307272660916468,-0.6060682647561728,0.24870168999999998,-1.1668337677962703,0.13855131918347968,0.019748985517884288,-0.5863192792382885,0
rs767842631,23653394,0.012617804241,0.1398579173677323,0.6297351523258938,-0.49060947801331856,0.6448090000000001,-0.021793275217932753,0.05841044729260276,-0.030079038247753907,-0.5206885162610725,0
rs76804110,23795287,7.42158128196e-5,1.1267286990154222,0.9965535826816532,-2.202638886042224,3.6863999999999994e-4,-0.734375,0.9908681590462298,-2.0808030943360363,-4.28344198037826,0
rs768170545,22945896,0.021778970929000004,-1.5177907126449242,0.4963112587694621,0.22877491689307788,1.0249537599999998,0.1886606084551561,0.037560316233824095,-0.018473501615625467,0.2103014152774524,0
rs76817090,23052154,0.00672224531449,-12.505412291603903,0.7614721297129995,58.82490309240403,0.10400625000000001,-0.06387596899224807,0.2777657219738727,-0.16213619252605502,58.66276689987797,0
rs76819906,23738217,7.802636622399999e-4,-5.251242249366346,0.9649165808607391,11.629037051659225,0.004788639999999999,-1.8598265895953758,0.8930836033422762,0.426713927523634,12.055750979182859,0
rs768279412,23578723,6.464835377639999e-5,2.5572047231363535,0.9969965397931566,0.3558326140178729,3.8416e-4,-0.6326530612244898,0.9904873594003193,-2.1293456564590203,-1.7735130424411474,0
rs768392520,23069439,0.013589963776,-4.000223030469393,0.6122685594988767,4.424973538059994,0.35081929000000006,-1.1688333614722268,0.10234909336230565,0.015926187633194,4.440899725693188,0
rs768425273,23662420,0.015391379844000002,0.13740146056004254,0.5823388490401132,-0.43104537487183614,1.4859610000000003,-0.5205906480721904,0.02621298971598881,-0.009729285501848602,-0.44077466037368473,0
rs76857500,23260463,0.0018414311616100003,-23.372770723272563,0.9209733935431447,250.28863967644034,0.01413721,1.6593776282590411,0.7388633437149791,0.3458870002515092,250.63452667669185,1.4465682647713623e-293
rs76866491,22871486,2.8024768836000004e-4,-1.8415170304529107,0.987109254816477,-0.5018877903187766,0.00221841,0.28662420382165604,0.9474539661725774,-1.4341145308442789,-1.9360023211630555,0
rs76883725,23194400,2.1632526400000002e-4,-7.134620614631493,0.9900201949661699,22.893809728795958,0.0014592399999999999,-2.7460732984293195,0.9648030209912193,1.964352992197858,24.858162720993818,0
rs76887094,23319706,0.00413626487044,-8.448249053857802,0.8384034267295002,29.008320861030118,0.025090560000000005,-1.7626262626262625,0.6145284354597655,0.47798032148999003,29.48630118252011,0
rs76919902,23285461,0.004174852691610001,-8.469938758548961,0.8371413874375018,29.120767613615488,0.02601769,-2.1816491010539365,0.6058982069805836,0.9763413492102831,30.09710896282577,0
rs769680357,23174368,0.014618260836,-1.436719434932923,0.5948177634316738,0.16219115748831636,0.78127921,1.0541916506392126,0.04870450817816271,0.0020978740243391657,0.16428903151265553,0
rs76983703,23376713,7.183969418890001e-5,-13.352438640227565,0.9966635561984722,85.99496062748588,3.61e-4,-3.8315789473684214,0.9910557221079755,4.9164725090629116,90.9114331365488,0
rs77013197,22867471,4.2112375369e-4,-2.243917295687895,0.9807539953831609,0.4939031160812042,0.00332929,0.31022530329289427,0.9231630612917959,-1.2386124049021525,-0.7447092888209483,0
rs770395889,22882993,7.03543500625e-5,3.6962117373550716,0.996732314471606,3.946832407462368,5.6169e-4,1.40084388185654,0.9861522042104263,-1.1722200182929299,2.7746123891694383,0
rs77086708,22949337,8.318840377600001e-4,-0.6091414029345685,0.9626821618676792,-1.4655387444231593,0.0058369599999999995,-0.1662303664921466,0.8726582216621696,-1.0183834402941085,-2.483922184717268,0
rs77088273,23340812,0.0042488756355600005,-8.576416695048126,0.8347310242666302,29.799197756150036,0.02910436,-1.637749120750293,0.5788346784486537,0.3439166899674295,30.143114446117465,0
rs77098812,23512002,0.00434572326841,21.957583268736887,0.8315983161846858,199.5808180141628,0.02611456,-1.4300742574257426,0.6050104545806553,0.15420919501404906,199.73502720917685,1.134925053e-315
rs77137203,23186037,0.018194502769,2.0070577594579166,0.5411740824368751,0.7004583936298664,2.7353852099999996,-0.3141060523610859,0.014412413763637522,-0.006547657513372506,0.6939107361164939,0
rs77144468,23378274,0.00425372666436,-8.558216269092894,0.8345735477555218,29.66374830831794,0.03154176,-1.572072072072072,0.5591140055821943,0.28141566343529184,29.94516397175323,0
rs77175079,22972334,3.0405594384e-4,-7.733581079531118,0.9860294296717631,27.350959150948995,0.0025502500000000004,-0.02178217821782178,0.9400649819918802,-1.4070241552700407,25.943934995678955,0
rs771962549,23795401,0.018060134544000003,-0.18147081584665295,0.543014072235009,-0.38261016401180037,1.0782745599999999,-0.9798728813559323,0.035769391016102534,-0.0010403901837737484,-0.38365055419557414,0
rs77203286,22872395,4.2143573521e-4,-2.2412793671360864,0.9807400119564524,0.4884291853725278,0.00330625,0.33043478260869563,0.9236542069562709,-1.2358155917146039,-0.7473864063420761,0
rs77207687,22979632,8.6057742736e-4,0.1524969661435253,0.9614446202456264,-1.6166504646291056,0.005929,0.44675324675324674,0.8709094471902283,-0.9367088413572111,-2.5533593059863167,0
rs772207728,22886515,0.0122677776,-0.07980417118093175,0.6362705439321741,-0.5036463601957284,1.0393802500000002,-2.0690534575772435,0.03705830266951799,0.06044176135223123,-0.44320459884349717,0
rs772441303,23749977,0.0025847056000000003,-0.12497915027537371,0.8925040636857733,-1.108180754794982,0.02411809,1.119768190598841,0.6238489013007095,-0.09776609910422246,-1.2059468538992044,0
rs77253147,23314062,1.2226167184e-4,-12.060738704192744,0.9943350790731327,69.73196415831562,6.812100000000001e-4,-4.1034482758620685,0.9832549228501315,6.233339179888093,75.96530333820371,0
rs773305429,23586390,0.017131668544,-0.6437266976346189,0.5560783016796751,-0.2908385511075173,0.7145320900000001,0.42067904885839347,0.05301298716135453,-0.02254407292531587,-0.3133826240328331,0
rs77340587,23387110,2.4077108224000002e-4,8.428993091359041,0.9889049405809732,32.87919411136957,0.00140625,0.8266666666666667,0.9660377358490566,-1.3611682637379994,31.518025847631574,0
rs773511212,23514657,0.007462782878760001,0.467091265624385,0.7419754173950884,-0.5964102433314789,0.4873436100000001,-0.29050279329608936,0.0758518719891192,-0.03624081347390345,-0.6326510568053823,0
rs773513367,23379919,0.020253274595999998,-0.391318492910044,0.5144642497325189,-0.32186118180952694,1.3238803600000002,-0.3831044672344864,0.029328085639417818,-0.012731148653299142,-0.3345923304628261,0
rs773804975,23731172,0.0022689789024399995,-0.3385600141076295,0.9043793172544047,-1.121851785402933,0.029070250000000006,-0.5847507331378299,0.57912053308045075,-0.3336940618661099,-1.455545847269043,0
rs77391979,23582296,1.5288827904e-4,-3.204192546583851,0.992926052069572,2.621443082615486,0.0010304099999999998,-2.280373831775701,0.9748866755170128,0.6925780876695993,3.3140211702850855,0
rs77408448,23246465,5.4204221124e-4,-7.922841017447106,0.9753639780987358,28.760713179637417,0.0032832899999999995,-1.425828970331588,0.9241441674142608,-0.3500732218648369,28.41063995777258,0
rs77410768,23773841,1.7826789289e-4,-2.124096556992743,0.991761443726314,-0.16215729042722726,9.363599999999999e-4,0.10130718954248366,0.9771264470021273,-1.8838727673604234,-2.0460300577876507,0
rs77425801,23477467,0.0010975173894399999,-1.0363279080437566,0.9513457744050315,-1.0006472659788916,0.010983040000000001,-2.0076335877862594,0.7845746350158799,0.8135799861653149,-0.18706727981357674,0
rs774348768,22861369,6.78751890496e-5,4.689414757775555,0.9968470987959692,8.080922157199822,3.3489e-4,0.0546448087431694,0.9916972625932537,-2.394104373910786,5.686817783289037,0
rs77452333,23320101,0.00413717817681,-8.44417599878111,0.8383735124986296,28.978504245591836,0.025122250000000002,-1.7577287066246057,0.614229391644177,0.4726085161318737,29.45111276172371,0
rs77455251,23414070,7.2216350361e-4,-14.128440708366359,0.9674439207284495,94.84471717456528,0.005776,-0.6013157894736842,0.8738203425375742,-0.8770459911132632,93.96767118345201,0
rs77460118,22950207,0.010260474435999999,1.3614922897703716,0.6765344066514994,0.06270154457823007,0.18740241000000002,-0.5805035805035805,0.17589963096697173,-0.06709375829133268,-0.004392213713102611,0
rs77492305,23600880,1.4461265025e-4,-5.970604132884288,0.9933063919788993,15.201448488539024,0.00104329,-2.529411764705882,0.9745807414561551,1.281522606216364,16.48297109475539,0
rs77498423,23268127,0.00418316607076,-8.457946670707233,0.8368699903660858,29.026922562573674,0.02611456,-2.2011138613861387,0.6050104545806553,1.0011602596613551,30.028082822235028,0
rs77535632,22895087,1.7911004224e-4,-0.6264421065216093,0.9917228463826044,-2.2025373119474585,0.00108241,1.574468085106383,0.9736527141421353,-0.6113769297476965,-2.813914241695155,0
rs77551378,23217688,9.129496742560001e-5,-14.47433970636871,0.9957638245064575,101.57745458460268,5.0176e-4,-2.633928571428571,0.9876114025662095,1.2303270229304406,102.80778160753312,0
rs775727807,23730548,0.018789829776,-1.7197248241851235,0.5331696824722081,0.4075175474558847,0.39967684,0.04919329326162607,0.0909759085786734,-0.047581761026783354,0.35993578642910135,0
rs77576132,23344799,0.004245825599999999,-8.574508901166359,0.8348300664716399,29.78888254803364,0.029172640000000003,-1.5105386416861826,0.5782633133562635,0.228032441639145,30.016914989672784,0
rs775911452,23418909,0.010567017615999999,-3.9035468306159773,0.6700590250221772,4.550651032727207,0.32855824000000006,-0.7913468248429867,0.10853101534237847,-0.02345963831095485,4.527191394416252,0
rs77652512,23332549,0.004199208481690001,-8.61019763492399,0.836346769836419,30.09649159278961,0.02775556,-1.952581032412965,0.5903574555357524,0.6791551844424553,30.775646777232065,0
rs776573479,23338697,0.013661635689,-1.1091518869296648,0.6110191163105749,-0.09626920978565418,0.12866569000000003,-0.5740172846389741,0.2371555234499678,-0.09627967042895866,-0.19254888021461283,0
rs776669974,22958904,0.0133772356,1.1556717966453398,0.6160072850334324,-0.06720317526422148,0.33385284,-0.30598823122187613,0.10699397121070423,-0.05157211504237084,-0.11877529030659231,0
rs776711193,23548469,0.015159519376,-0.8568191416783081,0.5860259931523463,-0.2258637657929679,0.31945104,0.9209129511677281,0.11128080196958118,-0.011799429856420358,-0.23766319564938826,0
rs776945332,23356366,0.014951909284,0.08277204403081503,0.5893673446979112,-0.44300918333592954,0.66994225,-0.6538790470372633,0.05634261096589196,-0.01695119540428133,-0.45996037874021084,0
rs777119751,23000077,0.007607084185959999,-0.5656992889131447,0.7382919344197812,-0.5521303252491278,0.28729600000000005,-0.8384328358208956,0.12221353148220572,-0.0222197586309855,-0.5743500838801132,0
rs77718475,23068677,4.6065178384000003e-4,0.28376306912425214,0.978985466066581,-1.8918558152693963,0.00341056,-0.3270547945205479,0.92143478453169,-1.2226325528851072,-3.1144883681545035,0
rs77719688,23384386,0.00433684151209,-8.460671751598595,0.831884632645843,28.882832478001315,0.03308761,-1.554700384826828,0.547288384447104,0.26517355669536113,29.148006034696678,0
rs77738949,22983239,3.1809435904e-4,0.9107495290212615,0.9853938228397494,-1.7044806751949846,0.00237169,0.02464065708418891,0.9440265422502618,-1.441152246167169,-3.1456329213621537,0
rs777403177,23667847,7.482319200159999e-5,1.7783270366379809,0.996525475343176,-1.2554192748679676,4.4100000000000004e-4,0.7714285714285714,0.9890952251428007,-1.9649709691648787,-3.2203902440328465,0
rs77740373,23795155,1.1805039801000002e-4,-4.1297364957524545,0.9945291383976907,5.876550165731709,6.1009e-4,-1.1214574898785425,0.9849768862861422,-1.4796962604426063,4.3968539052891025,0
rs7776572,23528927,6.206414448640001e-5,-4.441615215890166,0.99711625184929,6.9111954546331065,3.7249000000000006e-4,-1.8341968911917097,0.9907736679109957,-0.6762277060863993,6.234967748546707,0
rs7776644,23119307,6.275776712040001e-5,-26.688529887730088,0.9970841173445786,352.1815634404603,3.3124e-4,-5.093406593406593,0.9917870117556515,10.46384222246479,362.6454056629251,6.398019951421169e-245
rs7776649,23119317,6.28021380484e-5,-26.751278899855897,0.9970820617759818,353.8529389771241,3.3124e-4,-5.071428571428571,0.9917870117556515,10.353058140122803,364.2059971172469,3.046504662756892e-244
rs7776862,23776226,1.2521162404e-4,5.225053173425799,0.9941991876944214,10.996527160908832,7.0225e-4,0.5849056603773585,0.9827466540547513,-1.8617685885115165,9.134758572397315,0
rs77772791,23772869,4.7692444995999997e-4,3.255034663394174,0.978259260310893,3.2681673499150046,0.0034222500000000004,0.052991452991452984,0.9211867187904819,-1.2690434870355858,1.9991238628794188,0
rs7777380,23769191,9.887518096e-5,-5.185264894002172,0.99541370834153,10.689488513237224,4.7961e-4,-1.0639269406392695,0.9881518127274448,-1.6585256521524654,9.03096286108476,0
rs7777789,23733619,1.0067312896e-4,-4.295168234731303,0.9953307005412538,6.497791252751384,5.1076e-4,-0.7079646017699116,0.9873919916585124,-1.9392642578257302,4.5585269949256535,0
rs77779288,23535392,9.386135142399999e-4,-1.9258081783998329,0.9580949729527448,0.19048646391994506,0.01034289,-1.567354965585054,0.7945511272793437,0.18466874529455557,0.37515520921450063,0
rs7779074,22986107,1.3196725129e-4,-3.20694307824891,0.9938881254182705,2.562052342008479,8.5264e-4,1.1164383561643834,0.979128888610381,-1.3244845893304524,1.2375677526780264,0
rs7779210,22919025,7.883504278810001e-5,3.6971317425224495,0.9963398610379848,4.0042496556873015,6.1009e-4,0.032388663967611336,0.9849768862861422,-2.098566041844753,1.9056836138425486,0
rs7779336,23781626,7.427026872040001e-5,1.1221185376687453,0.9965510625924207,-2.20744090509166,3.61e-4,-0.768421052631579,0.9910557221079755,-2.0657758573251743,-4.273216762416834,0
rs7779489,23550914,6.20698168336e-5,1.0367864704180014,0.9971159890494831,-2.3883735881124157,3.8808999999999995e-4,0.700507614213198,0.9903909791228057,-2.0795286404497224,-4.467902228562139,0
rs7779633,23751736,6.531435979290001e-5,-1.2937823956009418,0.9969656920939192,-2.064489038289363,3.2041e-4,1.8826815642458101,0.9920534042188559,-0.6593442007829033,-2.723833239072266,0
rs7779799,22919329,2.4648058009e-4,5.874182309216099,0.9886448267056732,14.81805707401401,0.0014592399999999999,0.9424083769633508,0.9648030209912193,-1.2449605462923725,13.573096527721638,0
rs7780539,22906440,7.7665329225e-4,-0.28544413944058705,0.9650732460533444,-1.6379347862501623,0.0038688399999999997,-0.2829581993569132,0.9118089286153909,-1.1776226291602747,-2.815557415410437,0
rs7781055,22906899,5.95625845824e-5,5.412896103492241,0.997232162605668,11.664329571030885,4e-4,-0.27999999999999997,0.9900990099009902,-2.268748377232516,9.39558119379837,0
rs7781145,23626602,7.54445113744e-5,1.417588085490474,0.9964967245429388,-1.8257704756310777,4.5369e-4,0.6854460093896714,0.9887849538571142,-2.012965999929566,-3.838736475560644,0
rs7781300,22928069,3.0634100676e-4,0.5606886976792019,0.9859259147201777,-1.9767363880535282,0.00225625,-0.16,0.946605531726076,-1.4529075135728042,-3.4296439016263323,0
rs7781714,23593479,5.91600952336e-5,-1.3270649907170977,0.997250814623823,-2.0700953714532,3.5721e-4,-1.5449735449735449,0.9911487934869632,-1.1806927865557075,-3.2507881580089073,0
rs7782015,22857589,6.408194621439999e-5,2.3196029541093703,0.9970227758482517,-0.22611258369372766,4.0804e-4,0.3316831683168317,0.9899020096000697,-2.243258019310826,-2.4693706030045535,0
rs7782183,23730983,2.2593697343999998e-4,2.0303901218798233,0.9895813946117572,-0.24231428949616873,0.0014592399999999999,1.468586387434555,0.9648030209912193,-0.6329799946047971,-0.8752942841009659,0
rs7782276,23232535,0.004141501670249999,-8.10804217265304,0.8382319307361175,26.64203354225204,0.02893401,-2.284538506760729,0.580265097010895,1.0801695056515925,27.722203047903633,0
rs7782764,23475919,1.1560980484e-4,-6.9106694443927745,0.9946416378220261,21.13617703283672,8.179600000000001e-4,-0.9055944055944055,0.9799607819695056,-1.5531984919105715,19.58297854092615,0
rs7782981,23104397,7.540508263209999e-5,-9.481390804054996,0.9964985490108579,41.963712305690876,6.250000000000001e-4,-2.7600000000000002,0.9846153846153846,1.6630094419752606,43.62672174766614,0
rs7783624,23735065,2.2591593025e-4,2.0158677356042713,0.9895823548650425,-0.2714329783872449,0.0014592399999999999,1.5,0.9648030209912193,-0.5879941132225417,-0.8594270916097866,0
rs7783756,22910456,7.449569772099999e-4,-0.9185019363300958,0.9664508347714734,-1.2897005514108368,0.00401956,-0.4558359621451104,0.9086869564348213,-1.1023244115624335,-2.39202496297327,0
rs7783792,23097706,8.99991845041e-5,-6.8675073444231405,0.9958236989947302,20.74368116107353,7.344099999999999e-4,-1.8118081180811807,0.9819707711490114,-0.396147990067214,20.347533171006315,0
rs7784013,23097699,8.99991845041e-5,-6.867486262476559,0.9958236989947302,20.743536985518464,7.344099999999999e-4,-1.8118081180811807,0.9819707711490114,-0.396147990067214,20.34738899545125,0
rs7784016,23088786,6.81486572484e-5,7.205961803561867,0.996834436012729,23.00304337848528,5.664400000000001e-4,1.7310924369747898,0.9860367338124815,-0.6582438354557605,22.34479954302952,0
rs778421863,23300049,6.01940119104e-5,-24.385575525102855,0.9972029026309963,293.5569045412633,3.0275999999999995e-4,-5.672413793103448,0.99248785939226,13.521665347157544,307.0785698884208,4.7171038362620015e-269
rs77845724,23287826,0.004174736388839999,-8.468926920922057,0.8371451854852201,29.1137181132067,0.02601769,-2.174829510229386,0.6058982069805836,0.9673409126409765,30.08105902584768,0
rs7784817,23752731,8.850576006249999e-5,5.399760835481385,0.9958927148745376,11.771333116388206,4.9284e-4,-0.3963963963963964,0.9878289593913393,-2.126739101687411,9.644594014700795,0
rs7784929,23124277,6.25562355625e-5,-26.70480766191485,0.9970934537883587,352.61658424860184,3.2761000000000004e-4,-5.0055248618784525,0.9918762852546927,10.019384726895293,362.6359689754971,6.337927818258803e-245
rs7785349,23448217,3.2908499649e-4,-32.95738312193025,0.9848967795721116,532.7956507617876,0.0018662400000000001,-0.15740740740740738,0.9554237495413966,-1.5434407203305067,531.252210041457,1.0741139153319022e-171
rs7785564,23694730,0.0032610381302499995,-0.1811664375585539,0.8680863953881874,-0.9985581881010119,0.034410249999999996,-0.6964959568733154,0.5375603495486173,-0.2552325664727557,-1.2537907545737677,0
rs7785680,23783207,7.093328439609999e-5,-0.3390840149652288,0.9967055138130203,-2.8004529422486253,3.61e-4,-1.431578947368421,0.9910557221079755,-1.342826788461146,-4.1432797307097715,0
rs7785740,23706881,2.869636e-4,0.9578807556080284,0.9868044147539919,-1.7112224164435301,0.0018062500000000003,1.964705882352941,0.956794737628943,0.2757504622052196,-1.4354719542383105,0
rs7785842,23141706,6.24248528836e-5,-26.69327953382762,0.9970995405073921,352.31080917992693,3.1684e-4,-5.01123595505618,0.9921412491653612,10.034502708233436,362.3453118881604,4.7393253063436655e-245
rs7786022,23707057,5.86132641649e-5,3.0897095454112042,0.9972761567925434,1.8072954923739446,3.5721e-4,2.0899470899470898,0.9911487934869632,-0.1989918294726052,1.6083036629013394,0
rs7786179,23707120,2.8613075716e-4,1.0149567849415326,0.9868422078627592,-1.6570790973643934,0.0018062500000000003,1.8988235294117644,0.956794737628943,0.1539799574101237,-1.5030991399542697,0
rs77862451,23304569,0.004190646119040001,-8.580741235062222,0.8366259484158893,29.894159779272258,0.025953209999999997,-2.1644941030415894,0.6064905711185248,0.9543895672426239,30.848549346514883,0
rs7786708,23115416,3.2695872400000006e-4,13.417597610883751,0.9849928995137379,86.56546831226665,0.00207936,-1.3135964912280702,0.9505847997688177,-0.68361457877427,85.88185373349238,0
rs7787110,23138474,6.25024642225e-5,-26.69365090407736,0.9970959449071358,352.32003201077265,3.2041e-4,-5,0.9920534042188559,9.983161729910236,362.3031937406829,4.543858939368938e-245
rs7787617,23741116,1.0089599809e-4,-4.32771511344291,0.9953204120666657,6.638464163341452,5.0625e-4,-0.6977777777777777,0.9875019287147045,-1.9506861751775038,4.6877779881639485,0
rs7787890,22868255,6.0202391360400003e-5,3.102608319091844,0.9972025143437073,1.8601075203141382,3.7636e-4,0.03608247422680412,0.9906787040733737,-2.33708190144871,-0.4769743811345717,0
rs7788661,23491313,6.107359980159999e-5,-4.493100412542099,0.9971621459021139,7.132976872529304,3.4969000000000005e-4,-0.7005347593582888,0.9913335145821442,-2.1308980313567742,5.00207884117253,0
rs7788668,22980638,6.53901884164e-5,1.5441691131551414,0.9969621800266121,-1.7097002198528388,4.4944e-4,-1.3066037735849056,0.9888888449382734,-1.4057807033411,-3.115480923193939,0
rs7788821,23133645,6.25598738704e-5,-26.711490515179253,0.9970932852332705,352.79452097284036,3.2399999999999996e-4,-4.9944444444444445,0.9919650828290845,9.960044963641792,362.75456593648215,7.135974582939971e-245
rs7788907,22971688,5.93721104089e-5,5.635125296385749,0.9972409894050609,12.887071291067906,3.8808999999999995e-4,-0.20812182741116755,0.9903909791228057,-2.3010772318912602,10.585994059176645,0
rs7789237,23124713,6.219656679039999e-5,-23.036639920471494,0.9971101167609829,261.65330840938356,3.2399999999999996e-4,-5.216666666666667,0.9919650828290845,11.085496705765161,272.7388051151487,5.755791923628684e-284
rs7789664,23164206,0.0036322920922500002,-7.419696856566863,0.8552425780051848,22.575017112614255,0.019544040000000002,-1.6072961373390557,0.6717716836143467,0.3107048638821578,22.885721976496413,0
rs7789810,23039243,6.340268025640001e-5,5.433967382431322,0.997054241336543,11.80681513134102,4.1208999999999994e-4,2.7783251231527095,0.9898028040618538,1.5273674536201844,13.334182584961205,0
rs7789949,23465379,7.6259374801e-4,-12.02121303200061,0.9656838185449859,68.08920405477029,0.005882890000000001,-1.1668839634941328,0.8717846674435721,-0.43350314348640395,67.65570091128389,0
rs7789992,23553106,6.196617985959999e-5,-4.516772401948206,0.997120790571635,7.246126991119199,3.7636e-4,-1.8350515463917525,0.9906787040733737,-0.6697140490873605,6.576412942031838,0
rs77901173,23437403,0.006017570329000001,0.6305041702654274,0.781000451078484,-0.6041050986275959,0.13147875999999997,-0.6309983452840596,0.2332650411047993,-0.08636876898219609,-0.6904738676097919,0
rs7790157,23126998,6.25568683041e-5,-26.664719589242527,0.9970934244747781,351.54994737761405,3.2399999999999996e-4,-5.033333333333334,0.9919650828290845,10.153462846690335,361.7034102243044,2.494262567246078e-245
rs7790324,23054457,6.640000790440001e-5,7.3339657512560406,0.9969154117354108,23.91990281597587,6.200099999999999e-4,2.7469879518072293,0.9847363405375824,1.6242418158311338,25.544144631807004,0
rs7791123,23724364,7.870528656000001e-5,-2.5273682312097026,0.9963458633228243,0.37617681583541884,4.3680999999999993e-4,0.09090909090909091,0.9891977136673243,-2.2599111410352415,-1.8837343251998226,0
rs7791200,23182121,6.36732182025e-5,-23.98944802651779,0.997041709028502,283.98399774746025,3.2761000000000004e-4,-4.883977900552486,0.9918762852546927,9.423247733010342,293.4072454804706,5.448722444122109e-275
rs7791514,23711477,6.28701510649e-5,-2.693518912053999,0.9970789109586071,0.6990263634189491,3.61e-4,1.0894736842105264,0.9910557221079755,-1.7702024104532765,-1.0711760470343274,0
rs7791889,22960362,6.654170643609999e-5,7.283258819390216,0.9969088495292204,23.5513371806926,5.336099999999999e-4,1.7532467532467533,0.9868353694625276,-0.6484068952619724,22.902930285430628,0
rs7791968,23541198,6.20537458564e-5,1.0066722353257793,0.9971167336181064,-2.4191821740787995,3.8808999999999995e-4,0.6142131979695432,0.9903909791228057,-2.1357100865199343,-4.554892260598734,0
rs7792388,23541266,6.20567393121e-5,1.0023661999007314,0.9971165949311731,-2.423471217794444,3.8808999999999995e-4,0.6243654822335026,0.9903909791228057,-2.1294832989473105,-4.552954516741755,0
rs7792603,22906197,8.1655920025e-4,0.0909891340483981,0.9633444258749624,-1.6491071106493076,0.00480249,-0.18326118326118326,0.892807520296305,-1.1015722733286997,-2.7506793839780075,0
rs7793463,23729567,1.0150965503999999e-4,-4.3041626965221536,0.9952920844602988,6.540044254587922,5.1984e-4,-0.837719298245614,0.9871707292032742,-1.8316277794782987,4.708416475109623,0
rs77940817,23331882,0.0042433629092099995,-8.559480880734284,0.8349100532894957,29.68409028466695,0.028662490000000002,-1.7105729474305966,0.5825597061801866,0.415495394280898,30.09958567894785,0
rs77944209,22904816,8.166106369599999e-4,0.07367373077084587,0.9633422015096281,-1.6504501218695051,0.0048163600000000004,-0.22910662824207492,0.8925312095850713,-1.091852984280225,-2.74230310614973,0
rs7794470,23516484,1.1584001641000002e-4,-6.592916407287999,0.9946310251059599,19.003028835794236,8.0089e-4,-1.2791519434628977,0.9803707713238609,-1.163311898477939,17.839716937316297,0
rs7794684,23310805,6.221628455290002e-5,-27.28528993766267,0.9971092032490189,368.24433156163946,3.2399999999999996e-4,-5.144444444444445,0.9919650828290845,10.714351745376408,378.95868330701586,7.776999170397081e-238
rs7794755,23724476,8.907320137959999e-5,-0.4067383919659754,0.995866490484809,-2.6619380917898594,4.884100000000001e-4,-0.9004524886877828,0.9879370417361413,-1.8082909807829377,-4.470229072572797,0
rs7795053,23253361,3.9842156024999997e-4,-4.565040955887879,0.9817726092361891,8.227458793330072,0.0035164899999999997,-1.9865092748735245,0.9191917822416285,0.555827776587573,8.783286569917646,0
rs7795105,23253094,6.19964114884e-5,-22.973082814099453,0.9971193899293269,260.1962513679913,3.3489e-4,-4.748633879781421,0.9916972625932537,8.785565469783037,268.9818168377743,1.3442059332632795e-285
rs779552779,23566347,0.016014649401,-0.8789243692166672,0.5726535201234191,-0.20389035708785794,1.09935225,1.4377682403433478,0.03510766753653228,0.018417512209370983,-0.18547284487848695,0
rs7796541,23389073,6.0817694044900006e-5,-20.838179307231968,0.9971740032496138,213.5668454635097,3.2399999999999996e-4,-5.3388888888888895,0.9919650828290845,11.725375416602441,225.29222088011215,1.4266431879449809e-304
rs7796689,22910272,0.018109354041,-1.449747716818631,0.5423386279140496,0.17912224133339355,0.03748096,-0.025826446280991736,0.5162558646666227,-0.3629274063207006,-0.18380516498730703,0
rs7797196,22839673,5.96856679225e-5,0.3710250917398536,0.9972264588606322,-2.875176285739438,3.9601e-4,0.3165829145728643,0.9901968040903049,-2.262902307107092,-5.13807859284653,0
rs77975668,23049393,4.1665382640999996e-4,-3.3090764791471727,0.9809543872626607,3.390259711885246,0.00394384,-1.5015923566878981,0.9102527225658933,-0.1791691561143114,3.2110905557709346,0
rs7797870,23110731,6.295375123559999e-5,-31.146762049521445,0.9970750380673814,480.7243729935245,3.4224999999999994e-4,-5.108108108108109,0.9915163383301625,10.550896551460724,491.27526954498524,4.669664531481809e-189
rs7798282,23502137,6.110736509440001e-5,-4.4277943795157295,0.9971605814143648,6.842769631932073,3.459599999999999e-4,-0.7365591397849464,0.9914251637586514,-2.110528015827609,4.7322416161044645,0
rs77982996,23156340,0.00381208691241,28.341925525694784,0.8491580654790034,340.103606015262,0.01658944,-1.1498447204968945,0.7068456588367018,-0.14625254551457673,339.95735346974743,8.969117580176124e-255
rs7799063,23100589,8.990282452410002e-5,-6.873285514954581,0.9958281518063179,20.78278548197563,7.344099999999999e-4,-1.7343173431734318,0.9819707711490114,-0.5310668510070036,20.251718630968625,0
rs7799396,23253838,0.00423923396836,-7.987095565310079,0.8350441933732526,25.73423868973128,0.029480889999999996,-1.8462434478741994,0.5756978645495187,0.5525114035713948,26.286750093302675,0
rs7799422,23128413,6.25495919689e-5,-26.659569114521364,0.9970937615721059,351.41308561684554,3.2399999999999996e-4,-5.066666666666667,0.9919650828290845,10.32044363563323,361.7335292524788,2.5705301185881187e-245
rs7799435,23584702,8.061759241290002e-5,5.2494506461381505,0.9962574108859645,10.932810465063717,4.6224999999999993e-4,0.9813953488372094,0.9885757712435665,-1.7599425570731801,9.172867907990536,0
rs78009084,23754383,6.398926752099999e-4,-3.0367527010092465,0.9710454087139415,2.7064125421345038,0.0046240000000000005,1.1735294117647057,0.8963786303334528,-0.5162723967829781,2.190140145351526,0
rs7800994,23035652,6.483228842249999e-5,5.533374317703386,0.9969880202188944,12.360426082121643,4.2025000000000005e-4,2.7560975609756095,0.9896029836529958,1.4754304293974378,13.835856511519081,0
rs7801488,22911038,8.972481068100001e-4,-0.3024066822238024,0.9598676433028893,-1.5638963322297157,0.00541696,-0.4429347826086956,0.8807282565808016,-0.9767798392434708,-2.5406761714731863,0
rs7801529,23593830,5.91508657216e-5,-1.2684099254189334,0.9972512423427666,-2.1460824340024685,3.5721e-4,-1.5767195767195767,0.9911487934869632,-1.131580685425506,-3.2776631194279746,0
rs7802834,23727944,1.2751152241e-4,4.765880571372906,0.994093267213801,8.723895961106402,7.2361e-4,0.5762081784386617,0.9822311921757427,-1.8520971947508176,6.871798766355584,0
rs7803526,23686084,8.052298437160002e-5,5.473529719862795,0.9962617865487937,12.129192508324572,4.7524e-4,-0.27522935779816515,0.9882585007525588,-2.18488200089051,9.94431050743406,0
rs7804448,23673454,5.8361807460099996e-5,3.1173285127672137,0.9972878106560661,1.8906908096816575,3.5344e-4,-0.6861702127659575,0.9912413910685186,-2.1355062177647746,-0.24481540808311708,0
rs7804486,22946782,7.76878299649e-5,1.2706161852583426,0.9963929315035235,-2.0081089423673975,6.300100000000001e-4,2.4780876494023905,0.9844939737893247,0.9395853068259838,-1.0685236355414136,0
rs78045098,23702708,2.2807946529000003e-4,-1.7783979923587798,0.9894836371137798,-0.7126917701340016,0.00146689,0.8903394255874673,0.9646250297526533,-1.2885441810496194,-2.001235951183621,0
rs7804734,23694762,7.993110977639998e-5,5.161222850828037,0.996289161877245,10.471436834974995,4.7524e-4,-0.2385321100917431,0.9882585007525588,-2.194198131863011,8.277238703111983,0
rs7805006,22924195,6.98148815809e-5,1.7043562766215907,0.9967572894312967,-1.4179674549809176,5.664400000000001e-4,2.3277310924369745,0.9860367338124815,0.5356745923611812,-0.8822928626197364,0
rs7805071,23190212,6.39772820164e-5,-23.07359556321247,0.9970276240555555,262.49497645337027,3.2761000000000004e-4,-4.723756906077348,0.9918762852546927,8.659819984442239,271.15479643781254,1.1808068329523037e-284
rs7805085,23190243,6.397888174239999e-5,-23.074182240069614,0.9970275499534215,262.5084658715165,3.2761000000000004e-4,-4.723756906077348,0.9918762852546927,8.659819984442239,271.16828585595874,1.1968431471768902e-284
rs7805205,23673919,0.0032245475820099996,-0.2225988859753703,0.8693696669866104,-0.9961531668271678,0.0324,-0.6216666666666667,0.5524861878453039,-0.29526442325679175,-1.2914175900839595,0
rs7805206,23160210,6.276711540490001e-5,-26.094815192544843,0.9970836842666109,336.55805575569275,3.1684e-4,-4.797752808988764,0.9921412491653612,8.995704141139266,345.553759896832,2.416785725651506e-252
rs7805842,22971718,6.5918161e-5,7.041347456583324,0.996937727212464,21.820073432039973,5.29e-4,1.9217391304347828,0.9869476177551876,-0.3469534187662715,21.4731200132737,0
rs7806007,22971881,5.937041524839999e-5,5.6359195454510065,0.9972410679615129,12.891521961198322,3.8808999999999995e-4,-0.2131979695431472,0.9903909791228057,-2.30001816761149,10.591503793586831,0
rs7806462,23603980,1.4412242600999998e-4,-6.0436064672514185,0.9933289313533048,15.635770969347641,0.00104329,-2.609907120743034,0.9745807414561551,1.4831103948525435,17.118881364200185,0
rs7807028,23597174,1.4505070969e-4,-6.103597731594112,0.9932862518864782,16.000097017583503,0.00104329,-2.4551083591331264,0.9745807414561551,1.1010464210240118,17.101143438607515,0
rs7807135,23604196,1.4442751684e-4,-5.939040423371998,0.9933149038638197,15.014264203584604,0.00104329,-2.557275541795666,0.9745807414561551,1.3505883761552715,16.364852579739875,0
rs7807171,23604276,1.44408289e-4,-5.954988765914954,0.9933157879112182,15.108424731186709,0.00104329,-2.5541795665634672,0.9745807414561551,1.3428770360478022,16.45130176723451,0
rs7807336,23797781,5.8028439169600006e-5,-1.8286765980014807,0.9973032611653382,-1.2903360131385049,3.0275999999999995e-4,-0.4942528735632184,0.99248785939226,-2.324392013263803,-3.614728026402308,0
rs7807397,23797985,5.80276774081e-5,-1.8269295144527338,0.9973032964709934,-1.2935272133401006,3.0275999999999995e-4,-0.48850574712643685,0.99248785939226,-2.3271948178607786,-3.620722031200879,0
rs7807516,23202766,4.3559446681000003e-4,-3.2235696591905474,0.980105818186742,3.1336724793777773,0.0022944099999999998,2.093945720250522,0.9457514598264878,0.6162854315503443,3.7499579109281216,0
rs7807660,23202850,0.00043554020415999993,-3.227311496147507,0.9801082471378396,3.1454530467267143,0.0022944099999999998,2.0605427974947808,0.9457514598264878,0.5506634928365237,3.696116539563238,0
rs7807879,23260588,6.244950625e-5,-24.396330275229356,0.9970983983563879,293.80573026359326,3.2761000000000004e-4,-4.817679558011049,0.9918762852546927,9.104258430441938,302.9099886940352,7.29934055295173e-271
rs7807966,23203003,4.3549011855999995e-4,-3.1956067547104716,0.9801104891229412,3.045615003235982,0.0022944099999999998,2.0981210855949897,0.9457514598264878,0.6245623695489217,3.6701773727849036,0
rs7808331,23413689,1.3589497476e-4,-6.7561977799509325,0.9937073631949098,20.145299170172397,6.4516e-4,-1.7755905511811025,0.9841270153691116,-0.520228996983582,19.625070173188814,0
rs7808836,23474325,6.224531478490001e-5,-2.7272589000414467,0.9971078582990437,0.785335774943229,3.6863999999999994e-4,0.04166666666666667,0.9908681590462298,-2.3471338548045035,-1.5617980798612745,0
rs7809022,23113274,3.5414723344e-4,5.284513358981444,0.9837652320972737,11.676053910493446,0.0024700900000000003,-0.9476861167002012,0.9418393038488969,-0.9993355718539039,10.676718338639542,0
rs78095590,23019423,8.6276725441e-4,-0.11392712330072959,0.9613503039969857,-1.6203693146964229,0.00591361,0.22496749024707413,0.8712013714451989,-1.0027066440142263,-2.623075958710649,0
rs7809661,23181749,6.0692980924900003e-5,-24.372285981641905,0.9971797819119403,293.2310749451933,3.2041e-4,-4.782122905027933,0.9920534042188559,8.925979761171721,302.15705470636505,3.437862875461024e-271
rs78100089,23223839,4.4091180441e-4,3.3128550950333127,0.979867857356963,3.4243104158443645,0.00227529,-2.0691823899371067,0.9461791982976344,0.5644929570841644,3.988803372928529,0
rs7810184,23422743,0.018330452100000002,-0.9510155846074304,0.5393250886632273,-0.1436402649744627,0.08105409000000001,-1.371619248331577,0.3304308016358638,0.11026585637319111,-0.03337440860127158,0
rs7810533,22918300,5.9865192307600003e-5,5.297314553213928,0.99721813972564,11.04942138829639,4.7961e-4,-0.7031963470319635,0.9881518127274448,-1.97347702275062,9.07594436554577,0
rs7810773,23520104,6.02179104004e-5,-1.1344674369395955,0.9972017952226104,-2.297681094112295,3.4969000000000005e-4,-0.9679144385026738,0.9913335145821442,-1.909776426113824,-4.207457520226119,0
rs7811253,23597521,1.4503144041e-4,-6.110230924445108,0.9932871377880751,16.040283951753445,0.00104329,-2.4984520123839005,0.9745807414561551,1.2056702964978396,17.245954248251284,0
rs7811452,23574681,6.462053691609999e-5,2.577285602504886,0.996997828240676,0.4070200577544938,3.8025e-4,-0.6205128205128205,0.9905832678103776,-2.1419283869386234,-1.7349083291841296,0
rs7811699,22899109,7.434681645160001e-5,-1.3812879387089068,0.9965475201675085,-1.8836466626921493,5.0176e-4,-0.7008928571428571,0.9876114025662095,-1.9529069511950676,-3.836553613887217,0
rs78132351,23104688,9.108602720999999e-5,6.500047150535945,0.9957734785599098,18.30283192941495,6.4516e-4,0.17716535433070865,0.9841270153691116,-2.0561236730869537,16.246708256327995,0
rs781404814,23182837,0.022630087489000004,-2.969029401793489,0.4867304440816137,1.8118203690279295,0.38576520999999997,0.43680566736435356,0.09394849334918653,-0.040366913708263376,1.7714534553196661,0
rs78162391,23209283,0.004140871020160001,-8.114813456493902,0.8382525797027254,26.6886892891484,0.029309439999999996,-2.2523364485981308,0.577121962029992,1.0335397432776139,27.722229032426014,0
rs78165547,23291868,0.0041006092959999995,-8.296723717908677,0.8395729521935131,27.981306233062874,0.025568009999999995,-1.869918699186992,0.6100535916828954,0.5956824744729452,28.57698870753582,0
rs78175301,23629053,2.1595772025000001e-4,6.838896260760096,0.9900369820505829,20.847825733771916,0.0014364100000000002,2.6649076517150396,0.965334593416756,1.7467676598767456,22.594593393648662,0
rs78181161,22899805,4.617986102500001e-4,-2.1915447078805927,0.9789342509442045,0.42079268266307857,0.0037332100000000003,-0.17512274959083468,0.914636725728571,-1.2163946279434756,-0.7956019452803971,0
rs78196688,23305428,0.004131635572839999,-8.423577035928423,0.8385550865382814,28.838734280432394,0.025824490000000002,-1.7112632233976355,0.6076765653634384,0.4219323111658161,29.26066659159821,0
rs78197090,23215826,0.003697369636,-7.7692004078544885,0.8530302187877382,24.785890446394156,0.020534890000000004,-1.6999302163293788,0.6607759591204345,0.41419562203505667,25.20008606842921,0
rs78208743,23293145,0.0041744133340900005,-8.467660428697238,0.8371557355210081,29.10508554109717,0.026049959999999997,-2.130111524163569,0.6056021835592331,0.9087245393826466,30.013810080479818,0
rs78213073,23256951,2.8204179480999995e-4,-5.473541303195765,0.9870278005987124,12.613032533980892,0.00246016,-1.6955645161290323,0.9420595683106233,-0.0699880080342763,12.543044525946616,0
rs78238937,23787138,7.43776880625e-5,1.0787442386294461,0.9965460915187909,-2.254289469730752,3.6480999999999997e-4,-0.7329842931937174,0.990962177203361,-2.0869633576321407,-4.341252827362893,0
rs78294387,23328983,7.119824889999999e-4,-0.8337818086422067,0.9678881557534705,-1.3828310667078603,0.00334084,-1.6089965397923875,0.9229170454472041,-0.08678048913370295,-1.4696115558415632,0
rs78308482,23486478,0.00147621934656,1.866554229912341,0.9356380035361427,0.2582769855697147,0.02999824,-1.3389145496535797,0.5714429391367555,0.08854494885934855,0.34682193442906323,0
rs78324273,23134910,0.0020431936828899998,22.835203100768332,0.9130673147621504,236.83656747547656,0.01263376,-0.0898576512455516,0.7599685069050739,-0.7104244276087034,236.12614304786786,7.234824187572969e-300
rs78331284,23316616,0.0041342199444100005,-8.445625751385347,0.8384704135170902,28.991924515235866,0.024995609999999998,-1.7779886148007593,0.6154261803220249,0.4949462507032408,29.486870765939106,0
rs78340800,23313745,0.00186277696801,-23.557515193501374,0.9201304862119699,254.05252672272337,0.01373584,1.8208191126279865,0.7443821479295756,0.5519198192802282,254.6044465420036,7.663959910000851e-292
rs78367936,22994077,3.1990541880999997e-4,0.9264280802196144,0.9853118845111218,-1.6875269742621208,0.00239121,0.12269938650306748,0.9435918436864624,-1.4304678043283845,-3.1179947785905053,0
rs78373382,23241568,0.0032517023616899995,3.728221774455183,0.86841434776126325,5.021273714265232,0.028798089999999995,0.949911608721273,0.5814114897666491,-0.17312034380520797,4.8481533704600235,0
rs78380988,23545090,4.6808187904e-4,3.831182517379086,0.9786537469907258,5.258880493465664,0.00361201,0.7221297836938436,0.9171785478357911,-1.0063928815899672,4.252487611875697,0
rs78397473,23425779,0.00113456469889,-14.236312950334439,0.9497858931391912,94.7520616123684,0.01026169,-0.3109575518262586,0.7958347600329396,-0.7559363450752531,93.99612526729314,0
rs78433057,22930238,1.5440050564000002e-4,-1.1931465177292406,0.9928565830676415,-1.7640674004079224,0.00123201,-0.2763532763532764,0.9701200596332801,-1.7182393730188164,-3.482306773426739,0
rs78455309,23260095,0.004187888853210001,-8.449683916438353,0.8367158896301558,28.963436613362212,0.02666689,-2.0428658909981627,0.5999979900067335,0.7938432669758047,29.757279880338018,0
rs78488950,23059305,3.9114555076e-4,3.0121856260175757,0.9820995209093303,2.443959351411944,0.00319225,0.7787610619469025,0.9260920651274245,-1.021644574016495,1.422314777395449,0
rs78515160,23378936,0.00425385710656,-8.559173647993916,0.8345693140962428,29.670444450424533,0.03157729,-1.5689364096792346,0.5588364689414757,0.27863532975622957,29.949079780180764,0
rs78523957,23512692,0.0028094558184899995,-0.10389647632361904,0.8842389142627171,-1.0733409600851138,0.04678569,0.7503467406380028,0.46090547877190363,-0.1791826250874928,-1.2525235851726066,0
rs78543924,23646510,0.00324029623696,-0.05299998594607509,0.8688153652938226,-1.0143545108918197,0.034447359999999996,-0.4913793103448276,0.5372923902204189,-0.32046437027842584,-1.3348188811702455,0
rs78582388,23776761,0.0031121893690000003,16.684012404323585,0.8733449300273091,120.51737459658389,0.03111696,-0.8259637188208616,0.5624537381800347,-0.22142893078697867,120.2959456657969,0
rs78611171,23308044,0.00411925210596,-8.410785679340119,0.838961049492072,28.761549742112724,0.025376489999999998,-1.8072818581293157,0.6118407396909807,0.5260480478713063,29.28759778998403,0
rs78614415,23149243,2.8861252996e-4,-9.233603710723662,0.9867295974234126,39.902895667018136,0.00216225,-2.7677419354838713,0.94871597222634,2.148581782579913,42.051477449598046,0
rs78632196,23259717,9.790891321600002e-4,-14.502019788817016,0.9563667598914389,99.00009862257161,0.0068227600000000015,-2.7966101694915255,0.8542853945388952,2.3776425196165216,101.37774114218813,0
rs78633270,23152975,0.0035951536321600004,-7.667796316186232,0.85651027816752,24.20855794073798,0.019460250000000005,-1.475985663082437,0.6727183286313125,0.1743027179756046,24.382860658713582,0
rs78660981,23758915,1.2686417956e-4,-5.042251895520003,0.994123077929629,10.069082705992564,7.0225e-4,-0.44150943396226416,0.9827466540547513,-1.934090905466375,8.134991800526189,0
rs78689523,23379298,0.0042537397084900005,-8.565961420223946,0.8345731243905822,29.719078526746976,0.031684,-1.5550561797752809,0.5580045756375204,0.26645538037291994,29.985533907119898,0
rs78698771,23019125,2.7969217599999995e-4,0.8131427888065057,0.9871344783561539,-1.8502548949236939,0.00258064,-2.4448818897637796,0.9393940532598852,1.4059081665526543,-0.4443467283710396,0
rs78705764,23110410,0.004432350460809999,-7.733939758981854,0.8288160622817636,23.90482079918133,0.043388890000000006,-2.5060009601536244,0.4796802067997307,1.1795498030202047,25.084370602201535,0
rs78719061,23255603,0.004197355369,-8.39790390047386,0.8364071753699783,28.58853280843829,0.026961640000000005,-2.086479902557856,0.5973569345075778,0.8454139550814168,29.433946763519707,0
rs78840640,23434606,7.0200092209e-4,-37.4830630338211,0.968324084383294,678.5118936858034,0.0032604099999999996,0.8563922942206655,0.9246329380604577,-0.9536259851553008,677.5582677006481,3.7236071313899804e-108
rs78893170,23299390,0.0041954378928400005,-8.581675471884543,0.8364696881325245,29.8955910035152,0.026471290000000005,-2.074984634296251,0.6017635583723439,0.8351102362249705,30.73070123974017,0
rs78894246,23701150,0.00125910715921,2.16332759364106,0.9445793155128921,0.7639079229025616,0.00744769,1.396292004634994,0.8430336650741058,-0.10405952551246689,0.6598483973900947,0
rs78925075,23759416,8.978851146240001e-5,-0.30571737331779886,0.9958334342846035,-2.693794729895782,4.884100000000001e-4,1.0452488687782804,0.9879370417361413,-1.6691249758455973,-4.36291970574138,0
rs78933016,23700488,0.0011048111776900001,-1.8834822059827847,0.9510382636597449,0.17854851402655636,0.013156089999999999,-1.7489102005231039,0.7525007952992782,0.4526582033032803,0.6312067173298367,0
rs78977862,22960233,7.9006528561e-4,-0.3270530558806892,0.9644915142895233,-1.6174089973336727,0.005387560000000001,-0.04087193460490463,0.8812987523453564,-1.064836621805792,-2.682245619139465,0
rs78986966,22997448,3.2126619121e-4,0.8763606134825569,0.9852503276364365,-1.7299271747418044,0.0024010000000000004,0.0836734693877551,0.9433739770288436,-1.4323409165303993,-3.1622680912722037,0
rs78993607,23292313,0.004117480889760001,-8.543766636121655,0.839019146799708,29.70926422224143,0.025696089999999998,-2.059263880224579,0.6088642413878816,0.8216147412358021,30.53087896347723,0
rs79011478,23585116,0.00279993372736,0.898972680404578,0.8845859808220793,-0.7221748127093878,0.042849,-0.08502415458937199,0.4828060688722858,-0.3279235547894011,-1.050098367498789,0
rs79023216,23356866,0.00131694232609,4.276916039537389,0.9421808390942028,7.191973519151493,0.011663999999999999,0.8277777777777777,0.7742335088262621,-0.47886840626598404,6.7131051128855095,0
rs79078294,23474345,9.5752494721e-4,-7.6857797498052935,0.9572867227995895,26.697419957060465,0.006872410000000001,-2.588661037394451,0.853380485449756,1.8993649407306878,28.596784897791153,0
rs79109178,23112848,0.00420969987684,-7.812142621551057,0.8360049484450641,24.6065527261057,0.03904576,-2.8851214574898787,0.5060359973767095,1.7534567365208757,26.360009462626575,0
rs79113071,23107116,9.15131390625e-5,6.578157585260683,0.995753744116254,18.813347455741315,6.502499999999999e-4,0.20000000000000004,0.9840037884145855,-2.048021604576603,16.76532585116471,0
rs79124778,23353519,0.004246881257610001,-8.57546867255605,0.8347957839962767,29.794596448548493,0.02972176,-1.5266821345707655,0.5737089826762836,0.2422719847135536,30.036868433262047,0
rs79139337,23120234,8.786896632900001e-4,-13.097356178755646,0.9606650789882295,80.77877744000894,0.00889249,-0.5737009544008485,0.8181215560917433,-0.7175730396833949,80.06120440032554,0
rs79140435,23181067,0.00357873150625,-7.444339504367085,0.8570720371732125,22.775983515062773,0.019404490000000003,-1.7243359655419956,0.6733497754125993,0.44161440125432705,23.2175979163171,0
rs79140517,23316095,0.0030044759316099996,4.124178344227931,0.877190141166433,6.411437465667117,0.026049959999999997,1.106567534076828,0.6056021835592331,-0.09442017044051482,6.317017295226602,0
rs79175142,23656604,3.72297025e-4,1.7812956724540037,0.9829474000008741,-0.4762732323708203,0.0022657600000000003,2.848739495798319,0.9463925409125495,2.377104073818095,1.9008308414472745,0
rs79177148,23384652,0.0016884702810000003,-7.482757781509333,0.9270590244071631,24.6447363499395,0.019993959999999998,-0.8776520509193777,0.6667337845343099,-0.2926232742336269,24.352113075705873,0
rs79190402,22995838,3.1929401344e-4,0.8844074588108882,0.9853395449867557,-1.7259460281186052,0.0023814400000000003,0.11270491803278687,0.9438093656090969,-1.4335082705512256,-3.159454298669831,0
rs79196740,23544239,0.00469049656384,-1.5346663318109077,0.8206343503379426,0.1072149081201248,0.08982009000000002,-1.5582248915582249,0.30811872029976256,0.18989566183784165,0.2971105699579665,0
rs79265521,22982749,3.2048160400000004e-4,0.8982683499050385,0.9852858188463647,-1.7119650923241907,0.00239121,0.11656441717791412,0.9435918436864624,-1.431160342284344,-3.1431254346085344,0
rs79269807,23289121,0.00410057087449,-8.296450261338597,0.8395742142032929,27.97944094615866,0.025568009999999995,-1.8830519074421515,0.6100535916828954,0.6107168012894375,28.5901577474481,0
rs79298837,23179679,3.68832025e-4,3.497823483467847,0.9831034283411252,3.9736994651271336,0.00258064,0.20866141732283466,0.9393940532598852,-1.3812307152564194,2.592468749870714,0
rs79314741,23369349,0.00424827596944,-8.57662307376018,0.8347504950539972,29.80133245012141,0.030975999999999997,-1.5693181818181818,0.563570784490532,0.27940512711582055,30.08073757723723,0
rs79315404,23649900,0.00353313737604,1.678900811235494,0.8586355660109816,0.23191439874226327,0.05817744,0.03150912106135987,0.40742557557011067,-0.2614371504150816,-0.029522751672818315,0
rs79323850,23695203,6.7251011584e-4,-1.3005151776900297,0.9696143442010938,-0.9269186850197588,0.005944410000000001,-1.961089494163424,0.87061733951965,0.6516509735426694,-0.2752677114770894,0
rs79357375,23144813,3.7230088400999996e-4,12.94142036060969,0.9829472262579427,80.27645692140958,0.00225625,-1.8568421052631578,0.946605531726076,0.1668588423523505,80.44331576376193,0
rs79386431,23339436,0.00424954053225,-8.578077421631116,0.8347094365449496,29.81035910816564,0.02910436,-1.6975381008206332,0.5788346784486537,0.40163039174235793,30.211989499907997,0
rs79388142,23090128,2.6651542009000005e-4,1.6653292741940422,0.9877331589994451,-0.8307769070465627,0.0025300899999999996,-1.9145129224652089,0.9405105890911588,0.31267634448759885,-0.5181005625589639,0
rs79417995,23357512,0.00425252668996,-8.57607718895776,0.8346124963903755,29.792766932774484,0.030520089999999996,-1.576416714367487,0.5672142505773887,0.2860328945697335,30.078799827344216,0
rs79418182,23067868,6.0798737476e-4,3.338170285593777,0.9724493214580762,3.622322518791097,0.0050268100000000005,1.5881523272214386,0.8883596239662548,0.02408642538048089,3.6464089441715775,0
rs79429530,23452342,6.8815454929e-4,-5.937513103874172,0.9689294526792583,15.34360196072356,0.00380689,-2.6450567260940034,0.9130983733380754,1.9726772628355427,17.316279223559103,0
rs79480722,23720264,0.0035602582904100005,-1.4078708987579587,0.8577048400608864,-0.1248973115103259,0.04618201,0.7864122847836204,0.4641339880562081,-0.16841505802050927,-0.29331236953083517,0
rs79508410,23290427,0.004100468418010001,-8.29639774560435,0.8395775795523489,27.979180479657053,0.025568009999999995,-1.876172607879925,0.6100535916828954,0.6028285547001127,28.582009034357167,0
rs79560658,23108345,2.1543781284e-4,-3.039869735246427,0.9900607291199208,2.2688497501116927,0.0017892899999999998,1.236406619385343,0.9571830485753646,-0.8437870977731313,1.4250626523385614,0
rs79569119,23287855,0.004174736388839999,-8.468926920922057,0.8371451854852201,29.1137181132067,0.02601769,-2.1735895846249225,0.6058982069805836,0.9657074970595926,30.079425610266295,0
rs79569599,23578843,0.0027713907360000004,0.8148335992705721,0.8856279661922909,-0.7901413204877564,0.045369,-0.019718309859154928,0.46855415900385394,-0.3159859027202763,-1.1061272232080328,0
rs79570193,23334004,0.0010399399536100001,-15.644859697160452,0.9537802745840364,115.18723538470493,0.009604000000000001,-0.5459183673469388,0.8063865817272801,-0.7007834666567474,114.48645191804819,0
rs79575828,23272671,0.0041277669552900005,-8.577972441036799,0.8386818678993899,29.94359311784548,0.025792359999999997,-2.018057285180573,0.6079733269941981,0.7697897699996881,30.713382887845167,0
rs79578179,22975941,2.7794224656000005e-4,0.8733714820413158,0.9872139439074181,-1.8031876215074356,0.0025704900000000004,-2.5404339250493093,0.9396180311760565,1.6285231778742788,-0.1746644436331568,0
rs79578863,23211786,0.00421838559081,-7.975322213856697,0.8357221695094231,25.675275616961112,0.02999824,-2.314665127020785,0.5714429391367555,1.107136981736775,26.78241259869789,0
rs79586340,23785741,1.3082555641000002e-4,-5.4629084010176685,0.9939406809921117,12.278189924788519,7.5625e-4,-0.5345454545454545,0.9814445637172213,-1.8532778188577992,10.42491210593072,0
rs79596755,23273353,0.004180721622249999,-8.49031449848048,0.836949773124064,29.25909795259884,0.02608225,-2.167801857585139,0.605306266054803,0.9574549223690095,30.21655287496785,0
rs796312844,23722144,1.2902233744e-4,4.659118921012783,0.994023699788706,8.228852824850444,7.344099999999999e-4,0.6494464944649447,0.9819707711490114,-1.8007923227442133,6.428060502106231,0
rs79644602,23799463,5.361030852100001e-4,-1.3956396114693421,0.97562733455765,-0.9069782189783624,0.0037088100000000003,-1.348111658456486,0.9151473124068122,-0.4018226359489633,-1.3088008549273256,0
rs79673217,22908118,8.142291040899999e-4,-0.06407917377789148,0.9634452009689037,-1.652493379797131,0.0048163600000000004,-0.2622478386167147,0.8925312095850713,-1.0845859586874789,-2.7370793384846097,0
rs796753574,23481671,6.11089285284e-5,-4.465078378246998,0.9971605089740238,7.008091872703095,3.5344e-4,-0.5372340425531914,0.9912413910685186,-2.225812840649582,4.782279032053513,0
rs79692172,23489930,0.004661380040489999,1.1356293656617498,0.8215490815204575,-0.3319637883809712,0.04769856000000001,-1.3337912087912087,0.45610783118901843,0.10120554976418272,-0.23075823861678846,0
rs79695145,23303765,0.00413324267409,-8.429280933515631,0.8385024302887373,28.877330527834417,0.025504090000000004,-1.9461490294301815,0.6106488923058087,0.6847782561802146,29.562108784014633,0
rs79701635,23701818,3.36832609e-4,-5.161706532991881,0.9845467008691465,11.030778004691781,0.00245025,-0.9717171717171716,0.942279491875784,-0.9812050807121592,10.049572923979621,0
rs79701819,23244456,0.0010741350759999998,-3.9373893940318547,0.9523329295966739,5.860268250273335,0.01092025,-0.04210526315789474,0.7855420976919791,-0.7691245843507309,5.091143665922604,0
rs79734846,23747984,1.9703175424e-4,-4.06659637524222,0.9909021711005879,5.843516965672023,0.0014976899999999999,-1.3281653746770026,0.9639090754208246,-0.8106779049895295,5.032839060682494,0
rs79738601,23111914,0.0010573357788900002,-1.5786534303911528,0.9530434284225401,-0.3417040614212692,0.00452929,0.19465081723625557,0.898285151189251,-1.1257734538996056,-1.4674775153208748,0
rs79771833,22886653,7.61152921e-4,1.8055783101960927,0.9657464338743723,-0.11276103119146197,0.00632025,0.949685534591195,0.8635531975755745,-0.6064897896992976,-0.7192508208907595,0
rs79775641,22860111,7.8312664336e-4,-0.20963894169608785,0.9647923833531461,-1.6520458366699295,0.00509796,0.12464985994397758,0.8869580797002792,-1.0831076820569834,-2.735153518726913,0
rs79793010,23368291,0.0042479370464400005,-8.576504920507793,0.8347615000755884,29.800858002379528,0.030800249999999998,-1.4797720797720797,0.5649697564627244,0.20239445279102625,30.003252455170554,0
rs79798727,23299867,0.0041968759588900005,-8.5815634584839,0.8364228040235271,29.893203922406304,0.026601609999999998,-2.033108522378909,0.6005860819280495,0.782391867245982,30.675595789652284,0
rs79810336,23722987,0.005443694985959999,1.1940299316629936,0.797659772258747,-0.23028760034604256,0.10361961000000001,-1.066480273376825,0.2785134982611358,-0.00483293928849432,-0.23512053963453688,0
rs79811752,23506642,0.00104023020676,3.453023942255818,0.9537679707979194,4.149025053262614,0.011491840000000001,0.27425373134328357,0.7768221139504823,-0.7206786850635679,3.428346368199046,0
rs79813734,22855597,0.0020465309299599996,1.6712232474037658,0.912937685498895,0.054346029782890826,0.025568009999999995,0.9136960600375236,0.6100535916828954,-0.21622426219363322,-0.1618782324107424,0
rs79813938,23412716,4.5903491000999995e-4,-4.947234785368564,0.9790576817318308,10.048291323739418,0.004121639999999999,-1.4174454828660437,0.9065846147151376,-0.2746166027998411,9.773674720939578,0
rs79827734,23748351,7.8464413225e-4,-5.234064580618674,0.9647265669134448,11.542237946591856,0.00474721,-1.7764876632801159,0.8939104806757784,0.28881379568038645,11.831051742272242,0
rs79830046,23303267,0.00419291215729,-8.579487805141715,0.8365520453776707,29.882668438274976,0.025953209999999997,-2.21415270018622,0.6064905711185248,1.0203264511759804,30.902994889450955,0
rs798641,23620937,1.5764309136e-4,5.39127560610405,0.9927076572071215,11.966482042988307,9.4864e-4,0.6363636363636364,0.9768334186434519,-1.6847336640020705,10.281748378986237,0
rs798645,23618026,6.26882314081e-5,2.3123576744943852,0.9970873387372665,-0.2536320358203872,3.7636e-4,-0.10824742268041236,0.9906787040733737,-2.3319226649198974,-2.5855547007402846,0
rs798646,23619734,5.91582492736e-5,4.1411361201543535,0.9972509001702519,5.602691137071165,3.6480999999999997e-4,-1.4031413612565447,0.990962177203361,-1.3776625059248362,4.225028631146329,0
rs798647,23620014,5.91531730321e-5,4.114529632263744,0.9972511354161245,5.493125130862586,3.6480999999999997e-4,-1.4397905759162304,0.990962177203361,-1.3260377254151194,4.167087405447466,0
rs79887697,23379560,0.019048692289,0.8051471920125781,0.5297625686744865,-0.20554629804052715,0.16760835999999998,-0.1988275525158769,0.1926704685687995,-0.10320331378335265,-0.30874961182387983,0
rs79896768,23500669,4.4814349636000005e-4,4.043411716912146,0.9795444109569714,6.062623554357671,0.0035164899999999997,0.9966273187183812,0.9191917822416285,-0.8013373287519185,5.261286225605753,0
rs79901724,23645609,6.5184217344e-4,-0.10963017797831671,0.9705206438521825,-1.7562002910282783,0.00710649,-0.7330960854092526,0.8491398955855127,-0.7175245941782714,-2.4737248852065497,0
rs79941637,22876582,2.8064290576000004e-4,-1.839097681526229,0.9870913103987701,-0.5056175530015994,0.002209,0.23829787234042554,0.9476651898884124,-1.4481397730404193,-1.9537573260420187,0
rs79954300,23306971,0.004184278595999999,-8.575101258386669,0.836833684418079,29.860685908636082,0.025824490000000002,-2.062850031113877,0.6076765653634384,0.8251039669168161,30.6857898755529,0
rs79961622,23720329,0.00356306323396,-1.4117092244443925,0.8576086961192004,-0.12001415545047112,0.04618201,0.7854816193578409,0.4641339880562081,-0.16875455052238475,-0.28876870597285587,0
rs79991319,23103292,6.774411672900001e-4,2.989411281058257,0.9693983651595746,2.58820200501963,0.00685584,0.8756038647342995,0.8536822731168623,-0.6337359342640246,1.9544660707556054,0
rs80000976,23504907,0.0013128230424099998,2.749222391804134,0.9423512665452406,2.13455736530927,0.01522756,0.5097244732576985,0.7242760679631691,-0.5500872242009366,1.5844701411083335,0
rs80003387,23347880,2.4568368049e-4,8.24827903000453,0.9886811237206315,31.391376918824708,0.00153664,0.4183673469387756,0.9630051925239981,-1.5642108623013278,29.82716605652338,0
rs80009109,23352134,0.00424579953604,-8.577251618329093,0.834830912934223,29.80854733906005,0.029583999999999996,-1.5313953488372096,0.5748447919061854,0.24640438248057878,30.054951721540625,0
rs80028447,23137107,0.0010286195984099999,-13.954059759105267,0.9542603904398237,91.36238460488505,0.00762129,-2.471935853379152,0.8399604462625855,1.6501080949315394,93.01249269981659,0
rs80034634,22859450,0.00166494193369,13.161355465313195,0.9280022565704931,79.05930803768385,0.01157776,0.14776951672862454,0.7755280570540481,-0.7385351282400969,78.32077290944375,0
rs80100814,23323979,0.00413867055625,-8.453005867951658,0.8383246360327176,29.039451856356813,0.025312809999999998,-1.7184160905091137,0.6124372845082,0.4303107232581397,29.46976257961495,0
rs80113965,23290307,0.004044896400250001,-8.373241928002578,0.8414069170523526,28.5753092773008,0.025249210000000005,-1.8086847073631211,0.6130342421004024,0.5280122970133907,29.10332157431419,0
rs80126117,23255573,0.004197420156249999,-8.397684738568397,0.8364050633661064,28.586925405193394,0.026961640000000005,-2.08830694275274,0.5973569345075778,0.8476921260973762,29.43461753129077,0
rs80151411,23208273,0.003577594969,-7.74055807265979,0.857110942476112,24.704588772162623,0.01996569,-1.665251238499646,0.6670481070091915,0.3750041421093434,25.079592914271966,0
rs80182919,23130246,0.00421208788036,-7.720159751989966,0.8359271836521197,24.007269804724466,0.03508129,-2.7218366257341167,0.5327558969751319,1.592981233049962,25.600251037774427,0
rs80185690,23798057,0.004797848022249999,0.8286819746919507,0.8172793010745878,-0.569279770248289,0.053963290000000004,-0.21222557038312526,0.4256981636126194,-0.2677134295123002,-0.8369931997605893,0
rs80241600,23052612,1.4362824025000002e-4,-2.577295673578372,0.9933516539045687,0.7924522499754225,0.00113569,-0.6498516320474778,0.9723916141919583,-1.5894938968298584,-0.7970416468544359,0
rs80294482,23737648,7.63582689e-4,0.12040567437484166,0.9656408459360665,-1.6784436991418752,0.00466489,1.1273792093704247,0.8955580098820349,-0.5604418422475189,-2.238885541389394,0
rs80296682,23106075,3.2620333321e-4,-0.2767799303475425,0.9850270521084196,-2.0630250423558048,0.0032262400000000004,-2.7764084507042255,0.925363853067026,2.268992494458811,0.20596745210300638,0
rs80320649,23683282,7.6572298089e-4,1.178351890198289,0.9655478565889108,-1.0137540717010705,0.0050409999999999995,0.3690140845070423,0.8880797495615107,-1.0345188264944019,-2.0482728981954725,0
rs80325002,23297711,0.004119175088639999,-8.55336798544113,0.8389635755544304,29.776268825180086,0.0256,-2.080625,0.6097560975609757,0.8493255200314562,30.625594345211542,0
rs80325404,23330808,0.004144964665960001,-8.45359063331956,0.8381185622429862,29.036869415243796,0.026961640000000005,-1.6741778319123017,0.5973569345075778,0.3823049359739799,29.419174351217777,0
rs8180849,22859259,1.2622522500000001e-4,3.955531820204717,0.9941525041105866,5.206499470494695,7.128900000000001e-4,1.7940074906367038,0.9824898207914005,-0.4414329416880811,4.765066528806614,0
rs858233,23241533,3.9843752881e-4,0.7028991678731921,0.9817718920068924,-1.7598645759194433,0.00203401,-2.5787139689578713,0.9516103745514644,1.6497581110257842,-0.11010646489365916,0
rs858237,23239223,4.003920960400001e-4,0.6026197163389938,0.9816841103589363,-1.8217436059267496,0.00205209,-2.556291390728477,0.9512012363713671,1.5978468593536697,-0.2238967465730799,0
rs858239,23286315,6.01758584361e-5,-24.45744723364156,0.997203743828451,295.3073119756809,2.9928999999999996e-4,-5.705202312138728,0.9925733182892303,13.702461878150432,309.0097738538313,3.2537685866088525e-268
rs858240,23284237,6.038999521000001e-5,-24.42691510854319,0.9971938212281959,294.5619378543842,3.0275999999999995e-4,-5.758620689655173,0.99248785939226,14.010680991314107,308.57261884569834,2.1015157740858517e-268
rs858241,23225555,7.9036325956e-4,-3.2684449408467136,0.9644785979317845,3.482823406010802,0.005898239999999999,-1.1979166666666667,0.871493111718445,-0.40058818647074534,3.0822352195400566,0
rs858242,23225342,3.99000625e-4,0.6760700876095118,0.9817466011612881,-1.777338155068445,0.00204304,-2.6172566371681416,0.9514059877687245,1.7464533952063603,-0.03088475986208472,0
rs858243,23224357,3.9903258563999994e-4,0.6807186695902042,0.9817451657233972,-1.7742031609680309,0.00205209,-2.611479028697572,0.9512012363713671,1.7334867493161816,-0.04071641165184925,0
rs858244,23223873,3.9904856644e-4,0.6832280413692294,0.9817444479844676,-1.7725035852585334,0.00205209,-2.609271523178808,0.9512012363713671,1.7280055303540056,-0.04449805490452774,0
rs858245,23222727,4.0074434596000004e-4,0.6404743588462729,0.9816682921178962,-1.7982177226462162,0.0020611600000000002,-2.5308370044052864,0.950996120886823,1.53770180849475,-0.26051591415146613,0
rs858246,23221492,4.0082442436e-4,0.6697002087849515,0.9816646961642548,-1.7793259452372534,0.0020611600000000002,-2.5308370044052864,0.950996120886823,1.53770180849475,-0.24162413674250338,0
rs858247,23221283,4.0082442436e-4,0.6707691078189465,0.9816646961642548,-1.7786226677117498,0.0020611600000000002,-2.5308370044052864,0.950996120886823,1.53770180849475,-0.2409208592169998,0
rs858248,23220991,3.9913247089e-4,0.7186347186697566,0.9817406796365168,-1.7480367666937273,0.00222784,-2.457627118644068,0.9472423879601704,1.3896157510103746,-0.3584210156833527,0
rs858249,23220639,3.9775914721e-4,0.7154067158379254,0.9818023625003662,-1.7519852030124419,0.00204304,-2.5508849557522124,0.9514059877687245,1.5832785880003533,-0.1687066150120886,0
rs858250,23218560,3.9935625920999994e-4,0.7261545544163052,0.9817306289135024,-1.7424311714653202,0.00222784,-2.4343220338983054,0.9472423879601704,1.3356194824008691,-0.4068116890644511,0
rs858251,23218351,4.4109660529000007e-4,3.3531137065940397,0.979859589248699,3.555949205710001,0.00227529,-2.0377358490566038,0.9461791982976344,0.5033942054042118,4.059343411114213,0
rs858252,23217872,4.0077237249000003e-4,0.7667251102685908,0.9816670335719889,-1.7109821770653457,0.0020611600000000002,-2.566079295154185,0.950996120886823,1.6231141015232233,-0.08786807554212239,0
rs858253,23217720,4.0077637636e-4,0.7666663336563533,0.9816668537763875,-1.7110215639391768,0.0020611600000000002,-2.563876651982379,0.950996120886823,1.6177412290496034,-0.09328033488957344,0
rs858254,23217203,4.4045836641000007e-4,3.4263714376926777,0.9798881450511198,3.798730892826468,0.0022657600000000003,-2.130252100840336,0.9463925409125495,0.6843188491887056,4.483049742015173,0
rs858255,23216705,4.3479339289000004e-4,3.2540080664885833,0.9801416777650283,3.2295825940071996,0.0022657600000000003,-1.9474789915966386,0.9463925409125495,0.33164586262728757,3.5612284566344874,0
rs858256,23215636,4.3467246144e-4,3.2432370208357315,0.9801470914145138,3.195178542627154,0.00225625,-2.046315789473684,0.946605531726076,0.5168878706599691,3.7120664132871233,0
rs858257,23215528,3.9627670489e-4,0.6837949032235379,0.9818689551303169,-1.7755158929690884,0.00205209,-2.4856512141280356,0.9512012363713671,1.4284551758409814,-0.34706071712810704,0
rs858259,23215504,4.3680999999999993e-4,3.205665071770335,0.980051410606905,3.078347123146493,0.00227529,-1.9538784067085955,0.9461791982976344,0.34503855020784613,3.423385673354339,0
rs858260,23212934,6.29453411161e-5,-25.911132230290367,0.9970754276762058,331.7943236281532,3.4969000000000005e-4,-4.657754010695187,0.9913335145821442,8.37918195938314,340.17350558753634,1.1133286608431526e-254
rs858263,23210921,6.8767719696e-4,15.034396497811132,0.9689503361886911,107.77132983580402,0.0031472099999999997,-1.5133689839572193,0.9270587831750883,-0.24743597704190323,107.52389385876212,0
rs858264,23210870,6.876876864399999e-4,15.03923916442316,0.9689498772786609,107.84184263990689,0.0031472099999999997,-1.5115864527629235,0.9270587831750883,-0.24993536341117628,107.5919072764957,0
rs858265,23210389,4.4567009880999996e-4,13.078172886992029,0.979655012703029,81.83195353625987,0.00232324,-1.5248962655601659,0.9451072271404553,-0.3523537991305006,81.47959973712938,0
rs858266,23210176,6.8295982225e-4,15.018348097269788,0.969156763275634,107.55761284972924,0.00310249,-1.5888689407540395,0.9280206317546852,-0.1442917410560256,107.41332110867322,0
rs858267,23210129,6.8295982225e-4,15.018348097269788,0.969156763275634,107.55761284972924,0.00335241,-1.5146804835924006,0.9226707350294944,-0.22141952153636169,107.33619332819288,0
rs858268,23209649,6.829807292100001e-4,15.01781211376794,0.9691558482162042,107.5497233224431,0.00310249,-1.5996409335727109,0.9280206317546852,-0.12835456180326754,107.42136876063984,0
rs858269,23209465,6.8299118281e-4,15.017238014701098,0.969155390681885,107.54132352546006,0.00310249,-1.6014362657091563,0.9280206317546852,-0.12568789601801322,107.41563562944205,0
rs858270,23209398,6.876876864399999e-4,15.034663168572061,0.9689498772786609,107.77517014246214,0.0031472099999999997,-1.5204991087344029,0.9270587831750883,-0.23740897503718172,107.53776116742496,0
rs858271,23278283,6.0226601936400005e-5,-24.534119872483757,0.9972013924747682,297.1799291379787,2.9928999999999996e-4,-5.687861271676301,0.9925733182892303,13.60441172560534,310.7843408635841,1.918983860143731e-267
rs858272,23276785,6.0096759884099995e-5,-24.475859142102703,0.9972074091213973,295.7569721597026,2.9928999999999996e-4,-5.635838150289017,0.9925733182892303,13.31205213833618,309.0690242980388,3.452381676504377e-268
rs858273,23294900,6.01373883289e-5,-24.34469872324732,0.9972055264647041,292.5640297590752,2.9928999999999996e-4,-5.728323699421965,0.9925733182892303,13.833659714601774,306.39768947367696,2.3876618998172074e-269
rs858274,23294668,6.01100944249e-5,-24.40826666081952,0.9972067912194703,294.1094126774443,2.9928999999999996e-4,-5.705202312138728,0.9925733182892303,13.702461878150432,307.8118745555947,9.820771509801929e-269
rs858275,23294144,6.01332007936e-5,-24.39016527049891,0.9972057205080165,293.6688597476877,2.9928999999999996e-4,-5.664739884393064,0.9925733182892303,13.474142488603096,307.1430022362908,5.031043234688285e-269
rs858276,23252553,4.0067228224000006e-4,0.6856890212221733,0.9816715281915422,-1.7688738225275968,0.002025,-2.6422222222222222,0.9518143961927424,1.8061216464343806,0.03724782390678372,0
rs858277,23252261,4.0313411524000003e-4,0.5963682003366836,0.9815609898778523,-1.822094819819152,0.00205209,-2.509933774834437,0.9512012363713671,1.4861481921730912,-0.33594662764606076,0
rs858278,23252202,4.032666422499999e-4,0.5886960635410702,0.9815550400129058,-1.8263967018514353,0.0020611600000000002,-2.511013215859031,0.950996120886823,1.4901764560563429,-0.33622024579509247,0
rs858279,23251005,6.0444716144400006e-5,-22.282761086715492,0.9971912856189948,244.6259131590119,3.1684e-4,-5.842696629213483,0.9921412491653612,14.511350647593156,259.13726380660506,7.129035047555475e-290
rs858280,23250874,4.0345543043999993e-4,0.6483356732482999,0.9815465643993233,-1.7899611352760931,0.0020611600000000002,-2.502202643171806,0.950996120886823,1.4691740382805425,-0.32078709699555064,0
rs858281,23250567,4.0346346496000004e-4,0.6702096941213955,0.9815462036941658,-1.7757966145205784,0.0020611600000000002,-2.5088105726872247,0.950996120886823,1.4849189307805246,-0.29087768374005374,0
rs858283,23249708,4.0335500569e-4,0.6796805369528524,0.9815510729331199,-1.769653100844321,0.00205209,-2.5849889624724063,0.9512012363713671,1.6680180502702857,-0.10163505057403532,0
rs858284,23249700,4.0379696809e-4,0.7078284323727152,0.9815312314967162,-1.7499531576758371,0.0020611600000000002,-2.5264317180616738,0.950996120886823,1.527108321848608,-0.22284483582722925,0
rs858285,23249518,4.033389388899999e-4,0.7112924668754638,0.981551794250293,-1.748092409255754,0.0020611600000000002,-2.5352422907488985,0.950996120886823,1.5483137506925395,-0.19977865856321442,0
rs858287,23249213,4.0103667080999996e-4,0.766682146620127,0.981655165277163,-1.7106944191386706,0.00203401,-2.6341463414634148,0.9516103745514644,1.7872473558285693,0.07655293668989871,0
rs858288,23249111,4.0180603401e-4,0.7764241635112821,0.9816206187179731,-1.7023855341461862,0.0020611600000000002,-2.515418502202643,0.950996120886823,1.500705348271715,-0.20168018587447123,0
rs858289,23248158,6.104656303289999e-5,-22.662970372048438,0.9971633986326369,253.14408498484096,3.1329000000000003e-4,-5.847457627118644,0.9922286174112804,14.534864242345318,267.67894922718625,3.6528984082331687e-286
rs858290,23248036,6.104000009609999e-5,-22.680700029822816,0.9971637027223815,253.54493326287087,3.1329000000000003e-4,-5.853107344632768,0.9922286174112804,14.567659822585014,268.1125930854559,5.635944773989726e-286
rs858291,23247361,4.000840044099999e-4,0.6258742832002641,0.9816979460324318,-1.8080963118451048,0.00204304,-2.5774336283185844,0.9514059877687245,1.6480455748331493,-0.1600507370119555,0
rs858292,23246733,4.0058421316e-4,0.6474373707193748,0.9816754830264646,-1.7940107117824953,0.0020611600000000002,-2.541850220264317,0.950996120886823,1.5642662681485655,-0.22974444363392976,0
rs858293,23246324,4.005041587599999e-4,0.6616581553621219,0.9816790779813761,-1.7849704110582487,0.00205209,-2.576158940397351,0.9512012363713671,1.6463434795581215,-0.13862693150012717,0
rs858294,23245632,3.9265404025e-4,0.7570084025131841,0.9820317264709165,-1.728191433131677,0.0019980899999999997,-2.823266219239374,0.9524242650082421,2.273090765058166,0.544899331926489,0
rs858295,23245569,6.10442190864e-5,-22.707818171578943,0.9971635072379723,254.1585979264734,3.0976e-4,-5.903409090909091,0.9923155087006224,14.856940719456713,269.0155386459301,1.3903079406934064e-285
rs858296,23245548,3.9907253824e-4,0.64408714108365706,0.9817433713510938,-1.797976268155995,0.00205209,-2.573951434878587,0.9512012363713671,1.6409364250808456,-0.1570398430751494,0
rs858298,23244920,4.0055619321e-4,0.6534758342951648,0.9816767412985533,-1.7901889930983839,0.0020611600000000002,-2.5088105726872247,0.950996120886823,1.4849189307805246,-0.30527006231785925,0
rs858299,23244875,4.0009200529000005e-4,0.613704423991241,0.9816975867267181,-1.8154912649804993,0.00204304,-2.530973451327434,0.9514059877687245,1.5351434169191638,-0.2803478480613355,0
rs858300,23244631,6.10535951424e-5,-22.707226300539567,0.9971630728042623,254.14516069650298,3.1329000000000003e-4,-5.847457627118644,0.9922286174112804,14.534864242345318,268.6800249388483,9.940294505858875e-286
rs858301,23244323,4.0008000399999996e-4,0.6413408659134087,0.98169812568404,-1.7984807943684948,0.00204304,-2.599557522123894,0.9514059877687245,1.7025303135406338,-0.09595048082786106,0
rs858302,23244243,4.000840044099999e-4,0.6257592952739963,0.9816979460324318,-1.8081669561789573,0.00205209,-2.567328918322296,0.9512012363713671,1.6247430733308579,-0.1834238828480994,0
rs858303,23243498,4.0008800484000003e-4,0.6256611772705002,0.9816977663799912,-1.8082223531930421,0.00205209,-2.562913907284768,0.9512012363713671,1.6139706818990636,-0.19425167129397858,0
rs858304,23243153,4.0008800484000003e-4,0.6255711871694113,0.9816977663799912,-1.8082776220542502,0.00205209,-2.562913907284768,0.9512012363713671,1.6139706818990636,-0.19430694015518668,0
rs858305,23242830,6.117914732410001e-5,-22.733647757331834,0.9971572554586605,254.74328569788437,3.1329000000000003e-4,-5.7909604519774005,0.9922286174112804,14.2086503587443,268.95193605662865,1.3046341718248696e-285
rs858306,23242754,6.10651599364e-5,-22.73066971061192,0.9971625369572628,254.6762153372254,3.1329000000000003e-4,-5.807909604519774,0.9922286174112804,14.306181975690844,268.98239731291625,1.3449864379031057e-285
rs858307,23208424,5.9124354025e-4,10.904525919680863,0.9731877173647925,56.050788529764006,0.0027248400000000005,-2.126436781609195,0.9362235177475211,0.7404911819033726,56.79127971166738,0
rs858308,23208346,6.830329980099999e-4,15.016510489804821,0.9691535605139143,107.5305586768262,0.00335241,-1.5267702936096719,0.9226707350294944,-0.20445596076857275,107.32610271605763,0
rs858309,23206473,6.8359762849e-4,14.988391972676196,0.9691288484398605,107.11934906163793,0.0031136400000000004,-1.596774193548387,0.9277806281260409,-0.13124799429764367,106.9881010673403,0
rs858310,23206329,6.874412048099999e-4,15.062263769542053,0.9689606608539699,108.17866978036716,0.00315844,-1.5160142348754448,0.926817558744014,-0.24234787164344218,107.93632190872371,0
rs858311,23206145,4.3861762623999994e-4,3.2194793536804314,0.9799705119588924,3.1234455142108386,0.00231361,-1.995841995841996,0.9453223206434053,0.42964165061032045,3.553087164821159,0
rs858312,23205634,4.3693958961000005e-4,3.2360367600977846,0.9800456104987798,3.1743333649273033,0.002304,-2.0166666666666666,0.9455370650529501,0.46760590616891173,3.641939271096215,0
rs858313,23204737,4.3548177124e-4,3.1970749753213026,0.9801108627755882,3.05020711292956,0.0022848400000000002,-2.100418410041841,0.9459655044219157,0.6276188884498557,3.6778260013794153,0
rs858314,23204551,4.3549011855999995e-4,3.1978302121868474,0.9801104891229412,3.0525814008266465,0.0022944099999999998,-2.104384133611691,0.9457514598264878,0.6370086914048501,3.6895900922314966,0
rs858315,23203967,4.3548594488999995e-4,3.1964462845560013,0.9801106759496768,3.0482410539460707,0.0022944099999999998,-2.096033402922756,0.9457514598264878,0.6204218395590955,3.668662893505166,0
rs858316,23203130,4.3557359616e-4,3.199191199018706,0.980106752415183,3.056922755679209,0.0022944099999999998,-2.1106471816283925,0.9457514598264878,0.6494921110904532,3.7064148667696624,0
rs860817,23251469,4.0128102400000004e-4,0.7054263178913738,0.9816441928721008,-1.7546586660185293,0.00203401,-2.65410199556541,0.9516103745514644,1.83745929355195,0.08280062753342077,0
rs860818,23250363,4.0115282943999997e-4,0.7323504154018214,0.9816499492739923,-1.7358138113725206,0.00203401,-2.6097560975609757,0.9516103745514644,1.7263918440711137,-0.009421967301406875,0
rs864524,23208735,6.8301731716e-4,15.016338493797495,0.9691542468326585,107.5281218351387,0.0031136400000000004,-1.6003584229390682,0.9277806281260409,-0.12593215611282815,107.40218967902588,0
rs870476,23193271,6.35934477025e-5,-24.090387545378736,0.9970454042573317,286.4038442712332,3.2761000000000004e-4,-5.022099447513812,0.9918762852546927,10.101811490016257,296.50565576124944,1.2075835081772783e-273
rs879575687,23335308,6.357016414810001e-5,-6.77631884250648,0.9970464828324118,19.979058713668437,3.2041e-4,-4.1731843575419,0.9920534042188559,6.221031177186393,26.20008989085483,0
rs886205767,23348740,0.014300572224999999,0.4170732115231844,0.600101989669043,-0.4060789795933059,0.72403081,-0.22799388882359856,0.052353909654507265,-0.02552637455133146,-0.43160535414463735,0
rs888925837,23297297,0.0033570783640900002,0.9362585281746901,0.8647269628788029,-0.621228828707686,0.05621641,0.4204976803036693,0.41572949978075474,-0.23194131751515507,-0.8531701462228412,0
rs894132858,23773442,7.03313695044e-5,0.9420369694671599,0.9967333783423672,-2.419732109244132,3.5344e-4,-1.0212765957446808,0.9912413910685186,-1.8519237900319392,-4.271655899276071,0
rs902437173,23254300,0.0025998577254400003,2.0116966863311156,0.891941992746957,0.6922669853914494,0.047785959999999995,-1.0869167429094237,0.45565372868280996,-0.03493292825249872,0.6573340571389507,0
rs910194546,22861038,0.021105406728999996,-1.3696593404324153,0.5041649998086034,0.12214234344727687,0.0841,0.10793103448275863,0.3223207091055601,-0.19266318820736575,-0.07052084476008888,0
rs913444905,23069099,0.00730684749601,-0.5527227974698204,0.7459974193132256,-0.5712533910342623,0.13155129000000002,0.14116349600220568,0.23316641920908904,-0.13041956859994822,-0.7016729596342105,0
rs917902718,22854451,6.95215769616e-5,-1.4045042192574682,0.9967708686386824,-1.8846399462862613,4.6224999999999993e-4,0.05581395348837209,0.9885757712435665,-2.2344696203557737,-4.1191095666420345,0
rs923061344,23679674,1.4992533136e-4,-1.7725000816699876,0.993062192806594,-0.9254049411795142,8.2944e-4,1.2395833333333335,0.9796852467239325,-1.1955280152525383,-2.1209329564320525,0
rs925632823,23134841,0.00809692229241,1.7055018231241712,0.7260564313823189,0.4085368362628763,0.06330256,0.2937201907790143,0.38721208845163185,-0.2281655000519756,0.18037133621090068,0
rs926248230,23737795,5.809884750759999e-5,8.531341098309426,0.9972999979336392,33.3363809180631,3.0976e-4,0.4375,0.9923155087006224,-2.3393078539052197,30.99707306415788,0
rs927151771,23522382,0.00312236205961,-1.5622524745830657,0.8729835214574825,0.03359688137549255,0.03222025,0.3983286908077994,0.5538612785195288,-0.35962326386044746,-0.3260263824849549,0
rs929464,22874770,7.009858880009999e-5,4.720638663050061,0.9967441549094914,8.242285664234787,3.3489e-4,0.032786885245901634,0.9916972625932537,-2.39505197797191,5.847233686262877,0
rs929507,23166664,6.248997360360001e-5,-27.03572142399931,0.9970965235743418,361.4830738617765,3.1684e-4,-4.988764044943821,0.9921412491653612,9.9230261633834,371.4061000251599,4.081002014959191e-241
rs929508,23166709,6.248997360360001e-5,-27.03572142399931,0.9970965235743418,361.4830738617765,3.1684e-4,-4.988764044943821,0.9921412491653612,9.9230261633834,371.4061000251599,4.081002014959191e-241
rs936157743,22907565,1.9437657561e-4,-4.173376655979458,0.9910236719497569,6.273783485473856,0.0016810000000000002,-0.6878048780487804,0.9596698735634941,-1.3783300907709475,4.895453394702908,0
rs936911416,22933282,6.10581271609e-5,2.574222834231511,0.997162862816146,0.3714313960614808,4.2025000000000005e-4,2.55609756097561,0.9896029836529958,0.9497340151544571,1.321165411215938,0
rs938808604,23024386,0.0017762937452099998,-1.4153361758264704,0.923555125773531,-0.3605707402633581,0.05755201,-0.944977073780742,0.41003768143783,-0.08077023872212355,-0.44134097898548164,0
rs939521293,23244961,4.0008000399999996e-4,0.6258474152584742,0.98169812568404,-1.8081176924817752,0.00205209,-2.56953642384106,0.9512012363713671,1.630136221967215,-0.17798147051456015,0
rs942643843,23052337,0.00150736509504,1.164773546805135,0.9343691955641187,-0.7280269204212817,0.01517824,0.16964285714285712,0.7249234480838823,-0.6349217478768777,-1.3629486682981593,0
rs942792845,23310017,7.0153468225e-4,15.220093255054463,0.9683444562462702,110.43267539144095,0.00304704,-1.463768115942029,0.9292160390122062,-0.3285843357209134,110.10409105572003,0
rs943929350,23267345,0.0016581754084899999,-3.358120071609771,0.928273876495793,3.916608394699767,0.02608225,-1.6804953560371514,0.605306266054803,0.3898894257077583,4.306497820407525,0
rs950934,23750270,2.4918516736e-4,1.056013075207784,0.9885216586040285,-1.6824649949535528,0.0015523599999999998,1.4314720812182742,0.9626408704583806,-0.6573093491875359,-2.3397743441410888,0
rs952637812,23448098,6.910580274009999e-5,7.178596389506063,0.9967901184900652,22.81265623205904,4.3680999999999993e-4,-0.6411483253588517,0.9891977136673243,-2.0606834016064672,20.751972830452573,0
rs955187,23194605,6.115584084839999e-5,22.459854070601594,0.9971583353377826,248.57410798240727,3.1329000000000003e-4,5.6892655367231635,0.9922286174112804,13.629446523472911,262.20355450588016,1.530043859916395e-288
rs956339,23094934,7.467241134239998e-5,1.6617600088875313,0.9965324527854237,-1.4562184539669,6.200099999999999e-4,2.7309236947791167,0.9847363405375824,1.5809141156813533,0.12469566171445323,0
rs957693276,23087147,0.00267430676769,2.889563113836372,0.8891905446609155,2.612209980351266,0.059438439999999995,-0.7547169811320755,0.40225892522046813,-0.1427359184063572,2.4694740619449087,0
rs959202810,22865087,0.005667349411239999,-3.2740449882973044,0.7910833725251798,3.4570479079168948,0.266256,-0.9856589147286823,0.13060968601431486,-0.006536361365313867,3.450511546551581,0
rs9638804,22960374,7.760200463999999e-5,1.253870953094492,0.9963969020403057,-2.029716827656156,6.300100000000001e-4,2.545816733067729,0.9844939737893247,1.107079452284959,-0.9226373753711972,0
rs9639448,22958395,8.114748707609998e-5,1.4602156482045783,0.9962329037391184,-1.7286266861452277,6.6049e-4,2.700389105058366,0.9837559753952793,1.526809045506626,-0.20181764063860164,0
rs9639449,22958426,7.75909054449e-5,1.2623728936705958,0.9963974155246506,-2.019129742172052,6.300100000000001e-4,2.553784860557769,0.9844939737893247,1.1270815520365551,-0.8920481901354971,0
rs9639457,23197709,4.3551516099999993e-4,-3.165451147635249,0.980109368145223,2.95163440360676,0.002304,2.0770833333333334,0.9455370650529501,0.5845360920457403,3.5361704956525,0
rs9639460,23294516,6.414344028160001e-5,-7.452802860795908,0.9970199273700717,24.78146845768629,3.0976e-4,-4.284090909090908,0.9923155087006224,6.671923504135793,31.453391961822085,0
rs9647993,22858256,1.2628590129e-4,3.9648059656335373,0.9941497096719324,5.243228812948912,7.128900000000001e-4,1.7715355805243445,0.9824898207914005,-0.48079372565447454,4.762435087294437,0
rs9647996,23063622,6.45348728896e-5,1.624289213977713,0.9970017961286098,-1.589668318051249,5.0176e-4,-0.8526785714285714,0.9876114025662095,-1.836462653969667,-3.426130972020916,0
rs9647997,23135867,3.7233947521e-4,12.86405024849581,0.9829454887824823,79.29510157038867,0.0022657600000000003,-1.8697478991596637,0.9463925409125495,0.1912403824947715,79.48634195288344,0
rs9648293,22965247,7.78751535961e-5,1.199838181284555,0.9963842654607676,-2.0940269221542347,6.300100000000001e-4,2.649402390438247,0.9844939737893247,1.3719822608701655,-0.7220446612840692,0
rs9648294,22965291,7.788786166810001e-5,1.204193346258134,0.996383677560182,-2.08873000881807,6.300100000000001e-4,2.641434262948207,0.9844939737893247,1.3512300823778842,-0.7374999264401856,0
rs9648295,22965295,7.787144727040001e-5,1.2092383913839682,0.9963844369228674,-2.082768535587431,6.300100000000001e-4,2.6613545816733066,0.9844939737893247,1.4032277284118195,-0.6795408071756115,0
rs9648300,23145289,3.728027256100001e-4,12.952853983561303,0.9829246325328403,80.42073191737107,0.00225625,-1.8989473684210527,0.946605531726076,0.24170623375841482,80.66243815112949,0
rs9654968,22876316,6.93993961969e-5,-1.3380020478643273,0.9967765253854629,-1.9764083860162227,4.5369e-4,0.051643192488262914,0.9887849538571142,-2.243930944021364,-4.220339330037587,0
rs9654971,23761242,9.876324772090002e-5,-5.173954036890834,0.995418876541651,10.630676800514106,4.7961e-4,-1.1278538812785388,0.9881518127274448,-1.5892987784266421,9.041378022087464,0
rs9655230,22875734,6.938223616e-5,-1.3467153284671534,0.996777319869046,-1.9648722697493652,4.5369e-4,0.051643192488262914,0.9887849538571142,-2.243930944021364,-4.208803213770729,0
rs9655231,22875844,6.937923753640002e-5,-1.3602867906769016,0.9967774587008834,-1.946583890471171,4.5369e-4,0.06572769953051644,0.9887849538571142,-2.2431136583027094,-4.18969754877388,0
rs9655236,23706447,0.0022219816164100003,0.6677938558993929,0.9061740748291842,-0.9811034912970095,0.03853369,-0.9149261334691798,0.5093355475847372,-0.14281758716094978,-1.1239210784579592,0
rs9655237,23760078,5.8564888672899995e-5,-0.6925832084330249,0.9972783987532879,-2.714084426096446,2.9928999999999996e-4,0.09826589595375722,0.9925733182892303,-2.4465458270103753,-5.160630253106821,0
rs9690014,23760441,9.880558801000001e-5,-5.162231768292069,0.9954169215924743,10.57055983612978,4.7961e-4,-1.1461187214611872,0.9881518127274448,-1.5687779551436303,9.00178188098615,0
rs9690707,23770017,6.139835120409999e-5,6.751883364749334,0.9971470990099036,19.799226106170376,3.4224999999999994e-4,2.1243243243243244,0.9915163383301625,-0.147571981753861,19.651654124416517,0
rs9691076,22869361,6.93274382161e-5,-1.3481121889528496,0.9967798569389014,-1.963387663171675,4.5369e-4,-0.018779342723004695,0.9887849538571142,-2.2450751440274805,-4.2084628071991554,0
rs9691484,23277639,0.00397077679881,-8.200228202894273,0.843859252811603,27.443628458250913,0.02521744,-2.015743073047859,0.6133328753781196,0.7709576952275049,28.214586153478418,0
rs9691762,23125922,6.22177043524e-5,-23.018020188087455,0.9971091374706348,261.22569473766384,3.2399999999999996e-4,-5.216666666666667,0.9919650828290845,11.085496705765161,272.311191443429,3.753140541317561e-284
rs9691851,23756450,1.0237999489e-4,-4.144194182817272,0.9952519106337705,5.871393558734409,5.0176e-4,-0.5580357142857143,0.9876114025662095,-2.0417163949207278,3.8296771638136815,0
rs9692432,22868863,6.932827084959999e-5,-1.3479119327052878,0.9967798183890124,-1.963650791052161,4.5369e-4,-0.018779342723004695,0.9887849538571142,-2.2450751440274805,-4.2087259350796415,0
rs974904875,22913019,5.88552877584e-5,6.060466231822851,0.9972649403676371,15.363596107775145,4.7961e-4,-0.5844748858447489,0.9881518127274448,-2.049008486762188,13.314587621012956,0
rs975231153,23584340,0.00401181625321,-1.0958968343308773,0.8424996499026084,-0.4182470258030052,0.08076964,0.5446868402533427,0.3312090687692702,-0.15200971360154655,-0.5702567394045518,0
rs9768989,22967423,7.845016898410001e-5,1.0915739832294817,0.99635766480429,-2.213968235119093,6.3504e-4,2.496031746031746,0.9843721084069315,0.9870559736687969,-1.226912261450296,0
rs9770130,23679946,7.479257399289999e-5,1.7698568615457198,0.9965268921972773,-1.2705956473788786,4.3680999999999993e-4,0.7655502392344499,0.9891977136673243,-1.9741305831811449,-3.2447262305600235,0
rs981895355,23270952,0.005382746035839999,-1.0614443511541944,0.7994709345159299,-0.35303043417471597,0.11410883999999999,0.08348134991119005,0.25955681711704537,-0.14934874478038287,-0.5023791789550989,0
rs983935617,23048311,6.29862862321e-5,1.7137010655978346,0.9970735308477008,-1.4528908393073692,4.3264e-4,-1.0480769230769231,0.9892997340762315,-1.725387659294312,-3.1782784986016814,0
rs987257,23147840,6.24069980361e-5,-26.94115428092574,0.9971003676955315,358.9389973636932,3.1684e-4,-4.98314606741573,0.9921412491653612,9.89523531126137,368.8342326749546,3.117590079536705e-242
rs988029097,23752904,5.034907699599999e-4,-1.1937375772106993,0.9770759886349797,-1.191613957516816,0.00345744,-1.0459183673469388,0.9204407806810526,-0.7621709174704515,-1.9537848749872677,0
rs992188792,23333053,6.8972415876e-4,-0.9769862846785923,0.9688607907646728,-1.2722538750199661,0.0030580900000000003,-1.5063291139240507,0.9289775742491132,-0.2684420133578711,-1.5406958883778372,0
rs993179,23715916,5.8208202124900004e-5,3.7076819631348603,0.9972949296919702,3.8985459093045716,3.0625000000000004e-4,-1.4285714285714286,0.9924019227787254,-1.4272750072062799,2.4712709020982917,0
rs9942684,22849145,6.09662694481e-5,5.210659713194905,0.9971671190005275,10.603799051187316,3.4224999999999994e-4,0.518918918918919,0.9915163383301625,-2.251310365460282,8.352488685727034,0
rs9942695,22849460,6.12663121984e-5,3.1900353634979197,0.9971532167937851,2.142895102876947,3.8808999999999995e-4,0.1065989847715736,0.9903909791228057,-2.316899397034813,-0.17400429415786567,0
rs9969137,23478288,6.12234262116e-5,-4.573955785260219,0.9971552038530629,7.499645737390561,3.5721e-4,-0.5714285714285715,0.9911487934869632,-2.2017805388672396,5.297865198523322,0
rs997554706,23319789,6.07394216025e-5,-23.500715335116862,0.9971776300455599,272.4273471128073,3.1329000000000003e-4,-5.638418079096045,0.9922286174112804,13.343692662813673,285.771039775621,2.62986033812722e-278
rs997851171,23546609,1.1605752899999999e-4,-4.644435161979022,0.9946209980188901,8.114748144492598,8.1225e-4,-1.463157894736842,0.9800978872764917,-0.9093527106629751,7.205395433829623,0
rs9986726,23109124,6.565698840999999e-5,-25.908131656567402,0.9969498231542718,331.69567804985394,4.7961e-4,-2.4246575342465753,0.9881518127274448,0.6868643470894478,332.3825423969434,4.603106965813706e-258
rs999804,23314579,0.00385128224569,-8.289667685594445,0.8478431157204585,28.189870291368877,0.022260639999999998,-1.5549597855227884,0.6424604694073174,0.26244788954098386,28.45231818090986,0
