snp,SNP.PP.H4.row1,SNP.PP.H4.row2,SNP.PP.H4.row3,SNP.PP.H4.row4,SNP.PP.H4.row5,SNP.PP.H4.row6,SNP.PP.H4.row7,SNP.PP.H4.row8,SNP.PP.H4.row9,SNP.PP.H4.row10,SNP.PP.H4.row11,SNP.PP.H4.row12,SNP.PP.H4.row13,SNP.PP.H4.row14,SNP.PP.H4.row15,SNP.PP.H4.row16,SNP.PP.H4.row17,SNP.PP.H4.row18,SNP.PP.H4.row19
rs35943474,0,1.1886128114392002e-207,2.56047664531451e-21,5.8879703753535535e-202,1.0225738011061987e-50,1.583296597519296e-21,2.3516375720266424e-20,3.5224011423826014e-143,5.2472947966391225e-88,1.347967373403524e-112,1.9503951996416794e-69,1.0950160234567907e-51,4.8738597110626065e-59,4.972445462474951e-37,4.624742164358085e-11,3.9212615890343714e-75,6.999071494874047e-111,3.4180038155469747e-41,1.9120271790917763e-44
rs2286507,0,2.0153057340569875e-207,1.7726498302233954e-20,6.906389288761182e-202,3.282421050014519e-50,6.661946685204623e-21,1.169626056228593e-19,3.450240928072865e-143,4.0461596083921213e-85,1.3178226358719237e-111,2.6564016275966844e-67,2.0266477553373682e-50,1.7657530189299543e-58,2.6732849746659475e-37,7.243368785999786e-11,4.8247225280982324e-74,1.0945437353852268e-109,2.74700427994773e-41,5.414272457859621e-43
rs2286499,0,2.0102539406524003e-207,1.8322835889278407e-20,6.929356777230623e-202,3.3750425702761574e-50,6.867137436106709e-21,1.206257298536659e-19,3.489286414070026e-143,4.289472957625192e-85,1.3655018303765539e-111,2.7821776959071343e-67,2.108757910929946e-50,1.8190215385695337e-58,2.7561122413726233e-37,7.424572696374183e-11,5.0071735310548686e-74,1.1373648696382076e-109,2.812802271112174e-41,5.637944886320244e-43
rs8180849,0,1.4660322860282283e-200,1.4740389069815637e-20,2.5639376362513493e-199,6.937292943786003e-50,6.712757195503346e-21,1.1529010858127334e-19,2.3683010615686376e-140,1.02379036271266e-86,6.016135558374459e-112,1.6158221494725608e-66,3.39520358223446e-50,2.038163283607743e-58,2.62753790403165e-37,1.5187713811265286e-10,5.6867319144532945e-74,2.1708244129733146e-109,1.5700053146724098e-40,8.946703215892646e-44
rs79775641,0,1.3700490127542676e-207,2.4033642566741357e-21,5.791236043364165e-201,1.3006904570934787e-50,1.4859289391214154e-21,2.4502896189183045e-20,3.5282106421139927e-143,6.148753537284928e-89,1.590610395977034e-112,1.9326958165484319e-69,8.86064154589284e-52,7.315307614648139e-59,6.651515625452678e-38,4.2599700735360574e-11,1.6216040368117465e-74,5.749468448215552e-110,1.6518613808091785e-41,1.7230487324688154e-44
rs2270105,0,5.714246244673139e-207,4.773450162791734e-20,6.354614284260401e-202,5.059989603497604e-50,1.3066705528603259e-20,3.655061929722599e-19,4.460136852085471e-143,2.9484955810623755e-83,1.7935968823374705e-111,1.4300754417883613e-65,6.029570657530935e-49,9.856605024629311e-58,8.20910350961982e-37,1.4994168048047033e-10,5.0470275846082505e-73,1.6725821469874791e-108,3.732178166642124e-41,9.639743778759091e-43
rs2270104,0,6.1067201865303164e-207,1.9502749444785058e-20,1.1891579447760973e-201,3.220548186417503e-49,1.3016172167916364e-20,3.305694809508814e-19,7.412482449831751e-143,3.2162997584158375e-87,8.102236211201114e-112,4.229992763536021e-66,2.1456897577382157e-51,9.925604271179238e-59,2.3497572969007773e-36,4.196925465038564e-10,1.4711357329387875e-72,8.321299750414544e-108,4.152481359383284e-41,2.2963816869786735e-43
rs10276099,0,6.694289913016335e-207,3.157140263313703e-20,7.230957666854854e-202,3.7051107215564663e-50,9.018162381579214e-21,2.2975661675966203e-19,4.859839206311047e-143,8.704013801636768e-84,1.3945119147012748e-111,5.255758231946639e-66,2.4427033822992545e-49,8.004583975737646e-58,5.016266902917358e-37,1.1101932631139393e-10,2.933247389211987e-73,9.5040456743154915e-109,2.8631618654528987e-41,5.532764403863249e-43
rs57869254,0,2.0411430787795112e-202,1.4755662905289388e-16,1.8082888184375086e-199,2.1765314513619337e-43,1.5238889624411995e-16,7.123312175865301e-15,2.2298835262081105e-141,9.349304114750425e-78,8.43555781143514e-106,5.7636474431876975e-61,7.926341284830391e-48,1.1069957082302719e-54,8.354583738412652e-31,3.0750767338463026e-7,9.174439175409118e-57,1.4535938100958077e-88,1.2424722319189286e-40,1.3573225133715625e-37
rs6461670,0,1.4969856802467325e-203,2.1767136021482482e-17,5.531734005524296e-199,2.0302318784972305e-44,2.2543283172646985e-17,1.1175775297314942e-15,5.99616178671058e-142,8.603928968441486e-79,4.884394603305807e-107,7.459603720002193e-62,1.5006797189693247e-48,2.536273824257777e-55,6.65111434080859e-32,5.717725553241719e-8,1.6025987533286874e-58,1.5252499703828273e-90,6.491056660528324e-41,1.583193461877819e-38
rs10224244,0,1.1797802108571597e-202,2.6087963783381904e-21,4.0402486205756765e-199,1.0016387664023387e-50,1.4152096842898437e-21,3.342899214688888e-20,7.331747495772984e-140,1.5629617447257217e-87,1.466214613155524e-111,3.604876768031607e-69,7.415429991250563e-52,5.248218638254857e-59,2.6451208319905134e-37,5.830848106908102e-11,3.9865319328604246e-75,9.481187952598804e-111,6.59836568717539e-41,2.088533061708688e-44
rs41487946,0,4.644144205784011e-207,1.4035635633317304e-20,1.2752505940193902e-201,1.9410741181327842e-49,9.193744807544433e-21,2.19445789971015e-19,8.716922386924795e-143,1.839017742235184e-87,5.966251576168778e-112,1.7833193615203217e-66,1.919243433941559e-51,9.56245444776424e-59,1.375355570659995e-36,2.826618024060357e-10,6.934389004264227e-73,3.59489514051026e-108,3.6562361711919803e-41,1.5316234981921968e-43
rs17147339,0,1.856549499894189e-207,2.3389461952927674e-20,1.24132353536111e-201,3.0385605998426405e-49,2.767622495375488e-20,3.9089811072748556e-19,8.564956186791694e-143,2.407970726562297e-85,3.0805596246903563e-112,3.4953898937626765e-64,6.093915165170502e-51,8.854418053601566e-59,5.2954461297832116e-36,8.84378776764592e-10,1.2580627540905686e-72,5.343729291864919e-108,5.539562623786578e-41,5.132010028615479e-43
rs12535331,0,6.923625381008484e-204,2.4396262196876666e-21,2.4025417010119437e-200,1.2623359770040948e-50,1.6403501074726886e-21,2.3709358661949812e-20,1.2091029688009613e-140,6.655021158912582e-87,4.850887368077756e-112,1.0781975617655303e-68,8.628821252862347e-52,8.640259745177703e-59,9.980519157240882e-38,3.9435059340945475e-11,6.560865731053292e-75,1.7878467246695428e-110,2.389723581879874e-41,1.676840196807426e-44
rs17147344,0,1.4324576186170064e-207,1.224722134620724e-16,8.432168080871681e-202,2.3190922553790767e-46,1.351474042424082e-17,1.9793701547272806e-15,4.509337286346929e-143,3.646686902759961e-74,2.40083201349787e-108,2.0731033612013223e-55,3.53065377169402e-45,1.2358657798407844e-55,3.6790554835887633e-32,1.87533926660614e-7,7.612387273933527e-66,2.3767460429855464e-100,1.930890585701968e-39,2.6588787859471623e-38
rs17147348,0,9.883801532230041e-204,6.623544664538082e-19,1.8379951658504387e-200,1.3225009661404732e-46,1.7262183408938642e-18,2.996719564082886e-17,3.69048825547148e-141,9.707335107134485e-83,6.4201095994878045e-108,5.550923603228864e-65,1.4381175553905403e-50,6.05554028327825e-57,1.0343863169278337e-32,8.411589913689308e-9,9.494304387221906e-65,2.336863725477075e-98,6.20760490100619e-41,9.681995635777618e-39
rs4329182,0,3.8777534838091856e-203,4.355299887178405e-21,1.4718306403714552e-200,2.108648417056191e-49,5.486092002319993e-21,6.300078931742004e-20,4.420713543091548e-142,1.0321399496325824e-88,3.1462415677812757e-112,3.660623853804936e-69,2.2648709884901995e-51,8.269886402813125e-59,5.429770403908981e-37,1.2556158089055545e-10,1.6909467219298363e-72,1.9252745982087166e-107,2.315428115357937e-41,7.141444121773586e-44
rs1990279,0,2.39095548736876e-205,1.9716489425270336e-19,1.972963131037594e-201,1.9417210294958463e-48,4.798670633891753e-19,7.98669014239575e-18,1.4426301044403185e-139,7.027949991808564e-84,1.499880192435198e-106,4.6812409372595726e-67,4.090386914005491e-48,4.205248556630629e-56,4.952203019717998e-34,6.167889195510152e-9,1.4152351200659481e-71,3.49490054989129e-107,2.4967746950373386e-39,1.2210220780415909e-40
rs4722193,0,4.774323098235221e-204,7.221044655515458e-21,3.5675706959407e-201,2.766337837660702e-50,7.02368788958909e-21,2.371414764991734e-19,7.234312104415902e-141,2.2436612807443556e-88,4.2389124869315585e-110,6.003760376852354e-69,1.0010152118903429e-50,1.4518322348415423e-58,7.3828903851687215e-37,3.435152094743535e-10,3.045381623930371e-74,5.977263091531528e-110,1.1022951899987237e-40,7.6945925090035e-43
rs717624,0,3.101422049410679e-207,3.1977227481864264e-20,1.0204332562400328e-201,1.2731688404604183e-48,1.5048861751044665e-20,1.3036469739614e-19,7.7281226894059e-143,5.220571729270242e-86,6.073196195235886e-112,8.946030263001441e-67,6.147336503099657e-51,5.911541720878887e-56,7.852180766130633e-37,1.2015406983735895e-10,5.3658319149246636e-74,1.0373479136000839e-109,4.709640967029327e-41,8.395456699323401e-44
rs3757446,0,7.404742788440364e-207,2.3314011035728545e-20,1.7224677051024903e-195,7.3458602993966925e-50,4.1169545791266283e-20,3.8321600406773193e-19,1.2548214378462374e-142,8.90520694603252e-86,6.54828097745335e-111,1.3419608470342343e-66,2.393635509186292e-47,2.9975400621638484e-58,4.0790010614306953e-36,9.948625200156315e-10,1.0339246330555322e-74,2.053585429886634e-110,8.76410055509159e-39,5.6568798195989854e-43
rs7811699,0,5.051028607622882e-202,1.4720611119955155e-20,4.081720767962513e-201,2.571710725486704e-49,5.8479807308287184e-21,2.0170743258509181e-19,4.549395456284792e-137,2.0421715774502154e-88,2.7531728080011302e-109,2.502837862570535e-69,1.8746852739110314e-51,2.579024697940967e-58,1.3780572503258206e-36,1.4404173818682128e-10,5.090716459163528e-73,2.0946208751664542e-108,2.835843136914556e-41,4.76255363022861e-43
rs6461674,0,1.2806276716442204e-207,6.274270345733639e-21,1.2867572697194748e-199,6.420962095612024e-50,1.6066883869528894e-21,2.4796539388184104e-20,5.037594104898613e-143,2.252675012539737e-88,2.333053032874316e-112,2.6325774325914896e-69,7.811750567647296e-52,5.925812905520708e-57,6.481669565078637e-38,3.2748791541718325e-11,7.795826686436113e-74,3.784929186982272e-109,1.6564604068143326e-41,1.666670911221718e-44
rs17147383,0,1.1313062057883383e-207,4.653115295500418e-20,6.522084484154646e-201,2.0829477997709133e-49,4.547483406225987e-21,5.132211046451455e-20,3.5250695614624684e-143,2.0549642427861274e-86,5.86047229981973e-112,1.0777012057516682e-67,1.661342625429978e-51,1.8183735379959757e-54,1.4267574805432143e-37,5.690329785760308e-11,4.582855307708856e-72,4.506250946503668e-107,1.477049393983868e-41,2.382543104168994e-44
rs7781055,0,1.0961811457201569e-207,5.8648184031274815e-21,3.369904545250222e-200,2.340714369723563e-50,2.2214397291545215e-21,2.408279046701679e-20,3.496224577866645e-143,4.5534786918708535e-88,2.2742017346160928e-112,4.657587971421765e-69,8.291035142487091e-52,3.811396601834297e-56,6.262066937571426e-38,3.323120939786911e-11,8.484747234067897e-74,4.0847345747328356e-109,1.5950809431928146e-41,1.7297919491116634e-44
rs17147395,0,1.137748011849981e-207,4.5081199971668134e-21,6.344096625125473e-200,1.8275082793147488e-50,1.8862171156596847e-21,2.4206558282445756e-20,3.655501718104982e-143,3.3369535599699845e-88,1.727281655132728e-112,3.8424098471232016e-69,9.467909975399869e-52,2.0525637967120444e-56,5.939005917974489e-38,3.3960427663709845e-11,4.847003823946345e-74,2.119707928484943e-109,1.8484963928003367e-41,1.7775132834479297e-44
rs4722196,0,1.3997302341750688e-206,3.725994170558152e-21,1.5840082267064795e-195,1.8525142459784527e-50,2.810605082602799e-21,3.601683545023718e-20,7.349230713154697e-143,6.857294686908272e-88,2.300619927194295e-112,5.356549113569506e-68,7.90927391042045e-51,4.0345138123457824e-58,3.568788060097719e-37,1.7705776309114092e-10,1.1812526716996218e-74,5.1998842669810707e-110,2.0886123990088325e-39,3.0859206000094778e-43
rs1001027,0,5.192485448263128e-206,2.6811923122296187e-21,1.4319372197285563e-201,1.0322532390343668e-50,2.9616349429930154e-21,3.905353805763014e-20,5.080720811221084e-142,4.270950713807975e-85,4.657392905733234e-112,2.670805911746771e-68,1.8389966389580765e-51,2.1814335339165432e-58,7.492031859153718e-38,3.1828002976850445e-11,9.36776707154663e-75,2.541247138772226e-110,1.3882258712653162e-41,6.986252099727795e-44
rs2270101,0,4.0365984967150415e-204,2.589238187010639e-21,6.51075143840018e-199,1.016715161559349e-50,2.6097394268937396e-21,3.2551239952868937e-20,2.8479499803610865e-142,1.288083799993046e-86,5.0048377709481206e-111,7.48759876235413e-69,2.0868088559470593e-51,3.173276608721106e-58,1.6273367352904764e-37,3.313737551305488e-11,1.1192989431310696e-74,3.7542345603334794e-110,5.671776769533718e-41,3.4807526225533283e-44
rs77086708,0,1.4441666432623429e-207,2.868846523760017e-21,5.994489468690551e-202,5.043038800374862e-50,3.417344101619861e-21,4.274399272202536e-20,6.400502545285284e-143,1.003444978861269e-88,1.6686110143680736e-112,4.348364516339494e-69,1.3382000817468225e-51,8.452842371640795e-58,1.1232772904700329e-37,1.7511303421930363e-10,1.2582585465018876e-74,2.670377477581285e-110,1.7317541115339305e-41,2.9178404218425644e-44
rs12669272,0,4.976547455945208e-207,3.5194072625153235e-20,2.148446718712159e-199,1.8567970494782524e-50,5.017081608351021e-21,9.089429643706519e-20,2.339143613538164e-142,3.0683069119385523e-88,5.771576207504798e-112,1.1628013847046493e-68,2.701802265638064e-51,6.539876239512103e-59,3.4257438698596175e-37,5.4096884184268534e-11,3.423465017873856e-75,5.47134529962862e-111,2.1515892069986757e-40,1.127106963355936e-43
rs11768107,0,1.690634166353944e-206,1.2729459544254928e-20,2.816086061189054e-189,2.5290802600875454e-50,5.178060932373927e-20,1.169290615281679e-19,6.350608698360386e-143,2.8199882816404966e-86,2.7137073429900845e-112,1.8893245080538795e-67,1.225118026269543e-50,1.1232249931838444e-58,2.6547606297881015e-37,4.892771170211537e-10,8.108627233066171e-75,2.7848924462825213e-110,6.965887007903357e-37,1.145744478993835e-41
rs11765548,0,3.2646909629660234e-205,4.177753412794924e-21,1.1580899885229102e-197,1.0587672733952927e-50,5.202831813492173e-21,6.53368851312663e-20,7.61770286739952e-143,9.87370849991999e-86,8.66708903003848e-112,2.3924293094094735e-68,5.0205105215313435e-51,1.076300483357702e-58,7.225870092995501e-38,3.5176400332902907e-11,5.156076533892086e-75,1.4072153823196455e-110,2.172646341894517e-40,9.661425099926529e-44
rs12700402,0,6.692076200985499e-205,4.05058661735243e-21,3.471103671888994e-197,1.0593966656293865e-50,4.847620516425371e-21,6.45228694422287e-20,8.589929645801535e-143,9.116023931894175e-86,1.2064727093389802e-111,2.233699201560147e-68,4.546484598294225e-51,1.2451293183687252e-58,7.797963180434317e-38,3.499710356073057e-11,6.553037175157808e-75,2.035561710775848e-110,2.534037736042021e-40,8.615488803610664e-44
rs10247567,0,1.329430895787899e-206,6.051063770294954e-15,3.371830122660421e-197,6.7621383236517364e-43,4.782000730003096e-14,2.001559534401303e-12,1.5890606773469488e-141,6.136886978648797e-67,3.4223930816498254e-109,3.5632979634087885e-50,1.2354912501828418e-41,5.513183401612881e-50,4.743958944947489e-30,4.374294388771368e-4,7.9934262821824992e-65,3.811015472506473e-100,6.034067741194426e-36,1.927310948060728e-37
rs6415247,0,1.686191295218919e-206,1.385147869039927e-14,5.19463563823086e-197,1.1669342075576642e-42,8.160645305046899e-14,3.465342491801381e-12,1.1695851527626878e-141,1.6471061990842942e-66,4.992703618417152e-109,1.7724492005237317e-49,3.527399722947056e-41,9.957927175291183e-50,8.221817969941359e-30,4.427008485415932e-4,4.9199808905900375e-64,3.218283624169177e-99,5.111800738043279e-36,1.2842010091671356e-37
rs6960214,0,1.6888366682017353e-206,1.3394744706298382e-14,5.0600349864743634e-197,1.122983840545087e-42,7.86273982109686e-14,3.3340606183489044e-12,1.16562481259086e-141,1.5286663791160678e-66,4.89631982801348e-109,1.6533669894833287e-49,3.366488427852623e-41,9.541199405123377e-50,7.909576353215457e-30,4.275992762357672e-4,4.688207686046715e-64,3.061612695138935e-99,4.966412070381721e-36,1.2411069260645958e-37
rs77207687,0,3.642614799453449e-207,8.371687635683991e-20,7.306500039027066e-199,3.035991675595916e-50,9.522015494474656e-21,1.7615662411450343e-19,5.005236586406368e-142,1.5422855845568239e-87,5.489599091545353e-112,5.201020477674688e-68,5.1566429179588384e-51,1.0190880201564246e-58,7.178128615776266e-37,8.592660836565317e-11,4.560212802159395e-75,6.641665791434126e-111,5.1713912042808115e-40,2.3978001200025236e-43
rs7788668,0,3.012782445321399e-207,2.3745690228354698e-19,1.7298596614095453e-201,4.158367538115121e-49,7.499690419458582e-20,7.997023797077332e-18,9.578996570356906e-143,3.412901683012298e-83,2.8247981633148175e-112,1.8588526078036865e-65,1.9191560318529863e-49,1.2320136340697317e-58,1.396376157950293e-37,1.4233305725570072e-10,1.2089681696995664e-72,5.061941203011006e-108,5.379149895985281e-41,1.7232466777391447e-43
rs3815348,0,1.5552778210584677e-206,2.5442407367450547e-14,7.61867746920823e-197,1.6305221981307175e-42,1.1405321569511269e-13,5.543770059544917e-12,1.1083074030257015e-141,4.854282878286043e-66,6.606405667022749e-109,4.982625409047972e-49,3.528176221736727e-41,1.9679362936949053e-49,1.0074878607605806e-29,6.000423634171734e-4,6.867144260792384e-64,4.4104075569802935e-99,7.306999602397309e-36,1.921072804547579e-37
rs2286495,0,1.7058220163246304e-206,1.692527794334926e-14,6.318961865735769e-197,1.090099249205901e-42,7.756132553272654e-14,4.225293876994369e-12,1.2414108877027516e-141,1.8134651633528838e-66,5.476425215057007e-109,1.1470821679731092e-49,1.532982736620561e-41,1.1061809181945526e-49,8.408306420681003e-30,4.099051972187887e-4,4.047959108173848e-64,2.5027922656173063e-99,5.6947187433418714e-36,1.4543678628401827e-37
rs2286491,0,2.298930615889959e-207,1.2602745473275508e-18,2.6206529698149966e-201,2.0625377370695832e-48,3.8578425306544413e-19,4.339015093173705e-17,7.275806494511009e-143,1.9292608804705812e-81,3.3025714506611258e-112,5.4535829894788336e-64,1.3047152399621514e-48,2.462765959067319e-58,1.8362540365404948e-37,3.242606282789578e-10,1.1342255251018447e-71,6.016302925316891e-107,1.002627765436035e-40,4.704028899950301e-43
rs2286490,0,2.3162906983215287e-207,1.2448543638344207e-18,2.6172234813562453e-201,2.0404444418063623e-48,3.8148023592307337e-19,4.27752596205601e-17,7.329417597328823e-143,1.8807022412166597e-81,3.3067014304314943e-112,5.3419715187802735e-64,1.2862830402636359e-48,2.4572433994258067e-58,1.8369254510514055e-37,3.2298292292856775e-10,1.1170079941508413e-71,5.916050676748599e-107,9.996421568743691e-41,4.672444985713264e-43
rs7779074,0,4.870048740704709e-207,6.912707860101245e-14,1.1877249826527114e-185,4.215254641610887e-44,6.261999593970605e-14,7.163238424087353e-13,7.029955536091904e-141,1.6249390058415668e-73,6.82776901939206e-108,3.6203526528928056e-56,6.849612253090173e-39,7.003335363293186e-55,2.40628733046351e-29,2.671785960370593e-4,1.9819562743477294e-71,6.945628840047679e-108,3.3047268226768364e-31,1.2016839185778709e-36
rs10224604,0,3.69592310982436e-205,1.9279585352551768e-17,6.142955837601705e-202,9.378714237903055e-47,8.4465830011433235e-19,5.366881718735242e-16,2.418066698691993e-141,1.3260098163917914e-85,3.0660344439061894e-109,4.2707009624972364e-67,8.832241226591099e-49,1.0318150140245946e-58,9.830484893458192e-37,7.400254612075525e-10,9.563303227789487e-70,1.5414938628496168e-104,4.241338740424739e-41,1.6266746176848777e-43
rs6974381,0,5.5088301283438024e-207,1.0951654112805999e-13,2.3486688774324244e-185,6.512325465388093e-44,9.978275409113037e-14,1.1360302630336506e-12,9.07637416694275e-141,3.151602127552847e-73,9.879672394452946e-108,6.6946916289570345e-56,1.2572590801921346e-38,9.911931494913048e-55,3.951961523117822e-29,4.152616807468804e-4,2.755399712228858e-71,9.349805733165852e-108,5.69213268771505e-31,1.9295270697343774e-36
rs6978480,0,1.1256594578336061e-206,9.844834599548713e-15,3.266801208341954e-197,5.943762603178362e-43,4.225847632573058e-14,2.0091780932652896e-12,7.808906354784288e-142,4.326427251854168e-67,3.108660260580719e-109,5.880398632168625e-50,1.155950251207905e-41,6.718948101547621e-50,3.66615132591812e-30,2.3001200096399224e-4,2.189851117848155e-64,1.3756137425930312e-99,3.0278798714667804e-36,7.406834345413366e-38
rs10950931,0,7.833190787939679e-207,1.1435639817563689e-15,8.744507227598598e-198,6.082927799867738e-44,8.932348710621523e-15,2.139714740586364e-13,3.8059608279784614e-142,3.471000890007508e-68,4.5058809592239425e-110,5.606895255981992e-51,6.0004879392299545e-43,1.306857137219477e-50,6.887212694613393e-31,2.8029266903037193e-5,1.147117045057386e-65,6.14283002213047e-101,6.337031956486697e-37,1.2144075459495604e-38
rs117424211,0,6.255892092229896e-207,1.991546270887896e-19,2.243267041012374e-201,1.175901626197878e-47,1.0661047159388647e-18,4.884013434473368e-19,1.6140575112733905e-142,1.1531614355988541e-82,1.336378428541512e-111,1.628143785132652e-64,2.920099848956178e-50,1.6413127487999038e-56,7.363054790837516e-35,2.5188670275057693e-8,4.3822898321399167e-72,1.299207917951516e-107,2.6933414747702818e-40,1.635018860693395e-42
rs740830,0,6.265741781404242e-206,3.2315303269188957e-15,2.4140075998382018e-198,5.973639627868208e-44,1.9782518307001722e-15,9.313450029036852e-14,1.7083262459762393e-141,4.498514574951862e-72,4.984180684203847e-109,3.0296421386063818e-52,3.874157848416738e-42,1.02628389654767e-49,3.516267247707656e-32,2.754723358011298e-5,6.538499254591216e-65,6.845649040041497e-100,2.26734490762597e-37,9.06703318695767e-39
rs11768060,0,1.8656637648535946e-207,3.556093276000209e-19,1.248126967640506e-201,5.949256824555087e-49,1.1111665810089876e-19,1.3563287712831424e-17,6.209259979274015e-143,7.06789252402928e-83,2.65516776656441e-112,3.672179201736064e-65,3.460331031869693e-49,1.176101645992368e-58,1.2214432123893245e-37,1.568045725218191e-10,3.98851717386229e-72,2.159663588571908e-107,4.716102437474251e-41,2.2287937198212127e-43
rs3735231,0,5.728554287189794e-206,4.5127180853743556e-15,2.8609821439349355e-198,8.648192369062308e-44,2.7652861336113764e-15,1.3344289458605967e-13,1.4954984689914405e-141,9.55467755230973e-72,5.906004362922428e-109,6.495882770401618e-52,6.418447981354309e-42,1.677883017998267e-49,4.826352910057216e-32,3.795483516435662e-5,1.1106559148421561e-64,1.198870366264903e-99,2.810824357988024e-37,1.2400641032688e-38
rs2078535,0,5.743012804775537e-206,4.586966327515128e-15,2.8925565961552382e-198,8.800824289854444e-44,2.8108743105524656e-15,1.3575199810308194e-13,1.4971533843007005e-141,9.845495829938526e-72,5.971148954062608e-109,6.695657671487034e-52,6.560488476757672e-42,1.7142740746967993e-49,4.903009647213359e-32,3.8562328821927824e-5,1.1361593588777948e-64,1.2276199034467462e-99,2.8460115962868054e-37,1.2596129391754526e-38
rs17147527,0,1.7631869151928837e-207,2.6460578123338034e-18,2.0684077603621943e-201,4.1955161816442474e-48,8.138051263690347e-19,1.0254760084302783e-16,5.581073329862547e-143,5.860800781728211e-81,4.136947420800456e-112,1.616863554146458e-63,2.595043973359439e-48,3.816403554264136e-58,2.0737835733034802e-37,5.01229302944581e-10,6.155537893799251e-71,4.375676971066064e-106,1.091368544688535e-40,8.457076675481882e-43
rs10277862,0,6.196190722317351e-206,4.839564316780081e-15,3.0783682658130724e-198,9.26781022786964e-44,2.9655105073287508e-15,1.430337149371259e-13,1.6189978637658318e-141,1.0160349096335184e-71,6.3547838413649725e-109,6.906342012760047e-52,6.859618527624811e-42,1.793691690598894e-49,5.177714237706768e-32,4.071491856051302e-5,1.1863982221183779e-64,1.2798398400096371e-99,3.021656226210378e-37,1.3304376928180565e-38
rs2286707,0,9.042037358387484e-207,5.347453306107505e-21,2.2511996399755693e-201,2.0109108129056182e-50,2.8599142723002064e-21,6.921975971660676e-20,1.0586166674582025e-142,9.712695893387797e-88,4.365771336699972e-112,4.948586694013733e-69,2.6373927361017256e-51,4.694917461058813e-58,4.348536158031326e-37,1.0829307707185438e-10,6.24611739379678e-75,1.1245641001189402e-110,3.919414727508659e-41,3.6248793919964583e-44
rs10488075,0,1.0783497038957903e-207,1.6861599215472933e-20,5.897298795953752e-198,1.3701867358334887e-50,3.059101376377179e-21,6.60980586704088e-20,9.65854881127599e-143,4.2157889207852726e-88,1.3833457335796537e-112,1.2143193737258032e-68,1.5980051268364247e-51,4.570579033917415e-59,1.4626020950284774e-37,4.130080409970267e-11,3.632464221221048e-75,8.845422252042128e-111,2.792426078262704e-40,5.314138422416865e-44
rs13225524,0,5.646981741674051e-206,3.748114826565365e-14,3.11343370335772e-197,1.818083621309306e-43,9.647104636464467e-15,5.427504610813645e-13,1.5196809907620023e-141,3.812600213235562e-70,1.1046614097883657e-108,2.866724579467349e-50,3.6623176182981304e-41,3.466794854552538e-49,2.284523558529045e-31,6.760861029206144e-5,1.1083704046688967e-64,7.504629207600459e-100,1.4129430587278478e-36,6.117663134365972e-38
rs17369747,0,5.910239224673244e-206,3.5948741253287416e-14,3.064664841325075e-197,1.7421139043999341e-43,9.284464679699108e-15,5.196892964578724e-13,1.597759008714367e-141,3.3744470256020084e-70,1.0986383568493331e-108,2.5323151747499724e-50,3.4106314388524376e-41,3.2473676930266503e-49,2.202901859303551e-31,6.543378779603862e-5,1.0331801579022607e-64,6.964813671304087e-100,1.3864491514320175e-36,5.901749197476019e-38
rs13225964,0,9.112165654866443e-207,5.494674480544938e-21,1.954581352573703e-201,2.0440265675194712e-50,2.920080861750107e-21,7.267886241352631e-20,1.040958892837985e-142,1.4690508039705917e-87,4.950304967734786e-112,5.40199156787025e-69,2.6526309516522095e-51,3.9807567819906094e-58,3.4469306157931793e-37,9.736330737694715e-11,6.331778949680463e-75,1.1414875099864344e-110,3.620666858935986e-41,3.497542246876618e-44
rs12700406,0,3.3646557679484666e-202,9.005889686301893e-20,7.115883806049792e-193,7.87448383345155e-48,6.531223890412587e-21,7.723678731436921e-19,2.578454912131347e-142,3.3386405315234e-88,1.7372203632504136e-108,1.5340302166657294e-67,2.7098615474159934e-51,4.638022392857796e-55,1.4445216764638636e-36,2.099344717767117e-10,1.0090303901785297e-64,3.4968287631969854e-97,1.3291748667079882e-40,2.408692119314327e-44
rs10950935,0,1.6348010625347298e-207,3.992666252040478e-18,2.5722567474311124e-201,2.860205196680901e-48,7.740099727904942e-19,6.471235273451093e-17,5.055848657374855e-143,4.726331433589785e-81,3.341455325502415e-112,1.4462549737219898e-63,1.965953467277192e-48,2.620862132241781e-58,1.5134571881704242e-37,2.973034785443126e-10,2.5158386209232193e-71,1.3851173008945523e-106,1.1150438335466502e-40,1.099849895983821e-42
rs2041357,0,2.9465272661510446e-207,2.4587234678129707e-20,1.2392379587360657e-201,1.727474001415388e-49,9.471314245282655e-21,4.48413543001737e-19,7.582238557962336e-143,1.8814468918563944e-85,2.4733176026543427e-112,7.934881150271761e-68,9.61164954971657e-50,1.0012350679762497e-58,1.3269271519450658e-37,7.707662405139438e-11,3.346746328201747e-74,7.912531734446517e-110,2.9635245687870097e-41,4.881472147297196e-44
rs34702631,0,3.15148475040682e-199,2.729004323060973e-17,4.758499663066372e-199,9.194177485887587e-46,1.6983839930134301e-19,8.729300974908742e-17,6.606380193825008e-140,3.684685355000661e-86,1.8961497630411406e-105,1.6593418897373707e-65,4.272054379491632e-49,5.766344578897994e-52,4.382903131836132e-34,9.622199344118822e-8,2.307848042587388e-61,6.323710718231127e-94,2.0104520273220563e-41,1.1549530458161826e-43
rs13240940,0,2.236278543916872e-207,2.567075111099948e-20,9.282254787439956e-202,1.913313950750518e-49,9.6730200740273e-21,5.324277006552409e-19,5.815370395698495e-143,3.59321652288448e-85,1.8934859033348605e-112,1.1136816413121254e-67,1.54952986416126e-49,7.700687835692533e-59,9.584528336966144e-38,6.997534112979896e-11,3.5001870159897175e-74,8.399126479739817e-110,2.5109961621636887e-41,4.546589909587636e-44
rs78132351,0,1.0876923767605781e-207,2.2974010741144097e-18,2.600825266947877e-186,7.333444847396063e-49,1.572673134937352e-19,6.623351679423685e-17,3.8988566547961985e-141,3.0403254189920145e-87,2.015192100835188e-112,4.130013565162763e-67,8.838059596835482e-47,4.303514314759346e-59,7.404695282579553e-38,2.299268804314649e-10,5.9003087341936e-75,3.79982725411515e-110,8.71411594729745e-37,1.1914445344862438e-42
rs79113071,0,1.2314827323147133e-207,3.8241517653771964e-18,1.634365282370658e-186,1.198049519757384e-48,2.7005202337157356e-19,1.6044055228229026e-16,1.2373042588455744e-140,4.075955000757968e-87,2.717261121141359e-112,7.396191342929269e-67,3.732042544238055e-46,4.464816257418687e-59,1.0062528381991532e-37,3.5342857591739676e-10,4.43313893748031e-75,2.142228265414392e-110,1.422088598573309e-36,2.570725781048094e-42
rs79738601,0,6.89361368324564e-207,1.2721001471863826e-20,6.238711313112703e-202,4.73032278903346e-50,5.474899573724221e-21,2.836928693571559e-20,8.814278827015582e-140,5.697048873898714e-86,1.3035376677999484e-112,5.4705483772909945e-64,8.96086387075679e-52,1.3239448425564662e-56,7.55425042120454e-38,4.80219268746482e-11,5.357122371400057e-74,1.836929248198187e-109,1.5045054263073456e-41,5.944247735664473e-44
rs1990365,0,6.06808389301938e-48,8.995150822324368e-15,8.526710323209256e-187,1.15304125605804e-41,4.804202561858675e-15,5.138114430207298e-13,2.1910425692675862e-54,3.7350555411883313e-59,1.0605704849010884e-52,8.19512046511654e-27,2.5885901002714787e-45,1.6122121142067451e-52,2.4254660059598953e-30,1.1387310735319559e-4,1.4516922906936547e-58,2.424870886374646e-90,1.360634573937048e-33,1.0454993856633767e-37
rs6461686,0,4.310055020087767e-145,1.1443785769074091e-18,3.3336593296285304e-195,4.850107122096136e-46,7.943213535228829e-19,1.4565623377151112e-17,2.3533700065333722e-110,4.809894130576531e-78,2.244635098378484e-87,8.052244119383859e-54,4.254259974919818e-49,3.4897076669681984e-56,1.0204039268861694e-33,1.0644746719805002e-6,2.9198959517529712e-67,4.081081940450663e-101,1.6391587420248933e-38,1.0149701254344643e-41
rs6461687,0,3.519089909346079e-55,7.862072658737426e-15,2.9177081616107444e-184,5.249177661680987e-43,6.1131156513222084e-15,9.447359688085738e-14,1.2007041448836143e-59,1.8456659318728614e-52,4.644307458504346e-58,5.308441061432974e-19,7.214551111243814e-45,2.393485945192955e-52,2.622568207530072e-31,1.1930337744624642e-4,1.0802142751217793e-61,4.1106453752534126e-94,2.6501016886926295e-32,4.848815579161262e-38
rs6956514,0,1.4105670188710423e-200,6.221101567718702e-21,1.8258602956912633e-67,2.753072391956487e-32,3.528726556151838e-21,5.942037799050924e-20,1.5031951833158064e-140,2.8028000346059428e-86,4.0648329323714567e-112,7.007395048590654e-67,2.2583010084053156e-51,1.3255829644515681e-58,5.922700829908189e-37,8.210510414634578e-11,2.689744368582951e-37,3.3219075296707275e-55,1.1109961414934467e-17,7.601640571185826e-44
rs6974545,0,1.4423405805481782e-205,3.636022742731613e-21,6.408587076008423e-151,4.511803065580268e-23,2.3568190682354375e-21,3.916966598902438e-20,9.387385577914688e-142,5.614957176842905e-87,5.357239183452695e-112,1.345161651534515e-67,1.1138530397816743e-51,1.0232093250584701e-58,1.4573336741187656e-37,5.7221473254804504e-11,1.460394912705308e-59,3.177388946741321e-88,1.602070288850895e-33,3.7297212482508714e-44
rs6957013,0,1.5796154538259432e-205,3.7601130258373964e-21,4.8262835441510785e-151,5.845940451266127e-23,2.4509123555658016e-21,3.9910270982916657e-20,9.201046244726612e-142,6.132047066056527e-87,5.350018291971529e-112,1.4661050940988646e-67,1.1496371314729083e-51,1.0756168820500894e-58,1.5337960247289769e-37,5.966142524827756e-11,1.7873131419376445e-59,4.0307563028526956e-88,1.4589247653099748e-33,3.912522061809181e-44
rs12112291,0,1.351348818634633e-205,3.504878719839521e-21,7.22900521180747e-151,3.8891389044768573e-23,2.2655283915102607e-21,3.803542777113287e-20,9.292495759890961e-142,5.2680875503625635e-87,5.254154461717176e-112,1.2633143286172657e-67,1.0747113571507e-51,9.78323778248816e-59,1.392584170124704e-37,5.4933834481056754e-11,1.2949531770302192e-59,2.767759586758566e-88,1.6447586404296498e-33,3.56982421823883e-44
rs6952947,0,5.5646819231985835e-56,1.291616431434914e-15,4.73979076548037e-196,6.913091713819924e-45,7.960445037272111e-16,6.093454563436137e-14,3.5770202041151536e-44,9.095279975749408e-51,1.7757034616312538e-48,8.240779405299995e-17,6.583601055249242e-46,2.8263912707756687e-53,7.104591842459377e-32,1.7518541514139604e-5,5.994862725901473e-67,9.549843206758557e-102,9.43545794454757e-36,9.540639989161644e-39
rs7341483,0,3.9541267829556526e-83,8.140379483587817e-16,6.618864830029853e-194,2.739530533349548e-44,1.156476864657269e-15,5.717627388403249e-15,5.60091050149811e-49,5.062722321183262e-40,9.795676938811368e-63,7.306126051054915e-4,1.3198714047337608e-45,6.094121643160963e-53,1.361648745438137e-32,2.120543192717587e-5,9.954768042588729e-70,1.8381323053059246e-105,3.5722995062935105e-36,7.004111886257231e-39
rs6461690,0,7.955782507630845e-83,7.093145393906224e-16,6.716564441847661e-194,2.2801471065939755e-44,9.8371108863225e-16,5.2133644870280896e-15,1.0092021679710878e-48,2.795376243372177e-40,1.4405477906752257e-62,3.704025322326332e-4,1.1061844074000782e-45,5.124139045508046e-53,1.2074111512684603e-32,1.8126996860603892e-5,8.692706075394386e-70,1.6016576752197549e-105,3.2680279058295905e-36,6.058529474779944e-39
rs7787110,0,1.3055214414870504e-77,4.90583976507315e-16,2.1013963534345579e-193,9.205586199910852e-45,5.074708646182669e-16,5.950459688164739e-15,1.7181254775078105e-44,2.4216657309277547e-42,1.4152367525334314e-59,2.1327207019578803e-6,4.920083894054327e-46,2.723233653492415e-53,9.917829667045307e-33,1.0340492945175985e-5,5.962416823267516e-70,1.0676755976410596e-105,3.7060509582555326e-36,3.8593771606782845e-39
rs1006709,0,1.610074890709235e-44,1.7939208900512644e-14,1.9479682709129015e-187,9.184601620996637e-42,9.311611372986888e-15,1.077483288070712e-12,7.243284272211803e-51,1.4803488558406348e-56,3.6064896834688655e-50,2.2252648572891616e-24,6.256356746479559e-45,2.8745095461717055e-52,2.0638956071111058e-30,2.1783523357467435e-4,4.490895156022725e-59,3.916417859599597e-91,2.244544395120377e-33,1.9792993422019467e-37
rs12700412,0,2.618011493161926e-186,1.7385835547803693e-19,7.648702562400346e-201,5.540075692360257e-49,6.324614573382201e-20,5.321256711491105e-17,8.568439106903762e-130,8.414560049862618e-86,8.523443283599972e-103,7.136239338247455e-66,1.1164770042407472e-50,5.094240477148555e-58,8.950888757023148e-37,3.548730302090065e-8,3.4508975213616845e-72,2.346727400231518e-107,1.6924407662366278e-40,6.301880453869473e-43
rs118010204,0,4.1349630189230244e-200,1.8546442194234475e-17,2.661857032795724e-186,1.6127396986154016e-5,1.9100464235811815e-17,4.7315233723299233e-17,2.2242965351050114e-142,6.063118054602666e-79,2.5545866170538328e-111,2.0505906804481313e-59,1.2790865870139516e-48,2.8490276047637103e-54,3.685964936586491e-32,3.0601583895630064e-6,2.3977262376426514e-48,9.703661095698342e-77,4.0364320378360556e-41,2.377276165024072e-39
rs56400441,0,2.932746023074209e-47,3.652583795211688e-14,1.0092819180671611e-191,3.604646364793049e-39,4.8013303251224314e-15,1.8564684434527118e-11,8.371656522558497e-50,1.3013350134141607e-64,9.467303748948601e-48,9.60971822545561e-37,1.4511466451846806e-45,1.7976133018752996e-52,3.2041636022823594e-29,1.7766071488186264e-4,2.1235225643053263e-56,3.717137203516508e-88,3.068951591831288e-35,2.4076720748461357e-38
rs10256524,0,2.230413501873765e-77,6.234003687265395e-16,2.817307416344173e-193,1.1518149530644097e-44,6.39791314703468e-16,7.689102611623262e-15,2.822758436444459e-44,2.6216641409931303e-42,2.1650381853063878e-59,2.2399939770369533e-6,6.170193231783952e-46,3.4153283437456235e-53,1.268657959362521e-32,1.3051953336182269e-5,7.589010265145527e-70,1.3580492683713686e-105,4.7917824624708675e-36,4.892643064033928e-39
rs10256996,0,1.0788171723930314e-109,1.4269153424155498e-16,3.12839059511632e-192,6.890453379703454e-46,3.311596679760749e-17,1.0342560541071101e-15,1.3426406169737076e-65,5.0565649578946765e-49,9.079288127917986e-71,1.5364123474092848e-21,6.448630046770117e-47,1.5092310813870653e-54,1.922379173213731e-33,7.947779325997508e-7,9.188894665885996e-71,2.3023057623943055e-106,2.3179341810978086e-36,2.610487710848352e-40
rs11772019,0,1.932928515089382e-207,4.585708967434749e-20,2.05291313278709e-201,2.472547289302846e-44,6.904317013405639e-18,7.45828819800036e-18,7.525378263073139e-143,4.217275332441249e-76,7.868985137230207e-112,3.6422045781808916e-60,3.4171234377322975e-48,2.261804607868072e-51,6.453517667773267e-29,1.0263215505945676e-5,8.62787981393365e-67,2.4963187147924505e-101,1.2789848243501469e-39,8.188038815240939e-42
rs987257,0,9.683148257826369e-70,4.440180306874887e-16,5.019177945264075e-193,5.558421012673025e-45,3.6002484500215886e-16,7.047583825202681e-15,2.1131771594030697e-37,1.4156212566202274e-42,7.329929397944828e-57,3.1340829365424646e-6,2.8441040207062117e-46,1.785284161509893e-53,9.39984626774726e-33,7.530418866251062e-6,5.158740569594523e-70,9.128049969661114e-106,4.4190536631624506e-36,3.049252242087318e-39
rs1034963,0,2.2330452662461835e-69,4.248034818789797e-16,6.441290533031655e-193,4.8189696985530537e-45,3.316635392737789e-16,7.628124328797142e-15,4.653651319173471e-37,7.390369896517211e-43,7.5324820526323705e-56,1.4114061091303054e-6,2.5459535529355463e-46,1.6830408512894075e-53,9.727692391591415e-33,6.982395374520285e-6,5.1026015447417394e-70,8.971941318381974e-106,4.826564970199187e-36,2.953561283188519e-39
rs6980224,0,2.601519154028321e-69,4.2379446894007925e-16,6.610764410897276e-193,4.7758495580139507e-45,3.2995659213275277e-16,7.68405141926357e-15,5.315410231849727e-37,6.791310760491183e-43,8.28357780230788e-56,1.2766290134787177e-6,2.5270950479752057e-46,1.6691987984993188e-53,9.749032645383746e-33,6.950426008538576e-6,5.1009389753647696e-70,8.966041215248058e-106,4.86348257659255e-36,2.9466188330241924e-39
rs10239760,0,1.0463575757326782e-72,1.9504068422634494e-16,1.798147799033199e-193,1.982278168508827e-45,1.4637174512479386e-16,4.381594985974544e-15,1.5989236241080485e-32,4.552981089282085e-43,1.1631236963371353e-57,4.0367472870251096e-5,1.4444897056355541e-46,7.372584776077313e-54,4.682344679401801e-33,3.0657011267516505e-6,3.2387909567539016e-70,6.893916414366202e-106,1.4634584601606316e-35,1.3420945785128652e-39
rs764534,0,3.5116651261101453e-72,1.8251689380857405e-16,2.1085334519924823e-193,1.7560219500304278e-45,1.3380282806822833e-16,4.459421857702635e-15,4.738813619204324e-32,2.1319438195722816e-43,2.417578680712606e-57,1.6364233652336148e-5,1.280374335213125e-46,6.557431598356854e-54,4.5402518111482734e-33,2.818616329771774e-6,2.9584380903866495e-70,6.22517083975967e-106,1.5642921405562382e-35,1.2587759962055284e-39
rs1558313,0,1.2960460742282323e-69,3.385710603517747e-16,6.434513910145162e-193,3.6627202342813965e-45,2.5867514082275213e-16,6.567733424054297e-15,3.5790566233990577e-37,3.04855181198933e-43,6.355977403831279e-56,3.3259978826184756e-7,1.9431822421330286e-46,1.2047738588023104e-53,8.066747528433694e-33,5.297942532366531e-6,4.107749713930341e-70,7.214302883325048e-106,4.1411740483882004e-36,2.3340105558041756e-39
rs6461693,0,8.83948143504684e-69,3.7316796666627123e-16,7.450578110025361e-193,3.9701950923902304e-45,2.8358834325356268e-16,7.36121867934574e-15,1.520488826138323e-36,2.9247366926637864e-43,1.7034890172211265e-55,4.790130091087214e-7,2.12939553540233e-46,1.3964621362202765e-53,8.932863422043611e-33,6.0033490495896545e-6,4.5726066598171344e-70,8.014197945849233e-106,4.6719790352545846e-36,2.5952001766152703e-39
rs7805206,0,4.0564063879762057e-72,1.6838938864532627e-16,2.0241218605860517e-193,1.6045436405060028e-45,1.2293829365449973e-16,4.175499201993279e-15,5.355448799751068e-32,1.7412759902625385e-43,2.5667791635516844e-57,1.303069171941374e-5,1.170048409522096e-46,5.996021651960864e-54,4.215113868810111e-33,2.592365265219935e-6,2.7178623445856877e-70,5.707388032259421e-106,1.4773910847664162e-35,1.1618086550250631e-39
rs10224327,0,3.782444731158688e-68,2.5354715301090337e-16,1.0715438119053603e-191,1.214496472661202e-45,1.4011648910803854e-16,1.582603037238331e-14,1.7593527948144528e-26,3.301721268744061e-48,1.0073227704458578e-51,1.869029803101098e-11,8.857797855860627e-47,4.709166478275768e-54,1.0824625802133041e-32,3.178875876256462e-6,3.14836110046488e-70,6.075623627780218e-106,1.6486989616065636e-34,2.1244257342044212e-39
rs3807452,0,9.582974343667063e-34,8.208398244781731e-15,1.604125184755763e-188,5.567257522018987e-41,4.373247321177783e-15,9.991566043895499e-13,1.990085415415296e-42,9.040742752364994e-59,4.31865824640847e-46,1.7297508828593188e-26,1.898834706329079e-45,1.0857375257596382e-52,3.426194056931013e-30,1.1219877409869413e-4,5.2332808342340616e-58,7.65054807216473e-90,3.1746249917231408e-34,1.6610199431854637e-37
rs2058275,0,1.746166457912357e-193,1.2362856147914413e-20,1.1601544364511045e-201,1.5717008012939122e-49,3.218318005489655e-21,2.509587615497149e-20,1.7846509238625702e-136,1.1152652058874686e-86,1.0788276284501312e-111,1.958097660256637e-68,2.855470391678069e-51,5.844643107328061e-55,8.170586262916934e-38,1.6452201696923362e-10,2.1115420411708057e-73,1.1212404234492257e-108,1.4468385649143373e-41,1.9579596663874032e-44
rs15775,0,1.4566775992296041e-68,4.617604211303832e-16,9.715058461644236e-193,4.8531506380252394e-45,3.4911570133418904e-16,9.273195199076604e-15,2.4157944153825824e-36,3.109563965508559e-43,2.523526273347821e-55,4.946088224624271e-7,2.610444308418844e-46,1.7093332463994408e-53,1.1147309378964306e-32,7.398251905047539e-6,5.679692668658896e-70,9.948442273883426e-106,5.8889084653483115e-36,3.2114778521156937e-39
rs4140959,0,9.626882956696564e-67,8.625849597801568e-16,1.870595046847782e-192,8.756280368665758e-45,6.343885254911123e-16,1.6047572719325335e-14,6.302588794909616e-35,1.737421550853843e-42,5.516522242178643e-55,2.5715459689230196e-6,4.4038105637688844e-46,3.0882594918100584e-53,2.1140899663595644e-32,1.3458469535173929e-5,1.0414011720401385e-69,1.8229748952141795e-105,1.0958262423084049e-35,5.866251631501313e-39
rs6953996,0,3.1987928557183504e-74,2.2902590687414147e-16,4.629808413243607e-194,3.175494191910383e-45,1.9887639165095394e-16,3.28552303465995e-15,3.22476603206791e-34,3.043404702417141e-41,2.262296937479927e-59,0.9988146560436156,2.4003388846506148e-46,1.2653936638394674e-53,4.627788814906954e-33,4.180995240437631e-6,4.236688233784321e-70,9.348776671474158e-106,7.764793197016516e-36,1.6475626086504215e-39
rs4294098,0,8.136870603591654e-67,2.632806017616147e-16,5.6396147589846656e-192,1.2782884606009642e-45,1.4530270857716252e-16,1.8532245974470795e-14,3.1651006867843535e-21,1.458946146552385e-45,2.6797308095396286e-54,1.1484271621705313e-13,8.775622379884368e-47,5.661602453023581e-54,9.833257030325763e-33,3.2886604006969106e-6,5.866906585499534e-70,1.894635402123532e-105,1.1100141569868141e-35,2.7392995990279874e-39
rs2141306,0,2.2591219194250607e-66,4.60392843693865e-16,1.0715615037955152e-191,2.192979598475342e-45,2.5214036382106643e-16,3.3427695046272985e-14,8.493930500767608e-21,1.9749571932245897e-45,6.243532732067388e-54,1.4976641618578668e-13,1.5091213898907095e-46,9.694521802174319e-54,1.7413487215704215e-32,5.718487976863476e-6,9.979870330503149e-70,3.195234120432005e-105,2.002469420935543e-35,4.844310579353665e-39
rs12538942,0,1.5714962605854459e-134,7.81803496028257e-18,7.15002327025052e-193,3.914860785705841e-46,5.0382847067098054e-18,5.843592451639062e-17,1.532211759994497e-107,7.0099461230919614e-74,3.854519071016476e-82,3.0629178151542353e-47,2.0048967391310993e-48,1.0768599751558471e-55,1.2778822419101324e-33,8.349751551350947e-7,5.72965810970333e-67,9.940614382900579e-101,3.0939807799701207e-37,5.788911306838399e-41
rs870476,0,1.4537061205281207e-64,5.382491252943778e-16,1.2374928258646233e-191,2.3184724740533946e-45,2.810768254452159e-16,5.004817793301665e-14,2.2549997453413095e-19,2.970256171531525e-45,1.6985487617366016e-53,1.0456352251572595e-13,1.7359502869881233e-46,1.0745854851336085e-53,2.0130336470150913e-32,6.4426316439028055e-6,9.889625410149986e-70,2.9631173057079566e-105,2.4029394265743855e-35,5.585575934979657e-39
rs2091491,0,1.453867015914756e-191,2.2337717333371432e-20,2.1688041318577345e-63,3.0837571581722444e-35,1.1230885638123617e-20,1.8007430741067218e-19,5.992520019236878e-139,6.801657607568356e-87,5.964219682241811e-110,2.5575742363068353e-68,6.359114996014842e-51,3.2656303806708236e-58,8.09076061446908e-37,2.5377805886702257e-10,2.1454034934091774e-10,9.972726880736104e-15,1.0910886337525595e-15,1.734400694784613e-43
rs1881201,0,2.609040362712866e-29,6.761477236129173e-15,1.2930206962401127e-187,1.1811401602939595e-41,3.4908839529683808e-15,1.4285181889135867e-12,6.786983896612398e-34,2.674307215275834e-54,2.3864292150734363e-45,4.5014926538122374e-20,1.808626354585456e-45,9.521107945364458e-53,8.224598184486506e-31,8.439412106628534e-5,1.9794566931064018e-60,4.464485450575663e-93,6.6105044555254e-35,7.54771831203863e-38
rs955187,0,1.5675225365268365e-25,1.8042341843214428e-14,1.6159767017756144e-187,2.1814706839824452e-41,9.497069296137939e-15,2.930521623654188e-12,4.1681803369160907e-38,8.523813050539281e-54,7.229101919130132e-44,5.685826001325515e-21,4.888067696351106e-45,2.7848487057229293e-52,1.9605665350840057e-30,2.2488312641653698e-4,4.479828377740722e-58,7.583574765640978e-90,1.1690337132322975e-33,1.7933724160683883e-37
rs4722227,0,1.218620068471778e-191,2.3983602216753987e-20,4.591892360639944e-63,2.59873074402077e-35,1.1919534653505982e-20,1.9059903714221493e-19,7.055954024431977e-139,6.742635170932315e-87,5.81696079957366e-110,2.626209756706485e-68,6.795210107256635e-51,3.4406063018237446e-58,8.288788733937752e-37,2.693210103229426e-10,1.4117289411623908e-10,5.908142227323982e-15,1.5491066250004014e-15,1.8705848701297444e-43
rs1468,0,3.585806905954749e-207,3.030716622548204e-20,5.624605637300282e-202,1.0481645453669798e-49,1.1479626127365749e-20,3.74627539886857e-20,1.867017824002006e-140,1.1436511631003847e-85,1.1617445609072968e-112,4.369920078377705e-63,7.913485981035772e-52,1.7216356084082342e-55,9.884502371678236e-38,7.616373541749561e-11,1.6063681814703916e-73,6.300950493175884e-109,1.8584201260399196e-41,1.1019660430245723e-43
rs117886838,0,3.3300243646083447e-196,1.4525135519066773e-19,5.69536701425556e-202,9.648513421432993e-49,3.8184861935008704e-20,5.4516462545272486e-17,1.7465370252268578e-133,1.0058856590830368e-88,3.010947903250056e-103,2.2903382997950405e-69,1.1415500407462607e-51,4.161140154355401e-59,2.8602699170461038e-36,8.499283684295189e-10,1.3603921037226438e-73,3.37595792961146e-109,3.3895356529508464e-41,2.979170721459775e-44
rs11770879,0,1.4258245326165246e-200,1.1079728540367044e-17,1.6733630315353117e-200,1.5125130693248955e-50,2.0818282630334034e-21,5.016831640882948e-20,3.3889802013675034e-138,2.0790883493052665e-88,7.430609099702409e-111,2.284810634069333e-66,1.2847665916475289e-51,8.78579338600335e-59,3.856999174252708e-36,4.702917656897622e-11,1.4677719652488197e-74,5.12022203900878e-110,5.120228491582597e-41,3.684230957198043e-44
rs706013,0,5.436731925617327e-196,2.4572079091341408e-20,8.170852716342378e-51,4.3270188992919483e-35,1.0914887573646536e-20,1.7126403859594855e-19,1.1759646903164998e-138,3.103322658941149e-87,3.545624791025476e-111,3.145942622837193e-67,6.157642255849066e-51,3.728357310357105e-58,4.661203209235156e-37,2.5430396961576286e-10,6.463666365336552e-25,5.392431734368338e-36,0.9999999999359801,1.2180302702489517e-43
rs10254544,0,5.155523981441946e-57,8.403706648411065e-16,3.992712747935537e-190,1.110114763109093e-45,1.9544522557318562e-16,4.846146061985498e-13,5.717782204556489e-4,1.7505852779302905e-50,4.067215627249936e-47,8.097449209721902e-20,7.445679772804604e-47,4.1209064919216277e-54,4.704509840749236e-32,6.594284407022163e-6,3.980822143450057e-70,1.339067237637895e-105,5.810145090864284e-33,1.475454937347044e-38
rs858249,0,7.473407003025968e-191,7.180153009935751e-20,1.7618088819524326e-66,3.860244746864906e-36,3.5668061009277215e-20,5.951253190098397e-19,4.397723329828837e-137,1.85394703281072e-86,1.7805037494954319e-109,6.405981891140912e-68,1.9484405288924508e-50,1.2721700251859726e-57,2.1621358667636773e-36,8.49983112414923e-10,0.01622824324967901,0.010565154802084203,1.9856021058996815e-12,5.850563316838156e-43
rs858245,0,1.3427372544867635e-190,6.497497340464312e-20,2.6146261284483923e-67,6.603407920406066e-36,3.302223826129688e-20,5.483929444972323e-19,2.957730086917643e-137,2.0969832543710328e-86,2.1110338992083416e-109,6.5162449146779195e-68,1.792873902987314e-50,1.1484465390834972e-57,2.226730167688564e-36,7.804514640368889e-10,0.060131062053802906,0.05309870419100808,8.137850130542887e-13,5.217840412903899e-43
rs858244,0,1.1350130808994358e-190,8.122825950127881e-20,9.169651937343352e-67,5.740409377035871e-36,4.074839354242755e-20,6.785189661775378e-19,4.379778213273685e-137,2.3082043002839274e-86,2.262057464719568e-109,7.620297571363886e-68,2.2200977104964944e-50,1.4376955374708361e-57,2.5856947180665678e-36,9.676143040280137e-10,0.03363175779917139,0.024957588841804566,1.5986018056418063e-12,6.577420555046255e-43
rs6955115,0,8.407768353706737e-72,3.066073107524226e-16,3.933173332565678e-192,1.8590929693201423e-45,1.8518615434357216e-16,1.4143379210296571e-14,4.118619363110907e-20,1.100344207085967e-42,2.772189135955022e-57,3.1721424095352474e-12,1.4596780362839397e-46,8.391587855001465e-54,9.370499883346264e-33,4.143906257849606e-6,5.872367725835547e-69,6.108850078034404e-104,1.202410032123311e-34,2.8107528707076152e-39
rs10232205,0,2.923166804787723e-197,3.2313197950473575e-15,2.0772829681567904e-198,5.723357774622387e-44,4.1182645905507286e-17,3.4801587868022588e-15,4.490057423427328e-137,2.7202153462498585e-59,2.468052432722443e-110,3.1290305270721596e-48,1.0145627198890178e-47,3.790339508284665e-51,5.656000419627823e-33,3.08390865256866e-5,8.962081461424736e-70,2.212701514860102e-105,2.957277947355651e-37,3.752374818711454e-40
rs1728327,0,2.730131534504957e-190,7.008116679160605e-20,5.303356127835377e-68,1.2830629733408086e-35,3.637700317004711e-20,6.014814322147409e-19,2.424972854816871e-137,2.7798455438229697e-86,2.922998115363459e-109,7.83111147107458e-68,1.9639070013599114e-50,1.2359875031661624e-57,2.7067904725969332e-36,8.531452987549471e-10,0.23869853005935207,0.2793818500947829,4.2210233850788774e-13,5.552875780717752e-43
rs1637215,0,1.6449107770901996e-191,2.6251887017453665e-20,1.137145599539488e-56,1.4850045028215921e-34,1.3454650425322967e-20,2.182973490456758e-19,1.883451606825362e-138,8.25669588712135e-87,6.495930223176811e-110,2.4777568700983215e-68,8.29497061961111e-51,3.92612637202038e-58,1.1460616138243846e-36,3.104197127862041e-10,1.79257649225245e-7,2.3161174563148013e-10,3.182554469452929e-17,2.224067533163803e-43
rs13243961,0,2.633520682711661e-177,2.2770773921801145e-15,1.1873137754822518e-201,2.4781375171177617e-45,4.437842532498512e-17,3.0786173112384576e-11,2.1214849231435006e-118,6.35572063106883e-89,7.810348011724555e-94,2.1459231859029816e-69,6.192273070240017e-51,2.2529468192105645e-58,2.392573087712504e-34,1.1397615206886063e-5,6.085390591485398e-69,4.787056922337725e-104,8.949908855028266e-40,1.8650805341358733e-42
rs10634,0,1.2937659443096664e-190,9.149085649623038e-20,1.0008233622578967e-66,6.537725133146351e-36,4.5914895725944193e-20,7.644859965604935e-19,4.907715967962741e-137,2.6099433529863e-86,2.559861604924638e-109,8.600558040850352e-68,2.501317423381567e-50,1.6192698584910495e-57,2.9189420423763066e-36,1.0901415925707934e-9,0.03882181607039591,0.02896229837800843,1.7759204626512368e-12,7.406553293259874e-43
rs858304,0,1.6500001568649733e-190,6.966187453227922e-20,1.9565979601782086e-67,8.035630905525307e-36,3.5565391216333857e-20,5.900738178929587e-19,2.9893526579767705e-137,2.3502596242736766e-86,2.388275584092023e-109,7.150757455153374e-68,1.9286024706948813e-50,1.2307043406568994e-57,2.4495716966955354e-36,8.391691551145927e-10,0.08533220518312358,0.0800621692108,7.45321367887432e-13,5.5780799923828475e-43
rs858303,0,1.648734112226705e-190,6.966578438915426e-20,1.960960720975095e-67,8.02993867403703e-36,3.5566412157312446e-20,5.900940926991874e-19,2.9905859530290806e-137,2.3497618176260527e-86,2.3876346632462297e-109,7.15015405577457e-68,1.9286719868324487e-50,1.230776936324962e-57,2.4493286315257616e-36,8.392016218885223e-10,0.08519264160214889,0.07990196930614459,7.460725442816487e-13,5.57849039378932e-43
rs858296,0,1.4483744665348742e-190,7.244318064668169e-20,3.1806526414991564e-67,7.139799437329074e-36,3.6777301296183616e-20,6.108910579968701e-19,3.3452095190086078e-137,2.3129948544195666e-86,2.323211138445807e-109,7.2243560096933805e-68,1.997336370016426e-50,1.280596318805477e-57,2.4672344366548983e-36,8.695469155532564e-10,0.06263722181196674,0.05450481556127084,9.426406341343595e-13,5.821655953255482e-43
rs858291,0,1.706256675040464e-190,7.223712092167394e-20,2.0438204159604194e-67,8.311255158690828e-36,3.687675982948188e-20,6.118426952164638e-19,3.1035852488995586e-137,2.4349450163625657e-86,2.4738594182189315e-109,7.411596838400234e-68,1.9997634108110842e-50,1.2762130719251257e-57,2.5387981817630862e-36,8.701402918947715e-10,0.08798361717072069,0.08244811245930599,7.75354381554192e-13,5.784629257073256e-43
rs114479506,0,2.336534601990175e-195,2.427090952108945e-20,2.1695019334456345e-197,4.745584621749901e-50,1.086714189826173e-20,1.7653515314373443e-18,4.2289970272139246e-126,3.15124462768075e-87,6.87669237884984e-108,1.5321989674642786e-66,1.3685880214684444e-49,1.4791512655825935e-58,1.9926893093462344e-36,5.038634421175888e-10,1.0157420276803473e-74,2.0563693549262412e-110,4.1198765124492824e-39,1.465971671747015e-43
rs858285,0,7.445348498811975e-191,6.88884482909113e-20,1.5305966289619137e-66,3.835402054660055e-36,3.426388043463722e-20,5.715487786876295e-19,4.15110411198022e-137,1.8006490670231504e-86,1.7337948321520814e-109,6.185675326645656e-68,1.8711022150760825e-50,1.2203936253973144e-57,2.0891977705019467e-36,8.161516156738682e-10,0.01682278969001777,0.011137066419315257,1.8239678301968873e-12,5.608710715454382e-43
rs858278,0,1.9908841804568264e-190,5.997425600143216e-20,6.919795911083298e-68,9.46426333640412e-36,3.0965417607404166e-20,5.12565566168755e-19,2.223990427657742e-137,2.2582585096389257e-86,2.3485989546210866e-109,6.521227505004339e-68,1.674125226715749e-50,1.05831873679659e-57,2.2475471896237307e-36,7.276442073573413e-10,0.14701828451745305,0.16026300458314421,4.3454499161804304e-13,4.768166507641777e-43
rs858277,0,1.8594139643201458e-190,6.008901091090883e-20,8.342799504611219e-68,8.883838756388281e-36,3.095222402810101e-20,5.125942535789103e-19,2.2969756322211063e-137,2.2114726379384236e-86,2.288876292648955e-109,6.455890512431451e-68,1.674456578049882e-50,1.0606004258944442e-57,2.2222155716432427e-36,7.279554892949939e-10,0.12750165117881812,0.13471726592069808,4.721547043789831e-13,4.7843937918032894e-43
rs6956974,0,7.019655556829258e-83,1.1383246570450026e-16,4.919717166468317e-193,2.0225044819266906e-45,1.1361384259307714e-16,3.0236702456515317e-15,0.41299037751576784,1.0187915927299977e-45,4.900397838138695e-71,1.12714704608472e-16,7.231814323991101e-46,3.3531688918531545e-54,2.4714339627678452e-33,1.8202012038852642e-6,3.253685944430296e-68,9.037179949081285e-103,7.343423404528304e-36,7.491198948516546e-40
rs6961109,0,9.728570314676636e-83,1.1041611018830224e-16,5.128349711480244e-193,1.9223108491535547e-45,1.0903857488247043e-16,3.0148000618696205e-15,0.5864378442637554,8.145578705436547e-46,5.807663001507778e-71,8.805682050901085e-17,6.797573477478592e-46,3.2177377239666207e-54,2.4137563002303982e-33,1.756947193740426e-6,3.0209833206762258e-68,8.29716814480508e-103,7.405299563354934e-36,7.32526252746245e-40
rs78213073,0,1.2006106147576473e-200,1.1283723628326722e-17,4.478290132082892e-200,1.0933678799884867e-46,3.8858271890832166e-19,1.4288560528314265e-17,1.3682455480977342e-138,5.546674099057194e-69,1.8487977926125036e-111,7.73221000132407e-57,3.9264573825426545e-50,8.205072383317903e-53,3.102830740644583e-35,8.773651721081027e-8,9.079808590732599e-72,2.348027708039414e-107,1.9527198481236155e-39,1.6494895783713504e-41
rs7807879,0,2.906150788040325e-66,4.715184486183858e-16,5.146584162456932e-195,3.15921384138343e-44,9.930658818668882e-16,1.767334075084688e-15,3.4610802061573248e-37,5.75011658493624e-30,5.285792342756375e-66,1.3628573808022691e-9,3.9562474356470917e-45,1.60174983340232e-52,8.739915070853879e-33,1.6179772847299953e-5,2.173838220456176e-66,9.986538389931643e-101,1.4272830563622864e-36,2.2436608717419716e-39
rs1624451,0,3.578725664507815e-11,3.131777456914493e-14,3.794575945597754e-183,3.787739744439182e-43,2.565470581023684e-14,2.775502494534977e-13,6.08643094244997e-55,5.4587301119694e-41,3.1015114487486853e-50,1.928067508171721e-18,6.384950799309716e-44,4.175428537256181e-51,4.635974247469807e-31,9.46947633092578e-4,2.0100612780743777e-63,1.3245416298003629e-96,3.1962220704002077e-32,1.7266468451945694e-37
rs1728292,0,1.0335989698267117e-14,1.1156717471461099e-14,3.258965306732406e-185,1.6888790738402381e-43,8.149304607599578e-15,1.1418266713461926e-13,1.4151726848162089e-55,5.229665195438705e-44,1.5950689387413653e-52,1.052328626431781e-21,1.2359723914866858e-44,8.116891573394067e-52,1.8290045131304968e-31,2.9164393278715217e-4,6.101289034158313e-64,2.781391819888874e-97,4.002497065526202e-33,6.132756051522858e-38
rs4719731,0,1.8731104898331574e-158,3.126759250873167e-19,3.384278272470843e-201,4.607384339046754e-49,1.800063679054163e-19,1.5373289427353282e-16,6.971384178448506e-114,3.5393950344376446e-81,2.0462112716646607e-92,1.874347262206033e-63,4.0229817061056456e-51,2.9696656500590206e-58,3.185534754181073e-37,9.723552116302244e-10,2.2889539028617118e-73,6.849749417884352e-109,7.537522477605052e-41,8.725510986243331e-44
rs10268610,0,2.979208099662083e-60,5.063503863260676e-16,2.5879905619335875e-194,2.1500316895481376e-44,7.657761566331807e-16,2.0714524126876106e-15,3.384218780492043e-40,1.1748394360426681e-29,7.289600319418623e-64,3.5482207089217883e-12,2.3793248953704447e-45,8.0073099402820855e-53,9.823574275007877e-33,2.42838732240375e-5,2.048098279015651e-66,1.0487994204751805e-100,2.1065286325521442e-36,2.2629017623152506e-39
rs17147930,0,9.468768222375877e-200,8.130314524067203e-21,5.0525752315614284e-201,3.917405418840361e-50,6.248123244224301e-21,9.166241545047205e-20,3.5829549223605753e-141,2.4819835496112762e-86,3.193684779571259e-109,1.6853701129876974e-67,3.581544686084191e-51,1.4523401526315147e-58,1.9503968346622152e-37,0.9882591186477785,1.9746716442050277e-74,5.0932536357028017e-110,7.60753138723545e-41,5.674297215373131e-44
rs13240597,0,5.1609720399800554e-172,8.55125949438686e-20,3.618497042059211e-201,1.6254992866436751e-49,2.6440317580244616e-20,5.117284714334653e-17,4.956135702765233e-125,2.837068514206703e-82,6.884417106349148e-95,1.724060145168855e-64,8.203691871842336e-51,3.0986987631915942e-58,2.5614839545103497e-37,7.633851990926004e-9,1.615095757479451e-73,6.042026460726769e-109,5.638198014387081e-41,6.716241681624709e-44
rs1881203,0,6.369341733263835e-49,3.3569671955539376e-15,2.0432218804666418e-193,2.4516982265273912e-43,7.314016893712992e-15,1.183987948870415e-14,2.688441188009249e-47,2.6684798993239133e-28,1.956238438207537e-61,1.7507370714256046e-7,1.5705570185465589e-44,6.915555061010458e-52,7.866185092826572e-32,2.291523032200593e-4,4.656655762452217e-68,2.0380267016631329e-103,1.0611511792857685e-35,3.6861818414312557e-38
rs199347,0,0.9999999999641886,1.5649891776792557e-14,1.3207236869303923e-184,3.988153189070304e-43,1.4324168085707964e-14,2.4514599773812655e-13,3.443427784980384e-54,9.495191287284263e-43,4.109538006383473e-49,6.0239163086815065e-22,2.348926302010398e-44,1.411472176746212e-51,3.0899276879623433e-31,4.025929435962442e-4,8.600356363552544e-63,9.81850516106047e-96,1.0684923389892617e-32,1.0410024369677763e-37
rs9639460,0,5.214932456154918e-143,6.118606212380683e-16,1.7173975830135024e-189,7.301918356146621e-47,1.1701331936858342e-15,1.5903490747523616e-15,7.839549149076834e-121,5.946294101653697e-70,1.003931174513654e-95,1.6031176123091002e-47,1.9261129044023761e-47,5.146860080102997e-55,4.062323093774525e-34,2.67916032014755e-7,2.515328113806697e-69,1.1440424657851635e-103,2.1738168744569355e-35,1.2896082149800752e-40
rs199354,0,1.071131186525175e-196,9.192134102885125e-21,0.9999228237924567,1.9601228495693922e-31,4.077591900439213e-21,6.439541512581564e-20,7.873066224893952e-140,2.272999991223497e-87,8.844404932441786e-112,4.795031866059032e-68,4.059621868697597e-51,1.4973042893498468e-58,2.6146938830354997e-37,9.320398352398185e-11,3.4317261832343046e-27,2.900628134867204e-39,2.498165076457116e-11,5.035254104597212e-44
rs10085838,0,1.4011309393337332e-52,4.066922968563541e-15,1.9173322128874514e-193,2.4243157891606406e-43,7.319949880734668e-15,1.2097076885117022e-14,1.0677368658737119e-47,2.140382560968676e-27,8.7739344535653394e-60,3.1734513097832595e-7,1.8883179909923932e-44,6.452894012094641e-52,5.576541667938146e-32,2.54694279994311e-4,4.5124326416002885e-68,1.938629661458034e-103,1.075477442368594e-35,3.8165114925204616e-38
rs199350,0,6.6167604305516884e-198,9.250925087478404e-21,1.5738437573374277e-5,3.5303575182007926e-31,4.023555649878705e-21,6.245377863569866e-20,1.6209804318509807e-139,2.5795208176111835e-87,5.663354364715377e-112,4.849335960791544e-68,4.354122954897298e-51,1.7012153143446518e-58,2.2223961486968564e-37,9.20048002307516e-11,4.2254758064355436e-29,5.4557144530217534e-42,7.1628664801375305e-12,4.7368666871723495e-44
rs199349,0,8.556546937014573e-198,9.130888634933751e-21,5.346689488883291e-6,5.0565967528290715e-31,4.049776389003487e-21,6.35049532839378e-20,1.4322175297558654e-139,2.8586819346694764e-87,5.994424461684583e-112,5.32874586142504e-68,4.2350041474249304e-51,1.6748135561934692e-58,2.334608545305729e-37,9.248620012452921e-11,7.298268938755564e-29,1.0617508086478346e-41,4.773923273363749e-12,4.870925726168673e-44
rs75801644,1,3.1117077144812267e-203,6.094877934173701e-21,2.1929675986395543e-201,2.565336723107556e-50,3.144311966991923e-10,6.066670380785396e-20,1.3025671267762184e-139,2.430043909088395e-87,9.897829653585385e-110,2.9161882449322105e-68,2.2507974378352117e-51,1.413906327173423e-58,7.692593155146786e-37,1.0344000052457165e-10,1.1268152055886434e-74,2.3726460816474592e-110,4.0354925596921126e-41,4.601162755663737e-44
rs156422,0,4.966564528894126e-198,9.455466965662481e-21,5.443461589230335e-5,2.357743239836711e-31,4.02162075077389e-21,6.170050801186693e-20,1.880412735709812e-139,2.309696078889902e-87,5.34434836761522e-112,4.384378972134719e-68,4.525734862805614e-51,1.7439864074914286e-58,2.1153875964196275e-37,9.209322212143194e-11,2.278396063006258e-29,2.5666804353618535e-42,1.1468390864772483e-11,4.620167772737008e-44
rs2268748,0,3.4005770949771177e-196,1.2894953115130789e-20,1.1825758861373925e-201,6.364602148862402e-50,2.2703790050675683e-20,8.346279714292597e-20,2.9982197963795184e-134,1.4750152510013524e-88,1.5752332195001695e-109,4.0665753585386417e-69,8.656223398319843e-50,8.355384173397633e-59,7.982442714889734e-38,4.089183611010228e-10,1.4228545706422285e-74,2.4641165617586274e-110,5.530116085794488e-41,2.4044614237277433e-44
rs2268747,0,7.546811610351064e-59,8.555928615418864e-16,5.110162357171778e-193,2.6446104793922166e-44,1.2194439794068975e-15,9.728961008714129e-15,1.0506994399985657e-53,1.8631233027159494e-28,1.6344858625223952e-50,8.914226355145091e-13,8.495998139362628e-46,6.462625163765933e-53,2.1057419413840125e-32,3.232181153313959e-5,4.166185365088868e-69,1.2717312088769375e-104,1.2209099893373385e-35,8.177059451898795e-39
rs77253147,0,2.426699437965765e-149,6.289213770929137e-17,9.250369767175279e-197,8.027424028635788e-47,5.9137784005604065e-18,2.734246617653282e-15,5.9296935244419885e-105,4.448349113144991e-62,3.745154966761855e-84,7.167604243228334e-54,2.56741758743211e-48,1.4861645555567227e-55,1.9843953150154855e-34,1.256236000783634e-7,1.0933022619454874e-71,2.167072589777451e-107,7.796528091449452e-37,1.4011467243232237e-40
rs5850,0,1.3213006323681037e-59,1.1056356122761802e-15,3.9651632048954907e-193,3.874209765403105e-44,1.7058557324488679e-15,1.1089848701718389e-14,2.1079223309461244e-54,9.608373470385075e-27,1.4405181630958175e-49,1.2121995318034637e-11,1.2262116693831387e-45,9.791465061650508e-53,2.8002758671522165e-32,4.519623114756366e-5,5.746228675840052e-69,1.7595754294620525e-104,1.3127345793320826e-35,1.1442839074396485e-38
rs156408,0,1.1492256185709476e-197,9.117450524013306e-21,1.6564645822137231e-6,7.597448431925469e-31,4.1315324836866226e-21,6.551579465969384e-20,1.2664836627417624e-139,3.2413378532476026e-87,6.462670499580211e-112,5.986051088963358e-68,4.16124940619623e-51,1.6676385129787085e-58,2.4961788576591534e-37,9.42195944046183e-11,1.3466196999178533e-28,2.233147014899829e-41,3.0981925386410767e-12,5.08744068168873e-44
rs78294387,0,3.190633511205025e-203,8.36051173269486e-21,5.499953031259841e-137,1.5210317476463555e-10,4.954294020361863e-21,8.139510080129755e-20,3.394473601897271e-140,9.835174970571559e-88,1.4286213776184729e-111,3.1497364214242e-68,2.5956371914535e-51,2.5597446439041472e-58,3.3499281065242546e-37,1.2949757008884873e-10,8.258692756597278e-52,5.286863572897712e-76,7.804169191703542e-26,5.854168966421621e-44
rs461239,0,5.418992145106214e-205,8.22449241788933e-21,6.963237099739248e-134,3.6741408519626495e-18,5.573952840018288e-21,1.1580899557774734e-19,2.01980759171345e-138,2.0632559657590515e-88,5.190315190397254e-111,6.565560766605371e-69,2.1996352821629816e-51,8.363916530414554e-58,6.953694020228853e-37,2.2126221972441907e-10,7.740078866660684e-55,2.3848417900008062e-79,2.003970277193867e-21,6.268373437677673e-44
rs464336,0,1.0236390821143547e-204,3.3194635941808646e-21,1.145808994023541e-121,0.0013758626017375596,1.9685076336342364e-21,3.2870820917404926e-20,1.071686495607522e-140,2.788231348983896e-88,2.9045206575016365e-111,7.975320779202635e-69,1.1068482727645728e-51,7.019510174646004e-59,1.4876989228956217e-37,5.342405588549999e-11,8.379897516027287e-57,3.8200129661768526e-83,2.6690756554085618e-28,2.4668356254727197e-44
rs456866,0,4.828225982611711e-205,1.0077968543258178e-20,2.998902857663316e-133,1.6823023603605973e-18,6.900334810552069e-21,1.456201832798627e-19,3.2390472445566456e-138,2.1982409477258532e-88,7.127209400574902e-111,6.989115795930709e-69,2.660628907879355e-51,1.1185244680629353e-57,9.1316396440581435e-37,2.8277325466195974e-10,4.295836269865701e-55,1.1052253784075302e-79,4.684848248578945e-21,7.735339289511578e-44
rs199656,0,4.2993826391757385e-67,8.710505908129819e-16,1.0398161417858718e-195,5.556086104643053e-45,6.800515667029193e-16,7.560065300933805e-14,2.1153361515321928e-73,5.48701790294192e-43,6.200867911487166e-17,1.3196074870412562e-31,2.9231513247753598e-46,9.962510026993953e-53,3.2450947865005865e-32,1.3546796191393601e-5,3.817589683160869e-68,2.583165786012209e-103,5.071511923071307e-36,6.127561640607461e-39
rs199359,0,1.0123695824986717e-68,4.444830759742268e-16,1.115591405976756e-196,1.487259819441492e-45,2.101191273418397e-16,5.699915740191817e-14,1.3413064348690614e-71,6.315447657181387e-51,4.492379951766969e-10,6.24009687911067e-38,1.463975237467653e-46,9.98572209925693e-54,3.9630955746366054e-32,5.791732126123065e-6,1.1231271740142087e-67,8.770171568045176e-103,2.743751100639708e-36,4.319057260708908e-39
rs156404,0,1.4991830903002724e-204,3.433022660275271e-21,2.043083614560398e-122,0.005589183339992864,2.0306857944754436e-21,3.353643169282252e-20,8.290163075871101e-141,3.3728080984886136e-88,2.438942718713214e-111,9.590999267440575e-69,1.1183803189252432e-51,6.934286688684491e-59,1.4025648567118402e-37,5.2884485023221454e-11,2.0467658817361736e-56,1.1345966884663516e-82,1.3677122606205944e-28,2.4956598514334595e-44
rs156409,0,1.3229783244549626e-204,3.3958885303142755e-21,3.597802080288391e-122,0.0035292354503446374,2.0103942298015847e-21,3.332193357706612e-20,9.02013595057312e-141,3.1691065641892216e-88,2.5832189282739875e-111,9.029113489929473e-69,1.114755695559989e-51,6.963205306182181e-59,1.4301687343179606e-37,5.306996218969902e-11,1.527179997191077e-56,7.93948797868658e-83,1.703451122416983e-28,2.48655153670009e-44
rs156410,0,8.195834995707054e-205,6.567554665197486e-21,4.480864721164846e-135,2.1092561705674056e-17,4.360725285492698e-21,8.781398780559783e-20,9.409137526293892e-139,2.1808223078576857e-88,3.2994775664827125e-111,6.95148624503348e-69,1.8029195142238236e-51,5.606240469296105e-58,4.833892355769918e-37,1.6237597107874823e-10,3.0220967215132116e-54,1.3364260922725052e-78,4.386281980775481e-22,4.93583881257729e-44
rs17796758,0,1.8287995275251356e-204,2.205648078471246e-17,3.8973298378735557e-196,1.497862463041521e-45,6.267842953032791e-17,8.713817979293592e-16,4.865559141312142e-141,2.638624676303033e-74,2.7628978790730347e-110,9.461019246821877e-55,1.191712261468007e-49,4.521509816541078e-49,5.6653726338627235e-30,4.0361777869175767e-7,8.755154093223506e-71,1.0684214305404648e-106,1.358696826998756e-36,1.2919469008103608e-38
rs117661739,0,4.285798051536049e-191,3.2622502100506574e-18,1.2443299907263743e-196,2.2810284076528206e-48,4.081999232912286e-19,1.3247110162867836e-16,1.5638587548118812e-132,1.5323264230983373e-88,1.8543491733293233e-104,6.294556311212953e-69,1.915065093357704e-47,6.644661571918285e-58,3.5166205810653374e-37,9.509694740959113e-9,1.7183680764161078e-73,1.7887553331002797e-109,1.502556828326812e-37,1.6812312143863217e-40
rs156419,0,1.3061197884389474e-204,3.379000554821432e-21,3.724542931366317e-122,0.0034050870135746082,2.0005108657983112e-21,3.316637607396396e-20,9.034190977862087e-141,3.1422319216781815e-88,2.5824658133880206e-111,8.953728184443435e-69,1.1097934991061956e-51,6.9357370487542775e-59,1.426027223565132e-37,5.2858183762205753e-11,1.490444788784639e-56,7.714436270310192e-83,1.7220107305780393e-28,2.475413183869213e-44
rs17796841,0,2.780622933297497e-201,5.231561760124409e-16,1.1512630902678328e-200,1.2670853612701639e-50,1.9040249523685397e-21,4.9913686215820553e-20,3.280349268285823e-140,2.1364663861184237e-87,1.1909186970199507e-109,3.966648102801507e-67,2.151620525260995e-51,7.9602430787467964e-59,1.457863684255307e-35,4.0312323592774304e-11,8.829896676585432e-75,2.6354142682611006e-110,4.532428376592859e-41,4.673336760319567e-44
rs17740440,0,5.689938733627674e-191,1.2756815772045208e-20,6.687188353851789e-202,1.2130226839255673e-50,2.032983449742951e-21,1.4605720276486508e-18,1.0174897596237974e-130,3.9018970102206143e-84,1.464922503019719e-103,1.3533873982843216e-66,7.497240998571656e-51,1.974506507756569e-58,6.217595127670542e-38,6.336459253871849e-11,4.940632514190104e-75,9.478004778058446e-111,1.469275023401157e-41,1.8684849955026835e-44
rs156413,0,1.186104677420118e-204,3.507229739203721e-21,7.594195679612801e-122,0.002089721253837243,2.0784548913242775e-21,3.4605177388738e-20,1.0483479536066522e-140,3.070968793940376e-88,2.9037866273226488e-111,8.770399239930189e-69,1.162253121315649e-51,7.326858584475268e-59,1.5337164154981904e-37,5.579458299002169e-11,1.1120895415184916e-56,5.3394956486056544e-83,2.3407324337936357e-28,2.5911785880900277e-44
rs156411,0,1.1803787281869942e-204,8.263141311500394e-21,3.3094509036665176e-135,4.0280282090266e-17,5.462838458233005e-21,1.0928268270184834e-19,1.0563150589845294e-138,2.911594726571891e-88,3.955917990703544e-111,9.284178696133385e-69,2.280988755828032e-51,6.797342269385745e-58,5.9061983608992835e-37,2.006739798999475e-10,5.319378519864041e-54,2.5391745291989794e-78,4.197069683243169e-22,6.191873976538329e-44
rs586926,0,1.3051494235642697e-204,3.6121003613289194e-21,5.598261337880016e-122,0.0027919482344334313,2.1395690635974258e-21,3.554789536303841e-20,1.0216694039041613e-140,3.258484474618359e-88,2.874403219103386e-111,9.295551810183604e-69,1.1917166433255688e-51,7.480396649271266e-59,1.5520046175512394e-37,5.698638579034651e-11,1.3487452149235607e-56,6.72123770964286e-83,2.109276104711279e-28,2.657499156112703e-44
rs17797041,0,2.1533674986284848e-176,2.33089351695728e-15,1.8393842735935585e-201,1.2572645909168739e-45,1.0753219757210276e-17,2.8853314300701297e-11,2.490856963601176e-120,7.718214609307036e-89,7.316990023284064e-94,2.496324731905953e-69,5.488501170683695e-51,1.0778382650636654e-58,1.461551662072881e-34,5.901060064066913e-6,9.82125444580612e-70,5.68394768420966e-105,9.048355998271732e-40,1.0200783369031143e-42
rs76983703,0,1.4139473461338615e-111,3.1730772752606786e-18,3.218503758850708e-196,3.446241336194217e-47,3.371704657565064e-18,7.013400496406518e-17,9.651169150625362e-78,1,1.2882761184588845e-59,1.5641776195244592e-34,3.66936053654926e-48,8.935147091538649e-56,7.43602293414367e-35,6.341180131735851e-8,3.808394346276495e-71,2.0656835849986937e-106,4.133953700820831e-38,2.050642449681028e-41
rs1964536,0,4.96887599038614e-107,3.5877706290965236e-17,1.0810369883924469e-197,6.557510086007734e-47,1.937346417298497e-17,5.24902804975751e-13,1.0315934799563828e-85,3.171977121656419e-75,1.6625674287981821e-40,2.815600651507374e-56,6.717480094526598e-47,1.665146530439926e-55,1.1066906765744247e-31,4.064096896722926e-7,2.574085400751269e-68,1.2723680447008616e-103,1.789899786060976e-36,7.441783902507099e-41
rs10488282,0,6.086695931137822e-156,9.805244138563754e-17,7.346058626738311e-196,3.9359636433831756e-46,1.3841877018920745e-17,4.023010240565955e-14,3.473997323339407e-108,4.745310714839275e-67,9.165604860110393e-62,2.02463450497377e-59,4.636178241773831e-47,1.991002347389438e-55,5.114335545180514e-34,4.0021399337155575e-7,2.002245177294684e-71,2.902980341878085e-107,5.418885013987063e-36,6.613810139348629e-40
rs274046,0,1.2042643292245425e-204,3.422365063369223e-21,6.063875876993229e-122,0.0023835948809055657,2.02757459890284e-21,3.371551897933107e-20,9.896458614970391e-141,3.05070715780083e-88,2.766967029008904e-111,8.706707758791205e-69,1.1311215863618406e-51,7.1122599029847665e-59,1.4808827547409378e-37,5.417331808761747e-11,1.1969565998682533e-56,5.876647101163515e-83,2.1082487665168006e-28,2.5221330964739004e-44
rs274047,0,1.2314485976229037e-204,3.496335393054327e-21,6.16562341529662e-122,0.0024441197449557744,2.0713839999529086e-21,3.4442976450858955e-20,1.0102439320629458e-140,3.1179625927940634e-88,2.825182914205622e-111,8.898513730848e-69,1.1554968388988011e-51,7.26508379109562e-59,1.512512402437838e-37,5.533767209509273e-11,1.2256662961123307e-56,6.0207787994966975e-83,2.149738618447045e-28,2.576492843198004e-44
rs3807462,0,1.424538598490848e-153,1.7403334450272815e-16,1.9114476626117597e-195,5.1923533825258564e-46,1.643524896472078e-17,7.229761885197503e-14,5.543696739518062e-107,1.7798297106645262e-67,2.8882202427260097e-60,2.0857552691626694e-60,5.582068419188362e-47,1.8378285719435384e-55,3.99838029315794e-34,4.778548579740096e-7,2.1248505833830093e-71,2.948241459820843e-107,1.0642469041218648e-35,1.8134336998772518e-39
rs274050,0,2.3727691404721295e-204,4.153958285418998e-21,6.368215847064478e-123,0.019436468053389926,2.4523258052258913e-21,4.01557480589881e-20,8.017906344985841e-141,4.6058510671736294e-88,2.5129996205474855e-111,1.3038107829795988e-68,1.3292078871492286e-51,8.099154522927885e-59,1.580162433916174e-37,6.186046566998368e-11,4.806808269353161e-56,3.0986983205979583e-82,9.626548114460275e-29,2.9689750581127034e-44
rs74452222,0,2.217337994950699e-199,3.5715216126329494e-21,9.09475509110245e-202,3.6452548025372727e-50,2.63890827411405e-21,2.3830128478606494e-20,3.7476299644094924e-143,1.8036979865459373e-88,1.4048097811107593e-106,7.428398623634331e-69,2.9930701442209347e-50,6.184329669043323e-59,1.2658500318920322e-37,7.213865209252575e-11,4.876051140220456e-74,1.8739801124608002e-109,1.8864461403452373e-41,1.95329948017522e-44
rs274051,0,1.2746805695966229e-204,3.4081827421250485e-21,4.4375063470918377e-122,0.0030169519009683263,2.0182735300508707e-21,3.34959162786027e-20,9.366388757256366e-141,3.1226603904701857e-88,2.6566942052692315e-111,8.902905889012893e-69,1.1218483879589831e-51,7.0260899479308655e-59,1.4510122507831191e-37,5.353638234335454e-11,1.3857643053199221e-56,7.040918249957914e-83,1.8563726319213037e-28,2.502005146243025e-44
rs7796541,0,5.419926867940087e-73,4.230117502503975e-15,1.1124128482466295e-194,1.1207893580759558e-43,4.538901205512441e-15,3.316585471574592e-14,1.903719787977138e-79,2.432418894287896e-29,1.5405825164188794e-29,1.0690436837711766e-25,3.143593918661536e-45,4.347394459634891e-52,5.595549203150384e-32,9.420244153297621e-5,5.800251833273694e-68,5.54567998792169e-103,4.4890772381953327e-35,1.772819066619454e-38
rs3807459,0,6.011600630150166e-77,1.6057282932590208e-16,4.5143631465320836e-197,6.481509991912404e-46,9.021577204102882e-17,6.460949331527107e-14,1.747146710887735e-78,1.7889661299714023e-50,1.5358977056049758e-7,3.934925386213789e-40,7.108974446864802e-47,5.881940080585032e-54,7.234709577667822e-32,2.06507617578171e-6,1.6168271674398574e-67,2.326735320080491e-102,8.910019305709696e-37,4.474104541161604e-39
rs274053,0,6.523635493287428e-204,4.542941374006565e-21,6.630913638141237e-125,0.7961627165449224,2.66405915044004e-21,4.236346384167825e-20,4.066549859847734e-141,7.631404701404684e-88,1.583793505623408e-111,2.1268792908226293e-68,1.3673316881194298e-51,7.848133946409079e-59,1.3528679670854638e-37,6.020939249563293e-11,5.119395799869695e-55,5.539951782301503e-81,1.640268065124412e-29,3.064144181606005e-44
rs73088156,0,6.829635415845157e-204,1.3482559907781546e-19,4.573632306628124e-199,5.076839836821633e-49,1.41057748795391e-19,4.731556338396827e-18,2.055031758944579e-140,1.06877068847866e-84,1.4833626893450255e-109,2.127616274152865e-64,6.455515458394265e-50,8.72147516870685e-56,1.0580057371420442e-35,1.546320249116401e-9,1.6499573622017755e-73,2.6965370600850657e-109,1.908817643487217e-39,1.6707512618341013e-42
rs200717,0,2.879659450814041e-66,7.102341149344622e-16,6.611080325381247e-191,1.7627538472662723e-42,3.7057885062570885e-16,3.250092829838006e-13,1.0977063978058618e-82,2.1939370846890015e-53,1.6364550566303533e-11,2.1397704392733635e-42,3.4754290363240115e-46,2.2171502877580826e-53,2.146226443613529e-31,8.593101535739318e-6,8.363847320356916e-62,1.434758138049975e-94,1.0220230536426384e-35,1.4756106589617447e-38
rs274061,0,4.2867992788784834e-204,4.535209208787515e-21,5.464903186699706e-124,0.15366222245423133,2.6676085412218065e-21,4.298743195750333e-20,5.751911758642244e-141,6.3096817973496975e-88,2.030005771737213e-111,1.7709954312228458e-68,1.403377261338122e-51,8.276314689644206e-59,1.5091130071222658e-37,6.337512907171213e-11,1.820202763709491e-55,1.5572912564869177e-81,3.8051513080380303e-29,3.140271823121465e-44
rs274063,0,1.4877429474751294e-204,3.777698639392201e-21,3.789299795634433e-122,0.004096760977617147,2.2362523060139578e-21,3.7052749137103695e-20,9.944053648732732e-141,3.5426499541335856e-88,2.855092453138144e-111,1.0091535334009643e-68,1.2391938888039047e-51,7.735059722560328e-59,1.5863920427226379e-37,5.895637305767874e-11,1.7449224327513493e-56,9.126858962416305e-83,1.8540230760858953e-28,2.7642284352579516e-44
rs433395,0,1.9624162569933118e-59,1.6487496939706064e-14,3.5851648089066422e-186,2.097960282515122e-42,1.0652886930208654e-14,3.8827924036052713e-13,7.557332245677262e-81,6.430389852020188e-40,4.630658989521878e-18,4.6361169551452364e-32,5.737527116690025e-45,1.1694654311019607e-51,4.218058114262034e-31,2.6655822017289296e-4,4.1647865416490785e-62,5.975138357952011e-95,3.1089692874445114e-33,1.047566953232199e-37
rs2615691,0,1.1176238942211657e-207,1.1888977353863156e-20,7.145656368165525e-188,7.507160760868167e-29,5.018253650217394e-21,2.4510214297931752e-20,2.652110180643939e-141,6.551530443922752e-85,1.1870315790363535e-111,2.135992657128112e-65,2.6971978485655665e-49,7.380772838201478e-59,8.384971480527174e-38,6.233873214590542e-7,4.448385365185663e-67,5.936276298345706e-100,1.1988352464364897e-40,1.0923904716907436e-43
rs10255155,0,1.8133215080757664e-75,5.694866921510849e-15,1.1752578272315398e-194,5.155822932635509e-44,3.4818502487515617e-15,4.3469621205855735e-14,8.990820736172668e-80,2.1594904256553295e-33,1.7967474259822495e-18,8.471664461132854e-27,1.9139126873957436e-45,6.1819284589429346e-52,7.436529311900432e-32,9.500732944682875e-5,8.72812356881801e-68,8.108799784017988e-103,4.920110432074633e-35,2.7826519548752257e-38
rs117444157,0,4.450376667827892e-205,3.8895301938508875e-15,1.0181122041825353e-195,5.363089370768355e-44,1.1114463468747448e-16,2.620859785624725e-13,1.1290240367118359e-139,4.268959114650928e-81,2.012955184658846e-110,8.555611615684115e-62,3.265422842840011e-44,1.1212095426625303e-49,2.6414618641789967e-28,2.7119254934330772e-5,2.3301124199299313e-70,2.678941988187845e-106,2.2385709642262128e-35,2.6221582671410922e-39
rs10229956,0,2.0825828844116366e-94,1.8188899308128887e-15,1.6581096484877067e-195,1.190646690387211e-44,1.29537302494028e-15,2.7046723738327522e-14,1.7197455796463096e-89,2.6712103445574073e-43,0.9999998459445981,8.371425914304945e-35,3.4719467182826e-46,2.898819615784356e-51,3.3822327383510967e-32,2.7276854596157527e-5,3.0562858722021755e-68,2.3555817845712355e-103,1.0559455887452496e-35,7.892536188681809e-39
rs4265084,0,3.210417434757409e-69,4.222669327134566e-15,5.350034155227269e-195,2.9402398675759644e-44,2.8003078200852947e-15,8.414937764576287e-14,8.79356136859509e-76,3.814888617300206e-36,3.587505641564637e-14,4.4757483170867956e-29,1.530910099897635e-45,2.839408867794767e-52,1.0494202546252317e-31,6.745786521791375e-5,3.9019796975365306e-67,5.070762068028376e-102,3.248293356660133e-35,2.5411604713664223e-38
rs79813938,0,9.033431112969702e-207,9.70530337605343e-13,4.5747230389823465e-195,4.4492467019847697e-41,1.9409694824035204e-14,1.167459663596184e-13,7.969323800628543e-141,3.0412778418549643e-85,1.7064382452646433e-111,7.43344380460285e-56,1.7385173524643754e-45,3.2138091100525394e-48,2.007015826119526e-30,0.0013225521997883493,1.94677770531304e-65,8.643942544761991e-101,2.5240612036403287e-34,2.527273286617448e-35
rs6461708,0,2.3096120943109957e-182,2.0326699391034206e-19,5.691294498373561e-192,1.8207436554059787e-48,5.992431053372841e-20,4.1753074677805927e-19,5.2141091562376636e-136,6.567170107323064e-65,6.140810019960985e-106,3.579422659780399e-57,1.415782686371965e-46,1.942129550638371e-58,1.551647208881687e-36,2.0530711477892376e-9,1.4235607372150619e-74,5.434468126260777e-110,1.0631612187321145e-36,5.813518010590231e-43
rs439593,0,8.821373438558764e-207,5.411900828741126e-20,4.9541684189745494e-201,8.847114288255495e-50,2.4603142552092074e-20,1.5101439182727688e-18,2.8845081912971668e-142,2.0040090687663544e-85,1.3579484068512024e-111,7.015852074002541e-68,1.665954884668026e-50,3.581586788666742e-58,1.2843351094864417e-36,2.468418060655618e-10,5.441253652922404e-74,9.805809530028925e-110,8.486956125144907e-40,2.1564828805054077e-43
rs439590,0,2.6708277568509715e-202,1.356662269683532e-20,1.2842332554115835e-201,2.502560539497014e-50,6.913017547927856e-21,1.1263988645189898e-19,6.6879962943134285e-139,6.697329057708597e-77,1.9597366798873494e-109,5.482119332261395e-65,1.0844010795465662e-49,7.390008528817307e-59,1.5117001054673134e-37,5.0357709724297e-11,3.0404390869771134e-74,7.858442942153054e-110,3.9683428057463593e-41,4.061158396885849e-44
rs274029,0,3.5995405127990796e-203,1.4643393821709582e-20,9.337877940755035e-197,1.1148162638236664e-50,1.8753197498141737e-20,6.160570174211206e-20,4.5125256795702177e-141,6.77382435093898e-89,4.478330426364641e-110,2.1478321501645173e-69,2.1185795719320637e-50,3.365275296154222e-58,8.48619350258649e-37,6.089432151306408e-10,5.658848287360134e-75,8.048714424754984e-111,1.946862691781958e-38,3.489203607818617e-44
rs17797853,0,1.4818529073712531e-190,2.6564062251051e-21,1.1001567635982067e-201,4.1215151615232055e-46,1.6237622390220105e-21,1.284257761187895e-19,3.2539282499284814e-133,4.3144383235943403e-85,1.120123898166678e-107,4.160274287469307e-68,6.237529287375104e-51,6.598770268450899e-57,2.27621995176365e-37,2.545276773322989e-10,1.1852777958274454e-73,4.62258273996903e-109,1.4331496605954527e-41,2.8730932756448395e-44
rs73281643,6.020319195351711e-191,9.785161543830378e-205,4.9989824687583016e-21,1.5263511587864372e-201,2.159319519200038e-50,0.9999999996826645,5.0965623585551306e-20,4.377425442140496e-141,2.388306283309721e-87,9.634502207793669e-111,2.085665475097016e-68,1.7792233452846058e-51,1.0885075212303555e-58,6.080036117537317e-37,7.626990604734872e-11,7.608972924256818e-75,1.4808082684664207e-110,3.1957276060603813e-41,3.4721774680623143e-44
rs11762251,0,6.353156995990533e-196,2.1324277499334898e-20,2.1144952431748256e-201,3.301534484144628e-44,1.1390921522324751e-20,3.7200295413003947e-19,1.36632391907393e-134,2.116126038111531e-88,1.189932563245061e-107,2.552683918442096e-69,1.1797935506332831e-51,1.4032407786829647e-54,7.740474954045281e-36,5.375442166721033e-6,1.0616938550042832e-72,2.655551608875052e-108,2.204356360361913e-40,5.242437906438606e-43
rs274017,0,6.013551098444183e-198,9.470996257359189e-21,3.5647831573512647e-199,1.0918012306630883e-49,3.4583780443912575e-20,2.137617005861387e-19,3.96663561942927e-135,8.964552881154542e-80,5.161041534637297e-102,6.383896907384618e-67,1.1382207017290477e-49,1.8914002903001604e-58,1.1551619115388148e-37,7.155061223952221e-11,9.980381145830729e-75,2.0359665137601585e-110,6.270797131192721e-41,7.757094658601175e-43
rs12700428,0,2.403726444566032e-201,3.953035525342985e-21,9.99136451696541e-198,2.489411529624467e-50,2.328422198597197e-21,5.111967773429062e-20,1.1974043615235137e-139,3.349891909350318e-79,4.33563278786662e-105,1.1555955418383203e-65,4.2236213251152325e-49,7.471225270341822e-58,4.990116316434822e-37,7.911296775120702e-11,8.546888128157776e-75,2.354075279996626e-110,2.178314263560993e-40,9.851267102027456e-44
rs117804920,0,1.1144982445447125e-204,5.546749947952523e-20,2.3812269114930456e-200,1.5348265176404759e-50,1.0510180244878737e-20,1.5044122642571723e-19,1.5587841780851e-142,1.5834312671070214e-81,4.229635731462041e-112,4.948053590550318e-64,9.124202240930222e-50,2.2463204310964683e-58,2.062257678209201e-37,3.898287640197264e-10,4.620707443284419e-75,6.798207072419894e-111,4.070690896440092e-40,1.0284503549067308e-43
rs12700430,0,2.1766546526853172e-201,3.760831080841055e-21,1.1401279525962902e-197,2.314106937384491e-50,2.214024116225778e-21,4.816668730213938e-20,1.0585425601244743e-139,1.4460810463555796e-79,6.695120580367248e-106,8.706473954999533e-66,4.001766169573488e-49,7.561903093509258e-58,4.905500959825396e-37,7.952153817576255e-11,8.061661608184253e-75,2.2264594739884914e-110,2.248609857330175e-40,8.373287159978577e-44
rs13229367,0,3.8694382480999135e-200,4.667382310717186e-21,4.0070104043254974e-194,1.1874467471387323e-50,2.7821622359853252e-21,3.181515228192271e-20,9.84513418449542e-140,2.5832532302149897e-74,2.404248727471814e-106,2.767090904234359e-62,1.8483340300321398e-45,4.6128001310936823e-57,5.0228468411031294e-36,8.492214104178306e-9,3.9132518912338393e-75,9.140545383185639e-111,7.900034456509483e-39,2.208967431857374e-44
rs274038,0,2.1338608538601058e-207,9.209580721962837e-14,3.358927688912251e-196,5.619968534806071e-41,2.06580808091152e-12,4.959389971960727e-14,6.287897230812881e-143,1.8593312703552555e-65,3.8220479023949953e-112,1.5174109098984683e-52,1.9382078999951208e-49,5.562676297401488e-47,1.6936468547048475e-32,0.0026514361730248393,1.3757160731207594e-66,5.354785406447501e-102,1.5593070859781084e-35,7.255660324938191e-37
rs274035,0,4.826608951840029e-195,1.2204646378829813e-19,1.64466194279398e-193,6.143012729804795e-47,6.227032645621215e-17,1.9616888226532268e-18,8.400875703671486e-136,2.1002459343302566e-87,6.3122559192354315e-109,7.078862382573821e-68,2.140738419577871e-47,4.4581619086785405e-54,1.4963417914090035e-34,9.677056639027592e-7,1.25935346443335e-72,1.9401256033118756e-108,1.6753507348172074e-37,5.404732565058852e-43
rs79429530,0,9.510378929915341e-200,8.230057818998434e-20,3.872491170985986e-200,7.849419163750978e-49,7.250786704860459e-20,1.4481875478631457e-18,1.172935756564812e-137,3.757611915870365e-86,9.86964538036054e-108,1.656508859362328e-67,2.196748615857072e-50,2.1840484251653792e-57,4.03639854503925e-36,1.4843677261139875e-9,1.7922035891912414e-73,3.2466834123205485e-109,5.6439685400042864e-40,1.990167279367063e-42
rs12670654,0,3.796365030055168e-201,3.863683472039109e-21,6.783458195332271e-198,2.536715273589567e-50,2.2746458594006093e-21,5.287948957780048e-20,1.6683060039608324e-139,1.533835924912301e-79,1.986767262326428e-105,7.120083632356769e-66,3.3791636358643565e-49,4.9187078754799805e-58,4.636002053125037e-37,7.72219611538213e-11,8.670280912113187e-75,2.4101964649503415e-110,1.8272527554006436e-40,1.0732725613132957e-43
rs274019,0,4.509038788963456e-207,8.48141293040534e-21,1.497774911085513e-201,3.2069419988831373e-50,3.0641284269408507e-21,1.736695579386817e-19,1.869274172282243e-141,1.5779299146287964e-88,7.08477465806164e-112,1.368775162230082e-68,3.602624897231885e-51,1.8436742322008057e-58,1.2602434276912359e-37,1.0644778983905386e-10,2.2059280237655032e-70,1.3434999931437014e-103,3.1789599712148865e-41,4.315735054332281e-44
rs6651066,0,2.9326412002234694e-200,3.0974869513151586e-21,8.05336387657191e-196,1.1384550942536628e-50,1.815732838603656e-21,4.594777015983691e-20,2.112688513810443e-139,3.0454579684468293e-77,2.6658359977991437e-106,1.1294628029953543e-63,3.698043056560966e-47,7.397240027378371e-57,7.1199671675953404e-37,2.205067160776925e-9,4.660829596320782e-75,1.3730857966824603e-110,1.155385332409349e-39,3.0633229573538323e-44
rs34543392,0,1.0180593155373334e-205,1.072089717652837e-20,1.2596826746804942e-197,2.6986682125773887e-50,5.167204934782816e-21,1.266625218539496e-18,2.9662078801619427e-141,7.768400571078191e-86,3.450703628174624e-112,8.476319970729071e-69,4.091955593078959e-51,4.532974671371332e-58,4.983186989612928e-37,9.099070477275116e-10,8.454772223446586e-75,1.6378866851618503e-110,4.3991566795350196e-40,3.8785194020049024e-42
rs12534523,0,2.451825063457186e-172,1.151129501137672e-20,2.8924432688047944e-201,5.879129445361934e-48,1.8840095012352103e-19,5.032459090099207e-19,2.9813362919225807e-123,2.6478198793755078e-70,5.718062917879258e-99,7.00737679118046e-60,3.939839989032916e-50,3.497187565458166e-58,2.725562682067795e-37,1.534958220314806e-10,3.07227636569894e-74,6.72048188227653e-110,6.627076517432071e-41,7.616128135616592e-44
rs56041996,0,8.18035533408792e-207,1.3239201430674396e-20,2.619364141209496e-200,6.14009502197094e-50,2.167285680150164e-20,2.4412327116360085e-17,2.8884881192014843e-142,4.2536727573075825e-86,6.473226075633403e-112,2.579636956271058e-66,2.0526251681731946e-49,9.645979423146276e-54,6.28309298098985e-36,2.4798268531632356e-10,2.5106171099606e-74,3.6606148372146814e-110,3.672153580887765e-40,6.441826747596448e-42
rs6971100,0,1.335302061085555e-207,5.0426594108666085e-18,1.525231971181534e-199,1.5140036226379885e-47,2.6843902230687586e-20,6.48391697400342e-18,4.633078010948512e-143,2.2709107672054955e-86,2.153479092739999e-112,1.9207372060896227e-67,2.9454004200889917e-49,4.574659817165377e-58,3.4954339302203887e-37,1.2734339767178087e-10,5.13277183725301e-73,2.9246129147410484e-108,1.7167729214239897e-41,1.3815603308573718e-40
rs7808836,0,6.646328966189499e-202,4.707005256872571e-19,1.5515283806512644e-201,1.766835504278311e-49,4.6887642342837705e-21,3.941818207379669e-20,5.612116992189373e-138,6.745991214049938e-83,3.7220302030013795e-111,1.1272767245086687e-65,9.602532831257017e-44,4.20385226276652e-59,7.293653766417701e-38,8.124736588029464e-11,1.4222712175241754e-74,3.5780807672001093e-110,1.4149012211119263e-41,3.4063743763673386e-44
rs79078294,0,1.3393075065933768e-202,5.1321594456704284e-18,9.786701019088962e-200,6.867308241035048e-49,5.464898337350295e-20,1.0594919372812234e-18,2.5143424111234114e-139,3.4055102046391383e-87,3.5815271428012215e-109,7.983480826921284e-68,2.459380930722765e-50,3.5584064498454407e-57,1.7037912127411218e-36,1.0016328619362738e-9,8.028972213296238e-74,1.4883769255874289e-109,8.408980889367294e-40,6.5762001143046975e-43
rs11763760,0,9.181048870031285e-207,2.082168346789958e-20,1.623464669409043e-201,5.453803400059652e-50,4.597483601076487e-21,7.096691857857462e-20,1.2623706438421373e-140,7.984005641500989e-88,1.8308538198652198e-112,9.297130442845827e-69,1.9984240835969235e-40,7.723809684920939e-57,8.126842843907408e-38,7.083863987598362e-11,1.9688132284035683e-74,6.172297614451406e-110,2.0198832426306154e-41,6.266321098838114e-44
rs6957923,0,1.0643466839185288e-199,9.832169004922385e-20,3.290782956577269e-201,1.2333957064234158e-49,4.6147174563491345e-21,5.447713120896008e-20,2.626419696593447e-136,3.361127438906066e-82,2.6708325826055735e-110,6.311606366285991e-65,7.573099876137937e-43,4.7270327114052235e-59,8.935164217459298e-38,8.897860492353696e-11,2.23951606745262e-74,6.538492279189065e-110,1.561297178633276e-41,2.807155017417467e-44
rs12540730,0,4.049412291023541e-207,6.6515898020210375e-21,8.678643691488501e-201,2.2451464247334793e-50,2.3514316543991337e-21,8.15428463701494e-20,7.469799494726617e-141,1.021604053912718e-88,2.5765099604861375e-112,3.374435768905717e-69,2.0830338154572013e-46,2.6174931877988297e-55,3.0353335726644573e-37,9.956430908019166e-11,6.618346358512268e-75,1.535084753560767e-110,5.479612537682342e-41,4.366757865628108e-43
rs73073066,0,2.398133205275238e-205,2.7808260825511698e-18,4.199880923870314e-199,1.3874739666768846e-47,9.022539289611203e-18,2.0250876781500687e-14,6.61996701109144e-141,4.214080154775172e-80,2.756773728769692e-110,4.943875467601497e-61,6.8377194557210785e-49,9.920755507298602e-50,2.201461227692455e-32,5.8186699891216016e-8,5.237478486949594e-71,9.634571518548587e-107,8.454674570740551e-38,1.453641538106106e-39
rs11762106,0,1.0589524803522946e-199,9.079943551181225e-20,3.452058610568561e-201,1.1828509542828232e-49,4.562614766625481e-21,5.748039860139031e-20,2.6298977503893747e-136,3.830564173276078e-82,2.8840426708799546e-110,5.085168170285901e-65,6.297631534010036e-43,4.929210500469992e-59,9.267568870498903e-38,8.807355321531756e-11,2.134777140326408e-74,6.111329438540918e-110,1.6229582210647245e-41,2.96464692217428e-44
rs4304239,0,1.4235704065893367e-199,9.621273549326837e-20,4.131853808018232e-201,1.2700389176597552e-49,4.9981247542753134e-21,6.768021456521432e-20,3.4929104984314324e-136,3.743969120257903e-82,3.592611358740349e-110,5.121362442428658e-65,6.018975235892868e-43,5.6239639068465225e-59,1.0794745021973e-37,9.680595271115026e-11,2.3088486627312e-74,6.564986267408625e-110,1.8465842955190827e-41,3.4602549608845313e-44
rs11770192,0,6.984819853510872e-200,9.173091605306453e-20,2.693045359110037e-201,1.2757293768836604e-49,4.890338956808627e-21,5.409711243617996e-20,1.6131009588199367e-136,9.091007713494479e-82,2.6175255206514775e-110,5.768439947208541e-65,5.411652110833744e-43,5.035782448919742e-59,8.604627924901099e-38,9.891558270717188e-11,2.1483050807470964e-74,5.943295968478896e-110,1.6739089721543417e-41,2.7706678860940095e-44
rs12540317,0,4.612082512738748e-205,1.4065100411997327e-16,6.217760715583645e-201,1.6716774664085743e-47,5.569069905297266e-19,7.067263897377786e-19,1.3161127716793645e-142,3.987123699859338e-77,8.179215308245542e-112,5.447963770929341e-60,1.0130367201328013e-50,6.190733096443229e-49,4.421922921524026e-37,6.604886812561019e-9,1.8334243749848662e-73,2.4029739954366207e-109,2.8999312595938934e-39,5.619643332388407e-43
rs12534093,0,7.728156961167118e-206,3.3224008007119188e-21,6.52896371132811e-201,1.6177560482120607e-50,1.5733397084978924e-21,1.7134793655955852e-19,1.2685871438634965e-138,3.532029730277464e-88,2.5553278614902166e-112,4.3198455825756324e-69,1.6660490635777932e-40,2.591941757848863e-55,7.808033022034784e-38,3.765874269540391e-11,9.558222698459265e-75,3.0967706877905554e-110,2.547244745249954e-41,6.018676138910039e-44
rs4496867,0,2.208164606365301e-201,2.18654782258507e-19,2.1591423368098427e-201,2.7599709104109143e-49,6.639788350605399e-21,4.2162756869783254e-20,5.490461919964003e-137,1.6971800799354476e-81,4.948922442040365e-111,1.1357365577655064e-64,1.1641123417601756e-41,5.025480498475601e-59,7.227767979272837e-38,1.5351259983675358e-10,4.819767970092526e-74,1.5533697905067876e-109,1.7542283009404664e-41,2.38198196684521e-44
rs12700443,0,1.66889899181237e-199,1.7317111851551769e-18,3.805613612316325e-199,4.665379692836814e-49,1.59065812633948e-20,4.589918426752136e-20,1.1292560050497612e-138,1.5691575926059337e-82,1.8238645405869458e-110,6.257219800461238e-65,9.151850676084233e-39,7.679934722710724e-59,1.220615464602702e-37,1.9093843506735768e-10,4.824251810367609e-75,8.049285361431547e-111,3.044240434126968e-40,3.0849688270746144e-44
rs10950949,0,7.088602084310211e-199,9.0902576883372e-19,1.557784999185258e-199,3.2808344062029297e-49,1.245507584040471e-20,6.762862561983565e-20,3.744033783034717e-138,5.243639043113137e-83,5.000353747265058e-110,3.0169316348717233e-65,3.212332831296431e-39,7.909497848544355e-59,1.73659700780328e-37,1.5197236527445773e-10,5.295101640222612e-75,9.157887538736279e-111,1.952912926036034e-40,3.7619245232208217e-44
rs10950950,0,3.6356467270599655e-201,1.124048058052391e-19,2.1773356904973082e-200,5.571303010393492e-50,3.546855458165506e-21,9.652308398801659e-20,3.398737192041895e-140,4.328041438402976e-85,1.5679792462487385e-109,8.759030751218698e-67,4.566653548126118e-42,5.755971046121111e-59,2.6091142368795545e-37,8.113233668073476e-11,4.891007787644532e-75,9.980517054749011e-111,6.135818468664604e-41,4.891131111217565e-44
rs10950951,0,1.1616611127957122e-206,1.0413084740025614e-20,1.4069848935923242e-199,1.9209056263601453e-50,2.4670605650051164e-21,5.013913010296038e-19,2.7114455604038483e-142,1.0844910678793262e-88,6.884263264331705e-112,3.448994120647559e-69,3.4020990638924726e-41,1.5705452196467838e-55,5.4660801159232946e-37,5.571545725419825e-11,2.2693864432307433e-74,6.31843878984458e-110,3.257008132575629e-41,3.680670528736334e-43
rs7776572,0,7.768681692037218e-205,1.2231869717569476e-20,4.656694291891204e-200,9.958723178519221e-49,2.5401108445622356e-20,3.450730542437386e-15,7.678682184619693e-141,5.8665824397671385e-86,1.9103818139297358e-106,8.874116663802441e-67,3.775485990609846e-51,3.823836033477494e-58,1.3064632640765921e-30,1.3082855778361842e-9,9.979177144851229e-71,8.235190632022534e-106,1.053412354728305e-40,1.8508934469640012e-38
rs2170681,0,5.064907242478348e-206,0.9860105824872016,1.1416890012857017e-199,9.033824376199338e-50,1.2013632061721355e-20,3.1196547793879984e-19,4.7649090433841996e-142,8.115646374313198e-88,1.551276945788622e-110,2.6520239128296065e-68,1.1275250987694532e-48,6.579875501117076e-57,4.4449318409155555e-31,2.6662764359440687e-10,5.0050348363673e-74,1.2688916529625323e-109,2.391709640426461e-40,1.6816461163144608e-43
rs12333686,0,4.426086419466192e-205,1.1365675339931361e-20,8.503201997115778e-200,5.236128512161484e-49,1.64597001265865e-20,9.783705046589542e-16,4.429704417962545e-141,2.149001760870943e-86,4.7212676834833677e-107,3.488093275769323e-67,3.6917857845024016e-51,3.0411429321558665e-58,3.532868858367228e-31,7.626612403073235e-10,3.496101129774082e-71,2.6831105728575707e-106,7.980289254791717e-41,4.763266640314433e-39
rs4719732,0,2.3683955557942417e-203,2.80782882276122e-19,2.2601052055080366e-201,1.3356530558434366e-50,1.9538783625733566e-21,3.9020396203266506e-17,4.752697042248814e-141,1.6907043546212936e-88,1.3241295682861802e-108,3.7909477658770926e-69,3.2057219728455496e-49,3.381105678516786e-58,2.255214072424469e-37,4.241628118887258e-11,1.3517787029194526e-74,3.297043531001516e-110,1.835270384175362e-41,1.6673928938430171e-41
rs10259241,0,6.789185190570332e-205,7.533381846894475e-17,4.783841072220568e-201,1.0037312283125018e-47,3.540604384010123e-19,5.085174112443045e-19,1.2251795881300848e-142,5.714498188543694e-78,7.77712634054337e-112,1.1270949719032169e-60,6.586168232125571e-51,1.2248234765524744e-49,3.977480567686011e-37,4.324978054452289e-9,1.2708274431896007e-73,1.691494967798901e-109,1.8913936795152456e-39,4.019148504554682e-43
rs28558701,0,9.278983697102662e-204,4.248320239960203e-19,2.0752595584351903e-201,1.3731620986423896e-50,1.742058104054677e-21,7.13174488994569e-17,2.3204709111670846e-141,9.681167206127624e-89,5.595012014191522e-108,2.541574724580467e-69,7.692185126117633e-50,2.04303532413211e-58,2.0593133933397716e-37,4.032701992158632e-11,2.105760162388191e-74,5.68157186301617e-110,1.678265826985016e-41,5.081253689217807e-41
rs2170683,0,4.8237439003974785e-203,4.019354504396136e-19,3.012095972128344e-201,1.3587831643860212e-50,1.7186376956621527e-21,7.604489713613407e-17,4.470627515052038e-141,1.1138632443099266e-88,1.8287551067121803e-107,2.558637874767473e-69,7.1772992789086355e-50,2.2464751293357334e-58,2.222541530081279e-37,3.983134441014013e-11,2.782357083031213e-74,8.25666204892057e-110,1.660783863476649e-41,6.388080842576898e-41
rs1060974,0,1.6548760373638192e-203,2.9551055032310954e-19,4.1523824897354806e-201,1.29131469525238e-50,1.73362389446756e-21,4.484286929716002e-17,2.2565284729393952e-141,1.1015743539434701e-88,4.846823254504035e-108,2.698246385278066e-69,1.4357900968845938e-49,2.0705567012173265e-58,1.8927105160468753e-37,3.878040323086945e-11,2.3297259877211994e-74,6.904431104496416e-110,1.6860804577579966e-41,3.190966499560794e-41
rs73074858,0,1.5353000205052463e-205,7.974543364775331e-20,4.1047497329243785e-199,3.1121558208957777e-49,3.2897530193469786e-20,8.524736021590315e-19,3.8140016063611993e-141,4.814242847930989e-87,6.540702568981609e-110,1.3984877082402982e-67,2.0238984127289792e-48,2.4513971911004782e-57,2.5518084270235177e-36,9.595416788168488e-10,1.0006759540569651e-73,2.0975817345464978e-109,4.937170973673568e-40,3.897183871690878e-43
rs17150424,0,9.860426555878485e-206,0.012565579548663618,5.892713321310455e-200,8.1057338585789115e-50,1.140298565596913e-20,2.409934022177386e-19,6.800354302751338e-142,5.806553603816365e-88,3.641206947876158e-110,1.9370279558694e-68,3.73453113146931e-48,2.656313722471864e-57,1.7536515098396935e-30,2.7400388507864293e-10,7.964645012226685e-74,2.2944086761561507e-109,1.696957500885821e-40,1.3466686011189096e-43
rs13240694,0,2.039748591373895e-203,3.4636821849368627e-19,4.035615830096305e-201,1.368007891195853e-50,1.7973905140891903e-21,5.417641238598673e-17,2.625503934433293e-141,1.1123141144093052e-88,6.0235002054118614e-108,2.7603834709099327e-69,1.3294943516688007e-49,2.0293318240283072e-58,2.0886426831658027e-37,4.0740489015423375e-11,2.6175038849748145e-74,7.833761266245507e-110,1.7469014312343968e-41,3.856023695039713e-41
rs10499565,0,1.6364481293767442e-206,5.908024446286378e-21,1.8989476928279798e-200,3.0546746289104762e-49,9.665936416526923e-21,3.916556311553451e-16,2.959127391854399e-142,3.334029177481499e-85,6.849296810279055e-108,6.181072842532913e-67,2.1126823942296322e-51,1.0144808179532352e-58,4.65425687303988e-31,2.9691234899334134e-10,9.139233737969356e-71,1.2149665434067957e-105,4.640529724544551e-41,7.751146732696573e-39
rs4722237,0,6.398776354778239e-204,2.4775446825235427e-19,2.5182428594415857e-201,1.1985882644917449e-50,1.6556937966667315e-21,3.2685870341548914e-17,1.6848461851375315e-141,1.0555991526587024e-88,2.2678290639714843e-108,2.595929924664176e-69,1.3433697014357222e-49,2.055236176792171e-58,1.5844164941512042e-37,3.6391194820819556e-11,1.5055982267981087e-74,3.955830458870833e-110,1.5721502698822016e-41,2.3702511742657106e-41
rs4722238,0,2.0991931635765342e-203,3.4488625111182796e-19,3.553617393282202e-201,1.274728312548807e-50,1.651284369771209e-21,5.502724377011904e-17,2.601707422729325e-141,1.0043401590350516e-88,6.232665156900409e-108,2.513886607586736e-69,1.1341116212448504e-49,1.796843627869145e-58,1.999042913609258e-37,3.775368499120951e-11,2.5349300077417187e-74,7.635623617218188e-110,1.6041847005533167e-41,3.9171957816890817e-41
rs41273990,0,2.3234956989537435e-207,3.2130115870692467e-21,1.0134995191528054e-201,1.2471424366432562e-50,1.763667062701294e-21,3.123199421137558e-20,4.343600363133374e-143,7.76835301532641e-89,1.528952534732709e-112,3.08985849339532e-69,4.562528047393267e-51,3.50170095255643e-58,4.12634059771075e-37,3.961566358907747e-11,6.533099463541221e-75,1.521884153924608e-110,1.7036556678883322e-41,1
rs75923419,0,4.865736545751407e-205,2.4437530513395198e-21,8.575342777263911e-200,1.0825653601800166e-50,2.248872342089517e-21,7.963634478509576e-20,3.168219575048748e-140,7.689093600498355e-88,1.0745711144740922e-109,3.4588212913903655e-69,9.99074016289383e-50,1.3325904808688735e-56,1.0564850443401423e-37,4.93179092510727e-11,3.336410749886964e-75,6.607805920086132e-111,7.062390246367256e-41,6.277043827022849e-44
rs6461715,0,2.896160217102653e-207,4.7629740277301193e-17,1.232835723446636e-201,1.4105406287891843e-50,1.666250032148845e-21,6.991991600091001e-19,1.3909314254342827e-142,7.06543713411354e-89,1.4752996184338715e-112,2.2563434109725152e-69,1.4145146187315174e-34,1.4092976670323829e-53,2.0319420405836514e-37,3.724851732734949e-11,4.0128998316288955e-75,7.052521470949538e-111,1.5832005988469957e-41,2.235275310479312e-43
rs11767307,0,3.3271669569571355e-206,1.2291247287494094e-20,2.925874567353342e-200,2.407973007343973e-50,2.2152034214318674e-21,2.709400877725797e-19,7.98004963082373e-142,1.1362768010573219e-88,1.138603348283556e-111,3.2775887133293217e-69,9.834679917781741e-40,1.5225660473010932e-55,5.310312197952905e-37,5.043026047843912e-11,9.470285698906803e-75,2.0499654258067182e-110,2.6805352926801486e-41,2.6453742203445385e-43
rs11767313,0,4.4040506033843486e-207,7.095062066735514e-21,3.4277984054877615e-200,2.175584312539767e-50,2.3724016496520142e-21,2.7450608622616412e-19,5.626874966014586e-141,2.8076850490660374e-88,3.507888341122261e-112,3.5371560162970104e-69,4.394463861924301e-43,4.807188047570101e-54,1.7624887496727594e-37,5.162612837046963e-11,1.0073035621468664e-74,2.988293731660491e-110,5.114817284390255e-41,1.4984091673484135e-43
rs13236851,0,2.3875210930563274e-192,5.165854818666708e-20,1.2883546421181473e-201,7.028560256361433e-49,9.867276745818224e-21,1.893821387987756e-10,8.411471142011863e-132,5.113853845163712e-88,2.988546525326702e-104,3.960243947916381e-69,1.1315054299038382e-49,2.2588894402101302e-58,8.254919813917417e-38,5.609645252846938e-11,5.929009606034642e-74,1.5260232281448437e-109,1.4506231071493318e-41,2.022109465916529e-32
rs7781714,0,1.8891191142266425e-204,7.765237550292148e-21,9.585596067478794e-200,1.7156374706379132e-46,3.075023702073928e-19,7.266581979490606e-20,1.9084238432205903e-141,9.640048686787099e-82,3.7277418193426676e-112,4.359879839032464e-63,1.9531406149764044e-24,1.3498478140414359e-58,2.686472054880228e-35,8.365382924031867e-9,2.0980088484508584e-73,3.582256387167824e-109,1.5190194957415217e-39,5.27194187633757e-44
rs6949019,0,1.6996643496067968e-204,7.602502494239441e-21,1.0139066611216642e-199,1.8761345354887423e-46,3.2583880608342346e-19,7.14237214390012e-20,1.7682310005235306e-141,1.0925557750851125e-81,3.653177471329402e-112,4.896030872821703e-63,2.5489202656964067e-24,1.3372307630167667e-58,2.8661150657790943e-35,8.874594358133464e-9,2.1994589415731623e-73,3.7546381857931254e-109,1.6000992112147318e-39,5.191674293667973e-44
rs227941,0,1.9636138590781967e-206,3.2940206092235644e-6,2.50860545033361e-201,2.834208547207392e-50,3.089262133731899e-21,7.364084871783767e-20,1.5932425660900966e-142,3.9525964491375706e-88,1.1291556645940739e-110,6.153215679278253e-69,2.2508039450343585e-49,6.064840989379609e-58,3.4073865133772126e-30,6.981600465787361e-11,8.02948952082047e-75,1.542903818644372e-110,3.5813262500515983e-41,5.986085904545942e-44
rs227942,0,1.9554929697094786e-206,4.555955616087311e-6,2.773812684627131e-201,3.0861920364161723e-50,3.3007602694147338e-21,8.059506568449224e-20,1.6290561879138772e-142,4.408825245897274e-88,1.1002286759415928e-110,6.734009641099935e-69,2.166690098844981e-49,6.867949486108213e-58,3.0085752637698906e-30,7.398210865412331e-11,8.382382821331702e-75,1.6035377546006194e-110,3.8858162574105187e-41,6.576552480928847e-44
rs227943,0,1.995060790980479e-206,4.830708339817905e-6,2.8648849955520958e-201,3.1817973158913473e-50,3.395453997219868e-21,8.31410856354463e-20,1.6671679808551687e-142,4.5582495246422875e-88,1.1196233618388917e-110,6.946708450647051e-69,2.201747988333239e-49,7.113323205243587e-58,3.026432357301998e-30,7.603078551694358e-11,8.59942341780951e-75,1.644196085599713e-110,4.0045126715147786e-41,6.787362896360797e-44
rs227944,0,2.092742018126468e-207,3.481359532661355e-21,1.0060341412955388e-201,7.3060615896671635e-50,2.0679144128330254e-21,2.237177022759551e-19,5.973849998836963e-143,3.8713801107033876e-87,1.9502190266104516e-111,2.54265326224389e-68,3.5455871816319323e-41,9.198044424280994e-51,1.5372795735825842e-34,6.149173265095016e-11,1.6725634594895593e-74,3.73256937003595e-110,2.3039865521269043e-41,2.903757350273542e-43
rs10246526,0,2.1975835063112225e-202,6.670870112325595e-18,1.2732437315333286e-200,4.075979309251282e-48,1.536510815098273e-19,8.84260552707478e-19,5.868228312832526e-141,3.0864901101461003e-79,2.516670164465692e-109,4.125071184237662e-63,6.775533754896216e-50,1.9808820922951395e-46,1.215377429797028e-36,6.548611501924745e-9,2.241174631567632e-73,3.7306528197743495e-109,1.138150291502707e-39,5.879105479937246e-43
rs7806462,0,2.078988065939201e-202,1.1083794035365241e-17,1.6139882587868233e-200,6.43137440208192e-48,2.312566318219668e-19,1.2618814139396837e-18,6.576052555136988e-141,6.48723227751985e-79,2.6168400039483347e-109,7.789446548016092e-63,7.793875767314949e-50,4.49681218264438e-46,1.6362494609622758e-36,1.008788234418424e-8,3.314290671710908e-73,5.503893697294671e-109,1.693790283281889e-39,8.339304553298995e-43
rs13245014,0,2.7201348757709194e-199,1.5816158490447366e-19,2.3462814092463883e-199,5.834382502326969e-50,5.70914866174711e-21,8.641821496392938e-20,5.102902522516154e-137,1.112903134402993e-84,2.635250134805357e-111,1.0793202258879526e-66,9.848017543084174e-21,1.4209346779016513e-54,9.182134089621135e-37,5.584227627973879e-11,3.6593739487505764e-75,6.394563505034816e-111,4.4558612752832097e-41,2.3348317260936483e-44
rs227951,0,1.0808794759622901e-204,1.8486170001472315e-20,8.08116682734326e-201,1.043831768833834e-50,1.5577892931982645e-21,8.11619505530157e-20,1.5425486894695885e-139,6.975798050384524e-88,1.2260850881717506e-112,1.0958478113240169e-68,1,3.2608983450911183e-48,5.769965844424323e-38,3.482722933074346e-11,3.5984622778549957e-75,6.71598278791869e-111,1.5809875781719663e-41,6.740912537804445e-44
rs227952,0,7.765287527867801e-207,0.0014111463220866877,1.4466166846416684e-198,3.553477249820403e-49,8.55924282626084e-20,7.416706115047425e-18,1.9595558900868392e-141,3.469400100909926e-88,2.860705863939291e-112,2.257079133785885e-68,1.843322180853495e-50,5.383375424001559e-54,5.146717995827029e-33,3.9173377667956316e-10,9.15395820057357e-75,1.313150063553253e-110,1.0050741295444904e-39,1.41075306839861e-41
rs73077113,0,1.6246939801261668e-205,8.281462480101588e-21,2.1251951592928495e-201,5.756556450779329e-50,1.3163554008191577e-20,8.88258257234806e-20,8.587575103873496e-141,2.380601860297961e-88,1.788566535126172e-111,1.5593593625605974e-68,1.5317649348292284e-46,1.848568920829206e-58,1.642108803678801e-23,9.18373159746048e-11,1.3066277899695227e-74,2.7395530648912435e-110,3.893132136416693e-41,7.227751145198503e-44
rs227957,0,2.8933701101676097e-207,2.083376410667602e-19,1.6391263537522209e-198,2.5783406400565114e-50,6.320339583952903e-21,3.3328812342787135e-17,1.3661810282718173e-141,1.6002426964271154e-88,4.6168084547519945e-112,4.27543924274276e-69,5.484182372825909e-37,2.243558500361938e-45,4.3298533544569035e-31,8.442864266557013e-11,3.7592437154407785e-74,1.9392160041947352e-109,1.1501764383882006e-40,3.5288230033435314e-43
rs798645,0,6.159479340814365e-206,3.073992244114796e-19,9.017910468939612e-201,1.0079005052162538e-50,1.416350076384385e-21,1.4023170218448475e-18,3.2403732897748895e-138,3.682478893474323e-88,1.2022628612896517e-112,3.794070469759595e-69,7.8177678089621274e-31,2.9563678792225735e-47,1.9470164001327654e-37,3.202783334464967e-11,6.313341242274568e-75,1.7586865363495902e-110,2.2427891905338112e-41,7.250077981269782e-44
rs798646,0,3.7139628259845145e-207,3.1231517870309712e-19,3.135880969560339e-198,3.1840962234087756e-50,8.307083092080725e-21,4.9623659883426604e-17,2.2180702601592497e-141,1.813362679554318e-88,4.8252405875039715e-112,4.970783081015852e-69,3.4149347009287745e-37,5.243992870978827e-45,2.7214991876594532e-31,1.0464963230225354e-10,3.815895253382522e-74,1.9105894091530533e-109,1.624592729273497e-40,5.275175498722122e-43
rs11980035,0,4.5236292921465746e-206,3.724778895071345e-21,2.8838765050119174e-201,1.2937088526405291e-50,1.7276135378039245e-21,3.0161912271507985e-18,5.284364798254265e-139,1.3028382817782464e-88,2.1495262102436547e-112,2.598495378910006e-69,9.424186860695878e-40,1.032438869052716e-50,1.5116805823721821e-33,4.512311163396998e-11,3.8351168754053963e-75,7.259372658801812e-111,3.601169073265581e-41,7.524207922920162e-44
rs116981,0,1.708003815746282e-207,5.975092582110413e-17,1.3351911392384662e-201,2.2978962618045964e-50,2.0580636017050955e-21,3.0298390471761715e-20,8.176249135526285e-143,4.024486093056606e-87,2.625419016377284e-112,1.806486677145338e-68,1.652355034693042e-46,5.871144656634978e-58,1.2882347316618326e-18,9.563697691691703e-11,7.349056062945565e-74,2.6774787651374313e-109,2.025933529904392e-41,2.336292121272975e-44
rs17779181,0,1.4741125109910434e-206,6.7304648518750136e-21,7.45911589277906e-201,3.4001649622128745e-49,4.57268187003102e-20,5.341520124693338e-19,4.804997288336422e-142,1.8170138746246217e-87,4.7824227679846185e-112,1.3004625876631319e-67,4.735625476789373e-45,1.081111052489204e-58,1.7661042525781004e-26,1.6561089591931436e-10,8.134717487409463e-75,1.4065922572514445e-110,5.942820027971296e-41,5.275281079307225e-43
rs12531563,0,1.92354632735646e-206,5.55437149765674e-21,2.457110657032113e-201,1.2176499291901128e-49,1.6224464005337435e-20,1.5734882396195595e-19,7.650327025316451e-142,4.170856754495702e-88,6.546205882009001e-112,2.724435326004803e-68,1.6117647392021517e-46,9.73610714957227e-59,4.950567776344662e-24,9.611780509446344e-11,7.373424041173039e-75,1.3550714988073014e-110,3.4422934469690275e-41,1.5144574544762723e-43
rs227919,0,1.8741568149862547e-207,2.1577180177860564e-20,1.5104668422131376e-200,1.542277647842451e-50,1.6518861848279817e-21,6.4946557562997785e-19,4.251364294647004e-141,9.66564369742881e-88,1.2250216285133368e-112,6.690631943085447e-69,2.855074830081337e-33,5.706030855283387e-51,9.780235723845735e-37,4.196804091422539e-11,3.4928173123613803e-74,1.7424306634978323e-109,1.9033291803443277e-41,5.101214544509536e-44
rs227921,0,1.2226402820318414e-207,2.1619802027066434e-12,9.619068356468833e-201,1.179721867532391e-50,2.1421164311549914e-21,8.806767111888486e-20,3.646381713501449e-143,6.540427283995442e-89,2.682400397412638e-112,3.457369705050439e-69,5.448116409794789e-49,2.6808984094946193e-56,6.712430004122347e-27,3.595416583665284e-11,3.803483664320898e-75,7.591348387306995e-111,2.0654343793750946e-41,5.780381711194919e-44
rs12700451,0,7.104381901044311e-207,4.247322843213167e-21,2.4296406824344317e-201,1.2723220703833403e-50,1.7704119396218363e-21,1.710286089616499e-18,2.007013580259283e-140,1.6182059640537935e-88,2.142838416914521e-112,2.4972734091406194e-69,2.575808638044704e-40,1.806774174004836e-50,2.450572238835846e-33,4.261201349437536e-11,4.211111388588034e-75,8.429078249854298e-111,3.121625562558505e-41,6.159364675552564e-44
rs13227748,0,4.957734750228194e-207,6.053095081116846e-21,1.5102126920464778e-201,1.3195716386985834e-50,1.9722771872412624e-21,6.818237288364898e-19,8.863345151969215e-141,2.93319550121276e-88,1.8280352476201638e-112,3.108039491464998e-69,3.309194592672104e-39,1.7816408427583232e-51,8.859570066658685e-34,4.1289281063367113e-11,5.225421530825669e-75,1.1297061955299576e-110,2.3344642592321295e-41,4.038526559473861e-44
rs12673983,0,8.155489114896147e-205,1.368084927525428e-20,1.2840954607348273e-199,2.747276201250724e-50,1.135330901479803e-20,1.0790322008896164e-16,5.826263882824694e-141,9.633238235648878e-83,4.2630861597045696e-111,2.3177660043171462e-64,4.69177440375276e-40,3.3725744457801223e-53,3.367505483472434e-32,7.080315121057991e-10,4.135149942189742e-74,7.458539255712287e-110,4.521736417414786e-40,6.120351703582287e-42
rs34096175,0,2.1785246819494127e-207,6.995382185468215e-18,4.023739313321243e-200,1.5697705129237651e-46,2.709462536422174e-18,1.9066649366741255e-18,7.112609330683913e-143,2.607744417275726e-86,3.865615895265203e-110,1.350237852455002e-64,1.5411932651679298e-45,1.1214711727484106e-57,1.1410392737708579e-36,2.1026985576555662e-8,1.1905054975049149e-70,5.059636190110152e-106,2.789738307497301e-39,5.543873737208914e-42
rs117963875,0,8.267656965556571e-207,6.446529787969768e-20,6.048395656128739e-202,2.0565510099188666e-49,9.376157789112307e-21,4.120041099983408e-20,1.2239949558784205e-141,1.351600748117728e-87,8.097153532424535e-112,5.234161959159782e-69,8.02725086384152e-52,4.431333532706018e-59,2.9920929885960897e-30,2.6976415851646685e-10,2.3363623860126606e-74,4.3432588972182304e-110,4.1645996652670744e-41,3.069250053018402e-44
rs6461718,0,1.1138231824888374e-207,3.4318261779997103e-18,9.320972610230296e-201,1.512772745571317e-50,3.505777057591832e-21,9.473263480983778e-20,3.4272642442913842e-143,7.899774469713017e-89,2.482413354877187e-112,1.9474539860779222e-69,7.478420511814554e-52,3.647421450691466e-58,0.9855089901519365,3.222675174051743e-11,1.0363681737313806e-74,3.18465230029273e-110,1.5851910190478263e-41,1.361302333104693e-43
rs6945626,0,3.415908178008992e-207,2.0139563722724944e-15,5.1947070758347954e-201,1.875508453171829e-50,2.2137832021837036e-21,4.545066193110499e-20,1.397051657003444e-142,8.928645869589566e-88,2.093449760946289e-112,9.578815089136886e-69,1.8075835295429586e-47,4.6189455714990956e-57,1.289601953735477e-18,7.080089564820309e-11,2.3138880699904225e-74,6.803523799599452e-110,2.1979982388235583e-41,4.321760370188637e-44
rs11772530,0,2.7844355595018718e-207,8.2708793275063e-21,1.760065216176716e-201,1.431445067504456e-50,2.2562358059650957e-21,3.801660296704931e-19,3.9240873996992045e-141,4.248952630383925e-88,1.5678816712650702e-112,3.7370551598438706e-69,1.783049110195708e-38,6.317170407563557e-52,3.0243950368753967e-34,4.25547479107085e-11,7.916618129267567e-75,2.018099954190736e-110,2.1956512703383054e-41,3.174039253540156e-44
rs1010499,0,1.0956362943574387e-207,6.855182750170884e-18,1.0525098856921836e-200,1.8964143702157253e-50,4.754439505883148e-21,1.10612389321638e-19,3.452335986233204e-143,6.56490750150752e-89,2.575680586311787e-112,2.087854304435788e-69,8.813843004480884e-52,3.204071361517838e-58,0.014459339333347856,3.2915309680713675e-11,9.603553876476648e-75,3.0155589258091887e-110,1.7174626274152316e-41,1.7379598132608059e-43
rs12154330,0,3.442273781533737e-206,4.739203264866722e-18,5.333000192807114e-200,1.6806928979969508e-49,3.80712266899558e-20,2.2427459784125804e-14,6.789554535644635e-140,8.361370025074522e-89,2.849830275056125e-112,7.912280697876e-69,1.3018981623720488e-46,1.8384010375313552e-42,2.6047364038535887e-31,1.7644912356988348e-10,4.445670900651234e-75,7.014279482607267e-111,1.8857949980679343e-40,1.948827129371655e-40
rs11762463,0,2.831447023052e-207,8.281462728319646e-21,1.7912496923526133e-201,1.4416676380863523e-50,2.26940695816244e-21,3.8904186153486785e-19,4.033887724728487e-141,4.2431903090847106e-88,1.5855784692405284e-112,3.75303730939423e-69,1.7178939296496732e-38,6.6000786053470966e-52,3.129188597309228e-34,4.29141234770142e-11,7.937724398670839e-75,2.0199747652316966e-110,2.225393581133144e-41,3.221413858612154e-44
rs10253843,0,1.4846896620562394e-206,2.4681927097589596e-13,8.887692138204693e-201,2.7134246492359326e-48,1.864503273431098e-18,1.3072013896371613e-16,3.0820618821571127e-142,1.078831958457706e-87,2.431089452374806e-112,1.3163376875435147e-67,1.1877139189774036e-50,3.353157950011797e-54,2.5890322214820367e-15,4.822029989713052e-10,1.6295857480602865e-74,2.275607629395092e-110,1.4281628901907367e-40,5.749695645060637e-40
rs10269243,0,1.0749293810533817e-207,3.340881314451056e-17,4.390210466699355e-200,3.532296448650114e-50,1.0909907568789451e-20,3.130277614358953e-19,4.202060049900547e-143,6.319277947646263e-89,1.8178078580994165e-112,2.821304988985602e-69,1.1176248037363187e-51,1.862792351319023e-57,3.167051470759442e-5,3.8438562463738514e-11,6.715804339967823e-75,2.0902468708108936e-110,3.224880284889756e-41,5.876250614792628e-43
rs79701635,0,1.4613353330618884e-205,8.070967930841316e-17,1.676743197432405e-200,2.207707770610862e-47,1.869990182623476e-18,2.6896797993680617e-18,1.145430617705343e-142,1.3823195138153571e-73,2.4121683633393457e-112,5.435462061450598e-57,3.2820876176789224e-51,4.4304372151114146e-45,1.6700367325677104e-36,1.7800098482040623e-7,2.375568988956041e-72,3.562462265050477e-108,2.0080284406586306e-39,3.727906728203104e-42
rs10230496,0,4.981995408616607e-204,5.284740903436963e-14,7.53258959436542e-198,7.723397087180663e-42,5.59626880090996e-15,5.523222070933683e-15,1.5131927803060039e-140,1.2615776487787498e-80,7.239124876916056e-107,4.595180753010155e-58,2.2922446548715737e-40,1.6539171664282823e-56,1.491895848032715e-34,2.0775793038954504e-6,2.2242522412872015e-66,1.384707056104675e-101,5.425085490216616e-37,7.813588047605745e-36
rs7458966,0,1.2490322063923043e-207,3.038936897502723e-20,3.28037134648629e-201,1.0325809435747138e-50,1.4704084034414127e-21,7.710466834981222e-20,1.093569868195232e-142,2.4138963953373545e-87,1.5488684539957929e-112,5.359920070893053e-69,6.552092409864413e-50,7.793174425239022e-58,1.8108864183484953e-35,3.405315860492452e-11,7.573795591801232e-74,4.147590489830918e-109,1.440385528200792e-41,3.0551057109088737e-44
rs6942894,0,5.085478994885591e-207,4.704390922708373e-20,4.884943283577637e-201,3.79203406018411e-50,5.002603613998481e-21,3.3352273859470418e-18,1.853427957732795e-142,3.504343253577132e-88,7.890874693417139e-112,6.672006670251482e-69,1.1971261336083132e-47,7.662803428841448e-55,7.110789715881579e-37,1.1034104880153684e-10,3.1334149243668908e-74,9.48862264450274e-110,5.503065408857299e-41,2.5435807244972984e-43
rs17779517,0,1.2366636144194005e-207,2.8643004602106626e-20,3.482419190974076e-201,1.0386902238989751e-50,1.4717650655768251e-21,8.106665874072617e-20,1.1492226274392273e-142,2.2444706463434817e-87,1.5250995774095157e-112,5.173705562939093e-69,6.043008477417355e-50,8.404515801738065e-58,1.6505608080954465e-35,3.397604314435531e-11,7.079974104815098e-74,3.8302481867308504e-109,1.4577331264889225e-41,3.1695965151652573e-44
rs1978252,0,3.016672465455226e-207,1.03905250473885e-19,7.221657812508595e-202,4.631529273226148e-50,9.780822100720958e-21,2.804910149324511e-20,5.745457343530831e-141,1.6457679390241626e-84,1.4249852267298017e-112,1.7418567717840611e-66,2.337605056502468e-39,2.7022955600328855e-57,4.098070396514603e-37,7.729466399951062e-11,1.3234297486382321e-73,5.007114695054541e-109,2.106354692364504e-41,3.170146296814101e-44
rs10248887,0,5.9674343763465e-206,6.839165306357222e-16,9.430356375666588e-202,2.371722243285051e-48,6.496218873701894e-20,5.710739508045222e-20,5.560451070065587e-143,2.5439876101457858e-82,4.0506285635899186e-110,3.18974627718067e-64,4.237337613427535e-43,9.34353174228968e-59,2.80510256767005e-32,1.164606899356589e-9,2.477120963830008e-68,7.990624086086168e-103,1.5360438849262196e-40,2.461672222897089e-43
rs993179,0,2.0930197225267658e-206,6.506872832333366e-21,2.0859688813979083e-201,1.4441153051703659e-49,4.552400209832061e-21,5.0931840296847805e-19,9.301541569475586e-143,1.5524021906004056e-87,3.8915266609024005e-110,2.2209954405448008e-68,1.0185024950501764e-32,2.5764165425455615e-42,1.2138084566165115e-30,2.7979535934358236e-10,5.321081286418252e-73,2.450955861995761e-108,6.328035232304307e-41,4.744129905091891e-44
rs2191304,0,2.517184935632113e-207,2.6666934336638373e-21,6.0785112614493585e-202,6.114145770551727e-50,1.738492244213569e-21,5.2958248152807066e-20,5.8397962685456245e-143,7.4665489943943845e-87,1.3118957986644287e-111,6.535960726473408e-68,7.604582739118526e-39,6.527985088818123e-48,4.488276384407067e-28,8.962307100513673e-11,6.092138281249259e-73,3.481414365968597e-108,2.5331797307941295e-41,1.7356803822956313e-44
rs6461722,0,6.707318471437911e-203,8.884554375399933e-14,2.152547856317472e-201,5.79427244243385e-46,1.072563017890604e-18,2.5008894059044404e-19,2.9620139722429783e-142,1.968252192621196e-81,5.092858937446623e-108,5.404646521674419e-63,2.308464773486946e-36,1.4487551455257087e-57,1.8041196806443414e-34,8.212708538507289e-8,4.334965276874285e-67,9.331685748991912e-102,2.2385113734272743e-39,1.9379330523226574e-41
rs73079029,0,2.0219255109520416e-201,6.323774415423834e-21,1.7994927672681802e-201,2.3560637897132465e-50,9.618334133633573e-20,5.743020554215969e-20,1.9585720816780254e-140,8.014770935457058e-87,7.175474641706317e-111,4.959292802476404e-68,3.3886644173563165e-50,9.578896717079577e-58,2.1111173720425434e-36,7.110495971115111e-11,8.167708058189608e-75,1.5956172653859788e-110,3.602995192210049e-41,4.080312821274081e-44
rs12700457,0,1.9871527536013597e-207,4.0461728747652345e-21,1.5926289233671288e-200,1.0290132759650879e-47,5.468900340801366e-20,3.23484978516449e-20,7.014763483487443e-143,2.6128276046076347e-84,2.4308242663900277e-110,8.307941642645004e-65,2.5876602544679712e-20,2.922552987325078e-52,7.350787524376191e-34,2.116738326582397e-9,2.5704881467305342e-71,1.5445553930169456e-106,2.776996955016558e-40,7.830672431631599e-44
rs4722244,0,2.8142987603785416e-206,7.557602991901138e-21,1.939281748687818e-201,1.2593277657155827e-49,4.657898444191023e-21,8.395226837244118e-19,1.0232408936076415e-142,1.2002093451881624e-87,5.077602674405036e-110,1.5733572493368629e-68,6.870640056172987e-34,4.282585129850536e-41,3.104890569439438e-31,2.5539500162914873e-10,4.468904232668717e-73,2.093350877602868e-108,5.750708800857048e-41,5.79140657650116e-44
rs4722245,0,1.0206007291236218e-205,7.149575744166827e-21,1.8411918498281663e-201,5.518179452258802e-49,6.539149061636663e-21,3.2564075957495323e-19,1.0084156944882517e-142,4.387172625906044e-87,2.0856841082005716e-109,4.284083702493586e-68,7.729887057801802e-32,3.8100432190905465e-43,6.121338738298915e-30,5.506036890646236e-10,5.395265001365409e-72,4.256815202067454e-107,7.344802669535768e-41,4.961540239066669e-44
rs2191305,0,2.698025723257498e-206,7.466254189483018e-21,1.8944856058542845e-201,1.21324345757742e-49,4.5556172480840796e-21,8.4858778627169535e-19,1.0092342144091115e-142,1.1527870751195567e-87,4.8050103542852195e-110,1.5208252789255452e-68,6.056624688559981e-34,4.70088010034389e-41,2.860119295725674e-31,2.4695361250878e-10,4.2484088143193016e-73,1.9819468258006103e-108,5.598870355648782e-41,5.735855119961e-44
rs11763528,0,7.281889356841159e-205,7.787814313938641e-21,3.184825151885559e-199,1.132999085006051e-49,8.991983392140055e-20,1.7456520387535703e-18,4.10353215297108e-142,3.3663781639314035e-86,4.40155821095261e-112,1.8452733711789896e-65,1.6858573370037042e-48,1.5135724633075392e-52,1.957128883927138e-35,1.6682669223069055e-10,8.61765760225067e-75,1.327046361320716e-110,2.060867556086839e-40,1.2835041031626999e-42
rs34518648,0,1.508163967910387e-203,4.647742904669263e-21,6.732032602685681e-201,3.6007013474243133e-50,1.7280834263084694e-20,2.19822557525849e-19,9.698413431881645e-141,5.33112247979355e-87,2.9999557333378176e-111,7.997421622125944e-67,1.2809022898367924e-48,4.461061745344471e-55,1.3903206718913564e-32,7.115473570030814e-11,6.067531748786467e-75,1.0523051811929805e-110,3.518458625649742e-41,1.7346294783545247e-43
rs6461725,0,8.35131581597636e-205,1.0939340491155858e-8,3.4240093580620056e-201,2.543343251938743e-49,3.23579828425382e-19,3.7182911584311444e-17,1.372677812428177e-140,1.7232902989843158e-87,1.7356461116615185e-111,7.436602791940951e-68,8.892425180726167e-52,1.4626406364283756e-50,2.4491047209288946e-33,7.656192748669191e-10,1.0577290873654244e-73,1.758023031896329e-109,2.611694216129006e-40,1.1148642429492253e-40
rs7782183,0,1.338523705768915e-198,1.814744317294619e-12,9.79593053658546e-196,1.454643618158114e-40,2.0010064467017296e-14,2.6447968206742466e-13,9.095168151390595e-137,4.481805394681572e-79,7.450218194082784e-103,1.3413825934034798e-58,5.438281864479354e-39,2.3612543127308775e-56,1.5287101169012147e-33,6.698080785212555e-5,3.703225698278494e-64,2.475742970843843e-99,3.805803078493995e-35,3.801820343218196e-34
rs1558308,0,1.1916144557281487e-206,1.834594148759761e-12,1.2112528042430155e-201,1.2715074698173162e-49,7.868339421141931e-20,3.322187531910418e-16,2.880885256778315e-142,2.1045040337862615e-86,2.1667509648818525e-112,8.538030006070698e-67,2.0966723342656746e-50,3.511361750210495e-47,7.354925876876309e-36,2.583059046884387e-10,1.0770410316512072e-73,1.9084513267273313e-109,1.4728431589641708e-40,4.807663268023262e-41
rs35928055,0,2.282156686059812e-204,5.874877690380756e-21,1.1201633575401027e-200,6.040332643994767e-50,3.564331164727267e-20,5.7308330541152665e-19,5.307582633187183e-141,7.809209147536574e-87,1.4168628041453495e-111,1.928778903099648e-66,2.6678438310173136e-48,8.282419258635487e-55,4.710400082893597e-33,1.0290203566956814e-10,8.054737309671962e-75,1.3498118905480365e-110,5.046361876833461e-41,3.0964508095352416e-43
rs6968174,0,1.3343779007643934e-206,3.237242278956578e-20,1.5309654324712281e-201,2.653937126202946e-50,3.927857108817533e-21,3.951480284496725e-20,3.4260815558118595e-139,2.0614542980427248e-85,2.580094034004682e-112,9.512304560634143e-67,1.9025993055674426e-40,1.862722766460257e-56,8.936346148550032e-37,5.784275498884755e-11,6.418812261630368e-74,2.579590875485186e-109,1.7367581382280556e-41,2.3566197389307557e-44
rs1051576,0,2.7923284225846987e-205,5.2213427093336087e-20,5.132380116243299e-201,3.980535928639607e-50,3.486481220393489e-21,1.378360842892726e-19,3.283322578692809e-141,1.560899585328056e-88,3.216140914346432e-109,4.945790352231702e-69,9.092886410317206e-47,7.935673257115937e-49,1.3037471993944173e-25,1.412874855836697e-10,2.0489932717507097e-74,4.1216564438529755e-110,6.055578377968269e-41,4.02530024921601e-44
rs6974500,0,3.162275424975953e-205,5.410879027667866e-20,5.346065348211157e-201,3.9398052384384966e-50,3.4652747972497034e-21,1.345715496397597e-19,3.6499632153584214e-141,1.57343152474708e-88,3.5507238793765995e-109,4.955354940683696e-69,7.215251354454626e-47,6.784735614017483e-49,1.987758114662929e-25,1.396989803502889e-10,2.0048187103305738e-74,4.0086194399886516e-110,6.118892019439889e-41,3.994496086616851e-44
rs10261856,0,2.1755037892621437e-201,1.9309448103395142e-13,2.8868426498494325e-196,4.954819189279137e-42,3.727721505100716e-15,2.923206089404249e-14,7.899015378041069e-139,3.467343628807638e-80,1.399054877575883e-104,5.294792837264021e-59,1.0366830099470234e-40,1.1309650658626645e-56,1.7416421621669101e-34,3.579449188940537e-6,6.074892544593775e-66,2.8689981440256615e-101,5.825040144652607e-36,7.694151646114025e-37
rs6962385,0,1.3590074676603512e-206,2.191515939112693e-20,1.996935281137289e-201,2.215762481287689e-50,3.2605139111683962e-21,4.808990373423645e-20,3.86917284427168e-139,5.4352987516231805e-86,2.8733728171192816e-112,3.472946549809381e-67,5.23324062220376e-41,4.519205319690692e-56,1.3465786993252295e-36,5.201634758794671e-11,4.1530211365235624e-74,1.5394481268173135e-109,1.8508607285071292e-41,2.302746865720339e-44
rs10950956,0,1.0749921033306575e-206,3.586976763288439e-20,1.3682137712819472e-201,2.836061507519935e-50,4.217299387489525e-21,3.703680760648498e-20,2.2567346887287748e-139,2.176117725833208e-85,2.3669593090865296e-112,1.0761944396414878e-66,1.7572107472953379e-40,1.2563675156729728e-56,7.119688256070595e-37,6.043197158088488e-11,7.14815017607069e-74,2.8828355260860674e-109,1.7345919489845244e-41,2.4443937531114987e-44
rs950934,0,7.767353630376858e-202,2.3140474828986624e-14,9.219811890025807e-197,6.2495687874766605e-43,2.2111951566479504e-15,7.986700486131966e-15,3.344142831400555e-139,1.9662512363399907e-81,8.707102104264671e-105,3.597863075935213e-60,1.1970601051883738e-41,3.24042597130328e-57,8.23151796852318e-35,1.106891021869624e-6,5.8453368565691716e-67,2.4008176989659165e-102,1.5317641144589587e-36,1.6153884536029758e-37
rs76431293,0,8.525211884015979e-206,2.6772527009121026e-21,1.2059056935770923e-201,1.6670285104214304e-50,1.4617794644771071e-21,2.003990639502088e-17,3.822989103047033e-142,8.405432905706213e-89,1.2943166573740834e-110,2.634684545417527e-69,1.4993756437550673e-51,9.750939835984072e-59,8.138389983650045e-38,4.868546967818375e-11,1.1542990304131252e-74,3.210491176994235e-110,1.5213998007523403e-41,1.834947472804133e-44
rs7779633,0,3.8218407260558663e-203,3.3043801355918956e-20,1.3136911277029024e-200,3.0070419356210737e-49,8.079966953915803e-21,1.8649200164499768e-19,5.2805770863362745e-140,3.4141791804741207e-88,3.373166271702881e-107,1.0733980516520015e-68,8.0127947204584e-46,2.458960768860513e-50,3.5899582793916354e-23,5.091762001974888e-10,1.2009099272233715e-73,2.693628171608232e-109,2.0526417762499396e-40,9.39561188186535e-44
rs75435335,0,1.4028446913740147e-204,3.6847290726687435e-20,1.7927372888609107e-200,7.080142721947462e-49,4.5831948105793815e-20,2.324117587784788e-18,6.036563870278187e-142,6.885221191509124e-87,1.6373240887198455e-110,4.301711597268264e-68,1.2574019821366664e-46,1.8828231106277067e-54,1.4636517765474635e-32,2.0710309144527854e-9,1.023188428442226e-71,5.704029200523194e-107,2.955147275760113e-40,1.0330377762011055e-23
rs1559012,0,8.372111788955904e-202,4.252061279878759e-21,1.1203806116485408e-201,7.157212999874355e-50,2.6605920914810394e-21,6.251531602252654e-18,3.5663268925238375e-141,1.7853623071534035e-88,2.287060618249783e-105,4.859792055008933e-69,3.0091217830967264e-40,1.7931351253721174e-15,5.156265193371598e-36,6.713909752854061e-11,1.7277936463019916e-74,3.7677732153554e-110,2.7743977608657965e-41,5.1562907469910835e-43
rs11974206,0,1.724468371590775e-206,5.50986701615646e-21,7.005786057347516e-201,1.3557966270611105e-49,8.928417326626135e-21,2.897379937021342e-14,1.609369136077468e-141,1.139409260630696e-80,4.607394808526571e-112,1.2513803957852202e-63,3.7491252573193034e-45,6.5943315039225175e-49,2.8730718286354547e-31,1.461386340296098e-9,2.050918828799819e-72,1.0063815469103758e-107,8.117324694581922e-41,6.745157548332523e-44
rs9654971,0,3.808274392380887e-207,2.3771271660096595e-19,1.0472793204565976e-201,2.5673095258166917e-49,3.865199342506968e-20,5.0110349627411444e-20,1.0905813723260167e-140,5.2413463735241604e-82,2.149551197803055e-112,7.361931428858723e-64,7.890107646023276e-36,2.110488949848868e-57,1.205411326734724e-37,4.539326160181225e-10,2.3892430137391858e-71,2.5323558156295463e-106,5.064804647476104e-41,1.7966431994547532e-43
rs12176610,0,7.7673544323381895e-205,8.417447161448689e-21,1.8027656906532022e-201,1.3942055315463629e-50,2.0654747707660495e-21,3.7955427670344415e-19,1.9196923182827845e-142,1.9565542435568672e-88,1.6462458704204309e-108,1.077469588477237e-68,3.406410384240154e-42,0.99990602122742,2.9818965906046562e-37,4.29883538996424e-11,5.425016435687487e-75,1.0971046987758329e-110,2.138277319675348e-41,9.376071560954228e-44
rs6958062,0,3.946544078550289e-207,2.049159033242396e-19,1.0361132725048096e-201,2.267209268903595e-49,3.409778414858106e-20,4.790063507403851e-20,1.243083063013124e-140,3.9814549432269327e-82,2.099701888522781e-112,5.748620426987391e-64,5.222725447107549e-36,2.3350893927932477e-57,1.2153546945107092e-37,4.062627851680085e-10,1.9418117565587136e-71,2.0183105311278006e-106,4.709291815734766e-41,1.6173479211442578e-43
rs2112035,0,1.574417988400213e-205,1.136064789665804e-20,3.4423536041353236e-201,1.4884312441186114e-50,2.3810777227613302e-21,3.056844695043478e-19,1.494967049544722e-142,3.128079265839845e-88,2.855546389957227e-109,1.3828896091047505e-68,4.355359924540769e-43,7.933640743203627e-5,3.824604902203145e-37,4.9282414583968394e-11,5.074118362259012e-75,9.728606594182524e-111,2.749410470347347e-41,7.550585857998574e-44
rs10265560,0,2.9978904207911673e-207,4.448617824045493e-19,9.80321741261469e-202,2.9513182357951934e-49,4.4933013755637186e-20,5.1966785279002816e-20,6.105197195262726e-141,9.600042932621541e-82,2.0421221633792886e-112,8.695485967172289e-64,9.72143363306507e-36,1.2154873283310303e-57,1.1313814004663863e-37,5.751948643993542e-10,2.954697077633952e-71,3.097457509334197e-106,5.625108350434827e-41,1.4343567177705223e-43
rs12539789,0,1.3746840320216898e-205,4.4741883695873736e-21,1.8778133231661056e-200,1.880071379759153e-50,2.2930977751906938e-21,3.3372615905666565e-19,9.032744028798474e-143,3.71358185723829e-87,5.7716459959544495e-111,2.6433012848709887e-67,4.509619867962308e-51,4.914937193189573e-30,5.493008523614938e-35,5.411731590849122e-11,3.5290455142482346e-75,5.960001199825975e-111,4.0900331419331426e-41,2.491232547052936e-44
rs13246754,0,8.202526247807886e-205,1.1101801883324837e-20,4.637733850132151e-199,2.7100550129816823e-48,2.8037720403337073e-19,3.217368312393006e-18,1.3089765367586656e-140,2.6926561173743467e-77,1.0499914561959366e-111,1.4190868774533572e-58,1.4445572736640726e-39,8.658648856231073e-39,2.2418111515936546e-36,5.9703313637540925e-9,3.3424674562679965e-72,9.577441399971335e-108,7.0956741890961154e-40,1.7413664769840126e-44
rs7785680,0,1.2881884969376372e-206,4.179878512531697e-20,9.586383950323686e-201,2.8959713965225623e-49,6.826494591187096e-21,7.957369909922488e-20,2.8567692359578947e-142,3.8990504143431643e-88,2.0961035613259655e-110,1.1492770779381856e-68,6.993200589682402e-40,2.7186899867036164e-52,2.785563102264851e-31,3.2215319448226976e-10,3.0136654041304243e-74,5.555824469134271e-110,7.626672945499253e-41,6.621243407105986e-44
rs11971819,0,9.881678753676964e-204,4.226815170376126e-21,1.8017134741645645e-201,2.4175569267831144e-50,1.8448623536880272e-21,1.5615713999034195e-18,4.315740391467127e-142,9.354782069012087e-89,1.8000488033864832e-107,3.927983420148224e-69,3.0376088855790827e-40,1.4642365159257435e-5,1.095137834599238e-36,4.687230264750201e-11,1.6039219806864308e-74,4.3954444988322756e-110,1.7883479370528533e-41,3.1721019274409066e-43
rs12669134,0,7.303930353912616e-206,9.9366923006571e-12,1.9338114455230717e-201,3.7673046651998524e-49,1.9226106093142563e-19,2.242156598896351e-15,1.1244489535248391e-141,2.6700953997603297e-86,3.2670773592254976e-112,2.2788121140806379e-66,1.0924416902259944e-50,1.7827649868099104e-44,1.8084942462221374e-36,3.6481151109724713e-10,3.053520198069306e-73,5.448007228841739e-109,3.4090976101741027e-40,3.599479272348798e-40
rs10279703,0,1.492534510550806e-201,1.285207528335974e-14,1.2097743753925367e-197,6.452056219005364e-43,7.051356992634871e-16,1.574067181373411e-15,9.75205117669919e-139,1.1763505972629295e-81,2.886672169103807e-105,1.412617361857786e-60,2.3705579392855495e-41,1.0271962398827735e-57,3.8819075430824807e-35,2.3667754778674242e-6,1.955861222020075e-67,7.036030907917988e-103,4.805122674989044e-37,7.482590951787596e-35
rs12700462,0,1.3498086693332192e-205,3.878987865007336e-21,2.747238695131116e-200,2.129593172096968e-50,2.5592654966978956e-21,2.5688086041835173e-19,8.729978416855604e-143,6.065775279055299e-87,5.3508150873186616e-111,4.5323941168891714e-67,4.188264512867614e-51,3.8186952105651946e-29,7.721760467279196e-35,6.357403955686204e-11,3.6772850931715726e-75,6.094968118375749e-111,4.964458676336805e-41,2.3020349048036997e-44
rs12532929,0,1.3884170027777603e-206,1.2559844119897981e-13,8.780619841003093e-202,3.6461405980713685e-50,2.1803588914069127e-20,6.044934083057769e-17,2.177607528088815e-142,1.2173696869361123e-87,1.9038314178232172e-112,8.851516655274954e-68,4.028277015387256e-50,7.936984888748804e-48,2.7011921254245754e-35,8.30745232765151e-11,2.859131398771307e-74,4.9008408231725657e-110,6.390426758401877e-41,1.9054152495035268e-41
rs4722266,0,1.2923656895490366e-204,4.801683549589993e-21,7.115310613462273e-202,1.2645205047104412e-50,1.9185109536197722e-21,0.9999999996971098,9.17262330129539e-140,4.238466837575305e-87,2.2117603714873797e-110,1.4945427017496362e-68,2.4278463772507623e-50,1.0429938150781071e-55,1.0792797492531349e-36,4.4402836291423354e-11,5.0768307287071835e-75,1.0394566942686674e-110,1.817668040104939e-41,2.577349513191055e-44
rs2390811,0,2.803424267603256e-206,7.908901120099958e-21,2.8590230204541075e-200,1.29367194368909e-50,1.7545514391321718e-21,3.5289293743552843e-17,4.904338656044422e-143,2.1633858842153193e-88,4.504893222876002e-111,5.344578677487553e-69,1.2746114700417656e-51,2.7548127599633976e-39,8.046106548367864e-37,4.467705858944606e-11,4.534099193562717e-75,9.51783997504767e-111,2.4648459282461646e-41,8.972080244013744e-44
