snp,rs5850,rs4140959,rs6961109,rs858267,rs166662,rs14114,rs10256996,rs858239,rs6461688,rs3807459,rs433395,rs1637217,rs12534523,rs1637214,rs10634,rs3807453,rs1964536,rs6461686,rs274035,rs12700437,rs274034,rs9969137,rs10278268,rs2193827,rs11532668,rs6461708,rs12700451,rs17796841,rs7806462,rs12531563,rs2615691,rs34035541,rs10269243,rs375092,rs11762251,rs4236309,rs6948678,rs12700426,rs4719731,rs17797041,rs17147607,rs2058275,rs6461715,rs668279,rs17147383,rs4722195,rs187985,rs10276099,rs7789949,rs1029738,rs274030,rs10225081,rs227944,rs227921,rs227943,rs34607168,rs12700412,rs227951,rs10950939,rs13243243,rs10950919,rs274041,rs10249628,rs17150424,rs6973118,rs10950951,rs4722193,rs156418,rs17781408,rs10232205,rs34096175,rs798645,rs12700457,rs1581498,rs2058159,rs2109345,rs12538567,rs17740440,rs1860530,rs2268748,rs10264441,rs439593,rs10224604,rs11773115,rs36031806,rs11770370,rs7811699,rs1558308,rs2091114,rs6461679,rs17725943,rs35277459,rs11772019,rs6461684,rs11763760,rs17311453,rs11767313,rs7783756,rs7779633,rs10262258,rs758709,rs17370052,rs34967471,rs4719720,rs13225524,rs1990279,rs12673983,rs28558701,rs7781029,rs2109348,rs7805006,rs12670654,rs1981796,rs17147339,rs4557595,rs10242247,rs7791514,rs4722198,rs13242451,rs3891325,rs2270104,rs10488076,rs4719723,rs10229685,rs2270101,rs10268645,rs798646,rs13236851,rs7788668,rs7779210,rs7779799,rs10256620,rs35928055,rs34518648,rs13240940,rs4722266,rs12112291,rs169278,rs17147348,rs274017,rs4644138,rs4722196,rs35875486,rs10226018,rs2286494,rs1001028
rs5850,1,0.870664,0.799426,-0.144199,-0.161226,-0.161226,0.786435,0.862576,0.760485,0.781404,0.800471,-0.0562176,0.400242,-0.0714045,-0.0714045,-0.150513,0.602526,-0.462706,-0.186773,-0.167137,-0.218413,0.212837,0.0270933,0.114642,-0.302731,0.382969,0.050182,-0.150844,0.197482,-0.0761377,-0.17748,0.13213,0.0171669,0.299262,0.14551,-0.0158891,-0.0505057,-0.327566,-0.422687,-0.254416,0.199869,-0.189426,0.00788649,-0.111041,-0.0691796,-0.027015,0.21408,-0.134583,0.0962279,0.151147,-0.0834093,-0.137453,-0.0637792,0.00799418,-0.0448092,-0.2771,-0.247869,0.0804857,0.165347,0.138345,-0.0764003,-0.0961607,0.101615,-0.0178767,-0.138037,-0.0120762,-0.0773064,-0.126538,-0.106308,0.331765,0.0628191,0.0840453,0.0989074,0.00184079,-0.116339,0.0400134,0.0760298,-0.2807,-0.0776195,-0.184018,0.0761164,0.0797377,0.0168661,0.0450382,0.055947,0.106101,0.0654762,-0.037682,-0.0842385,0.124973,0.091489,-0.179857,0.18967,-0.123561,0.0501882,-0.0808531,0.0538798,0.0043395,-0.083364,0.0800399,-0.005194,0.118862,0.0684563,-0.205276,-0.20103,-0.0225702,-0.178958,-0.0807211,-0.0396732,0.0645069,-0.138674,-0.184866,0.0389897,0.101038,0.150098,-0.0467248,0.0803079,0.0632639,-0.0551667,0.0863248,0.0500842,-0.0128466,-0.214416,-0.216808,0.10593,0.069835,-0.0426871,-0.17308,0.124341,-0.0989207,-0.026084799999999998,0.0467628,-0.143049,-0.152431,0.0935036,-0.129498,-0.10933,-0.13755,-0.0660732,-0.184725,-0.0489094,0.0732308,-0.034367,0.0338021,0.106524,0.0668553
rs4140959,0.870664,1,0.855331,-0.132128,-0.137339,-0.137339,0.839597,0.824709,0.883648,0.702592,0.725066,-0.0368968,0.406937,-0.01382,-0.01382,-0.149804,0.53943,-0.548192,-0.194508,-0.183724,-0.229408,0.212141,0.0402435,0.124354,-0.317304,0.347818,0.049733,-0.177577,0.205852,-0.0843528,-0.16613,0.148771,-0.0261602,0.285079,0.1703,0.0016133,-0.0872776,-0.308268,-0.362805,-0.213294,0.237525,-0.211568,-0.0110096,-0.110295,-0.0482826,-0.0470473,0.201317,-0.102353,0.0564693,0.129844,-0.083559,-0.174951,-0.0825069,-0.0379614,-0.060758,-0.233265,-0.277892,0.0877832,0.180477,0.116548,-0.064139,-0.0958509,0.115753,-0.0688035,-0.180768,0.00327723,-0.109912,-0.0636712,-0.127866,0.341394,0.0603757,0.0766201,0.0770921,0.0272022,-0.109445,0.0386961,0.0725197,-0.237407,-0.11569,-0.152258,0.0890833,0.0755398,0.013738,0.0624381,0.0275424,0.102246,0.112402,-0.0780926,-0.0704615,0.112266,0.0879305,-0.169548,0.141098,-0.107846,0.0551306,-0.0615182,0.0493993,0.0181919,-0.109978,0.0765058,-0.0229525,0.111013,0.0636033,-0.187903,-0.190678,0.0161488,-0.155921,-0.047657,-0.0459655,0.0230047,-0.133295,-0.177786,-0.0071969,0.153744,0.120636,-0.0224652,0.0861029,0.0609571,-0.0487533,0.0982793,0.114664,-0.0170237,-0.174569,-0.172711,0.0972472,0.0629309,-0.0288463,-0.162302,0.111803,-0.121708,-0.0127403,0.0448411,-0.135225,-0.136855,0.0822245,-0.0998054,-0.121559,-0.131184,-0.0342967,-0.187609,-0.071656,0.0647529,-0.0360935,0.00553083,0.0764007,0.0557727
rs6961109,0.799426,0.855331,1,-0.144741,-0.149768,-0.149768,0.727997,0.771861,0.739609,0.610736,0.622176,-0.172493,0.355502,-0.184727,-0.184727,-0.154583,0.517123,-0.418081,-0.106961,-0.12672,-0.148775,0.252657,0.083877,0.170414,-0.283014,0.299205,0.111372,-0.159346,0.1511,-0.101826,-0.181988,0.204537,0.00280423,0.264426,0.134635,-0.0026429,-0.0963528,-0.280114,-0.404817,-0.250385,0.219633,-0.170552,0.0461189,-0.119264,-0.0729429,-0.0467017,0.183132,-0.119213,-0.0820794,0.123044,-0.0332607,-0.135208,-0.0658511,-0.0104189,-0.0507826,-0.284532,-0.255337,0.165815,0.175757,0.131803,-0.0527546,-0.106326,0.0998789,-0.0463466,-0.159452,0.0477052,-0.0659624,-0.13582,-0.106222,0.351657,0.10103,0.17747,0.151955,0.0365167,-0.161816,0.0849401,0.123099,-0.28323,-0.0897642,-0.187244,0.097886,0.0657934,0.00872774,0.144465,0.0598269,0.151492,0.132406,-0.0247899,-0.0782001,0.157002,0.138748,-0.17793,0.1331,-0.0877663,0.146813,-0.0763414,0.100347,-0.0218041,-0.0766516,0.0631722,0.00164233,0.106378,0.0831621,-0.190732,-0.192651,0.0138921,-0.190516,-0.078623,-0.0266861,0.0635512,-0.10869,-0.184065,0.0274162,0.120837,0.151637,-0.0370692,0.125874,0.0820243,0.0515335,0.0954731,0.0821785,-0.0575457,-0.175612,-0.178242,0.0836756,0.0840672,-0.0793689,-0.219238,0.108069,-0.137885,0.0207904,0.00449429,-0.15419,-0.156149,0.0644075,-0.151988,-0.120462,-0.183753,-0.0346418,-0.226745,-0.0634341,0.0807781,0.0657781,0.0128321,0.0816457,0.0208133
rs858267,-0.144199,-0.132128,-0.144741,1,0.9565,0.9565,-0.173949,0.221839,0.256927,0.0538057,0.213427,0.854063,0.032708,0.81691,0.81691,0.875736,0.02214,-0.185882,0.103344,0.0952616,0.117577,-0.0844899,-0.0730679,-0.0974869,0.178014,0.170174,-0.0283218,-0.0661416,-0.0714892,-0.006883,0.318891,-0.0702285,-0.0538566,0.137557,0.0467336,0.107286,0.184349,-0.115512,-0.0609302,-0.0840828,-0.0651464,-0.0800701,0.0517487,0.622503,0.14575,-0.0930451,0.109249,0.105387,0.00700439,-0.103892,0.0967134,-0.0763809,0.0550444,-0.0457138,-0.0387493,-0.0403158,-0.0674214,0.0626348,-0.0485515,-0.0900406,-0.102373,0.476739,-0.0639059,-0.0808917,-0.0435209,0.121911,2.91149e-4,0.544991,-0.0620295,-0.0262533,-0.0275781,-0.0553821,-0.0147078,0.111354,0.0655643,-0.0700797,-0.038469,-0.0305354,0.0390332,-0.0196358,0.0549067,0.0121294,-0.137575,0.0947812,-0.101901,-0.0697991,0.114278,0.0671512,0.15167,-0.0510584,-0.0668242,0.0457459,-0.0952513,-0.141479,-0.0378975,-0.0945973,-0.0578983,0.065257,0.019797,0.0535862,0.0251227,-0.0824354,0.20438,-0.112724,0.078596,0.0822451,-0.0399045,-0.066546,-0.00519956,0.0433513,-0.131909,-0.118955,-0.0520365,-0.0479128,-0.0489322,0.173278,-0.100905,-0.0149329,-0.102881,0.113552,-0.056093,-0.00138105,0.079649,0.078688,0.111639,-0.0272302,0.100386,-0.0996577,-0.0657755,-0.0494339,-0.0114616,0.0694828,-0.0157155,-0.0181521,-0.0606952,0.00226385,0.523851,-0.101565,0.2139,-0.120959,0.0138042,0.148116,-0.0960869,-0.142205,-0.0178099,-0.0323703
rs166662,-0.161226,-0.137339,-0.149768,0.9565,1,1,-0.167133,0.221954,0.235429,0.0528398,0.213964,0.841102,0.0278601,0.80453,0.80453,0.838584,0.0210853,-0.180276,0.11319,0.0945293,0.137844,-0.0890868,-0.0794667,-0.0932618,0.18588,0.142683,-0.0228712,-0.0642473,-0.0691007,-0.0200407,0.325351,-0.0663237,-0.073167,0.0982148,0.0523865,0.107985,0.175062,-0.110009,-0.0552817,-0.0815318,-0.0595855,-0.0780359,0.059955,0.631774,0.144497,-0.0841024,0.0725253,0.0911277,-0.0398776,-0.0987587,0.0352603,-0.0888194,0.060714,-0.0611993,-0.0353714,-0.0367308,-0.0477277,0.0739904,-0.04381,-0.0859837,-0.111351,0.484408,-0.0620596,-0.0778242,-0.0443499,0.128798,0.00702744,0.553449,-0.0762069,-0.0237658,-0.0260719,-0.0595257,-0.0164619,0.112664,0.0697803,-0.0761188,-0.0163792,-0.0266877,0.0439637,-0.017688,0.064491,-0.0352863,-0.11835,0.102014,-0.0986601,-0.0466753,0.122689,0.0602052,0.164077,-0.0432626,-0.0433706,0.0540005,-0.0921235,-0.136728,-0.0458203,-0.110219,-0.0676421,0.0284903,0.0054108,0.062749,0.0288482,-0.0636299,0.197714,-0.120046,0.0646126,0.0679481,-0.0359461,-0.0810167,0.00370318,0.0324118,-0.137671,-0.113455,-0.0511024,-0.0453831,-0.031046,0.18047,-0.105658,-0.00773213,-0.101034,0.114171,-0.0539072,0.0042751,0.0673054,0.0663937,0.111275,-0.0200915,0.111089,-0.0965275,-0.0590585,-0.0552207,-0.0283386,0.0317533,-0.0331544,-0.035377,-0.055288,-0.00942548,0.499588,-0.10824,0.206471,-0.126504,0.0217918,0.136922,-0.094362,-0.14586,-0.0112999,-0.0262981
rs14114,-0.161226,-0.137339,-0.149768,0.9565,1,1,-0.167133,0.221954,0.235429,0.0528398,0.213964,0.841102,0.0278601,0.80453,0.80453,0.838584,0.0210853,-0.180276,0.11319,0.0945293,0.137844,-0.0890868,-0.0794667,-0.0932618,0.18588,0.142683,-0.0228712,-0.0642473,-0.0691007,-0.0200407,0.325351,-0.0663237,-0.073167,0.0982148,0.0523865,0.107985,0.175062,-0.110009,-0.0552817,-0.0815318,-0.0595855,-0.0780359,0.059955,0.631774,0.144497,-0.0841024,0.0725253,0.0911277,-0.0398776,-0.0987587,0.0352603,-0.0888194,0.060714,-0.0611993,-0.0353714,-0.0367308,-0.0477277,0.0739904,-0.04381,-0.0859837,-0.111351,0.484408,-0.0620596,-0.0778242,-0.0443499,0.128798,0.00702744,0.553449,-0.0762069,-0.0237658,-0.0260719,-0.0595257,-0.0164619,0.112664,0.0697803,-0.0761188,-0.0163792,-0.0266877,0.0439637,-0.017688,0.064491,-0.0352863,-0.11835,0.102014,-0.0986601,-0.0466753,0.122689,0.0602052,0.164077,-0.0432626,-0.0433706,0.0540005,-0.0921235,-0.136728,-0.0458203,-0.110219,-0.0676421,0.0284903,0.0054108,0.062749,0.0288482,-0.0636299,0.197714,-0.120046,0.0646126,0.0679481,-0.0359461,-0.0810167,0.00370318,0.0324118,-0.137671,-0.113455,-0.0511024,-0.0453831,-0.031046,0.18047,-0.105658,-0.00773213,-0.101034,0.114171,-0.0539072,0.0042751,0.0673054,0.0663937,0.111275,-0.0200915,0.111089,-0.0965275,-0.0590585,-0.0552207,-0.0283386,0.0317533,-0.0331544,-0.035377,-0.055288,-0.00942548,0.499588,-0.10824,0.206471,-0.126504,0.0217918,0.136922,-0.094362,-0.14586,-0.0112999,-0.0262981
rs10256996,0.786435,0.839597,0.727997,-0.173949,-0.167133,-0.167133,1,0.685401,0.73939,0.596157,0.620445,-0.0887852,0.314029,-0.0691456,-0.0691456,-0.207838,0.414394,-0.348813,-0.0284336,-0.0235774,-0.0571039,0.142519,-0.0181035,0.083753,-0.363367,0.283357,0.0239824,0.297758,0.177235,-0.108528,-0.188448,0.113246,0.098971,0.210268,0.111509,0.00109376,-0.00301778,-0.35212,-0.439796,-0.267808,0.208799,-0.211825,0.0876644,-0.122331,-0.0453056,-0.0273255,0.128446,-0.0589411,0.0254696,0.158334,-0.114933,-0.0523676,-0.0793249,0.190668,0.168814,-0.277055,-0.328358,0.128873,0.150214,0.14172,0.0100092,-0.131246,0.0496975,0.163486,-0.161603,-0.0481265,-0.0853059,-0.0828698,-0.147682,0.307433,0.0398968,0.168924,0.154027,3.10443e-4,-0.142136,0.00565726,0.0446754,-0.302475,0.0386058,-0.180637,0.0853467,0.0291333,-0.0287855,-0.00214417,-0.022336,0.0495528,0.0485411,0.0732376,-0.133107,0.177632,0.0377833,-0.156332,0.48651,-0.168894,0.0212799,-0.0743804,0.00927738,-0.0191884,-0.0320824,0.0872355,-0.0438247,0.0906255,-0.0266596,-0.229214,-0.26422,-0.0464807,-0.177282,-0.116676,-0.0953487,0.204736,-0.199906,-0.255965,0.0127068,0.130632,0.208812,-0.0494443,0.0245099,0.168279,-0.0602602,0.0163915,0.0868694,0.00375409,-0.272691,-0.275332,0.0311791,0.162018,-0.0643854,-0.195809,0.0902349,-0.11603,0.179693,0.0228492,-0.170775,-0.173871,0.0895666,-0.144908,-0.160034,-0.211303,-0.0712357,-0.270792,-0.131439,0.123062,-0.0550904,0.10184,0.195089,0.0613386
rs858239,0.862576,0.824709,0.771861,0.221839,0.221954,0.221954,0.685401,1,0.857524,0.760029,0.845175,0.272805,0.401939,0.281893,0.281893,0.169979,0.610444,-0.518941,-0.155076,-0.147728,-0.165644,0.227309,-0.00744871,0.081234,-0.244667,0.420397,0.0386487,-0.203663,0.201629,-0.0955894,-0.0530894,0.10537,-0.0325365,0.314819,0.152219,0.0105377,-0.00611266,-0.336275,-0.450295,-0.272992,0.185017,-0.227906,0.0204647,0.130971,-0.0363304,-0.0486784,0.221579,-0.128944,0.0577074,0.120126,-0.0838669,-0.194159,-0.0537013,-0.0439205,-0.0781773,-0.286004,-0.281269,0.123904,0.128733,0.112548,-0.14794,0.0885899,0.0613867,-0.0754535,-0.159146,0.0416399,-0.0760947,0.146987,-0.153795,0.342873,0.0860182,0.0743799,0.0676291,0.0367618,-0.085608,-0.0033162,0.0771913,-0.280052,-0.0436184,-0.180289,0.119425,0.0569995,-0.0116827,0.125577,0.0497058,0.0802381,0.115091,-0.0246574,0.00128513,0.101521,0.067412,-0.15612,0.10552,-0.152732,0.0703198,-0.134427,0.0229194,-0.00283014,-0.098726,0.111387,0.044671,0.0907703,0.138509,-0.244232,-0.164624,-0.0103965,-0.167513,-0.113093,-0.0173345,0.0606119,-0.180063,-0.199282,-0.028521,0.0680906,0.124292,0.0302439,0.0183052,0.0620812,-0.0353398,0.133625,0.0151992,-0.0115841,-0.17493,-0.177678,0.145126,0.0593253,0.00716493,-0.214085,0.0981372,-0.121745,-0.0504893,0.0394795,-0.157739,-0.167832,0.073037,-0.113554,0.081259,-0.155882,0.0227054,-0.207542,-0.028285,0.114326,-0.0244235,-0.0317211,0.0912269,0.0526072
rs6461688,0.760485,0.883648,0.739609,0.256927,0.235429,0.235429,0.73939,0.857524,1,0.67459,0.763607,0.291825,0.384421,0.299342,0.299342,0.284875,0.493372,-0.641614,-0.133714,-0.127267,-0.154663,0.156204,0.0158465,0.0926363,-0.241318,0.383285,0.0469198,-0.166594,0.167472,-0.101062,-0.0302376,0.126397,-0.0625413,0.313188,0.173866,0.082375,-0.0203391,-0.346828,-0.381906,-0.249809,0.231031,-0.258176,0.0114351,0.141991,0.0427985,-0.11155,0.229585,-0.0258324,0.0528296,0.0695952,-0.0405986,-0.182712,-0.0700384,-0.0488567,-0.0570044,-0.237264,-0.300841,0.119398,0.189627,0.0631019,-0.0851509,0.0966569,0.0691168,-0.0818604,-0.192671,0.0419065,-0.107552,0.155402,-0.152606,0.287527,0.0534859,0.0553286,0.0554196,0.0863245,-0.0812173,0.00513722,0.0365488,-0.256088,-0.0875506,-0.155909,0.104352,0.0629434,-0.0742946,0.0902818,-0.00745712,0.0618351,0.15548,-0.0592723,-0.0102882,0.112554,0.0492815,-0.119501,0.107286,-0.168779,0.0313951,-0.0838416,0.00672526,0.0511796,-0.120444,0.0939239,-0.0121343,0.0543668,0.131133,-0.230843,-0.159757,0.059303,-0.151967,-0.061282,-0.0599246,0.0326112,-0.190676,-0.211656,-0.0336486,0.133113,0.105696,0.0611892,0.0299196,0.0838502,-0.108163,0.130833,0.0935037,-0.0358097,-0.127507,-0.126186,0.112746,0.0812637,0.0150327,-0.187636,0.0574944,-0.144526,-0.00818123,0.0794523,-0.143081,-0.145899,0.0462796,-0.0602646,0.210502,-0.158917,0.0626464,-0.231055,-0.071731,0.149104,-0.092858,-0.0536601,0.080922,0.0201421
rs3807459,0.781404,0.702592,0.610736,0.0538057,0.0528398,0.0528398,0.596157,0.760029,0.67459,1,0.847941,0.120926,0.325548,0.131555,0.131555,0.0154516,0.763323,-0.461826,-0.0977933,-0.0828341,-0.0862004,0.158621,0.0616219,0.0935848,-0.229189,0.323199,0.0288935,-0.217261,0.20137,-0.12468,-0.161197,0.113797,-0.106832,0.22393,0.0929761,0.0535229,0.0338325,-0.316628,-0.409218,-0.306132,0.11671,-0.0454322,-0.00260361,-0.0957265,0.0208728,-0.0665643,0.164939,-0.041922,0.0888467,0.0798328,-0.137508,-0.031797,0.0280281,-0.076049,-0.133918,-0.328326,-0.256168,0.0242809,0.0879986,0.0820277,-0.0300256,-0.0969304,0.0236654,-0.0954595,-0.070867,0.0300362,-0.0532181,-0.0615077,-0.0224316,0.27718,0.0152425,-0.0130784,-0.00299786,0.0253088,-0.117482,-0.0155752,0.0107986,-0.313515,-0.081867,-0.113866,0.0564343,0.0366659,-0.0709689,0.0649228,0.0819299,0.0470565,0.0296156,-0.0844657,-0.0357152,0.0296118,0.0362294,-0.121361,0.105093,-0.135692,0.010456,0.0109791,0.0151797,-0.0287493,-0.182397,0.0656003,-0.03548,0.040854,0.184278,-0.188932,-0.0548208,0.0297608,-0.112267,-0.13118,-0.0547199,-0.00412413,-0.154095,-0.209706,-0.0117423,0.0340432,0.0564737,-0.011865,-0.0131934,-0.00379857,-0.171225,0.139363,-0.012043,-0.0468804,-0.076044,-0.0793566,0.158535,0.00109947,0.0891132,-0.133268,0.0503681,-0.0773557,-0.00864679,-0.00192489,-0.156961,-0.168039,0.0397248,-0.158157,-0.0961085,-0.151817,-0.022677,-0.233225,-0.0528358,0.132823,-0.130464,0.0440444,0.0339358,0.0195801
rs433395,0.800471,0.725066,0.622176,0.213427,0.213964,0.213964,0.620445,0.845175,0.763607,0.847941,1,0.2696,0.421456,0.276844,0.276844,0.167971,0.619893,-0.520289,-0.134392,-0.121139,-0.151632,0.214844,0.0060321,0.0705243,-0.184029,0.444266,0.0276786,-0.205496,0.219132,-0.0492555,-0.031728,0.0913009,-0.0363747,0.335196,0.158298,0.0525972,0.0573644,-0.41233,-0.359512,-0.240369,0.158871,-0.219886,0.0248842,0.151634,0.0323784,-0.0742922,0.2584,-0.0854448,0.0827721,0.0917848,-0.0863187,-0.184821,-0.0422925,-0.0664841,-0.108997,-0.303519,-0.223226,0.0671004,0.119668,0.0878508,-0.146705,0.102747,0.0296742,-0.0881181,-0.146313,0.0625696,-0.046875,0.162295,-0.164914,0.305644,0.031552,0.0122866,0.021007,0.078189,-0.022887,0.0257705,0.0661726,-0.252083,-0.0446577,-0.0964824,0.105473,0.0956921,-0.016109,0.0958485,-0.00624438,0.0718633,0.116295,-0.061541,0.0224909,0.0869115,0.060186,-0.0870399,0.11485,-0.195414,0.0579368,-0.12045,0.0250108,0.0138065,-0.116207,0.11903,0.00832806,0.0988951,0.175836,-0.275168,-0.16804,-0.00797833,-0.190319,-0.135101,-0.0264875,0.0105317,-0.222424,-0.258854,0.00191863,0.0617326,0.118146,0.0524756,0.0295697,0.0472377,-0.161898,0.16723,0.00557734,0.0215742,-0.180129,-0.182994,0.186126,0.0485511,0.00866596,-0.20821,0.107359,-0.150792,0.0131132,0.0413999,-0.111111,-0.122125,0.0889518,-0.111157,0.0900387,-0.209815,0.0451367,-0.266927,-0.0243217,0.14025,-0.131826,-0.0484206,0.0882522,0.0711528
rs1637217,-0.0562176,-0.0368968,-0.172493,0.854063,0.841102,0.841102,-0.0887852,0.272805,0.291825,0.120926,0.2696,1,0.0136951,0.956514,0.956514,0.743339,0.0892991,-0.199397,0.0361382,0.0931256,0.0700136,-0.0743606,-0.102929,-0.0996606,0.121599,0.162323,-0.0435264,-0.0835414,-0.0448759,-0.0397021,0.264713,-0.0668388,-0.0918523,0.11012,0.0326901,0.073348,0.219808,-0.13193,-0.0560688,-0.0618117,-0.0916711,-0.0814013,0.0191232,0.546317,0.128336,-0.0572028,0.0799405,0.0777711,0.294093,-0.129107,0.041058,-0.0921961,0.0418406,-0.0568977,-0.0376755,-0.0445722,-0.0901062,0.0490483,-0.0658656,-0.126814,-0.129191,0.413348,-0.0400031,-0.0773518,0.00104765,0.0841897,-0.00463401,0.475267,-0.0911505,-0.0288896,-0.041176,-0.0792662,-0.0386274,0.0911432,0.0988899,-0.0918968,-0.0433689,-0.0235749,0.105438,-0.0137615,0.0091715,-0.00741155,-0.13571,0.0525216,-0.0765552,-0.0872499,0.0918359,0.0214608,0.203151,-0.0248518,-0.0838738,0.0342881,-0.110038,-0.152578,-0.0595146,-0.0995071,-0.0812362,0.0793991,-0.012623,0.0222706,0.114404,-0.0881591,0.16526,-0.125421,0.0398839,0.0476225,0.00586503,-0.0461765,0.0398578,0.0133792,-0.144111,-0.0923095,-0.0608003,-0.0545039,-0.0128823,0.161412,-0.11025,0.0224513,-0.101946,0.0800412,-0.0759779,0.019043,0.0402174,0.0392499,0.0871683,0.0115681,0.118996,-0.0238143,-0.0719513,0.00133541,-0.0225751,0.084415,-0.0400042,-0.0426432,-0.0518028,0.0348761,0.454196,-0.0110326,0.189952,-0.0320256,0.0635252,0.158854,-0.0926681,-0.168469,0.0307766,-0.0291401
rs12534523,0.400242,0.406937,0.355502,0.032708,0.0278601,0.0278601,0.314029,0.401939,0.384421,0.325548,0.421456,0.0136951,1,0.0411822,0.0411822,-0.0123698,0.255243,-0.249023,-0.543302,-0.560209,-0.477565,0.343499,0.159158,0.166638,-0.113878,0.494865,0.0683383,-0.15313,0.318493,0.0655504,0.0450041,0.153855,0.0607842,0.438209,0.566778,-0.038476,-0.0214969,-0.39851,-0.224707,-0.18724,0.134376,-0.203425,-0.0232679,0.17434,-0.113967,-0.0137831,0.401065,-0.108501,-0.0606178,0.16102,-0.0838356,-0.0868933,-0.279936,0.010937,-0.0815592,-0.25766,-0.112094,0.177521,0.052899,0.147514,-0.064163799999999993,0.174073,0.165817,-0.069871,-0.117753,0.0129128,-0.0142179,0.200217,-0.0476455,0.0861035,-0.0586893,0.113607,0.0887838,-0.0705968,-0.081526,0.155243,0.0245677,-0.194655,-0.0881284,-0.0956323,0.100702,0.155795,0.0300837,-0.00717527,-0.197506,0.0139732,-0.0476874,-0.10392,-0.0978476,-0.01903,0.00263169,-0.061809,-0.0875016,-0.0931284,0.0395527,-0.0385071,0.0832255,0.0465294,0.0361949,0.0978775,0.00853634,0.101077,0.0378378,-0.11209,-0.091017700000000007,-0.0740837,-0.212594,-0.0171432,-0.0545958,-0.0168276,-0.102479,-0.375643,-0.0542616,0.0119872,-0.00389199,-0.0364928,0.223509,-0.0272051,-0.13464,0.0999928,-0.0023392,0.0137366,-0.0906306,-0.0928236,0.115045,-0.0299996,-0.192482,-0.173815,0.102675,-0.0304465,0.0255658,0.0405132,0.0625884,0.0532334,0.102234,-0.136049,0.0797645,-0.353006,-0.0589672,-0.281779,-0.0544885,-0.0152157,-0.157671,0.0830648,-0.00141657,0.124779
rs1637214,-0.0714045,-0.01382,-0.184727,0.81691,0.80453,0.80453,-0.0691456,0.281893,0.299342,0.131555,0.276844,0.956514,0.0411822,1,1,0.709126,0.0628875,-0.201209,0.0148724,0.0688853,0.0519037,-0.0596711,-0.111594,-0.103132,0.0981215,0.157384,-0.0618081,-0.0898896,0.0077371,-0.0368187,0.247027,-0.0808287,-0.0990088,0.103665,0.0256774,0.0452637,0.186159,-0.140277,-0.0546099,-0.0572897,-0.0652191,-0.0889094,0.00219805,0.522137,0.105535,-0.0245484,0.0725703,0.0486219,0.279287,-0.085139,0.0330057,-0.103396,0.035096,-0.0514869,-0.034431,-0.043534,-0.103648,0.0297416,-0.0818044,-0.0941987,-0.14349,0.393066,-0.0476519,-0.0734006,-0.0161971,0.0629575,-0.0169062,0.590069,-0.101582,-0.0185562,-0.0460414,-0.0839802,-0.0697926,0.0602809,0.0837977,-0.101861,-0.0519333,-0.0239171,0.099737,0.00169756,0.0343339,-0.00543185,-0.104138,0.0300622,-0.0760493,-0.0936304,0.0647895,0.00112525,0.187299,-0.0435724,-0.0901022,0.0265285,-0.107599,-0.138331,-0.0760387,-0.107698,-0.094302,0.0712345,-0.0296684,0.0495585,0.115479,-0.0801034,0.154799,-0.111354,0.0502666,0.0202208,0.00344983,-0.0543385,0.026185,-0.00238473,-0.134962,-0.0918876,-0.064072,-0.0632701,-0.0286502,0.162785,-0.123653,0.00617343,-0.10907,0.0799967,-0.0831555,0.03298,0.0459565,0.0449263,0.0901398,-0.00454749,0.12771,-0.0379829,-0.0639749,-0.00199355,-0.0161958,0.0762105,-0.031348,-0.0342328,-0.0378759,0.046292,0.431909,-0.0130786,0.16726,-0.0369655,0.0539051,0.140114,-0.0994125,-0.137723,0.0169266,-0.0170896
rs10634,-0.0714045,-0.01382,-0.184727,0.81691,0.80453,0.80453,-0.0691456,0.281893,0.299342,0.131555,0.276844,0.956514,0.0411822,1,1,0.709126,0.0628875,-0.201209,0.0148724,0.0688853,0.0519037,-0.0596711,-0.111594,-0.103132,0.0981215,0.157384,-0.0618081,-0.0898896,0.0077371,-0.0368187,0.247027,-0.0808287,-0.0990088,0.103665,0.0256774,0.0452637,0.186159,-0.140277,-0.0546099,-0.0572897,-0.0652191,-0.0889094,0.00219805,0.522137,0.105535,-0.0245484,0.0725703,0.0486219,0.279287,-0.085139,0.0330057,-0.103396,0.035096,-0.0514869,-0.034431,-0.043534,-0.103648,0.0297416,-0.0818044,-0.0941987,-0.14349,0.393066,-0.0476519,-0.0734006,-0.0161971,0.0629575,-0.0169062,0.590069,-0.101582,-0.0185562,-0.0460414,-0.0839802,-0.0697926,0.0602809,0.0837977,-0.101861,-0.0519333,-0.0239171,0.099737,0.00169756,0.0343339,-0.00543185,-0.104138,0.0300622,-0.0760493,-0.0936304,0.0647895,0.00112525,0.187299,-0.0435724,-0.0901022,0.0265285,-0.107599,-0.138331,-0.0760387,-0.107698,-0.094302,0.0712345,-0.0296684,0.0495585,0.115479,-0.0801034,0.154799,-0.111354,0.0502666,0.0202208,0.00344983,-0.0543385,0.026185,-0.00238473,-0.134962,-0.0918876,-0.064072,-0.0632701,-0.0286502,0.162785,-0.123653,0.00617343,-0.10907,0.0799967,-0.0831555,0.03298,0.0459565,0.0449263,0.0901398,-0.00454749,0.12771,-0.0379829,-0.0639749,-0.00199355,-0.0161958,0.0762105,-0.031348,-0.0342328,-0.0378759,0.046292,0.431909,-0.0130786,0.16726,-0.0369655,0.0539051,0.140114,-0.0994125,-0.137723,0.0169266,-0.0170896
rs3807453,-0.150513,-0.149804,-0.154583,0.875736,0.838584,0.838584,-0.207838,0.169979,0.284875,0.0154516,0.167971,0.743339,-0.0123698,0.709126,0.709126,1,-0.0239699,-0.218382,0.119713,0.119577,0.139449,-0.0978724,-0.0534588,-0.0662152,0.135381,0.13948,0.00665426,-0.0832902,-0.0775979,-0.0272546,0.300412,-0.0314496,-0.0942781,0.128899,0.0273343,0.145955,0.138328,-0.112236,-0.0705811,-0.0924859,0.0187165,-0.0983844,0.0407887,0.566756,0.194574,-0.12026,0.110152,0.138751,0.0356899,-0.130629,0.093556,-0.0660108,0.0244966,-0.0741784,-0.0550116,-0.0467015,-0.0512667,0.0663574,0.0533134,-0.115818,-0.0845673,0.431932,-0.0608332,-0.0937043,-0.0352187,0.109108,0.01094,0.493607,-0.0619033,-0.0304117,-0.012862,-0.0544579,-0.0456036,0.15397,0.0759491,-0.0536362,-0.0445622,-0.0531641,0.0186462,-0.0378002,0.0386678,0.0189449,-0.149483,0.0963042,-0.0780675,-0.050504,0.132379,0.0158775,0.160504,0.00577076,-0.0465262,0.0859315,-0.0969584,-0.163888,-0.04021,-0.099366,-0.0475007,0.0755932,-0.0287364,0.0429654,0.00658153,-0.0711422,0.180191,-0.137634,0.0317242,0.108351,-0.0243724,-0.0236174,-0.00602312,-0.00457516,-0.146132,-0.106041,-0.0274646,-0.0397471,-0.037801,0.188571,-0.0842816,0.0350386,-0.119177,0.134672,-0.0427287,-0.0091913,0.0793912,0.0783158,0.0859886,0.0246029,0.10721,-0.0774734,-0.0657452,-0.0677608,-0.042063,0.0804883,-0.0239711,-0.0267382,-0.0666048,0.0850649,0.77509,-0.0792964,0.230848,-0.116952,0.0159907,0.174798,-0.111306,-0.161646,-0.0171947,-0.0448999
rs1964536,0.602526,0.53943,0.517123,0.02214,0.0210853,0.0210853,0.414394,0.610444,0.493372,0.763323,0.619893,0.0892991,0.255243,0.0628875,0.0628875,-0.0239699,1,-0.251222,-0.164729,-0.147429,-0.148845,0.142528,0.0670297,0.0947581,-0.270696,0.300387,0.040292,-0.212513,0.209674,-0.0625326,-0.162449,0.125668,-0.0601774,0.210021,0.0859068,0.0485752,-0.0396475,-0.127864,-0.439196,-0.309791,0.0488907,0.214826,-0.037388,-0.118473,-0.0171282,-0.0700616,0.154229,-0.064226,0.0994962,0.125378,-0.170182,0.00441868,0.002192,-0.0806265,-0.120248,-0.31795,-0.273767,0.0175546,0.0126451,0.133668,-0.0632574,-0.118507,0.00976493,-0.115855,-0.0571614,0.00689844,-0.0920774,-0.142756,0.0531817,0.113455,0.0424189,0.0338927,-0.0235137,-0.0507396,-0.148578,0.0332557,-0.0695932,-0.344405,-0.132616,-0.134018,0.0985103,0.0232113,-0.0597945,0.0637579,0.178032,-0.0458547,-0.0573507,-0.0934264,-0.0503288,-0.0938032,-0.0495999,-0.134529,-0.00427139,-0.0116325,0.0107157,0.118127,0.00605317,-0.0221342,-0.180381,0.107511,-0.0672707,-0.0170406,0.105763,-0.0344513,0.0780536,0.037059,-0.100659,-0.0234616,-0.0648555,-0.00952938,-0.0502378,-0.0670237,-0.0198866,-0.0568173,-0.0921006,-0.0218252,0.0425902,-0.0755874,0.125278,0.0941191,-0.105715,-0.061109,0.0721866,0.0683507,0.0987495,-0.0800489,0.0281404,-0.138627,-0.0024348,-0.014112,-0.0780327,-0.00972666,-0.0891429,-0.101185,0.0170916,-0.149609,-0.116458,-0.0645112,-0.00831373,-0.0871631,-0.0801982,0.0374133,0.132571,0.108805,-0.0718805,0.019363
rs6461686,-0.462706,-0.548192,-0.418081,-0.185882,-0.180276,-0.180276,-0.348813,-0.518941,-0.641614,-0.461826,-0.520289,-0.199397,-0.249023,-0.201209,-0.201209,-0.218382,-0.251222,1,0.306971,0.308007,0.299045,-0.0822656,-0.0297747,-0.0227279,-0.213246,-0.243922,0.0332302,0.288279,-0.0784459,0.0413636,-0.151395,-0.0462599,0.110807,-0.131649,-0.212291,-0.156895,-0.190653,0.127866,-0.233607,0.0622707,-0.0713421,0.406687,0.0548349,-0.117355,-0.0750809,0.161818,-0.162669,0.0200741,-0.0121171,-0.0262832,0.148256,0.203252,0.0963342,0.142837,0.134987,0.0533671,-0.339677,-0.0405796,-0.0548918,-0.0603508,0.0993637,-0.0646908,-0.136102,0.106618,0.145506,-0.00583892,0.0391724,-0.119018,0.117043,-0.110477,-0.0348442,0.0905919,0.040045,-0.124031,-0.0511069,0.00563408,-0.0830795,-0.0120752,0.104872,-0.165525,-0.0620263,-0.0419862,-0.00796052,-0.0325581,-0.166956,-0.109526,-0.18662,0.163192,-0.00687343,-0.0313818,-0.101743,-0.0324332,0.122518,0.260511,0.0103252,0.140677,0.0783938,-0.0840611,0.131606,-0.0588066,0.0152984,-0.185927,-0.215417,0.277474,0.182411,-0.0571897,-0.0199438,-0.00613973,0.0454616,0.0863082,0.208499,-0.05029,-0.00911527,-0.114172,-0.0388374,-0.0409498,-0.0577117,0.0361643,0.0718785,-0.269384,-0.0983112,-0.107463,0.155674,0.156253,-0.267828,0.0291915,-0.0268879,-0.0151604,-0.192909,0.186901,0.158182,-0.104442,0.114093,0.109434,-0.150211,-0.0503019,-0.167774,-0.0730498,-0.0580328,0.0282571,0.00535603,-0.0761676,0.0566884,0.102271,0.0164179,-0.131041
rs274035,-0.186773,-0.194508,-0.106961,0.103344,0.11319,0.11319,-0.0284336,-0.155076,-0.133714,-0.0977933,-0.134392,0.0361382,-0.543302,0.0148724,0.0148724,0.119713,-0.164729,0.306971,1,0.973137,0.869843,-0.10352600000000001,-0.161039,-0.112261,-0.0274004,-0.280539,0.0855204,0.315209,-0.181804,-0.0912622,-0.124857,-0.0583201,0.0369853,-0.178891,-0.385808,-0.0171524,-0.0532977,-0.164297,-0.256308,-0.17717,0.0142267,0.229401,0.242519,-0.0479867,0.0636831,0.0422375,-0.260051,0.145234,-0.111333,-0.111364,0.201763,0.125083,0.281485,0.130278,0.190419,-0.258998,-0.220194,0.0763524,0.0667189,-0.107925,0.0876808,-0.0515569,-0.152329,0.153767,0.0400269,0.168312,4.83385e-4,-0.0746977,0.0681656,0.0331706,-0.0883355,0.126291,0.123176,0.0913966,-0.0460308,-0.0746809,0.039752,-0.215034,0.0704471,0.0153471,-0.0239998,-0.120158,-0.144481,0.122991,-0.338941,0.0194487,0.114259,0.274165,0.0292832,0.0924514,0.0228243,-0.00168529,0.265169,0.0199103,0.115727,0.0381485,0.130736,-0.0271676,0.0966376,-0.0266672,-0.0515356,-0.12357,0.0176311,0.0487816,0.050717,0.124052,-0.149773,-0.31885,-0.0164777,0.156324,0.0508219,-0.482942,0.0599235,-0.0159881,0.0771238,0.0838352,-0.134297,0.081474,-0.167053,-0.102935,-0.0116368,-0.101427,0.0604845,0.061144,-0.118283,0.0915397,0.00284313,-0.248767,-0.142484,-0.0107499,0.134999,-0.0454581,-0.103229,-0.106533,-0.136161,-0.118779,-0.00561141,-0.477361,0.120548,-0.525482,-0.0616497,0.0878906,-0.179693,-0.0102527,0.0645518,-0.162196
rs12700437,-0.167137,-0.183724,-0.12672,0.0952616,0.0945293,0.0945293,-0.0235774,-0.147728,-0.127267,-0.0828341,-0.121139,0.0931256,-0.560209,0.0688853,0.0688853,0.119577,-0.147429,0.308007,0.973137,1,0.84801,-0.108843,-0.172911,-0.121609,-0.0424893,-0.286296,0.0556941,0.30406,-0.163448,-0.0957924,-0.135705,-0.0742026,0.0236674,-0.182587,-0.404125,-0.0300955,-0.0344653,-0.167753,-0.253131,-0.162132,0.00550127,0.238214,0.210089,-0.0539956,0.0692636,0.0457735,-0.26653,0.154381,0.111877,-0.135589,0.205661,0.135496,0.280527,0.121398,0.180428,-0.260415,-0.230895,0.0461142,0.0589535,-0.131026,0.0974111,-0.0586958,-0.139117,0.142709,0.06075,0.140828,0.00257602,-0.0815434,0.0698274,0.0370932,-0.0967156,0.0921556,0.0979386,0.0961069,-0.0104114,-0.087508,0.026867,-0.205774,0.0908008,0.0249847,-0.0510656,-0.124534,-0.144251,0.0926004,-0.354077,0.00729169,0.105097,0.249786,0.0416515,0.0991142,0.0110272,0.0151749,0.258249,0.00901025,0.0826571,0.0427261,0.110574,-0.00545951,0.0826849,-0.055775,-0.0306414,-0.122065,-0.0036219,0.0476766,0.03234,0.128994,-0.125091,-0.304188,-0.00470717,0.142957,0.0475451,-0.492459,0.0530846,-0.0163779,0.076596,0.0673845,-0.140281,0.0910804,-0.173809,-0.10759,-0.0101707,-0.0829309,0.0493107,0.0499074,-0.126587,0.101163,0.0349778,-0.21483,-0.135941,0.00288799,0.127803,-0.0229068,-0.101603,-0.105282,-0.125767,-0.0911353,0.0105645,-0.432784,0.122119,-0.479753,-0.0464213,0.087849,-0.185015,-0.02583,0.0703106,-0.153232
rs274034,-0.218413,-0.229408,-0.148775,0.117577,0.137844,0.137844,-0.0571039,-0.165644,-0.154663,-0.0862004,-0.151632,0.0700136,-0.477565,0.0519037,0.0519037,0.139449,-0.148845,0.299045,0.869843,0.84801,1,-0.133942,-0.149496,-0.13511,0.0108106,-0.271917,0.0729206,0.328866,-0.17127,-0.128047,-0.138023,-0.079944,-0.0096674800000000009,-0.298221,-0.330121,0.0343242,-0.0371549,-0.0967027,-0.24281,-0.146713,-0.0310567,0.198631,0.220972,-0.0656287,0.102631,0.00200001,-0.34947,0.179321,-0.0832986,-0.114294,-0.0818075,0.147444,0.298414,0.15353,0.193116,-0.239397,-0.181224,0.081452,0.0279423,-0.114764,0.114306,-0.069279,-0.158652,0.173866,0.0593697,0.124227,0.0349478,-0.0834582,0.0762566,-0.00627804,-0.0805838,0.108029,0.108351,0.102215,-0.046388,-0.119869,0.033617,-0.188081,0.0483972,-0.0140946,-0.0351446,-0.266694,-0.13473,0.0928946,-0.280831,0.00788153,0.092219400000000007,0.277277,0.0228096,0.0489277,0.00765508,0.00244775,0.20888,0.0576571,0.065257,0.0671784,0.067813300000000007,-0.0610643,0.127072,-0.0161132,-0.0739328,-0.137833,0.0500945,0.0642632,0.108797,0.111006,-0.0994136,-0.334222,-0.0341702,0.135894,0.0664631,-0.411826,0.0487975,-0.0147363,0.0353899,0.101565,-0.181404,0.0444548,-0.129013,-0.0812819,7.01318e-4,-0.123944,0.105515,0.102381,-0.0913704,0.0508924,0.056607,-0.203876,-0.152512,-0.0224622,0.097672,-0.0679733,-0.0513733,-0.0532238,-0.122457,-0.0867216,0.00496539,-0.410456,0.108354,-0.453444,-0.0536313,0.0774649,-0.14257,-0.00798946,0.0283367,-0.161446
rs9969137,0.212837,0.212141,0.252657,-0.0844899,-0.0890868,-0.0890868,0.142519,0.227309,0.156204,0.158621,0.214844,-0.0743606,0.343499,-0.0596711,-0.0596711,-0.0978724,0.142528,-0.0822656,-0.10352600000000001,-0.108843,-0.133942,1,0.0170468,0.111165,-0.0900787,0.0387921,0.306554,-0.146269,0.427522,-0.131583,-0.182302,0.128123,-0.134305,0.0875312,0.0850292,-0.139075,-0.069836,-0.288913,-0.104702,-0.102752,0.123595,-0.146193,0.390182,-0.0905506,-0.105629,0.119148,0.00561078,-0.0994296,0.00153266,0.0781296,0.00520779,-0.0914095,-0.323213,-0.12645700000000001,-0.205193,-0.22676,-0.139138,0.362722,0.0793072,0.02684,-0.13447,-0.0786831,0.116099,-0.186444,-0.0731629,0.582051,-0.013797,-0.0615933,-0.0103505,0.076859,0.0609139,0.21058,0.21422,-0.0564083,-0.0375338,0.0342164,0.0214521,-0.147836,-0.0222093,0.132199,0.107004,0.0773195,0.0207396,0.568945,0.0128602,0.0382357,0.0152955,0.107692,0.02346,0.0759154,0.0311571,-0.0253082,-0.0713904,-0.0410947,0.706944,-0.139594,0.526362,0.0042079,0.0739299,0.103051,0.0699147,0.0133772,0.012596,-0.0581719,-0.0589274,-0.0349444,-0.295715,-0.471861,0.0148143,-0.0529432,-0.036784,-0.179259,-0.0204379,-0.0558323,0.0366219,0.116475,0.0865536,0.0656999,-0.0220874,0.0169537,-0.0847206,-0.00740387,-0.0408177,-0.0436278,-0.0126564,0.0589236,-0.22265,-0.370018,0.00465502,-0.00275964,-0.032958,-0.0310396,-0.115682,-0.109794,0.0117734,-0.210934,-0.09357,-0.151946,0.0542668,-0.187935,-0.00431925,0.0538543,3.85354e-4,-0.00416138,0.0301023,-0.0140078
rs10278268,0.0270933,0.0402435,0.083877,-0.0730679,-0.0794667,-0.0794667,-0.0181035,-0.00744871,0.0158465,0.0616219,0.0060321,-0.102929,0.159158,-0.111594,-0.111594,-0.0534588,0.0670297,-0.0297747,-0.161039,-0.172911,-0.149496,0.0170468,1,0.818804,-0.0510774,0.229893,0.49124,-0.118814,-0.157086,0.208082,-0.0517572,0.687718,0.0296941,0.267231,0.174919,0.0891688,0.0902537,-0.0935972,-0.0286932,0.0483594,-0.113226,-0.0226873,0.0387767,0.0142414,0.0707029,-0.108845,0.233815,-0.0418416,-0.0621704,-0.0626337,0.0204572,-0.0299042,-0.21962,-0.139906,-0.192024,-0.0445611,-0.043095,0.192374,-0.0773971,-0.00551298,-0.0205486,-0.0554534,-0.121767,-0.0998151,0.0618132,0.0977065,0.0999641,-0.00702606,-0.0261363,-0.0375783,0.200987,0.330027,0.177952,0.0707423,0.0228758,0.703442,-0.0218099,0.0308988,-0.0701888,-0.0763217,-0.0985507,0.057006,0.0634428,0.16007,0.142795,0.00685995,-0.0180319,-0.266588,0.0473925,-0.105176,0.00383466,0.0719728,-0.0951151,-0.00850863,0.0856333,-0.0678023,0.194999,0.0487555,-0.0987213,-0.0969575,0.0102286,0.0476128,0.0760117,-0.00157439,0.0562244,-0.0170448,-0.0607584,0.225615,0.071299,-0.20612,-0.0164515,0.0612864,-0.0869354,0.0212454,-0.109628,-0.0764925,0.595697,-0.0957014,0.0403122,0.103059,0.00677931,-0.0380855,0.0628905,0.0601718,0.104867,-0.113495,-0.373688,-0.0140015,0.0441235,-0.0436771,-0.0550153,0.059032,0.414459,0.417895,0.0602874,-0.244377,0.0159402,0.0793496,-0.0468798,0.0689416,0.100647,-0.0350263,0.0203759,-0.0834607,-0.112429,0.0571292
rs2193827,0.114642,0.124354,0.170414,-0.0974869,-0.0932618,-0.0932618,0.083753,0.081234,0.0926363,0.0935848,0.0705243,-0.0996606,0.166638,-0.103132,-0.103132,-0.0662152,0.0947581,-0.0227279,-0.112261,-0.121609,-0.13511,0.111165,0.818804,1,-0.100922,0.261087,0.611544,-0.083003,-0.105771,-0.0107535,-0.0628571,0.842747,-0.105406,0.314783,0.196232,0.0272831,0.0580208,-0.052574,-0.032491,0.00342842,-0.042566,-0.0211631,0.121105,-0.0212929,-0.0165369,-0.0531741,0.277976,-0.0901944,-0.049507,-0.0101458,0.0739717,-0.0408063,-0.171989,-0.109449,-0.156952,-0.0553603,-0.075575,0.341851,-0.0282252,0.0415196,-0.0595036,-0.0607215,-0.0884564,-0.0623121,0.0256539,0.142259,0.0340824,-0.0302481,-0.0368822,-0.0379596,0.227656,0.446526,0.341345,4.01471e-5,0.013378,0.64766,-0.00472413,-0.00732064,-0.0345757,-0.0592314,-0.0385649,0.106228,0.0859765,0.238784,0.0572095,0.024488,-0.02173,-0.228599,0.0334539,-0.0391113,0.0169753,0.00781426,-0.08093,-0.0215457,0.134016,-0.0739452,0.252652,0.0175276,-0.225373,-0.0608094,0.0369741,0.0860229,0.0230257,-0.0434509,-0.0285605,-0.0366191,-0.169838,0.0823383,0.0584124,-0.152265,-0.0502621,-0.0105821,-0.078407,-0.0045579,-0.0597644,-0.0594822,0.561163,-0.0397562,0.0484203,0.0975968,-0.0370469,-0.0450597,-0.0169148,-0.0189488,0.0917439,-0.0529659,-0.371376,-0.144875,0.0771714,0.012091,-0.0478021,0.0439703,0.0716412,0.0635363,0.0935358,-0.186729,0.00237389,0.00650089,-0.0441533,-0.0274152,0.0662201,-0.0232909,0.0418993,-0.0372031,-0.0624961,0.0825799
rs11532668,-0.302731,-0.317304,-0.283014,0.178014,0.18588,0.18588,-0.363367,-0.244667,-0.241318,-0.229189,-0.184029,0.121599,-0.113878,0.0981215,0.0981215,0.135381,-0.270696,-0.213246,-0.0274004,-0.0424893,0.0108106,-0.0900787,-0.0510774,-0.100922,1,-0.116577,-0.0836313,-0.07579,-0.129816,0.0334016,0.079237,-0.0790997,-0.0403591,-0.144211,0.0142849,0.106979,0.258722,0.0678673,0.467019,0.163479,-0.214542,-0.170004,-1.96567e-5,-0.0287057,0.0532535,-0.142683,-0.113403,0.0774542,-0.0551348,-0.0974984,-0.0984514,-0.0445418,-0.0617428,-0.0699404,-0.0959169,0.0957794,0.534261,0.0219901,-0.179627,-0.00438375,-0.0679446,-0.051112200000000003,0.10311,-0.0693392,-0.0207877,0.0589723,0.0182668,-0.056132,0.0168482,-0.0833044,-0.0151275,-0.126608,-0.0467428,0.0974044,0.201987,-0.0195861,0.0118453,0.159572,-0.0605924,0.244337,0.047956,-0.0580959,0.0747096,0.0503286,0.109176,0.00618502,0.145008,-0.0507297,0.0941002,-0.171182,0.0186139,0.13334,-0.159658,-0.0666426,-0.0255247,0.010644,-0.0779353,0.0764813,0.0499231,0.0469987,-0.0815959,0.147818,0.0732526,3.36618e-4,0.0196101,0.100554,0.0668256,0.0512858,-0.0234956,-0.0463001,0.00298778,0.137594,0.0166334,-0.0644865,-0.157352,0.0689462,0.0388835,-0.19025,0.0450621,0.166531,-0.0448436,0.244932,0.0367063,0.0394335,0.175611,-0.18406,-0.020528,0.101817,0.151107,-0.0702271,-0.111439,0.0860173,0.0326081,0.0247002,0.143026,0.0711161,-0.0520277,0.131369,0.19761600000000001,0.101053,0.00997776,-0.120804,0.00224105,-0.110127,-0.186739,0.142042
rs6461708,0.382969,0.347818,0.299205,0.170174,0.142683,0.142683,0.283357,0.420397,0.383285,0.323199,0.444266,0.162323,0.494865,0.157384,0.157384,0.13948,0.300387,-0.243922,-0.280539,-0.286296,-0.271917,0.0387921,0.229893,0.261087,-0.116577,1,0.174236,-0.0777656,-0.0244309,0.0335789,0.190328,0.290909,0.00955869,0.840205,0.622105,0.0511135,0.0642434,-0.168245,-0.218163,-0.16542,-0.02436,-0.138206,0.0397452,0.320333,-0.066713,-0.096819,0.782631,-0.0872884,-0.0288802,0.173867,0.0361711,-0.0798441,-0.122981,-0.0235538,-0.0687423,-0.132285,-0.116598,0.179645,-0.00463581,0.155135,-0.0641066,0.285341,-0.0211472,-0.0629914,-0.145241,0.0609649,-0.0231197,0.287208,-0.0517539,0.26558,-0.0869882,0.19924,0.0421559,-0.0300743,-0.0132572,0.250329,0.0242994,-0.152121,-0.0422485,-0.102928,0.129475,0.439091,0.0138903,0.0720691,-0.0929269,-0.0300764,-0.00207591,-0.146453,-0.111276,-0.0382118,-0.0342541,-0.0761691,0.0992925,-0.0456317,0.0885944,0.0126835,0.114408,0.0292263,-0.135615,0.134412,-0.0383042,0.0513627,0.00334968,-0.0541828,-0.0432478,-0.0433889,-0.108882,0.120193,-0.10625,-0.0553737,-0.0712908,-0.190754,-0.063872,0.00864575,0.00335821,0.00385678,0.22051,-0.0211644,-0.094898,0.0307329,-0.0176966,-0.0563313,-0.0767322,-0.0780089,0.0708481,-0.0295056,-0.169637,-0.119445,0.0612076,-0.0646973,0.0236611,0.0582247,0.0560902,0.0502046,0.0790665,-0.00612312,0.217609,-0.166432,-0.0174468,-0.19931,-0.0995265,-0.0257017,-0.0848578,0.0995059,0.0195066,0.0951437
rs12700451,0.050182,0.049733,0.111372,-0.0283218,-0.0228712,-0.0228712,0.0239824,0.0386487,0.0469198,0.0288935,0.0276786,-0.0435264,0.0683383,-0.0618081,-0.0618081,0.00665426,0.040292,0.0332302,0.0855204,0.0556941,0.0729206,0.306554,0.49124,0.611544,-0.0836313,0.174236,1,-0.112645,-0.071122,-0.196404,-0.112449,0.744244,-0.289373,0.256107,0.114036,0.0708714,0.0904145,-0.162,-0.0827835,-0.0300376,-0.0225992,-0.051453,0.302124,-0.0373409,0.0162407,-0.0758763,0.185296,-0.0906873,-0.103176,0.0840906,0.056485,-0.0468579,-0.200726,-0.164918,-0.173152,-0.172213,-0.0812275,0.521933,-0.00611828,0.0839182,-0.0886554,-0.0770536,-0.165814,-0.172126,-0.0542434,0.411561,0.042539,-0.0649984,-0.0573375,-0.0439068,0.284796,0.721809,0.538642,0.0014707,0.0435027,0.53659,-0.0518616,-0.0627084,-0.0178408,-0.0163223,0.0700375,0.048006,0.096642,0.51735,0.0655648,-0.0504039,-0.0334413,0.111474,-0.0034286,-0.0416667,-0.0477007,-8.78224e-4,-0.085404,-0.075323,0.430729,-0.128863,0.561742,-0.0210952,-0.0576478,0.0597294,0.0310389,0.0761748,-0.012866,-0.0831902,-0.0395493,-0.050311,-0.241569,-0.0675512,-0.0141739,-0.199449,-0.11666,-0.0919089,0.0207377,-0.0222002,-0.0697977,0.0423131,0.422071,-0.0124131,0.038071,0.100879,-0.0641636,-0.0203188,-0.0357625,-0.0378724,0.0896929,-0.0148129,-0.439682,-0.235633,0.0699328,-0.0927909,-0.0632573,-0.0137,-0.118704,-0.125448,0.153583,-0.228868,0.0207972,-0.0943799,-0.00749861,-0.13512,-0.0180337,0.0121017,0.0562604,0.0360025,-0.0441785,0.111782
rs17796841,-0.150844,-0.177577,-0.159346,-0.0661416,-0.0642473,-0.0642473,0.297758,-0.203663,-0.166594,-0.217261,-0.205496,-0.0835414,-0.15313,-0.0898896,-0.0898896,-0.0832902,-0.212513,0.288279,0.315209,0.30406,0.328866,-0.146269,-0.118814,-0.083003,-0.07579,-0.0777656,-0.112645,1,-0.0530953,-0.0568355,-0.0484,-0.0861047,0.281604,-0.0915416,-0.0985368,-0.00312214,0.118444,-0.0769794,-0.161427,-0.114874,0.00396449,-0.0179353,0.204568,-0.0270712,0.0205449,0.0192148,-0.0929009,0.0826161,-0.0582673,0.0210155,-0.0388868,0.187398,-0.0364326,0.505668,0.492406,-0.0793922,-0.0933644,0.107575,-0.0257095,0.0119913,0.138813,-0.0746686,-0.0878218,0.484329,0.0381107,-0.110937,0.0476107,-0.0390741,-0.0635185,-0.00891043,-0.0868528,0.205541,0.143628,-0.0122315,-0.0640549,-0.121956,-0.0453076,-0.136457,0.246789,-0.061047,-0.0353432,-0.0273978,-0.12272,-0.132203,-0.126078,-0.096588,-0.0972122,0.311152,-0.0941119,0.127671,-0.0922568,0.0429582,0.588087,-0.123266,-0.0816515,-0.00534665,-0.077821,-0.0417638,0.183263,-0.0169854,-0.0500046,-0.0703781,-0.115239,-0.0962821,-0.121366,-0.107156,-0.0271626,-0.112658,-0.0695176,0.410775,-0.132699,-0.171581,-0.0140418,-0.00127312,0.163678,-0.0534543,-0.154101,0.207403,-0.0332104,-0.134994,0.00312592,0.0187384,-0.151399,-0.151997,-0.113782,0.190031,-0.105224,-0.0537177,-0.0733233,0.00840538,0.367449,-0.00727106,-0.0729142,-0.0759267,-0.0220811,-0.0740652,-0.0561404,-0.163893,-0.064905,-0.179682,-0.0870627,0.14733,-0.0501563,0.137454,0.218291,-0.026245
rs7806462,0.197482,0.205852,0.1511,-0.0714892,-0.0691007,-0.0691007,0.177235,0.201629,0.167472,0.20137,0.219132,-0.0448759,0.318493,0.0077371,0.0077371,-0.0775979,0.209674,-0.0784459,-0.181804,-0.163448,-0.17127,0.427522,-0.157086,-0.105771,-0.129816,-0.0244309,-0.071122,-0.0530953,1,-0.0985948,-0.0853579,-0.0723446,-0.109204,-0.0107129,-0.0196855,-0.143472,-0.0909096,-0.120512,-0.121613,-0.0976947,0.178346,-0.0379534,-0.231742,-0.0477426,-0.117441,0.138594,-0.0188049,-0.0523208,0.079084,0.170518,-0.0485712,0.0330497,-0.135453,-0.102405,-0.119523,-0.153029,-0.112216,-0.225867,0.0846011,0.0725115,-0.0177912,-0.0426255,-0.0784948,-0.153926,-0.0964227,-0.122856,-0.0809183,0.0388398,0.0217039,0.0332629,0.019312,-0.142254,-0.166061,-0.129141,-0.0925754,-0.0977159,-0.0334052,-0.123177,-4.95779e-4,0.00654731,0.140595,-0.011465,-0.0407928,-0.142401,-0.00571861,-0.0255112,-0.0712707,-0.105053,-0.136419,0.0328122,-0.0588313,-0.0328646,0.00649133,-0.0906161,-0.108179,-0.0503198,-0.102716,-0.0149943,-0.196154,0.142856,0.0275651,-0.0416722,-0.00260956,-0.0349967,-0.0191438,-0.0345803,-0.0624255,-0.226788,-0.112056,-0.0643731,-0.0300459,-0.127945,-0.0663168,-0.063228,0.0268988,0.105097,-0.143505,0.0439465,8.88884e-4,-0.00763817,-0.0670881,-0.015593,4.15759e-5,-0.00121598,-0.0267096,0.0502313,0.268367,-0.147458,-0.0561657,0.07089,0.0451692,-0.0357267,-0.139969,-0.1431,-0.011388,-0.0637232,-0.0584079,-0.0893973,-0.0145271,-0.111258,-0.110654,0.0534106,0.0257604,0.150639,0.0594082,-0.0207667
rs12531563,-0.0761377,-0.0843528,-0.101826,-0.006883,-0.0200407,-0.0200407,-0.108528,-0.0955894,-0.101062,-0.12468,-0.0492555,-0.0397021,0.0655504,-0.0368187,-0.0368187,-0.0272546,-0.0625326,0.0413636,-0.0912622,-0.0957924,-0.128047,-0.131583,0.208082,-0.0107535,0.0334016,0.0335789,-0.196404,-0.0568355,-0.0985948,1,0.121101,-0.185609,0.644451,0.0374644,0.0407527,-0.0436203,-0.075527,0.103098,0.0863406,0.129768,-0.104204,-0.0171718,-0.143075,0.093487,-0.0049817,0.00679186,0.0275842,-0.0187539,-0.0254107,-0.0746581,-0.0136791,-0.00497252,-0.179931,-0.0662968,-0.078164,0.0501916,0.0940646,-0.285925,-0.0786722,-0.0907412,-0.0106078,0.0280823,-0.0400218,-0.0514741,0.0907888,-0.0950169,0.0597608,0.0857375,0.00936789,-0.00479644,-0.0628606,-0.211147,-0.241803,0.00702208,0.0190192,0.505288,-8.26124e-4,0.0910404,-0.0297007,-0.0367028,-0.0942808,0.0300214,0.0739872,-0.140009,-2.12155e-4,-0.0222049,-0.0282967,-0.122799,0.0460568,-0.100812,-0.0266259,0.0180808,-0.0218893,0.174935,-0.0653931,0.0532643,-0.0912102,0.0561995,0.222892,-0.0895358,0.027677,-0.0727082,-0.0393515,0.183038,0.138054,-0.0285424,-0.183971,0.302008,0.0670128,-0.115885,0.163869,0.0264883,-0.0157174,-0.0243947,-0.0822606,0.01814,0.452873,-0.0852179,0.114564,-0.0844776,-0.00945393,-0.00228144,0.142519,0.140657,-0.0765585,-0.0941411,-0.373435,-0.115703,-0.0703709,0.0324096,0.0104269,0.0397855,0.653467,0.66492,-0.0809564,-0.113051,0.0174885,0.0409995,-0.0211454,0.0999864,0.0975439,-0.127739,0.113418,-0.065924,-0.0780996,-0.0490001
rs2615691,-0.17748,-0.16613,-0.181988,0.318891,0.325351,0.325351,-0.188448,-0.0530894,-0.0302376,-0.161197,-0.031728,0.264713,0.0450041,0.247027,0.247027,0.300412,-0.162449,-0.151395,-0.124857,-0.135705,-0.138023,-0.182302,-0.0517572,-0.0628571,0.079237,0.190328,-0.112449,-0.0484,-0.0853579,0.121101,1,-0.0642275,0.0635644,0.13267,0.414498,-0.0416702,0.037654,0.149269,0.181532,-0.101453,-0.0459274,-0.0354704,-0.116063,0.559322,-0.0467579,0.0220551,0.412717,0.00221612,-0.051056,-0.0244907,0.0387104,0.0119179,-0.0285333,0.00241818,0.0347994,-0.0962796,0.282859,-0.116799,-0.05165,0.0434424,0.00148348,0.456953,-0.0459784,0.010067,0.0209298,-0.127631,0.00548092,0.485946,0.0098578,-0.0752298,-0.0761037,-0.0958286,-0.117712,-0.00549436,-0.0304951,0.0464195,0.0393048,-0.0886041,0.0580499,-0.0660837,-0.0265957,0.375076,-0.0309202,-0.160974,-0.115268,0.00184429,0.0188949,-0.0746036,0.00605687,0.00827685,0.00715453,0.0108004,-0.106854,0.00836644,-0.153391,0.0865442,-0.116976,0.0431608,-0.078861,-0.0229608,0.0397358,-0.00497628,-0.00613753,-0.00593926,-0.0156453,0.00403591,0.150965,0.167591,0.00504759,-0.0380066,0.0185364,-0.163865,-0.0654274,-0.0116012,0.0131668,-0.075257,0.0175222,0.0200425,-0.0542437,-0.00599082,-0.0125692,0.0334206,-0.0060504,-0.00694666,-0.0155168,0.00878031,0.0570342,0.168984,9.70016e-4,-0.0115169,-0.0294086,0.047505,0.00861396,0.00527778,-0.0763142,0.188443,0.404317,-0.168071,-0.00182194,-0.173161,0.00985868,-0.0385013,-0.0603466,-0.00300527,0.00843917,0.00536495
rs34035541,0.13213,0.148771,0.204537,-0.0702285,-0.0663237,-0.0663237,0.113246,0.10537,0.126397,0.113797,0.0913009,-0.0668388,0.153855,-0.0808287,-0.0808287,-0.0314496,0.125668,-0.0462599,-0.0583201,-0.0742026,-0.079944,0.128123,0.687718,0.842747,-0.0790997,0.290909,0.744244,-0.0861047,-0.0723446,-0.185609,-0.0642275,1,-0.235672,0.349317,0.226816,0.0654167,0.0824536,-0.112254,-0.0813254,-0.0847445,-0.00992247,-0.00721375,0.125701,-0.0211126,0.00485017,-0.09224,0.306237,-0.0627585,-0.0783608,0.0270201,0.0654136,-0.0223751,-0.129298,-0.116139,-0.151293,-0.149497,-0.0783552,0.413745,-0.0189499,0.0639553,-0.0433168,-0.0553649,-0.0927748,-0.142906,-0.029973,0.19750499999999999,0.0279263,-0.0450025,-0.0196149,-0.00132849,0.276231,0.555454,0.435479,0.00889938,0.0158061,0.653898,-0.0298565,-0.0938311,-0.0116482,-0.0371953,0.0144927,0.113011,0.0381303,0.315633,0.0957998,-0.0291618,-0.00185349,-0.21584,0.00687436,-0.0357631,-0.0404474,0.0195915,-0.0400808,-0.0747126,0.189343,-0.0442152,0.326081,0.00772819,-0.339292,-0.00768824,0.031978,0.0844429,-0.00763053,-0.0779608,-0.0521829,-0.00698405,-0.169954,0.0358691,0.00383796,-0.161942,-0.114742,-0.0511073,-0.0364717,0.0146796,-0.0662985,-0.0378788,0.571602,-0.00144902,0.0569317,0.100365,-0.036043,-0.0324821,-0.0387922,-0.0405074,0.0876349,-0.02046,-0.31801,-0.149408,0.0723946,-0.0304352,-0.0402916,0.0342839,-0.140354,-0.145516,0.139442,-0.17842,0.0337383,-0.0405672,-0.0156695,-0.083327,-0.00848414,0.0152009,0.0643906,0.00735795,-0.0360014,0.107627
rs10269243,0.0171669,-0.0261602,0.00280423,-0.0538566,-0.073167,-0.073167,0.098971,-0.0325365,-0.0625413,-0.106832,-0.0363747,-0.0918523,0.0607842,-0.0990088,-0.0990088,-0.0942781,-0.0601774,0.110807,0.0369853,0.0236674,-0.0096674800000000009,-0.134305,0.0296941,-0.105406,-0.0403591,0.00955869,-0.289373,0.281604,-0.109204,0.644451,0.0635644,-0.235672,1,0.0284692,-0.0137127,-0.0163724,-0.0534749,-0.0141182,-0.0644752,0.00228666,0.00957916,-0.031228,0.13634,0.0671041,0.0382868,0.00409822,0.00309557,0.0122347,-0.0702397,-0.0791482,0.0012164,0.0291373,-0.222254,0.576295,0.449491,-0.0603344,-0.0232279,-0.0207028,0.0272716,-0.0899308,0.0619179,0.00905746,-0.124553,0.398949,0.0915227,-0.109542,0.0354607,0.0431812,-0.0414055,0.0111158,-0.0971364,0.152434,0.118135,0.0298022,-0.0644452,0.227315,-0.0063847,-0.0529717,0.0679739,-0.0761615,-0.12743,0.0275967,-0.0691731,-0.142619,-0.0330885,-0.0607799,-0.03436,0.427891,0.0244968,0.0394551,-0.0573808,0.0218115,0.173411,0.0425326,-0.0535773,0.00593298,-0.0488866,-0.0319753,0.518333,-0.104798,0.0145795,-0.14362,-0.0415291,0.0585849,0.0535963,-0.0313432,-0.238401,0.0631517,0.0487116,0.644621,0.0317864,-0.0890469,-0.0714356,0.0560873,0.0765289,-0.0296445,0.144176,0.0696595,0.101819,-0.152736,0.0550434,-0.0494908,0.0223563,0.0199433,-0.13096,0.0776398,-0.443823,-0.189709,-0.133635,0.032793,0.150433,0.00940182,0.438925,0.443164,-0.132385,-0.182665,-0.0332885,-0.0752449,-0.0780543,-0.0317532,0.0740354,0.0391591,0.0810584,-0.0510769,0.105401,-0.0939598
rs375092,0.299262,0.285079,0.264426,0.137557,0.0982148,0.0982148,0.210268,0.314819,0.313188,0.22393,0.335196,0.11012,0.438209,0.103665,0.103665,0.128899,0.210021,-0.131649,-0.178891,-0.182587,-0.298221,0.0875312,0.267231,0.314783,-0.144211,0.840205,0.256107,-0.0915416,-0.0107129,0.0374644,0.13267,0.349317,0.0284692,1,0.548788,0.0405262,0.0353572,-0.228638,-0.226073,-0.183004,0.0492506,-0.0535214,0.0554202,0.267842,-0.0322506,-0.08602,0.879367,-0.0680934,-0.0218386,0.112585,0.401434,-0.085699,-0.122539,-0.00501195,-0.0805089,-0.14687,-0.170616,0.200866,0.0611342,0.102968,-0.0472732,0.212176,-0.027368,-0.0880538,-0.132445,0.102393,-0.0173013,0.234967,-0.0592577,0.239624,-0.0749855,0.260574,0.109939,0.0027699,-0.0168157,0.311712,-0.00672883,-0.167582,-0.0475381,-0.0887261,0.0998577,0.609195,-0.0188102,0.099671,-0.127075,-0.0294099,0.0317731,-0.101491,-0.0653739,-0.0122682,-0.0311009,-0.0232115,0.0664762,-0.0868109,0.143203,-0.0270018,0.17469,0.0411782,-0.102483,0.0793124,-0.0197761,0.045052300000000003,0.0175865,-0.0792072,-0.0534057,-0.00418073,-0.164521,0.101057,-0.0775944,-0.0333891,-0.0934852,-0.237685,-0.0644661,0.0318192,-0.00162756,-0.00573231,0.274646,0.00639101,-0.0954911,0.0584961,0.0164212,-0.0419342,-0.0521429,-0.0479214,0.0657102,-0.00129295,-0.227379,-0.173249,0.0437813,-0.0618164,0.048385,0.0898489,0.0440715,0.0374947,0.0430219,-0.076607,0.201781,-0.200297,0.014397,-0.251777,-0.0905488,0.0183631,-0.0912642,0.0592948,0.00561531,0.0725535
rs11762251,0.14551,0.1703,0.134635,0.0467336,0.0523865,0.0523865,0.111509,0.152219,0.173866,0.0929761,0.158298,0.0326901,0.566778,0.0256774,0.0256774,0.0273343,0.0859068,-0.212291,-0.385808,-0.404125,-0.330121,0.0850292,0.174919,0.196232,0.0142849,0.622105,0.114036,-0.0985368,-0.0196855,0.0407527,0.414498,0.226816,-0.0137127,0.548788,1,0.0428908,0.0633501,-0.0994192,0.0201913,-0.172272,-0.054921,-0.120584,-0.0377231,0.170473,-0.0997477,-0.0813652,0.684915,-0.0200723,-0.0857479,0.145158,-0.0930266,0.0116359,-0.179517,-0.0286531,-0.0527382,-0.182375,0.151622,0.147418,-0.0501349,0.154697,0.0258389,0.244705,0.116373,-0.0954911,-0.106762,0.0158163,-0.0477696,0.142769,0.0251857,0.129353,-0.0846245,0.12744,0.0546115,-0.0948984,-0.058318,0.220181,-0.00631359,-0.182147,-0.0591109,-0.106117,0.0849093,0.428654,0.0576014,-4.15834e-4,-0.159119,-0.0379422,-0.0619233,-0.162806,-0.15631,-0.0956147,-0.0471211,-0.0918869,-0.0133537,-0.00755513,0.0383962,0.084147,0.0810972,0.0791539,-0.0550424,0.092827,-0.0704014,0.082322,-0.053636,0.00929018,-0.0312484,-0.0313551,-0.00366182,0.116685,-0.133528,-0.0890296,-0.0133609,-0.280743,-0.103194,0.00430038,-0.0528625,-0.0377439,0.258194,-0.0663956,-0.0852174,0.0216996,-0.011765,0.0107888,-0.0434697,-0.0452697,0.0608004,-0.0795271,-0.150246,0.0224087,0.0838981,-0.0106865,-0.0101387,0.06977,0.0589237,0.0514963,0.0844926,0.0655985,0.115976,-0.266964,-0.0651753,-0.327763,-0.134267,-0.109662,-0.113845,0.169079,-0.0356344,0.128382
rs4236309,-0.0158891,0.0016133,-0.0026429,0.107286,0.107985,0.107985,0.00109376,0.0105377,0.082375,0.0535229,0.0525972,0.073348,-0.038476,0.0452637,0.0452637,0.145955,0.0485752,-0.156895,-0.0171524,-0.0300955,0.0343242,-0.139075,0.0891688,0.0272831,0.106979,0.0511135,0.0708714,-0.00312214,-0.143472,-0.0436203,-0.0416702,0.0654167,-0.0163724,0.0405262,0.0428908,1,0.351066,-0.0545901,0.0732498,0.0412972,-0.0337343,-0.0883195,0.0614088,0.0152932,0.796292,-0.867478,0.0348103,0.126611,-0.038993,-0.0586149,-0.0849671,-0.176961,-0.0645597,0.0279896,0.0115853,0.0351536,0.07902,0.096457,0.0924227,0.0840158,0.0437758,0.00413933,-0.0630084,0.014045,-0.136031,0.0286849,0.263132,-0.0269954,-0.280623,-0.00861103,0.00890572,0.0896703,0.0515362,0.496732,0.33673,-0.0099657,-0.269218,0.0368618,-0.17727299999999999,0.0444216,-0.0109509,-0.0828355,0.00192034,0.0513511,0.0917426,-0.296147,0.0750742,0.0553765,0.0569199,-0.189965,-0.286916,0.231514,0.0208126,-0.341334,-0.0658421,-0.157799,0.0281903,-0.126256,-0.00491312,0.055725,-0.236342,0.101107,0.0398139,-0.262193,-0.039446,0.0563518,0.107139,0.0631244,-0.0284205,0.0510334,-0.432616,0.0936043,-0.0099288,0.312731,-0.17348,-0.0525776,-0.043737,-0.0335315,0.0435836,0.268683,0.283457,0.137918,-0.0570956,-0.0566735,0.266264,-0.0378422,-0.0598892,0.0555878,0.104054,-0.567332,0.098028,-0.100793,-0.0185487,-0.0101198,0.265784,0.10203,0.0921459,0.113544,-0.0014287,0.0479989,-0.00672312,0.165779,-0.00708995,-0.183592,-0.0425171,0.278627
rs6948678,-0.0505057,-0.0872776,-0.0963528,0.184349,0.175062,0.175062,-0.00301778,-0.00611266,-0.0203391,0.0338325,0.0573644,0.219808,-0.0214969,0.186159,0.186159,0.138328,-0.0396475,-0.190653,-0.0532977,-0.0344653,-0.0371549,-0.069836,0.0902537,0.0580208,0.258722,0.0642434,0.0904145,0.118444,-0.0909096,-0.075527,0.037654,0.0824536,-0.0534749,0.0353572,0.0633501,0.351066,1,-0.0833374,0.186048,0.0226044,-0.495148,-0.184706,0.0330611,0.0489678,0.257305,-0.29733,0.0832769,-0.0758637,0.0861789,-0.0414826,-0.0138433,-0.108915,-0.070457,0.0697747,0.0380872,-0.028861,0.213889,0.0814925,-0.418831,0.0200773,-0.157452,-0.0100496,-0.0122427,0.0539047,0.0838704,-0.00812653,0.206521,0.00255419,-0.238696,-0.0252282,0.0711247,0.0991765,0.0645592,0.084107,0.333466,0.0257698,-0.19947,0.101006,0.368223,0.054761,-0.0394882,0.0117297,0.00623177,0.0256344,0.139116,-0.244434,-0.176796,0.00567813,0.140658,-0.152034,-0.234122,0.345823,0.0791268,-0.599062,-0.0234082,-0.332591,-0.0376999,0.0616937,0.00343506,0.0149435,0.26651,0.188379,0.145488,-0.430699,-0.190085,-0.240928,0.0856838,0.0352307,0.0914784,0.0397659,-0.533403,0.0488099,-0.0100496,-0.107333,-0.064978,0.0153382,0.0151558,-0.0254228,-0.0480215,0.32907,-0.0968685,0.29772,-0.23376,-0.232816,0.394414,-0.0297035,-0.056679,0.050772,0.200535,-0.123285,0.196653,0.0324322,-0.0488013,-0.0474161,0.35099,0.043646,0.00808072,0.114925,-0.00695653,0.0701248,0.191317,0.222319,-0.0648644,-0.12161,0.050905,0.339836
rs12700426,-0.327566,-0.308268,-0.280114,-0.115512,-0.110009,-0.110009,-0.35212,-0.336275,-0.346828,-0.316628,-0.41233,-0.13193,-0.39851,-0.140277,-0.140277,-0.112236,-0.127864,0.127866,-0.164297,-0.167753,-0.0967027,-0.288913,-0.0935972,-0.052574,0.0678673,-0.168245,-0.162,-0.0769794,-0.120512,0.103098,0.149269,-0.112254,-0.0141182,-0.228638,-0.0994192,-0.0545901,-0.0833374,1,0.448743,0.405198,-0.176316,0.22486,-0.226901,-0.102189,-0.0619829,0.0464357,-0.0882019,-0.00351433,-0.0249298,-0.0681495,-0.0916067,0.104449,0.199665,-0.126088,-0.068145,0.539905,0.343034,-0.2906,-0.141718,-0.00665534,0.0618939,-0.0432557,-0.0903569,-0.070888,0.141651,-0.209169,-0.010451,-0.112056,0.131207,-0.175205,-0.050314,-0.246818,-0.24941,-0.0663366,0.0531847,-0.0449661,-0.00967577,0.45176,8.41419e-4,-0.104497,-0.0996848,-0.0114649,0.0979897,-0.199187,0.0561359,-0.0145796,-0.0816871,-0.162634,0.0130773,-0.092263800000000007,-0.00871033,-0.0138479,-0.177528,0.242495,-0.188165,0.176928,-0.166006,-0.0517241,-0.127094,-0.116233,0.00625157,-0.0175882,-0.108349,0.200816,0.126757,0.0166197,0.205355,0.204604,0.0533013,-0.103706,0.202336,0.497223,-0.0105866,-0.0525592,-0.0951781,-0.11601,-0.0834349,-0.0843542,0.328442,-0.0932398,-0.0299067,-0.00144247,0.1016,0.103436,-0.092271,-0.0879066,0.23725,0.257045,-0.0107023,0.149394,-0.156022,-0.0435074,0.0732733,0.088694,-0.0338591,0.28125,-0.0973879,0.417288,-0.0672469,0.432519,0.070256,-0.159114,0.386065,0.00783515,-0.0893784,-0.0264055
rs4719731,-0.422687,-0.362805,-0.404817,-0.0609302,-0.0552817,-0.0552817,-0.439796,-0.450295,-0.381906,-0.409218,-0.359512,-0.0560688,-0.224707,-0.0546099,-0.0546099,-0.0705811,-0.439196,-0.233607,-0.256308,-0.253131,-0.24281,-0.104702,-0.0286932,-0.032491,0.467019,-0.218163,-0.0827835,-0.161427,-0.121613,0.0863406,0.181532,-0.0813254,-0.0644752,-0.226073,0.0201913,0.0732498,0.186048,0.448743,1,0.56764,-0.197019,-0.159261,-0.134868,-0.0515474,0.0444959,-0.0581706,-0.0989648,0.0108975,0.00681036,-0.0968803,-0.0603024,-0.0585457,-0.0487893,-0.14824,-0.138738,0.520916,0.658416,-0.102965,-0.177808,-0.0400872,-0.0462641,-0.0613702,0.0417193,-0.139841,0.0527549,-0.0333276,0.0234465,-0.0468724,0.0037085,-0.187072,0.0232554,-0.185237,-0.125523,0.0258486,0.285085,0.00654777,-0.00819573,0.626863,-0.0517869,0.374661,-0.0616659,-0.0213664,0.211516,-0.0392395,0.0700452,0.0193898,0.0346244,-0.151123,0.0840152,-0.140628,0.033869,0.133151,-0.257506,-0.00518501,-0.0398152,-0.043717,-0.0944548,0.0789811,-0.00276032,-0.0637225,-0.0136048,0.180566,-0.0284634,0.0425149,-0.0272048,0.0156766,0.198967,0.166349,0.0553577,-0.151634,0.0410577,0.432035,-0.0125523,-0.0164955,-0.116728,-0.00474456,0.0265683,-0.168863,0.0219794,0.104862,0.0126675,0.241249,-0.0277002,-0.0252935,0.126965,-0.158277,0.0234552,0.276547,0.18637,0.00384979,-0.167862,0.038489,0.0905624,0.097969,0.159243,0.264077,-0.0535277,0.419502,0.0312237,0.365571,0.106057,-0.189098,0.0153908,-0.118742,-0.146431,0.17479
rs17797041,-0.254416,-0.213294,-0.250385,-0.0840828,-0.0815318,-0.0815318,-0.267808,-0.272992,-0.249809,-0.306132,-0.240369,-0.0618117,-0.18724,-0.0572897,-0.0572897,-0.0924859,-0.309791,0.0622707,-0.17717,-0.162132,-0.146713,-0.102752,0.0483594,0.00342842,0.163479,-0.16542,-0.0300376,-0.114874,-0.0976947,0.129768,-0.101453,-0.0847445,0.00228666,-0.183004,-0.172272,0.0412972,0.0226044,0.405198,0.56764,1,-0.141661,-0.108506,-0.147633,-0.0567447,0.126714,-0.0344742,-0.18623,0.0260374,0.0636271,-0.189663,-0.0437928,0.0031187,-0.12308,-0.1285,-0.136221,0.637522,0.32598,-0.134512,-0.124582,-0.14962,-0.0190241,-0.0764898,-0.043405,-0.139472,0.165901,-0.0532348,0.124522,-0.0469475,0.00563417,-0.0710427,0.060377,-0.110572,-0.155758,0.134202,0.425697,0.0232522,0.0112692,0.863831,-0.156811,-0.0591749,-0.168,-0.153789,0.288926,-0.0424032,-0.0814086,0.0383096,0.0197291,-0.109695,0.18279,-0.169249,0.0469524,0.150655,-0.141155,0.119939,-0.0443466,-0.0567355,-0.0259387,0.0408074,0.0355975,-0.154164,-0.0728019,0.184542,-0.0202671,0.0761645,0.0324359,0.0350217,0.214333,0.258689,0.155264,-0.118512,0.0891273,0.415838,-0.03183,-0.0334846,-0.162426,-0.0355619,0.00161447,-0.2036,-0.111093,0.121611,-0.0204982,0.214584,0.0250273,0.0235732,0.129479,-0.20025,0.0407084,0.330637,0.179537,0.0119715,-0.140011,-9.31497e-5,0.183835,0.200472,0.192242,0.266958,-0.0704172,0.38285,0.0320058,0.396382,0.184265,-0.236317,-0.104931,-0.188042,-0.199418,0.165434
rs17147607,0.199869,0.237525,0.219633,-0.0651464,-0.0595855,-0.0595855,0.208799,0.185017,0.231031,0.11671,0.158871,-0.0916711,0.134376,-0.0652191,-0.0652191,0.0187165,0.0488907,-0.0713421,0.0142267,0.00550127,-0.0310567,0.123595,-0.113226,-0.042566,-0.214542,-0.02436,-0.0225992,0.00396449,0.178346,-0.104204,-0.0459274,-0.00992247,0.00957916,0.0492506,-0.054921,-0.0337343,-0.495148,-0.176316,-0.197019,-0.141661,1,-0.0778768,0.0453111,0.0145647,0.0373924,0.0413098,-0.00279361,0.070255,-0.0497557,0.0886999,0.0642879,-0.175592,0.0351067,0.0247099,0.0525995,-0.0813088,-0.21445,0.0208825,0.843383,0.0745236,0.0393116,0.013917,-0.00139563,0.0137521,-0.336186,0.0374403,-0.264981,0.0499784,-0.126676,-0.0103776,-0.03856,0.0213362,0.076691,0.0362791,-0.192161,-0.0953886,-0.0427172,-0.184146,-0.17914,0.0544889,0.161505,-0.00647091,-0.187314,0.017583,-0.0646921,-0.0381445,0.224189,0.113077,-0.1122,0.427406,-0.063407,-0.183004,0.0285259,-0.345393,0.0327741,-0.200227,0.0708213,-0.0122953,0.0266721,0.0857676,-0.107505,-0.0503959,-0.189153,-0.306775,-0.400953,0.17107,-0.125207,-0.14661,-0.102389,0.0900423,-0.311182,-0.120005,-0.020314,0.306368,0.278784,-0.00545657,-0.0958224,0.457311,-0.0586203,-0.0371058,0.26649,-0.019566,-0.263896,-0.260536,-0.17793,0.474736,0.0505638,-0.130467,-0.0672947,-0.0720582,-0.101191,0.0320219,-0.11199,-0.110647,-0.0488094,-0.139661,0.130223,-0.110815,0.10171,-0.127366,-0.214458,0.314029,-0.0544917,-0.0447796,0.350597,-0.0303622
rs2058275,-0.189426,-0.211568,-0.170552,-0.0800701,-0.0780359,-0.0780359,-0.211825,-0.227906,-0.258176,-0.0454322,-0.219886,-0.0814013,-0.203425,-0.0889094,-0.0889094,-0.0983844,0.214826,0.406687,0.229401,0.238214,0.198631,-0.146193,-0.0226873,-0.0211631,-0.170004,-0.138206,-0.051453,-0.0179353,-0.0379534,-0.0171718,-0.0354704,-0.00721375,-0.031228,-0.0535214,-0.120584,-0.0883195,-0.184706,0.22486,-0.159261,-0.108506,-0.0778768,1,-0.117435,-0.0699862,-0.0560345,0.1283,-0.0735909,0.135422,0.0317408,-0.0803582,0.0939593,0.272366,0.319444,-0.041604,-0.0362092,-0.0875231,-0.162169,-0.188377,-0.0613474,-0.0470379,0.197016,-0.0833226,-0.0616407,-0.0592895,0.184954,-0.0863053,-0.0205784,-0.0790917,0.314398,-0.102729,0.0146887,-0.0928038,-0.0964491,-0.0746809,-0.0970371,-0.0214239,0.015939,-0.0961902,-0.0137774,-0.114679,-0.135463,-0.0253337,-0.154443,-0.0856172,-0.101772,0.0108685,-0.0626774,-0.0636302,-0.0633468,-0.0429706,0.0177804,-0.0535399,-0.038704,0.227632,-0.103844,0.369875,-0.0610822,-0.0550387,-0.0747461,-0.0923168,-0.0196376,-0.132738,-0.0267179,0.216331,0.188225,0.13517,-0.0490254,-0.0249541,-0.0430278,-0.0305997,0.220743,-0.0606649,0.0446117,-0.0655515,-0.0455596,-0.0989994,-0.0326016,-0.0413016,0.0836026,-0.147409,-0.0472347,-0.136207,0.169971,0.168307,-0.138504,-0.0506254,0.145299,-0.0617835,-0.12532,0.203601,0.0110311,-0.0790917,0.0496385,0.0450183,-0.166503,-0.106438,-0.0915567,-0.127036,-0.0742735,-0.0543313,-0.0364276,-0.0711387,0.112699,0.117814,-0.0540938,-0.147858
rs6461715,0.00788649,-0.0110096,0.0461189,0.0517487,0.059955,0.059955,0.0876644,0.0204647,0.0114351,-0.00260361,0.0248842,0.0191232,-0.0232679,0.00219805,0.00219805,0.0407887,-0.037388,0.0548349,0.242519,0.210089,0.220972,0.390182,0.0387767,0.121105,-1.96567e-5,0.0397452,0.302124,0.204568,-0.231742,-0.143075,-0.116063,0.125701,0.13634,0.0554202,-0.0377231,0.0614088,0.0330611,-0.226901,-0.134868,-0.147633,0.0453111,-0.117435,1,-0.0706026,0.0766128,-0.0317123,-0.0177407,-0.00481746,-0.124105,-8.22209e-4,0.0210922,-0.0770433,-0.29693,0.324254,0.387003,-0.188279,-0.153013,0.611504,0.0568799,-0.00411884,-0.0733107,-0.0898586,-0.0805346,0.4285,-0.0653424,0.755546,0.0365171,-0.0889192,-0.0752846,0.0398622,-0.125612,0.520438,0.40826,0.059542200000000003,-0.0234804,-0.00763398,-0.0027655,-0.174629,0.0508795,0.125877,0.0614364,0.0517313,-0.0793487,0.7213,-0.037484,-0.012979,0.0546132,0.472207,0.0754597,0.08344,-0.00478753,0.0242818,0.126382,-0.0654129,0.6314,-0.0986621,0.673348,-0.096794,0.289996,0.0765003,-0.0134929,-0.0505155,0.0378347,-0.0831425,-0.0128159,-0.0205431,-0.286111,-0.554276,-0.00906717,0.361452,-0.115152,-0.169948,0.0261847,0.033908,0.0840971,0.120108,-0.0500738,0.0968134,-0.0473018,-0.0220858,-0.00513265,-0.0872245,-0.0531852,-0.0559055,-0.00778502,0.09917,-0.420601,-0.337877,-0.0549388,-0.0867704,0.0652381,-0.0432645,-0.109689,-0.103726,-0.0256732,-0.226269,-0.0650899,-0.184687,0.0572615,-0.190416,-0.0195499,0.131384,-0.0527912,-0.0444371,0.0928866,-0.0311088
rs668279,-0.111041,-0.110295,-0.119264,0.622503,0.631774,0.631774,-0.122331,0.130971,0.141991,-0.0957265,0.151634,0.546317,0.17434,0.522137,0.522137,0.566756,-0.118473,-0.117355,-0.0479867,-0.0539956,-0.0656287,-0.0905506,0.0142414,-0.0212929,-0.0287057,0.320333,-0.0373409,-0.0270712,-0.0477426,0.093487,0.559322,-0.0211126,0.0671041,0.267842,0.170473,0.0152932,0.0489678,-0.102189,-0.0515474,-0.0567447,0.0145647,-0.0699862,-0.0706026,1,0.0368712,0.00122586,0.238144,-0.0343879,-0.0285568,-0.0564185,0.103908,-0.0733574,0.0539669,0.00135254,0.0465095,-0.0458374,-0.0408983,0.00641873,0.0289177,-0.0372221,-0.0866817,0.781507,-0.0609635,0.0146794,0.0387671,-0.0650325,0.0722981,0.884874,-0.0387896,-0.0646658,-0.0425665,-0.0248199,-0.048882,0.0525304,0.0735716,0.0443573,0.0519515,-0.00203146,0.0640122,-0.0101533,-0.0370786,0.0441861,-0.075953,-0.102048,-0.0802915,0.00103155,0.034012,-0.0279462,0.11699,0.0376592,0.00400169,0.105762,-0.0756505,-0.0758454,-0.0857948,-0.0789289,-0.0863359,0.0241408,-0.0268562,-0.0411996,0.0723561,-0.0275625,0.0613194,-0.0724213,-0.0263574,-0.0326799,-0.0790071,0.0265244,0.0905504,-0.00499521,-0.0668477,-0.10422,-0.036595,-0.0158409,0.0465936,-0.00602352,0.00980054,0.0578113,-0.0723518,0.0189731,-0.0367463,0.0119333,-0.0205782,-0.021029,0.00785703,0.0402002,-0.00581665,-0.0782808,-0.0242669,-0.0126727,0.0143087,0.0265706,0.0253557,0.0232923,-0.0624724,-6.32404e-4,0.708912,-0.100215,0.029133,-0.102746,0.0977764,0.0415751,-0.0675737,-0.105996,0.0475549,-0.0101815
rs17147383,-0.0691796,-0.0482826,-0.0729429,0.14575,0.144497,0.144497,-0.0453056,-0.0363304,0.0427985,0.0208728,0.0323784,0.128336,-0.113967,0.105535,0.105535,0.194574,-0.0171282,-0.0750809,0.0636831,0.0692636,0.102631,-0.105629,0.0707029,-0.0165369,0.0532535,-0.066713,0.0162407,0.0205449,-0.117441,-0.0049817,-0.0467579,0.00485017,0.0382868,-0.0322506,-0.0997477,0.796292,0.257305,-0.0619829,0.0444959,0.126714,0.0373924,-0.0560345,0.0766128,0.0368712,1,-0.700102,-0.0573681,0.271905,0.0293417,-0.398942,-0.0211071,-0.110598,-0.0404347,0.0450812,0.0568102,0.067359,-0.0139729,0.0431031,0.149141,-0.303222,0.137947,0.026357,-0.0879195,0.0614901,0.0747587,0.044886,0.414289,0.00384143,-0.252297,0.0142882,-0.00334634,0.0376624,0.0567511,0.745293,0.398721,-0.0295084,-0.224864,0.100211,-0.0899885,0.0664522,-0.273662,-0.0544566,-0.140289,0.0316363,0.0274353,-0.225195,0.21994,0.107867,0.272249,-0.0429524,-0.211221,0.33267,0.0696607,-0.298003,-0.0598618,-0.219738,0.0184661,-0.111816,0.0510307,-0.204969,-0.165209,-0.0981942,0.139332,-0.232499,0.0320279,0.19431,0.114604,0.00352627,0.15136,0.0913094,-0.368324,0.0708867,-0.0467277,0.377321,-0.0513679,0.0211799,-0.0796513,0.099713,-0.0529773,0.144482,0.339882,0.0934012,0.0431113,0.0441697,0.111942,0.0798302,-0.0210205,0.0758354,-0.0967226,-0.442263,0.196103,-0.08817,0.00903866,0.0208016,0.0263429,0.0692009,0.118192,0.100891,0.105564,0.0703932,0.172613,0.338466,-0.0633219,-0.468707,0.0501827,0.00315643
rs4722195,-0.027015,-0.0470473,-0.0467017,-0.0930451,-0.0841024,-0.0841024,-0.0273255,-0.0486784,-0.11155,-0.0665643,-0.0742922,-0.0572028,-0.0137831,-0.0245484,-0.0245484,-0.12026,-0.0700616,0.161818,0.0422375,0.0457735,0.00200001,0.119148,-0.108845,-0.0531741,-0.142683,-0.096819,-0.0758763,0.0192148,0.138594,0.00679186,0.0220551,-0.09224,0.00409822,-0.08602,-0.0813652,-0.867478,-0.29733,0.0464357,-0.0581706,-0.0344742,0.0413098,0.1283,-0.0317123,0.00122586,-0.700102,1,-0.0727327,-0.113047,-0.00124307,0.0950023,0.0137303,0.213871,0.117146,5.87705e-4,0.00572454,-0.0269626,-0.0793383,-0.136246,-0.0967422,-0.0300576,4.96588e-4,-0.0495597,0.0611282,0.00198946,0.268035,-0.0167001,-0.157477,0.0499554,0.33073,0.0129874,-0.0123142,-0.0709836,-0.0373472,-0.588049,-0.321227,-0.0463384,0.322975,-0.0241754,0.219782,-0.019447,-0.0793818,0.0376955,-0.0061514,-0.0332358,-0.0545503,0.336015,-0.23983,-0.00880086,-0.0885609,0.212787,0.324178,-0.222031,0.00589353,0.272186,0.0728868,0.112116,-0.0085689,-0.0952899,0.0139581,-0.0354389,0.256969,-0.0416482,0.0438751,0.140874,0.0221733,-0.221613,-0.0876541,-0.108352,0.0238877,-0.0172073,0.334499,-0.0481428,0.0213002,-0.284724,0.259113,0.0192517,-0.0166883,0.0350092,-0.0343038,-0.226251,-0.256794,-0.170224,-0.0614134,-0.0609354,-0.164184,0.0442128,0.0982555,-0.061573,-0.0481496,0.620307,-0.0515928,-0.0838601,0.00914969,0.00272148,-0.239104,-0.108823,-0.0734903,-0.0943704,-0.250592,-0.0319598,0.108389,-0.120206,-0.00167958,0.25503,0.112118,-0.230012
rs187985,0.21408,0.201317,0.183132,0.109249,0.0725253,0.0725253,0.128446,0.221579,0.229585,0.164939,0.2584,0.0799405,0.401065,0.0725703,0.0725703,0.110152,0.154229,-0.162669,-0.260051,-0.26653,-0.34947,0.00561078,0.233815,0.277976,-0.113403,0.782631,0.185296,-0.0929009,-0.0188049,0.0275842,0.412717,0.306237,0.00309557,0.879367,0.684915,0.0348103,0.0832769,-0.0882019,-0.0989648,-0.18623,-0.00279361,-0.0735909,-0.0177407,0.238144,-0.0573681,-0.0727327,1,-0.0617247,-0.0339416,0.130349,0.35782,-0.0497859,-0.142013,-0.00770761,-0.0828962,-0.159388,-0.0154463,0.118476,2.06089e-4,0.145921,-0.0331639,0.201555,-0.0318338,-0.0923065,-0.1271,0.0272327,-0.0342741,0.205281,-0.0480161,0.195677,-0.0905982,0.188919,0.0501582,-0.0440874,-0.0424485,0.278651,-0.0189935,-0.173085,-0.00935648,-0.1072,0.110429,0.767276,0.00434983,0.0121728,-0.145748,-0.0472328,-0.0165489,-0.143899,-0.0962662,-0.0230907,-0.0477884,-0.0423726,0.0389477,-0.075048,0.0513172,0.0246267,0.101218,0.0412105,-0.143277,0.0815465,-0.0167763,0.0607906,-0.021724,-0.0716891,-0.0637967,-0.028875,-0.0094269,0.187674,-0.0801083,-0.0561082,-0.0898529,-0.251182,-0.0778885,0.0052991,-0.0122648,-0.0519172,0.24056,0.00482913,-0.0937219,0.0533451,-0.0061211,-0.0227492,-0.0649938,-0.0612063,0.0600011,-0.00267279,-0.145286,-0.00209992,0.0611714,-0.0506968,0.0483848,0.0684658,0.0396559,0.0326227,0.0500419,0.0455334,0.187355,-0.226193,-0.0146195,-0.267751,-0.102889,-0.00714532,-0.0960741,0.101908,0.00919181,0.0997835
rs10276099,-0.134583,-0.102353,-0.119213,0.105387,0.0911277,0.0911277,-0.0589411,-0.128944,-0.0258324,-0.041922,-0.0854448,0.0777711,-0.108501,0.0486219,0.0486219,0.138751,-0.064226,0.0200741,0.145234,0.154381,0.179321,-0.0994296,-0.0418416,-0.0901944,0.0774542,-0.0872884,-0.0906873,0.0826161,-0.0523208,-0.0187539,0.00221612,-0.0627585,0.0122347,-0.0680934,-0.0200723,0.126611,-0.0758637,-0.00351433,0.0108975,0.0260374,0.070255,0.135422,-0.00481746,-0.0343879,0.271905,-0.113047,-0.0617247,1,0.0457087,-0.419619,-0.0366026,0.535,0.0625993,0.0254206,0.0292853,-0.0169878,-0.00991278,-0.0832414,0.147317,-0.346056,0.718868,-0.0742681,-0.0310449,0.00144103,-0.0858382,0.0131648,-0.212414,-0.0727674,0.476893,0.0231026,-0.0467404,-0.0971811,-0.0395456,0.204586,5.1379e-4,-0.0651551,-0.103433,-0.0289402,-0.00816916,0.116704,-0.170221,0.00349031,-0.385109,-0.0240125,-0.0757738,-0.115123,0.386271,0.0749612,-0.237139,0.0591804,-0.10015,-0.00811734,0.0822527,-0.0019729,-0.0562788,0.238969,-0.0589117,0.197858,0.0878493,-0.134778,-0.106018,-0.267505,-0.114878,0.185092,0.104824,0.728498,0.0707109,-0.024205,-0.449398,0.061051,0.117871,-0.0700752,-0.0439705,0.349593,0.0214628,0.144865,-0.0709412,0.139718,-0.0896567,-0.251061,0.410966,-0.138448,0.174865,0.175853,-0.296006,0.12432,0.102295,0.091709,-0.267966,0.108307,0.0695899,0.181523,0.0532837,0.0502087,-0.209742,-0.00237086,0.0534085,-0.058094,0.354087,-0.063286,-0.478612,0.096486,-0.10833,0.00398971,0.0776107,-0.245182
rs7789949,0.0962279,0.0564693,-0.0820794,0.00700439,-0.0398776,-0.0398776,0.0254696,0.0577074,0.0528296,0.0888467,0.0827721,0.294093,-0.0606178,0.279287,0.279287,0.0356899,0.0994962,-0.0121171,-0.111333,0.111877,-0.0832986,0.00153266,-0.0621704,-0.049507,-0.0551348,-0.0288802,-0.103176,-0.0582673,0.079084,-0.0254107,-0.051056,-0.0783608,-0.0702397,-0.0218386,-0.0857479,-0.038993,0.0861789,-0.0249298,0.00681036,0.0636271,-0.0497557,0.0317408,-0.124105,-0.0285568,0.0293417,-0.00124307,-0.0339416,0.0457087,1,-0.0982107,0.0118855,0.0382188,-0.0158264,-0.0473632,-0.0534307,-0.00994005,-0.0533641,-0.118278,-0.0443967,-0.0888054,0.0334842,-0.0339985,0.0567131,-0.0581422,0.0754678,-0.113548,-0.00164983,-0.0322721,5.66506e-5,0.0125643,-0.0395463,-0.130419,-0.112065,0.0201925,0.154708,-0.067895,-0.0630993,0.0371725,0.0831403,0.0394226,-0.0999009,-0.024352,0.00615056,-0.10897,-0.071203,-0.0592986,-0.0349987,-0.0998295,0.0553385,0.0149231,-0.0575948,0.0630444,-0.0413349,-0.0399197,-0.116339,0.0144215,-0.0772217,0.0951,-0.0582404,-0.107584,0.088718,0.0155653,-0.0803149,-0.0161051,-0.0773341,0.0270652,0.105146,0.0738772,0.0382803,-0.0691439,-0.0277219,-0.0483284,-0.0339985,-0.00669679,-0.0155861,-0.059728,-0.0382001,0.0299807,-0.0334413,-3.21138e-4,0.00196323,0.0965904,-0.0473801,-0.0477158,-0.0151536,0.0297821,0.128599,0.147945,0.0386237,0.0496784,-0.0394608,0.0991682,0.00374227,0.00201572,0.0593359,0.118324,0.0697142,0.194451,0.0222176,0.198956,0.0562229,0.00172402,-0.0265244,-0.0666938,0.0140062,0.0527177
rs1029738,0.151147,0.129844,0.123044,-0.103892,-0.0987587,-0.0987587,0.158334,0.120126,0.0695952,0.0798328,0.0917848,-0.129107,0.16102,-0.085139,-0.085139,-0.130629,0.125378,-0.0262832,-0.111364,-0.135589,-0.114294,0.0781296,-0.0626337,-0.0101458,-0.0974984,0.173867,0.0840906,0.0210155,0.170518,-0.0746581,-0.0244907,0.0270201,-0.0791482,0.112585,0.145158,-0.0586149,-0.0414826,-0.0681495,-0.0968803,-0.189663,0.0886999,-0.0803582,-8.22209e-4,-0.0564185,-0.398942,0.0950023,0.130349,-0.419619,-0.0982107,1,-0.107343,-0.219222,-0.0562048,0.00500017,-0.0235234,-0.119009,-0.0326276,0.0529552,-0.0598706,0.748221,-0.283458,-0.0204604,0.044622,-0.0469918,-0.571018,-0.00424095,-0.330134,0.0124703,-0.180583,0.0137119,-0.00116115,0.107803,0.00565878,-0.548036,-0.179767,-0.0449165,-0.167247,-0.150761,-0.136043,-0.0388745,0.710363,0.0222717,0.321126,0.0361797,0.0746113,-0.143075,-0.38783,-0.0151876,-0.597707,-0.223249,-0.157747,-0.297678,0.0226807,-0.0445902,0.0170322,-0.0309739,0.074271,-0.0601702,-0.0814715,0.778151,-0.0951504,0.28557,-0.196719,-0.0285996,-0.0921622,-0.387857,-0.063449,-0.00155763,-0.516028,-0.051777,-0.105289,-0.0355968,0.0262487,-0.17443,-0.160355,0.205497,-0.0165626,-0.177397,0.0798806,0.127019,-0.161578,0.206208,-0.171135,-0.173093,0.192614,-0.162842,-0.0317322,-0.112989,0.282115,-0.138369,-0.129443,-0.0855385,-0.109414,-0.117123,0.330556,-0.00478276,-0.0871138,-0.0466239,-0.253817,-0.0718627,-0.451482,-0.24929,0.107256,0.712401,-0.0926032,0.417422
rs274030,-0.0834093,-0.083559,-0.0332607,0.0967134,0.0352603,0.0352603,-0.114933,-0.0838669,-0.0405986,-0.137508,-0.0863187,0.041058,-0.0838356,0.0330057,0.0330057,0.093556,-0.170182,0.148256,0.201763,0.205661,-0.0818075,0.00520779,0.0204572,0.0739717,-0.0984514,0.0361711,0.056485,-0.0388868,-0.0485712,-0.0136791,0.0387104,0.0654136,0.0012164,0.401434,-0.0930266,-0.0849671,-0.0138433,-0.0916067,-0.0603024,-0.0437928,0.0642879,0.0939593,0.0210922,0.103908,-0.0211071,0.0137303,0.35782,-0.0366026,0.0118855,-0.107343,1,-0.0536474,0.0473876,0.00194288,0.00853457,-0.0313084,-0.110231,0.0330038,0.0415392,-0.0829253,-0.0519918,0.115314,0.0136894,0.00158923,-0.0142812,0.0298052,0.00892407,0.0822006,-0.0748118,-0.0442195,-0.0245309,0.0387595,0.0515733,0.0634771,-0.00280383,0.0505065,-0.0114678,-0.00291812,0.040976,-0.0434672,0.00653886,0.476635,-0.0206297,-0.00424481,-0.132379,0.00148179,0.0867425,-0.0104491,0.121427,0.0659576,0.00574828,0.0760875,-0.0573286,-0.0288691,0.0325134,-0.074183,0.0261531,0.0776397,-0.0137954,-0.120283,0.0823335,-0.0128967,0.0105712,-0.0228189,-0.0378614,0.0408822,-0.113491,-0.0222418,0.130072,0.0103452,-0.0192354,-0.136169,-0.0105969,-0.0227549,0.00655375,-0.0552837,0.0641226,0.057941,-0.0812999,0.0272541,-0.0100987,0.00257706,0.0198375,0.0313579,-0.0243435,0.0577461,-0.0780145,-0.112447,-0.0214943,-0.00477785,0.131009,0.0822006,-0.0520823,-0.0541959,-0.0471018,-0.0712065,0.0857162,-0.117197,0.123059,-0.134892,0.0286289,0.0720832,-0.0727762,-0.10494,0.00238538,-0.0430291
rs10225081,-0.137453,-0.174951,-0.135208,-0.0763809,-0.0888194,-0.0888194,-0.0523676,-0.194159,-0.182712,-0.031797,-0.184821,-0.0921961,-0.0868933,-0.103396,-0.103396,-0.0660108,0.00441868,0.203252,0.125083,0.135496,0.147444,-0.0914095,-0.0299042,-0.0408063,-0.0445418,-0.0798441,-0.0468579,0.187398,0.0330497,-0.00497252,0.0119179,-0.0223751,0.0291373,-0.085699,0.0116359,-0.176961,-0.108915,0.104449,-0.0585457,0.0031187,-0.175592,0.272366,-0.0770433,-0.0733574,-0.110598,0.213871,-0.0497859,0.535,0.0382188,-0.219222,-0.0536474,1,0.0644308,0.0617246,0.0496858,-0.0371212,-0.00600747,-0.12428,-0.161857,-0.162801,0.733415,-0.0750869,0.00391698,0.0439693,0.405663,-0.0941113,0.045625400000000003,-0.0886132,0.655987,0.0319113,-0.0279722,-0.0339773,-0.0106824,-0.137817,-0.108206,-0.00558299,0.00472486,-0.0501594,0.10799,-0.0752455,-0.307496,0.0181613,-0.200831,-0.122661,-0.0973714,0.0130866,-0.20391,0.0318461,-0.346469,-0.053419,0.0226669,-0.0342852,0.151065,0.251426,-0.100492,0.426817,-0.0694313,-0.0294151,0.0439176,-0.294564,-0.100071,-0.175175,-0.0887951,0.321892,0.23268,0.241097,0.0510207,0.0202258,-0.294737,0.0330394,0.314918,-0.087774,0.0269907,-0.159306,-0.0102177,-0.180378,0.00223829,-0.0480658,-0.0200249,-0.273318,-0.148235,-0.163877,0.182707,0.180551,-0.240088,-0.0625267,0.0670382,0.121605,-0.171344,0.33516,0.258088,-0.0671944,0.0243499,0.0183519,-0.158251,-0.0128316,-0.0575816,-0.103975,-0.155797,-0.0923745,-0.2588,-0.126875,-0.0249939,0.4618,-0.033649,-0.201271
rs227944,-0.0637792,-0.0825069,-0.0658511,0.0550444,0.060714,0.060714,-0.0793249,-0.0537013,-0.0700384,0.0280281,-0.0422925,0.0418406,-0.279936,0.035096,0.035096,0.0244966,0.002192,0.0963342,0.281485,0.280527,0.298414,-0.323213,-0.21962,-0.171989,-0.0617428,-0.122981,-0.200726,-0.0364326,-0.135453,-0.179931,-0.0285333,-0.129298,-0.222254,-0.122539,-0.179517,-0.0645597,-0.070457,0.199665,-0.0487893,-0.12308,0.0351067,0.319444,-0.29693,0.0539669,-0.0404347,0.117146,-0.142013,0.0625993,-0.0158264,-0.0562048,0.0473876,0.0644308,1,-0.0936445,-0.105693,0.0337652,-0.0377033,-0.390702,0.0744667,-0.0222661,0.0718497,0.0606828,-0.0751721,-0.132366,0.0629688,-0.237396,-0.0757489,0.0397766,0.121952,0.0294066,-0.0798567,-0.309122,-0.193144,-0.0518966,-0.0933063,-0.237006,0.0686235,0.0176245,0.100366,-0.0515222,-0.0322808,-0.129021,-0.136646,-0.258457,-0.110029,0.0803825,0.0322278,-0.151899,0.00263974,0.130083,0.0725782,-0.0387494,0.0534206,0.0337222,-0.211066,0.132469,-0.224904,-0.0956261,-0.195336,-0.0341805,0.023148,-0.0570848,0.0290164,-0.00667962,-0.00733054,0.0545801,-0.108269,-0.279986,0.0270846,-0.104393,0.0363486,-0.00853481,0.0606828,-0.00100466,0.132896,-0.0597507,-0.248025,0.0875232,0.00133866,-0.0728393,0.0259711,-0.116344,-0.0261828,-0.0279996,-0.0705137,0.0971948,0.468312,-0.194548,-0.0675442,0.135294,-0.00709369,-0.109953,-0.0979365,-0.103736,-0.125889,-0.103437,0.00351606,-0.0607021,-0.00807033,-0.0488048,0.00235185,0.0699274,0.0284703,0.0106463,0.106282,-0.115786
rs227921,0.00799418,-0.0379614,-0.0104189,-0.0457138,-0.0611993,-0.0611993,0.190668,-0.0439205,-0.0488567,-0.076049,-0.0664841,-0.0568977,0.010937,-0.0514869,-0.0514869,-0.0741784,-0.0806265,0.142837,0.130278,0.121398,0.15353,-0.12645700000000001,-0.139906,-0.109449,-0.0699404,-0.0235538,-0.164918,0.505668,-0.102405,-0.0662968,0.00241818,-0.116139,0.576295,-0.00501195,-0.0286531,0.0279896,0.0697747,-0.126088,-0.14824,-0.1285,0.0247099,-0.041604,0.324254,0.00135254,0.0450812,5.87705e-4,-0.00770761,0.0254206,-0.0473632,0.00500017,0.00194288,0.0617246,-0.0936445,1,0.673318,-0.126783,-0.0896682,0.263363,0.0143471,-0.0116719,0.0622418,-0.00321097,-0.0787423,0.629006,0.0439292,-0.0889874,0.031714,0.00658669,-0.0749071,-0.00833634,-0.0948645,0.406834,0.342584,-1.09445e-4,-0.0738561,-0.172124,-0.0242085,-0.146694,0.133295,-0.0707753,-0.0528663,0.0232245,-0.118229,-0.100951,-0.058071,-0.0801347,-0.0713221,0.572017,-0.0175556,0.0929956,-0.0735011,0.022255,0.26977,-0.0792491,-0.0644309,-0.0235418,-0.0332322,-0.0724581,0.415111,-0.0237356,-0.0263458,-0.0965097,-0.00934653,-0.0914506,-0.0383518,-0.0803289,-0.124567,-0.196735,-0.0167413,0.807554,-0.127608,-0.150006,-0.0755298,0.0355732,0.135181,-0.0253278,-0.200391,0.130007,-0.00201564,-0.0864801,0.0274418,-0.0361061,-0.0886554,-0.0897869,-0.05228,0.14439,-0.281234,-0.125733,-0.0952389,0.0133072,0.219131,0.00658669,-0.0427995,-0.0473428,-0.0672362,-0.126889,-0.0476758,-0.140677,-0.0848685,-0.144079,0.0050224,0.148697,-0.0444627,0.0402679,0.177944,-0.0293523
rs227943,-0.0448092,-0.060758,-0.0507826,-0.0387493,-0.0353714,-0.0353714,0.168814,-0.0781773,-0.0570044,-0.133918,-0.108997,-0.0376755,-0.0815592,-0.034431,-0.034431,-0.0550116,-0.120248,0.134987,0.190419,0.180428,0.193116,-0.205193,-0.192024,-0.156952,-0.0959169,-0.0687423,-0.173152,0.492406,-0.119523,-0.078164,0.0347994,-0.151293,0.449491,-0.0805089,-0.0527382,0.0115853,0.0380872,-0.068145,-0.138738,-0.136221,0.0525995,-0.0362092,0.387003,0.0465095,0.0568102,0.00572454,-0.0828962,0.0292853,-0.0534307,-0.0235234,0.00853457,0.0496858,-0.105693,0.673318,1,-0.100758,-0.0898321,0.207507,0.037961,-0.0294123,0.0306558,0.0323728,-0.0511048,0.861494,0.0309481,-0.165194,0.0377483,0.0445173,-0.0770834,-0.0666242,-0.0626659,0.342931,0.27715,0.026875,-0.0690465,-0.195337,-0.0309053,-0.158627,0.163031,-0.0187536,-0.0305551,-0.0439887,-0.133799,-0.185807,-0.0387311,-0.0693501,-0.0517714,0.467172,0.0225528,0.104362,-0.0750318,0.0466798,0.247427,-0.0750721,-0.15193,-0.0130238,-0.136723,-0.0558852,0.329902,-0.0184654,0.0115325,-0.106373,-0.0580473,-0.0409051,-0.0344967,-0.0714053,-0.0656813,-0.249708,-0.00408003,0.654458,-0.0947554,-0.115329,0.00937349,0.00212947,0.138893,0.0110071,-0.20253,0.137055,-0.0228058,-0.129751,-0.0163926,-0.056012,-0.0774405,-0.0786886,-0.0966405,0.150752,-0.203409,-0.104705,-0.11154,0.00266209,0.210778,0.0203878,-0.0965654,-0.10089,-0.0660843,-0.0917113,0.00187574,-0.105954,-0.0227201,-0.124901,-0.00602356,0.119997,-0.0486135,0.0181977,0.183017,-0.0475458
rs34607168,-0.2771,-0.233265,-0.284532,-0.0403158,-0.0367308,-0.0367308,-0.277055,-0.286004,-0.237264,-0.328326,-0.303519,-0.0445722,-0.25766,-0.043534,-0.043534,-0.0467015,-0.31795,0.0533671,-0.258998,-0.260415,-0.239397,-0.22676,-0.0445611,-0.0553603,0.0957794,-0.132285,-0.172213,-0.0793922,-0.153029,0.0501916,-0.0962796,-0.149497,-0.0603344,-0.14687,-0.182375,0.0351536,-0.028861,0.539905,0.520916,0.637522,-0.0813088,-0.0875231,-0.188279,-0.0458374,0.067359,-0.0269626,-0.159388,-0.0169878,-0.00994005,-0.119009,-0.0313084,-0.0371212,0.0337652,-0.126783,-0.100758,1,0.191023,-0.20631,-0.0491705,-0.0989067,0.0215342,-0.0300378,-0.0259632,-0.0779833,0.0987625,-0.14668900000000001,0.0438661,-0.041791,-0.0763627,-0.0790458,-0.0943928,-0.2305,-0.198803,0.0659627,0.207187,-0.103007,0.00216784,0.750939,-0.0124405,0.0430759,-0.138543,-0.127241,0.11353,-0.176076,-0.185007,0.0318957,0.0112395,-0.126376,0.101201,-0.0251458,0.0414748,0.0662098,-0.128894,0.106766,-0.141215,-0.0215987,-0.122863,0.0165597,-0.00721224,-0.147319,-0.0174489,0.0271851,-0.0230755,0.0494839,0.0204887,-0.0256988,0.357128,0.236646,0.120146,-0.108578,0.0737964,0.596968,-0.00959258,0.0549941,0.00394099,-0.0764562,-0.11673,-0.0467256,-0.0998097,-0.0298952,0.0776356,0.0568021,-0.00913728,-0.00467446,-0.00221988,-0.0426124,0.211088,0.401655,0.0308811,0.0406329,-0.0983278,0.00110874,0.118434,0.14376,0.0103507,0.358206,-0.0529756,0.565837,-0.032828,0.540147,0.149063,-0.0716888,-0.147312,-0.153302,-0.0156933,0.00947643
rs12700412,-0.247869,-0.277892,-0.255337,-0.0674214,-0.0477277,-0.0477277,-0.328358,-0.281269,-0.300841,-0.256168,-0.223226,-0.0901062,-0.112094,-0.103648,-0.103648,-0.0512667,-0.273767,-0.339677,-0.220194,-0.230895,-0.181224,-0.139138,-0.043095,-0.075575,0.534261,-0.116598,-0.0812275,-0.0933644,-0.112216,0.0940646,0.282859,-0.0783552,-0.0232279,-0.170616,0.151622,0.07902,0.213889,0.343034,0.658416,0.32598,-0.21445,-0.162169,-0.153013,-0.0408983,-0.0139729,-0.0793383,-0.0154463,-0.00991278,-0.0533641,-0.0326276,-0.110231,-0.00600747,-0.0377033,-0.0896682,-0.0898321,0.191023,1,-0.114659,-0.186038,0.0481121,-0.0159982,-0.0324369,0.107619,-0.0890782,0.0512807,-0.102967,0.0389477,-0.063272900000000007,0.0144429,-0.13081,0.0390808,-0.137734,-0.0984514,0.0265099,0.209934,0.0162116,0.0638451,0.363279,-0.0348172,-0.0586261,-0.0508792,0.037578,0.221931,-0.0859977,0.147069,0.0706818,0.0214525,-0.135896,0.00676474,-0.100188,0.0827321,0.0903846,-0.18207,-0.0331159,-0.109037,-0.0329141,-0.0947127,0.0773233,-0.00118068,-0.0432231,-0.0348063,0.265657,-0.0025663,-0.0564333,-0.132041,1.69056e-4,0.18531,0.161804,0.019364,-0.112728,-0.0106301,0.250135,0.0285186,-0.0294019,-0.092022,-0.0948023,0.0790998,-0.13421,0.151335,0.1801,-0.0161047,0.285321,-0.11642,-0.117951,0.19015,-0.143572,0.0352762,0.234187,0.278175,-0.0611467,-0.146514,0.064629,0.0435918,0.0365083,0.231269,0.226268,-0.0257195,0.19259,-0.0206815,0.188467,0.0481322,-0.170901,0.140577,-0.0171013,-0.144134,0.218931
rs227951,0.0804857,0.0877832,0.165815,0.0626348,0.0739904,0.0739904,0.128873,0.123904,0.119398,0.0242809,0.0671004,0.0490483,0.177521,0.0297416,0.0297416,0.0663574,0.0175546,-0.0405796,0.0763524,0.0461142,0.081452,0.362722,0.192374,0.341851,0.0219901,0.179645,0.521933,0.107575,-0.225867,-0.285925,-0.116799,0.413745,-0.0207028,0.200866,0.147418,0.096457,0.0814925,-0.2906,-0.102965,-0.134512,0.0208825,-0.188377,0.611504,0.00641873,0.0431031,-0.136246,0.118476,-0.0832414,-0.118278,0.0529552,0.0330038,-0.12428,-0.390702,0.263363,0.207507,-0.20631,-0.114659,1,0.00997907,0.0496074,-0.148639,0.00764187,0.10615,0.222375,-0.106942,0.48942600000000003,0.0322174,-0.0222901,-0.147325,-0.0273158,0.107155,0.665885,0.597198,0.0718278,0.0161786,0.14822,-0.0363616,-0.168677,-0.0414887,0.0880326,0.122764,0.0180742,0.0410188,0.549772,-0.00114804,-0.0257406,0.0502323,0.321292,0.0735891,-0.00733354,-0.0188573,0.0155109,-0.0136738,-0.0940093,0.448914,-0.134733,0.445578,0.00744997,0.229253,0.081576,-0.0344361,0.0636697,0.0232531,-0.100817,-0.0632211,-0.0271287,-0.355568,-0.251432,0.0270657,0.262406,-0.139747,-0.1799,0.00764187,-0.0255354,-0.0410571,0.070785,0.197459,0.010104,-0.0304438,0.108995,-0.0648818,0.00760602,-0.0432081,-0.0429744,0.0910611,0.00606022,-0.566391,-0.321081,0.0675355,-0.141785,0.00886964,0.0515698,-0.186411,-0.191592,0.120166,-0.173991,0.0324638,-0.169384,0.0985339,-0.210868,-0.00846903,0.0493784,-0.0347832,-0.0445385,-0.0341112,0.0929671
rs10950939,0.165347,0.180477,0.175757,-0.0485515,-0.04381,-0.04381,0.150214,0.128733,0.189627,0.0879986,0.119668,-0.0658656,0.052899,-0.0818044,-0.0818044,0.0533134,0.0126451,-0.0548918,0.0667189,0.0589535,0.0279423,0.0793072,-0.0773971,-0.0282252,-0.179627,-0.00463581,-0.00611828,-0.0257095,0.0846011,-0.0786722,-0.05165,-0.0189499,0.0272716,0.0611342,-0.0501349,0.0924227,-0.418831,-0.141718,-0.177808,-0.124582,0.843383,-0.0613474,0.0568799,0.0289177,0.149141,-0.0967422,2.06089e-4,0.147317,-0.0443967,-0.0598706,0.0415392,-0.161857,0.0744667,0.0143471,0.037961,-0.0491705,-0.186038,0.00997907,1,-0.101295,0.0910913,0.0196806,-0.076817,0.00156632,-0.271925,0.0648702,-0.217406,-0.00342206,-0.115866,0.00881869,-0.0575178,0.00432103,0.0632245,0.17307,-0.147573,-0.0741998,-0.00669089,-0.163046,-0.167128,0.0524587,0.0584643,-0.0159071,-0.327557,0.0336615,-0.0563434,-0.00951852,0.328197,0.147008,-0.0274202,0.544698,-0.0395275,-0.14179,0.0534986,-0.295255,0.04691,-0.160451,0.0859437,-0.029337,0.0396344,-0.00897417,-0.103075,-0.205895,-0.172595,-0.269572,-0.366372,0.264352,-0.0849058,-0.141384,-0.0325373,0.0980372,-0.261495,-0.0893886,-0.035623,0.376291,0.368279,0.0487541,-0.116535,0.574646,-0.07043,-0.146022,0.32501,-0.238058,-0.197944,-0.193997,-0.316372,0.589239,0.0702453,-0.0757952,-0.228062,-0.0467076,-0.0883683,0.0159183,-0.0736125,-0.0705517,-0.260038,-0.115742,0.154416,-0.077237,0.144948,-0.0907741,-0.16412,0.421327,-0.0673029,-0.16375,0.437118,-0.213264
rs13243243,0.138345,0.116548,0.131803,-0.0900406,-0.0859837,-0.0859837,0.14172,0.112548,0.0631019,0.0820277,0.0878508,-0.126814,0.147514,-0.0941987,-0.0941987,-0.115818,0.133668,-0.0603508,-0.107925,-0.131026,-0.114764,0.02684,-0.00551298,0.0415196,-0.00438375,0.155135,0.0839182,0.0119913,0.0725115,-0.0907412,0.0434424,0.0639553,-0.0899308,0.102968,0.154697,0.0840158,0.0200773,-0.00665534,-0.0400872,-0.14962,0.0745236,-0.0470379,-0.00411884,-0.0372221,-0.303222,-0.0300576,0.145921,-0.346056,-0.0888054,0.748221,-0.0829253,-0.162801,-0.0222661,-0.0116719,-0.0294123,-0.0989067,0.0481121,0.0496074,-0.101295,1,-0.227806,-0.0199005,0.0685279,-0.0402643,-0.382593,-0.0133682,-0.175934,0.0116032,-0.126689,-0.00820171,0.0630617,0.104681,0.0228978,-0.353753,-0.14731,-0.0255255,-0.022029,-0.142623,-0.196449,-0.0633919,0.492249,0.038768,0.319775,0.0396147,0.0567356,-0.073421,-0.245847,-0.0405591,-0.514763,-0.258037,-0.0731019,-0.219894,0.00515989,-0.111243,0.0083864,0.0276504,0.0581545,-0.0313015,-0.073299,0.591641,-0.168105,0.425496,-0.103496,-0.129117,-0.160053,-0.298818,-0.0417256,0.037714,-0.389933,-0.0484988,-0.163622,-0.0442992,0.0847331,-0.145184,-0.210588,-0.242957,0.0224266,-0.260727,0.123644,0.30345,-0.124824,0.294417,-0.218377,-0.219719,0.361113,-0.238965,-0.0225661,-0.0615523,0.433379,-0.311358,-0.128067,-0.0798763,-0.0855018,-0.0917401,0.419034,0.0267558,-0.0665791,-0.0496794,-0.217661,-0.0978514,-0.296966,-0.30099,0.111284,0.522699,-0.193522,0.538793
rs10950919,-0.0764003,-0.064139,-0.0527546,-0.102373,-0.111351,-0.111351,0.0100092,-0.14794,-0.0851509,-0.0300256,-0.146705,-0.129191,-0.064163799999999993,-0.14349,-0.14349,-0.0845673,-0.0632574,0.0993637,0.0876808,0.0974111,0.114306,-0.13447,-0.0205486,-0.0595036,-0.0679446,-0.0641066,-0.0886554,0.138813,-0.0177912,-0.0106078,0.00148348,-0.0433168,0.0619179,-0.0472732,0.0258389,0.0437758,-0.157452,0.0618939,-0.0462641,-0.0190241,0.0393116,0.197016,-0.0733107,-0.0866817,0.137947,4.96588e-4,-0.0331639,0.718868,0.0334842,-0.283458,-0.0519918,0.733415,0.0718497,0.0622418,0.0306558,0.0215342,-0.0159982,-0.148639,0.0910913,-0.227806,1,-0.082591,-0.0137772,0.0426021,0.130999,-0.090695,-0.0828948,-0.107569,0.487011,0.0811856,-0.0411337,-0.0701285,0.0138706,0.054404,-0.10721,-0.0368194,-0.0517924,-0.0591474,0.0736608,0.0163295,-0.40613900000000003,0.0340994,-0.285722,-0.120763,-0.11621,-0.0351291,0.0851442,0.0890036,-0.496334,0.126888,-0.0235405,-0.111334,0.14196,0.121896,-0.100523,0.299195,-0.0562318,-0.0420094,0.0988868,-0.393337,-0.0574149,-0.237017,-0.15586,0.180974,0.0690367,0.45769,0.1121,0.0461139,-0.433931,0.0778063,0.156209,-0.060785,-0.0138961,0.494106,0.183397,-0.22419,-0.0451482,0.167778,-0.0398208,-0.364417,0.546168,-0.197796,0.0173395,0.0202134,-0.326492,0.156856,0.104853,0.17936,-0.223543,0.169924,0.165817,-0.0715334,0.0396349,0.040698,-0.207476,0.00265919,-0.0634949,-0.0650106,-0.221169,-0.0624068,-0.363819,0.0605899,-0.0606844,0.232715,0.198034,-0.242384
rs274041,-0.0961607,-0.0958509,-0.106326,0.476739,0.484408,0.484408,-0.131246,0.0885899,0.0966569,-0.0969304,0.102747,0.413348,0.174073,0.393066,0.393066,0.431932,-0.118507,-0.0646908,-0.0515569,-0.0586958,-0.069279,-0.0786831,-0.0554534,-0.0607215,-0.051112200000000003,0.285341,-0.0770536,-0.0746686,-0.0426255,0.0280823,0.456953,-0.0553649,0.00905746,0.212176,0.244705,0.00413933,-0.0100496,-0.0432557,-0.0613702,-0.0764898,0.013917,-0.0833226,-0.0898586,0.781507,0.026357,-0.0495597,0.201555,-0.0742681,-0.0339985,-0.0204604,0.115314,-0.0750869,0.0606828,-0.00321097,0.0323728,-0.0300378,-0.0324369,0.00764187,0.0196806,-0.0199005,-0.082591,1,0.0173407,0.00362568,0.00749385,-0.0968778,0.0892864,0.688544,-0.0416602,-0.048175,-0.0506779,-0.0677286,-0.0581969,0.0597034,0.0619012,-0.0316573,0.046560699999999997,-0.0145436,0.0198785,-0.025767,-0.00166104,0.0526061,-0.00362967,-0.118429,-0.103663,-0.0208342,0.0345123,-0.0508509,0.100641,-0.0057238,-0.0176846,0.0600692,-0.0981714,-0.00496386,-0.115556,-0.0939694,-0.1099,0.00839376,-0.0407768,-0.0143251,0.0349865,-0.0517796,0.0142681,0.0163446,0.0344995,-0.0418783,-0.0424363,1.42042e-4,0.0910198,-0.0183939,0.00527199,-0.111256,-0.0435685,-0.0140877,0.00972102,0.0112327,-0.023884,0.00641124,-0.086139,-0.034364,-0.0538567,4.11409e-4,0.028139,0.0274477,-0.0215824,0.00584685,0.0178182,-0.0241968,-0.0478792,-0.0023702800000000002,0.0118041,0.0107796,-0.0274478,-0.0293506,-0.0508181,0.0491876,0.546709,-0.106639,0.0269921,-0.116311,0.0663904,-0.00904982,-0.0804504,-0.07577,0.0191496,-0.0255739
rs10249628,0.101615,0.115753,0.0998789,-0.0639059,-0.0620596,-0.0620596,0.0496975,0.0613867,0.0691168,0.0236654,0.0296742,-0.0400031,0.165817,-0.0476519,-0.0476519,-0.0608332,0.00976493,-0.136102,-0.152329,-0.139117,-0.158652,0.116099,-0.121767,-0.0884564,0.10311,-0.0211472,-0.165814,-0.0878218,-0.0784948,-0.0400218,-0.0459784,-0.0927748,-0.124553,-0.027368,0.116373,-0.0630084,-0.0122427,-0.0903569,0.0417193,-0.043405,-0.00139563,-0.0616407,-0.0805346,-0.0609635,-0.0879195,0.0611282,-0.0318338,-0.0310449,0.0567131,0.044622,0.0136894,0.00391698,-0.0751721,-0.0787423,-0.0511048,-0.0259632,0.107619,0.10615,-0.076817,0.0685279,-0.0137772,0.0173407,1,-0.0470044,0.0208121,-0.0566259,-0.00575709,-0.068895,-0.00512321,0.0455387,-0.0321269,-0.144883,0.26256,-0.0720735,-0.0761832,-0.152927,0.0343792,-0.0340954,-0.0194688,0.0238663,-0.00236038,0.0161052,0.111726,-0.070551,0.0249477,0.0730183,-0.0185217,-0.154391,-0.0265784,-0.045033,0.0801524,-0.041777,-0.038415,0.0262264,-0.0360058,-0.0165837,-0.126905,0.0519705,0.284781,-0.00142273,-4.90763e-4,0.117555,0.0116435,0.0161811,-0.0324075,-0.0462976,-0.0952181,0.00721388,-0.00265024,-0.128359,0.0301091,-0.00945751,0.347052,-0.0419715,-0.0564911,-0.0822513,0.354201,-0.075969,-0.0142021,0.0805702,-0.0403635,0.106187,-0.0102397,-0.00243002,0.0642124,-0.0958491,-0.162991,-0.0149855,0.124302,0.0234467,0.0031365,0.0568915,-0.0223988,-0.0257928,0.0642095,-0.0573157,-0.0285196,0.015273,-0.0489346,0.0187153,0.0265141,-0.0941121,-0.0299359,0.0415367,-0.108447,0.0602699
rs17150424,-0.0178767,-0.0688035,-0.0463466,-0.0808917,-0.0778242,-0.0778242,0.163486,-0.0754535,-0.0818604,-0.0954595,-0.0881181,-0.0773518,-0.069871,-0.0734006,-0.0734006,-0.0937043,-0.115855,0.106618,0.153767,0.142709,0.173866,-0.186444,-0.0998151,-0.0623121,-0.0693392,-0.0629914,-0.172126,0.484329,-0.153926,-0.0514741,0.010067,-0.142906,0.398949,-0.0880538,-0.0954911,0.014045,0.0539047,-0.070888,-0.139841,-0.139472,0.0137521,-0.0592895,0.4285,0.0146794,0.0614901,0.00198946,-0.0923065,0.00144103,-0.0581422,-0.0469918,0.00158923,0.0439693,-0.132366,0.629006,0.861494,-0.0779833,-0.0890782,0.222375,0.00156632,-0.0402643,0.0426021,0.00362568,-0.0470044,1,0.0705428,-0.207714,0.103019,0.0149746,-0.0919009,-0.0770908,-0.0293476,0.281621,0.223566,0.0734969,-0.0696121,-0.170162,0.0411174,-0.146396,0.147584,-0.0108961,-0.0825773,-0.0268406,-0.119882,-0.215436,-0.0178163,0.00998407,-0.0146378,0.399164,0.0359945,0.113311,0.00614204,0.0538333,0.20439,-0.0623772,-0.172284,-0.0147653,-0.178959,-0.0617308,0.281904,-0.0559633,-0.0126385,-0.0685422,0.0435153,-0.0867475,-0.036008,-0.0851164,-0.0452037,-0.241136,0.015412,0.563592,-0.0803298,-0.081589,0.0267107,0.0240182,0.145445,-0.0155523,-0.176962,0.103898,-0.0343237,-0.0544789,0.00826184,-0.0527327,-0.0769052,-0.0782411,-0.0252079,0.117237,-0.244677,-0.0765064,-0.0731562,-0.0229616,0.223545,0.0149746,-0.0831823,-0.0879425,-0.0730754,-0.0979527,-0.0439302,-0.0795017,-0.0575092,-0.0899141,0.040841,0.127014,-0.0594725,-0.0141001,0.144799,-0.0555809
rs6973118,-0.138037,-0.180768,-0.159452,-0.0435209,-0.0443499,-0.0443499,-0.161603,-0.159146,-0.192671,-0.070867,-0.146313,0.00104765,-0.117753,-0.0161971,-0.0161971,-0.0352187,-0.0571614,0.145506,0.0400269,0.06075,0.0593697,-0.0731629,0.0618132,0.0256539,-0.0207877,-0.145241,-0.0542434,0.0381107,-0.0964227,0.0907888,0.0209298,-0.029973,0.0915227,-0.132445,-0.106762,-0.136031,0.0838704,0.141651,0.0527549,0.165901,-0.336186,0.184954,-0.0653424,0.0387671,0.0747587,0.268035,-0.1271,-0.0858382,0.0754678,-0.571018,-0.0142812,0.405663,0.0629688,0.0439292,0.0309481,0.0987625,0.0512807,-0.106942,-0.271925,-0.382593,0.130999,0.00749385,0.0208121,0.0705428,1,-0.0920797,0.616035,0.00711333,0.232379,0.0132421,0.00871668,-0.0406135,0.0126811,0.137441,0.0729688,0.0497343,0.318381,0.143408,0.21645,-0.103706,-0.796384,-0.0502367,-0.0678836,-0.116464,-0.0403728,0.273595,-0.278946,0.00246648,0.405774,0.0591455,0.277784,0.21064,0.0316308,0.215165,-0.062862,0.106424,-0.0669643,-0.162298,0.0617546,-0.667757,0.115479,-0.104427,0.31349900000000003,0.0614363,0.195931,-0.290765,0.0485455,0.0472412,0.547342,0.0325321,0.220836,0.0641003,0.0213012,-0.310097,0.1385,-0.390804,0.0454629,-0.0726743,0.0148161,-0.05927,-0.302352,-0.174617,0.0957592,0.0955825,0.0111544,-0.0816084,-0.00160976,0.127156,-0.10084,0.324732,0.248524,-0.137745,0.0938025,0.100483,-0.214129,0.00860922,-0.0035659,0.040769,-0.394957,0.0898329,0.751967,0.0199542,-0.00214475,-0.242155,-0.00742481,-0.27793
rs10950951,-0.0120762,0.00327723,0.0477052,0.121911,0.128798,0.128798,-0.0481265,0.0416399,0.0419065,0.0300362,0.0625696,0.0841897,0.0129128,0.0629575,0.0629575,0.109108,0.00689844,-0.00583892,0.168312,0.140828,0.124227,0.582051,0.0977065,0.142259,0.0589723,0.0609649,0.411561,-0.110937,-0.122856,-0.0950169,-0.127631,0.19750499999999999,-0.109542,0.102393,0.0158163,0.0286849,-0.00812653,-0.209169,-0.0333276,-0.0532348,0.0374403,-0.0863053,0.755546,-0.0650325,0.044886,-0.0167001,0.0272327,0.0131648,-0.113548,-0.00424095,0.0298052,-0.0941113,-0.237396,-0.0889874,-0.165194,-0.14668900000000001,-0.102967,0.48942600000000003,0.0648702,-0.0133682,-0.090695,-0.0968778,-0.0566259,-0.207714,-0.0920797,1,-0.0215663,-0.0870994,0.00307867,0.0812489,-0.112686,0.332428,0.288585,0.0237724,0.0355377,0.0913304,-0.0372859,-0.0827895,-0.0364288,0.179022,0.0958621,0.083814,-0.0270002,0.890402,-0.031814,-0.0198884,0.0685782,0.252073,0.0674954,0.0138262,-0.00849874,0.0234776,-0.0121686,-0.0197696,0.836517,-0.079186,0.803226,-0.042293,0.142087,0.0910586,0.00678481,-0.0356991,0.0182844,-0.00740012,0.0368408,0.0509745,-0.277445,-0.446133,-0.00499854,0.00495095,-0.0483017,-0.132021,3.86738e-4,0.00965543,-0.0121745,0.146152,0.0502446,0.0391878,-0.0516812,-0.00351813,-0.0169624,-0.0669358,0.0247026,0.0225972,-0.0161603,0.0276854,-0.280223,-0.313347,-0.0379901,-0.0590325,-0.0710928,-0.0530846,-0.0359173,-0.0258799,-0.0251664,-0.181266,-0.0352005,-0.150429,0.115839,-0.160028,-0.035129,0.060268,-0.034134,-0.0559293,-0.00273363,-0.0258565
rs4722193,-0.0773064,-0.109912,-0.0659624,2.91149e-4,0.00702744,0.00702744,-0.0853059,-0.0760947,-0.107552,-0.0532181,-0.046875,-0.00463401,-0.0142179,-0.0169062,-0.0169062,0.01094,-0.0920774,0.0391724,4.83385e-4,0.00257602,0.0349478,-0.013797,0.0999641,0.0340824,0.0182668,-0.0231197,0.042539,0.0476107,-0.0809183,0.0597608,0.00548092,0.0279263,0.0354607,-0.0173013,-0.0477696,0.263132,0.206521,-0.010451,0.0234465,0.124522,-0.264981,-0.0205784,0.0365171,0.0722981,0.414289,-0.157477,-0.0342741,-0.212414,-0.00164983,-0.330134,0.00892407,0.045625400000000003,-0.0757489,0.031714,0.0377483,0.0438661,0.0389477,0.0322174,-0.217406,-0.175934,-0.0828948,0.0892864,-0.00575709,0.103019,0.616035,-0.0215663,1,0.0446433,-0.205895,0.00127713,0.0244787,0.068058,0.0404248,0.571682,0.250297,0.0561892,0.46607,0.0938426,0.0101322,-0.0207594,-0.482001,-0.0177121,0.154859,-0.0148322,-4.92578e-4,0.365771,-0.0173852,0.00552209,0.351455,0.00417706,0.368863,0.273279,0.00482906,0.0376715,-0.0109849,-0.178735,-0.00398623,-0.146195,0.00552284,-0.386318,-0.143741,0.16737,0.508637,-0.2085,0.0496101,-0.433469,0.0508423,0.0524869,0.464441,-0.00541033,0.0140658,0.0373285,0.0250589,-0.183842,0.08388,-0.264135,0.0351514,-0.182652,-0.016834,0.293056,-0.178452,0.027207,-0.0415535,-0.0392868,0.359919,-0.19191,-0.102334,0.0823086,0.163833,-0.326253,0.327054,-0.10697,0.0189157,0.0347512,-0.00399964,0.0367191,0.045179,-3.56169e-4,-0.267615,0.0378139,0.622595,0.00531236,-0.0324982,-0.285818,-0.119118,-0.0395129
rs156418,-0.126538,-0.0636712,-0.13582,0.544991,0.553449,0.553449,-0.0828698,0.146987,0.155402,-0.0615077,0.162295,0.475267,0.200217,0.590069,0.590069,0.493607,-0.142756,-0.119018,-0.0746977,-0.0815434,-0.0834582,-0.0615933,-0.00702606,-0.0302481,-0.056132,0.287208,-0.0649984,-0.0390741,0.0388398,0.0857375,0.485946,-0.0450025,0.0431812,0.234967,0.142769,-0.0269954,0.00255419,-0.112056,-0.0468724,-0.0469475,0.0499784,-0.0790917,-0.0889192,0.884874,0.00384143,0.0499554,0.205281,-0.0727674,-0.0322721,0.0124703,0.0822006,-0.0886132,0.0397766,0.00658669,0.0445173,-0.041791,-0.063272900000000007,-0.0222901,-0.00342206,0.0116032,-0.107569,0.688544,-0.068895,0.0149746,0.00711333,-0.0870994,0.0446433,1,-0.0564848,-0.0428498,-0.0481046,-0.0342114,-0.0955854,0.00281084,0.0472069,0.0184009,0.0301916,-0.00370919,0.0540476,0.0148361,0.00762046,0.0421586,-0.0251268,-0.123897,-0.0752126,-0.0142652,-0.00757848,-0.056173,0.0907039,0.00228486,-0.011179,0.0839344,-0.0699035,-0.05366,-0.106338,-0.0891979,-0.102543,0.0130502,-0.0518998,0.00808792,0.0728247,-0.0167785,0.0474727,-0.0493375,-0.00465317,-0.0701803,-0.0740095,0.0079876,0.0612401,-0.0288601,-0.0532878,-0.0975979,-0.0413562,-0.031252,0.0156559,0.00606506,-0.0189709,0.0268742,-0.0817651,0.0214416,-0.0485971,0.0339906,-0.00689248,-0.00744999,0.0167476,0.0107974,0.0155399,-0.0938278,-0.0130366,-0.0165452,0.0216586,0.0154415,0.0341516,0.031767,-0.0364678,0.019661,0.622915,-0.0933097,6.41779e-4,-0.101391,0.0755136,0.016272,-0.0763653,-0.0551282,0.0220768,0.0084876
rs17781408,-0.106308,-0.127866,-0.106222,-0.0620295,-0.0762069,-0.0762069,-0.147682,-0.153795,-0.152606,-0.0224316,-0.164914,-0.0911505,-0.0476455,-0.101582,-0.101582,-0.0619033,0.0531817,0.117043,0.0681656,0.0698274,0.0762566,-0.0103505,-0.0261363,-0.0368822,0.0168482,-0.0517539,-0.0573375,-0.0635185,0.0217039,0.00936789,0.0098578,-0.0196149,-0.0414055,-0.0592577,0.0251857,-0.280623,-0.238696,0.131207,0.0037085,0.00563417,-0.126676,0.314398,-0.0752846,-0.0387896,-0.252297,0.33073,-0.0480161,0.476893,5.66506e-5,-0.180583,-0.0748118,0.655987,0.121952,-0.0749071,-0.0770834,-0.0763627,0.0144429,-0.147325,-0.115866,-0.126689,0.487011,-0.0416602,-0.00512321,-0.0919009,0.232379,0.00307867,-0.205895,-0.0564848,1,0.0293669,-0.0090173,-0.131696,-0.102502,-0.341015,-0.0915377,0.00414478,-0.098848,-0.0422348,-0.184945,0.0515546,-0.164604,-0.0161679,-0.246732,-0.029749,-0.0266253,-0.0780381,-0.157169,-0.0729401,-0.228428,-0.259583,-0.070574,-0.0221685,-0.0210734,0.312721,-9.24859e-4,0.513307,-0.0296515,-0.0141689,-0.0443027,-0.153527,-0.152003,-0.189333,-0.13273,0.512842,0.41426,0.484286,0.0279952,-0.0151196,-0.245793,-0.0709338,0.438319,-0.0434333,0.0261556,-0.10672,-0.2478,-0.0570882,0.00865418,-0.23627,0.0151453,-0.260605,-0.0838724,-0.153616,0.370333,0.367716,-0.22938,-0.233306,0.110578,0.0645855,-0.172407,0.51986,-0.0904549,-0.0564848,0.0377179,0.0319118,-0.132795,-0.00126083,-0.0430172,-0.0706433,-0.00382615,-0.0606868,-0.261147,-0.288433,0.0202619,0.317513,-0.220386,-0.146215
rs10232205,0.331765,0.341394,0.351657,-0.0262533,-0.0237658,-0.0237658,0.307433,0.342873,0.287527,0.27718,0.305644,-0.0288896,0.0861035,-0.0185562,-0.0185562,-0.0304117,0.113455,-0.110477,0.0331706,0.0370932,-0.00627804,0.076859,-0.0375783,-0.0379596,-0.0833044,0.26558,-0.0439068,-0.00891043,0.0332629,-0.00479644,-0.0752298,-0.00132849,0.0111158,0.239624,0.129353,-0.00861103,-0.0252282,-0.175205,-0.187072,-0.0710427,-0.0103776,-0.102729,0.0398622,-0.0646658,0.0142882,0.0129874,0.195677,0.0231026,0.0125643,0.0137119,-0.0442195,0.0319113,0.0294066,-0.00833634,-0.0666242,-0.0790458,-0.13081,-0.0273158,0.00881869,-0.00820171,0.0811856,-0.048175,0.0455387,-0.0770908,0.0132421,0.0812489,0.00127713,-0.0428498,0.0293669,1,0.010994,-0.0045364,-0.041523,0.00523263,-0.0140368,-0.00584203,0.0196527,-0.0987923,0.00790813,-0.0861326,-0.0424254,0.294947,-0.100208,0.109271,-0.055035,-0.00635793,0.00277498,-0.0519977,-0.0648918,0.0162539,-2.58773e-4,-0.0314481,0.554384,0.0322425,0.115663,0.0626701,0.104284,-0.0160665,-0.0513959,-0.0229164,-0.0455252,-0.0775346,0.0424435,0.01428,0.0539351,0.0248469,-0.0081026,-0.0557734,-0.0593053,7.17385e-4,-0.00532756,-0.124452,0.0382651,0.0561333,0.0609954,0.00511274,0.00401279,0.022818,-0.058995,-0.0756621,0.065309,-0.033555,0.0166189,0.0154945,-0.0361963,0.021932,0.0398358,-0.0231767,-0.0889746,0.0366305,0.108965,-0.0126206,-0.00437882,-0.00816506,-0.0735371,0.0219956,-0.0599715,-0.0895877,-0.0680554,-0.0946855,-0.0183484,0.0535187,-0.0587807,0.0320172,0.0553904,-0.0786187
rs34096175,0.0628191,0.0603757,0.10103,-0.0275781,-0.0260719,-0.0260719,0.0398968,0.0860182,0.0534859,0.0152425,0.031552,-0.041176,-0.0586893,-0.0460414,-0.0460414,-0.012862,0.0424189,-0.0348442,-0.0883355,-0.0967156,-0.0805838,0.0609139,0.200987,0.227656,-0.0151275,-0.0869882,0.284796,-0.0868528,0.019312,-0.0628606,-0.0761037,0.276231,-0.0971364,-0.0749855,-0.0846245,0.00890572,0.0711247,-0.050314,0.0232554,0.060377,-0.03856,0.0146887,-0.125612,-0.0425665,-0.00334634,-0.0123142,-0.0905982,-0.0467404,-0.0395463,-0.00116115,-0.0245309,-0.0279722,-0.0798567,-0.0948645,-0.0626659,-0.0943928,0.0390808,0.107155,-0.0575178,0.0630617,-0.0411337,-0.0506779,-0.0321269,-0.0293476,0.00871668,-0.112686,0.0244787,-0.0481046,-0.0090173,0.010994,1,0.185966,0.150359,0.0281949,0.0720021,0.245192,0.017105,0.041848,-0.0178302,-0.0697491,-0.010168,-0.0616659,0.0654057,0.196401,0.366461,0.00784413,0.0140556,-0.0744846,-0.00734834,-0.0352457,0.0120697,0.0176495,-0.014022,-0.0287505,0.0605958,-0.0283319,-0.101981,0.0393478,-0.073029,-0.0166626,0.0481337,0.0868349,-0.0261041,-0.0229307,-0.0600118,0.00744592,-0.0724573,0.182998,0.0204515,-0.0696548,-0.0291195,0.196896,0.0360261,-0.0163866,-0.0510563,-0.045804,0.213447,-0.0400793,0.133562,0.075959,-0.0259024,0.105788,-0.0225446,-0.0231864,0.0566796,-0.0411959,-0.107189,-0.0392925,0.0915515,-0.030493,-0.0851487,0.0428601,-0.0243085,-0.026595,0.12684,-0.0819593,0.0184147,0.212243,-0.0133413,0.166401,0.0344446,-0.057346,0.157327,-0.0148185,-0.0639801,0.0876079
rs798645,0.0840453,0.0766201,0.17747,-0.0553821,-0.0595257,-0.0595257,0.168924,0.0743799,0.0553286,-0.0130784,0.0122866,-0.0792662,0.113607,-0.0839802,-0.0839802,-0.0544579,0.0338927,0.0905919,0.126291,0.0921556,0.108029,0.21058,0.330027,0.446526,-0.126608,0.19924,0.721809,0.205541,-0.142254,-0.211147,-0.0958286,0.555454,0.152434,0.260574,0.12744,0.0896703,0.0991765,-0.246818,-0.185237,-0.110572,0.0213362,-0.0928038,0.520438,-0.0248199,0.0376624,-0.0709836,0.188919,-0.0971811,-0.130419,0.107803,0.0387595,-0.0339773,-0.309122,0.406834,0.342931,-0.2305,-0.137734,0.665885,0.00432103,0.104681,-0.0701285,-0.0677286,-0.144883,0.281621,-0.0406135,0.332428,0.068058,-0.0342114,-0.131696,-0.0045364,0.185966,1,0.696279,0.00620014,-0.00638391,0.340202,-0.0367691,-0.157217,0.0582672,-0.0831112,0.057377,0.0707225,0.0292929,0.435416,0.0161814,-0.0727266,-0.0774573,0.471616,-0.0209177,0.0229942,-0.0649835,-4.48369e-4,0.0813376,-0.119395,0.37546,-0.133671,0.521824,-0.0739014,0.245719,0.0748169,0.0337349,0.0314183,-0.0183203,-0.132606,-0.0704814,-0.124307,-0.277449,-0.162569,-0.0188099,0.367114,-0.177025,-0.180029,-0.0530443,-0.0129792,0.0352009,0.0154391,0.242769,0.0608506,0.0429265,0.0355153,-0.0536666,-0.0285485,-0.110577,-0.113249,0.061305,0.0672223,-0.632566,-0.285304,0.0275989,-0.100924,0.0761685,-0.0188055,-0.122276,-0.131771,0.119351,-0.270157,-0.0224299,-0.175666,-0.0678528,-0.208495,-0.00630889,0.0794171,0.0202245,0.0614255,0.0727823,0.0976479
rs12700457,0.0989074,0.0770921,0.151955,-0.0147078,-0.0164619,-0.0164619,0.154027,0.0676291,0.0554196,-0.00299786,0.021007,-0.0386274,0.0887838,-0.0697926,-0.0697926,-0.0456036,-0.0235137,0.040045,0.123176,0.0979386,0.108351,0.21422,0.177952,0.341345,-0.0467428,0.0421559,0.538642,0.143628,-0.166061,-0.241803,-0.117712,0.435479,0.118135,0.109939,0.0546115,0.0515362,0.0645592,-0.24941,-0.125523,-0.155758,0.076691,-0.0964491,0.40826,-0.048882,0.0567511,-0.0373472,0.0501582,-0.0395456,-0.112065,0.00565878,0.0515733,-0.0106824,-0.193144,0.342584,0.27715,-0.198803,-0.0984514,0.597198,0.0632245,0.0228978,0.0138706,-0.0581969,0.26256,0.223566,0.0126811,0.288585,0.0404248,-0.0955854,-0.102502,-0.041523,0.150359,0.696279,1,0.0217931,-0.0586007,0.170905,-0.0241994,-0.168077,0.10115,0.0191366,-0.0457249,0.0301202,-0.00739875,0.330234,0.0102444,-0.0214782,-0.0264216,0.571671,0.00805739,0.0997375,-0.0171598,-0.02047,0.0573959,-0.118069,0.28735,-0.156943,0.352288,-0.0764169,0.502237,-0.0501247,0.0466157,-5.19693e-4,0.00756061,-0.13429,-0.0969499,-0.0615501,-0.312587,-0.248537,0.0371128,0.414775,-0.162005,-0.165741,0.172527,0.084045,0.0971465,-0.0695115,0.302635,0.115895,0.0223062,0.00262848,0.0409658,-0.0332881,-0.124185,-0.123223,0.0134018,0.117632,-0.509637,-0.282695,0.00477423,-0.0457807,0.0682953,-0.03507,-0.172536,-0.183812,0.0384631,-0.331768,-0.063948,-0.15784,-0.098762,-0.172608,0.0297975,0.134074,0.0121621,-0.00463013,0.116901,0.0174226
rs1581498,0.00184079,0.0272022,0.0365167,0.111354,0.112664,0.112664,3.10443e-4,0.0367618,0.0863245,0.0253088,0.078189,0.0911432,-0.0705968,0.0602809,0.0602809,0.15397,-0.0507396,-0.124031,0.0913966,0.0961069,0.102215,-0.0564083,0.0707423,4.01471e-5,0.0974044,-0.0300743,0.0014707,-0.0122315,-0.129141,0.00702208,-0.00549436,0.00889938,0.0298022,0.0027699,-0.0948984,0.496732,0.084107,-0.0663366,0.0258486,0.134202,0.0362791,-0.0746809,0.059542200000000003,0.0525304,0.745293,-0.588049,-0.0440874,0.204586,0.0201925,-0.548036,0.0634771,-0.137817,-0.0518966,-1.09445e-4,0.026875,0.0659627,0.0265099,0.0718278,0.17307,-0.353753,0.054404,0.0597034,-0.0720735,0.0734969,0.137441,0.0237724,0.571682,0.00281084,-0.341015,0.00523263,0.0281949,0.00620014,0.0217931,1,0.306941,0.00385266,0.296485,0.100155,-0.146841,0.0138375,-0.339257,-0.0120388,-0.0550844,0.0242943,-0.0491858,0.225591,0.636069,0.0557888,0.38581,0.159988,0.237315,0.206464,0.0138337,-0.109646,-0.0137959,-0.192328,-0.00654887,0.104532,0.0231137,-0.33122,-0.220039,0.0232836,0.349586,-0.239652,-0.0876227,0.259906,0.0763003,0.0277668,0.28416400000000003,0.0497522,-0.107057,-0.00529469,-0.0254099,0.278254,0.111866,-0.064307,-0.0360315,0.0646118,-0.070635,0.222007,0.257857,0.0252889,2.73837e-4,3.14401e-4,0.157255,0.0481467,-0.0217653,0.0738147,0.0185257,-0.599484,0.13324,0.106989,-0.00953014,0.00552179,-0.0846133,0.0614311,0.112366,0.00358712,0.299573,0.00116049,0.258053,0.205547,-0.0848427,-0.627161,-0.0187028,-0.141578
rs2058159,-0.116339,-0.109445,-0.161816,0.0655643,0.0697803,0.0697803,-0.142136,-0.085608,-0.0812173,-0.117482,-0.022887,0.0988899,-0.081526,0.0837977,0.0837977,0.0759491,-0.148578,-0.0511069,-0.0460308,-0.0104114,-0.046388,-0.0375338,0.0228758,0.013378,0.201987,-0.0132572,0.0435027,-0.0640549,-0.0925754,0.0190192,-0.0304951,0.0158061,-0.0644452,-0.0168157,-0.058318,0.33673,0.333466,0.0531847,0.285085,0.425697,-0.192161,-0.0970371,-0.0234804,0.0735716,0.398721,-0.321227,-0.0424485,5.1379e-4,0.154708,-0.179767,-0.00280383,-0.108206,-0.0933063,-0.0738561,-0.0690465,0.207187,0.209934,0.0161786,-0.147573,-0.14731,-0.10721,0.0619012,-0.0761832,-0.0696121,0.0729688,0.0355377,0.250297,0.0472069,-0.0915377,-0.0140368,0.0720021,-0.00638391,-0.0586007,0.306941,1,-0.00194525,-0.131667,0.392564,-0.16246,0.085196,-0.0666149,-0.0917109,0.351137,0.0559173,-0.0326852,-0.132365,0.00791429,-0.0492339,0.243983,-0.291816,-0.127243,0.44658,-0.0726596,-0.174287,0.0137156,-0.102977,0.0238296,-0.0110312,-0.0343195,-0.0858931,-0.117354,0.429999,-0.138335,-0.132278,-0.171703,0.0338487,0.152608,0.0998517,0.176169,-0.0762214,-0.20296,0.125147,-0.0151689,-0.021015,-0.270845,0.0165317,-0.0370721,-0.227151,-0.0992515,0.320166,-0.0238165,0.590537,-0.180875,-0.181632,0.335791,-0.238433,0.00286797,0.152136,0.422556,-0.195207,-0.128901,-0.00669792,0.0205709,0.0157866,0.504273,0.181998,0.0742914,0.179811,0.119163,0.176833,0.164819,-0.258413,-0.0959796,-0.241098,-0.227709,0.520833
rs2109345,0.0400134,0.0386961,0.0849401,-0.0700797,-0.0761188,-0.0761188,0.00565726,-0.0033162,0.00513722,-0.0155752,0.0257705,-0.0918968,0.155243,-0.101861,-0.101861,-0.0536362,0.0332557,0.00563408,-0.0746809,-0.087508,-0.119869,0.0342164,0.703442,0.64766,-0.0195861,0.250329,0.53659,-0.121956,-0.0977159,0.505288,0.0464195,0.653898,0.227315,0.311712,0.220181,-0.0099657,0.0257698,-0.0449661,0.00654777,0.0232522,-0.0953886,-0.0214239,-0.00763398,0.0443573,-0.0295084,-0.0463384,0.278651,-0.0651551,-0.067895,-0.0449165,0.0505065,-0.00558299,-0.237006,-0.172124,-0.195337,-0.103007,0.0162116,0.14822,-0.0741998,-0.0255255,-0.0368194,-0.0316573,-0.152927,-0.170162,0.0497343,0.0913304,0.0561892,0.0184009,0.00414478,-0.00584203,0.245192,0.340202,0.170905,0.00385266,-0.00194525,1,-0.0201738,-0.0218903,-0.0155107,-0.054335,-0.0612969,0.122104,0.0637371,0.172899,0.056105,-0.0328934,-0.0191069,-0.276431,0.043476,-0.0840724,-0.044796,0.0197414,-0.045661,0.0538954,0.116328,-0.011239,0.221178,0.056821,-0.0955394,-0.0833098,0.0498132,0.00459883,-0.0291982,0.0626299,0.0539971,-0.0164543,-0.2573,0.241571,0.0576594,-0.24638,0.0322979,-0.0593062,0.0152689,-0.0168268,-0.096261,-0.0251645,0.856101,-0.0518465,0.125777,0.0123582,-0.055222,-0.0385476,0.0682141,0.0653862,0.00674069,-0.069222,-0.512777,-0.198399,-0.00318846,0.0219351,-0.021966,0.0676331,0.397493,0.400656,0.050768,-0.231187,0.0339657,-0.0343597,-0.0149227,-0.0396315,0.066311,-0.0719755,0.123467,-0.0474372,-0.0710721,0.0355353
rs12538567,0.0760298,0.0725197,0.123099,-0.038469,-0.0163792,-0.0163792,0.0446754,0.0771913,0.0365488,0.0107986,0.0661726,-0.0433689,0.0245677,-0.0519333,-0.0519333,-0.0445622,-0.0695932,-0.0830795,0.039752,0.026867,0.033617,0.0214521,-0.0218099,-0.00472413,0.0118453,0.0242994,-0.0518616,-0.0453076,-0.0334052,-8.26124e-4,0.0393048,-0.0298565,-0.0063847,-0.00672883,-0.00631359,-0.269218,-0.19947,-0.00967577,-0.00819573,0.0112692,-0.0427172,0.015939,-0.0027655,0.0519515,-0.224864,0.322975,-0.0189935,-0.103433,-0.0630993,-0.167247,-0.0114678,0.00472486,0.0686235,-0.0242085,-0.0309053,0.00216784,0.0638451,-0.0363616,-0.00669089,-0.022029,-0.0517924,0.046560699999999997,0.0343792,0.0411174,0.318381,-0.0372859,0.46607,0.0301916,-0.098848,0.0196527,0.017105,-0.0367691,-0.0241994,0.296485,-0.131667,-0.0201738,1,0.00311107,-0.0181322,-0.0236039,-0.2538,0.0140103,0.181104,-0.00652949,-0.0539225,0.834812,0.429925,-0.0196792,0.127804,0.378985,0.827179,-0.181245,-0.0431557,0.25166,0.050013,-0.0554055,-0.0272463,-0.0788301,-0.0337604,-0.162267,-0.0543737,0.275175,0.506991,-0.195089,-0.201057,-0.190546,-0.0326943,-0.0136945,0.20582,-0.0138744,0.299901,-0.0428525,0.046560699999999997,-0.0855759,0.42654,-0.148589,-0.00670563,-0.0541511,-0.00871467,0.180655,-0.0690995,-0.181163,-0.253427,-0.253812,0.227454,-0.048143,0.044483,0.00330249,0.266638,-0.162785,-0.0113069,-0.0500181,-0.0407054,-0.0310294,-0.1576,-0.0149142,-0.001732,-0.125574,-0.136815,-0.0594481,0.31362,-0.140826,-0.00181801,-0.13652,0.00313553,-0.198988
rs17740440,-0.2807,-0.237407,-0.28323,-0.0305354,-0.0266877,-0.0266877,-0.302475,-0.280052,-0.256088,-0.313515,-0.252083,-0.0235749,-0.194655,-0.0239171,-0.0239171,-0.0531641,-0.344405,-0.0120752,-0.215034,-0.205774,-0.188081,-0.147836,0.0308988,-0.00732064,0.159572,-0.152121,-0.0627084,-0.136457,-0.123177,0.0910404,-0.0886041,-0.0938311,-0.0529717,-0.167582,-0.182147,0.0368618,0.101006,0.45176,0.626863,0.863831,-0.184146,-0.0961902,-0.174629,-0.00203146,0.100211,-0.0241754,-0.173085,-0.0289402,0.0371725,-0.150761,-0.00291812,-0.0501594,0.0176245,-0.146694,-0.158627,0.750939,0.363279,-0.168677,-0.163046,-0.142623,-0.0591474,-0.0145436,-0.0340954,-0.146396,0.143408,-0.0827895,0.0938426,-0.00370919,-0.0422348,-0.0987923,0.041848,-0.157217,-0.168077,0.100155,0.392564,-0.0218903,0.00311107,1,-0.0263494,-0.0617365,-0.142067,-0.164867,0.210032,-0.0809854,-0.0987814,0.0339119,0.00730143,-0.150224,0.184681,-0.114451,0.0438301,0.193267,-0.165881,0.065476500000000007,-0.0750891,-0.0794471,-0.0784298,0.0321187,0.00347538,-0.131306,0.00316397,0.137456,0.0140381,0.0219482,0.0129522,-0.00696579,0.209637,0.201545,0.164273,-0.13838,0.036581,0.476549,-0.0347519,-0.033216,-0.089662,-0.00904643,-0.0381199,-0.142133,-0.152248,0.0946668,-0.0146689,0.171402,-0.00831032,-0.00990066,0.117837,-0.139069,0.106099,0.273935,0.13527,0.0500453,-0.139883,-0.0249106,0.150399,0.164309,0.148033,0.25581,-0.0579243,0.4475,0.0153765,0.448749,0.200346,-0.142486,-0.143256,-0.19125,-0.119397,0.118735
rs1860530,-0.0776195,-0.11569,-0.0897642,0.0390332,0.0439637,0.0439637,0.0386058,-0.0436184,-0.0875506,-0.081867,-0.0446577,0.105438,-0.0881284,0.099737,0.099737,0.0186462,-0.132616,0.104872,0.0704471,0.0908008,0.0483972,-0.0222093,-0.0701888,-0.0345757,-0.0605924,-0.0422485,-0.0178408,0.246789,-4.95779e-4,-0.0297007,0.0580499,-0.0116482,0.0679739,-0.0475381,-0.0591109,-0.17727299999999999,0.368223,8.41419e-4,-0.0517869,-0.156811,-0.17914,-0.0137774,0.0508795,0.0640122,-0.0899885,0.219782,-0.00935648,-0.00816916,0.0831403,-0.136043,0.040976,0.10799,0.100366,0.133295,0.163031,-0.0124405,-0.0348172,-0.0414887,-0.167128,-0.196449,0.0736608,0.0198785,-0.0194688,0.147584,0.21645,-0.0364288,0.0101322,0.0540476,-0.184945,0.00790813,-0.0178302,0.0582672,0.10115,-0.146841,-0.16246,-0.0155107,-0.0181322,-0.0263494,1,-0.0418646,-0.214279,0.0470157,-0.364935,-0.0407813,-0.00885161,-0.0769779,-0.169677,0.114028,0.0838323,0.531572,-0.0685696,0.121751,0.188025,-0.214851,0.0205104,-0.138746,-0.0161285,-0.0355379,0.0929929,-0.19709,0.746569,-0.326554,-0.159967,-0.235468,-0.289573,-0.26919,-0.0328264,-0.107869,0.141847,0.122905,-0.243025,-0.0316493,-2.39982e-4,0.00366785,0.583485,-0.0124576,-0.0311782,0.595382,-0.0221706,-0.409965,-0.0150512,-0.255182,-0.332029,-0.332744,-0.371406,0.611556,0.0431051,-0.0616304,-0.322355,0.319805,0.345911,-0.0514879,-0.020137,-0.0259579,-0.270519,-0.106552,0.00464889,0.00355735,-0.157524,0.035386,0.164738,0.492954,-0.037038,-0.0475182,0.665324,-0.300511
rs2268748,-0.184018,-0.152258,-0.187244,-0.0196358,-0.017688,-0.017688,-0.180637,-0.180289,-0.155909,-0.113866,-0.0964824,-0.0137615,-0.0956323,0.00169756,0.00169756,-0.0378002,-0.134018,-0.165525,0.0153471,0.0249847,-0.0140946,0.132199,-0.0763217,-0.0592314,0.244337,-0.102928,-0.0163223,-0.061047,0.00654731,-0.0367028,-0.0660837,-0.0371953,-0.0761615,-0.0887261,-0.106117,0.0444216,0.054761,-0.104497,0.374661,-0.0591749,0.0544889,-0.114679,0.125877,-0.0101533,0.0664522,-0.019447,-0.1072,0.116704,0.0394226,-0.0388745,-0.0434672,-0.0752455,-0.0515222,-0.0707753,-0.0187536,0.0430759,-0.0586261,0.0880326,0.0524587,-0.0633919,0.0163295,-0.025767,0.0238663,-0.0108961,-0.103706,0.179022,-0.0207594,0.0148361,0.0515546,-0.0861326,-0.0697491,-0.0831112,0.0191366,0.0138375,0.085196,-0.054335,-0.0236039,-0.0617365,-0.0418646,1,0.0659295,-0.0653148,-0.0564871,0.132225,0.0933952,-0.0286746,0.119528,0.0388898,-0.00394621,-0.00787779,-0.0243397,0.103272,-0.107228,-0.0938302,0.163996,-0.0494917,-0.0044273,-0.023453,0.0145524,0.0499827,-0.0222566,-0.0277624,-0.0182563,0.0335239,0.0268753,0.0752588,-0.0174132,-0.127639,-0.0768744,-0.0538673,-0.00317189,0.100599,0.00843035,0.0955428,0.00354042,0.154774,-0.0430661,-0.0218565,-0.0816762,-0.0276997,0.117167,0.0243008,0.018604,0.0277443,-0.0200274,0.00804716,-0.0795325,-0.0201127,-0.03323,-0.0251412,-0.0557525,-0.0210416,-0.037777,-0.0403959,-0.0352012,-0.0182198,-0.0366637,0.125768,0.0900857,0.0985956,-0.0503567,-0.0124555,-0.0711414,-0.0657284,0.0156128,-4.83109e-4
rs10264441,0.0761164,0.0890833,0.097886,0.0549067,0.064491,0.064491,0.0853467,0.119425,0.104352,0.0564343,0.105473,0.0091715,0.100702,0.0343339,0.0343339,0.0386678,0.0985103,-0.0620263,-0.0239998,-0.0510656,-0.0351446,0.107004,-0.0985507,-0.0385649,0.047956,0.129475,0.0700375,-0.0353432,0.140595,-0.0942808,-0.0265957,0.0144927,-0.12743,0.0998577,0.0849093,-0.0109509,-0.0394882,-0.0996848,-0.0616659,-0.168,0.161505,-0.135463,0.0614364,-0.0370786,-0.273662,-0.0793818,0.110429,-0.170221,-0.0999009,0.710363,0.00653886,-0.307496,-0.0322808,-0.0528663,-0.0305551,-0.138543,-0.0508792,0.122764,0.0584643,0.492249,-0.40613900000000003,-0.00166104,-0.00236038,-0.0825773,-0.796384,0.0958621,-0.482001,0.00762046,-0.164604,-0.0424254,-0.010168,0.057377,-0.0457249,-0.339257,-0.0666149,-0.0612969,-0.2538,-0.142067,-0.214279,0.0659295,1,0.0159862,0.210496,0.120142,0.0700331,-0.210594,-0.0204236,-0.0431736,-0.260724,-0.217468,-0.218718,-0.102613,-0.0468594,-0.112106,0.0687085,-0.0533328,0.0496613,-0.0768591,-0.119359,0.844477,-0.13787,0.206245,-0.204066,-0.0154075,-0.0465858,-0.00762492,-0.0895214,-0.0862734,-0.424646,-0.0764387,-0.153471,-0.0599392,0.0125,-0.259039,-0.320165,0.486302,-0.04343,-0.126668,0.017078,0.235224,-0.231399,0.180605,0.0275849,0.028272,0.142874,-0.118552,-0.0202481,-0.192623,0.196986,-0.204742,-0.181006,-0.0815212,-0.115737,-0.12667900000000001,0.289515,-2.35775e-4,-0.0121988,-0.0634066,0.401218,-0.103566,-0.60721,-0.16257,0.0523527,0.435465,-0.217368,0.362223
rs439593,0.0797377,0.0755398,0.0657934,0.0121294,-0.0352863,-0.0352863,0.0291333,0.0569995,0.0629434,0.0366659,0.0956921,-0.00741155,0.155795,-0.00543185,-0.00543185,0.0189449,0.0232113,-0.0419862,-0.120158,-0.124534,-0.266694,0.0773195,0.057006,0.106228,-0.0580959,0.439091,0.048006,-0.0273978,-0.011465,0.0300214,0.375076,0.113011,0.0275967,0.609195,0.428654,-0.0828355,0.0117297,-0.0114649,-0.0213664,-0.153789,-0.00647091,-0.0253337,0.0517313,0.0441861,-0.0544566,0.0376955,0.767276,0.00349031,-0.024352,0.0222717,0.476635,0.0181613,-0.129021,0.0232245,-0.0439887,-0.127241,0.037578,0.0180742,-0.0159071,0.038768,0.0340994,0.0526061,0.0161052,-0.0268406,-0.0502367,0.083814,-0.0177121,0.0421586,-0.0161679,0.294947,-0.0616659,0.0707225,0.0301202,-0.0120388,-0.0917109,0.122104,0.0140103,-0.164867,0.0470157,-0.0653148,0.0159862,1,-0.061198,0.0568088,-0.10329,-0.00696734,0.0261905,-0.0708261,-0.0583903,0.0394297,0.00122317,-0.0396856,0.136957,0.00846281,0.112496,0.0580865,0.103777,0.0588723,-0.0598673,-0.016308,0.00917007,-0.0365958,-0.0178796,0.0140711,-0.0112416,0.0130036,0.0405208,0.07341,-0.0467132,-0.0103528,0.0124691,-0.194482,-0.058574,0.0215855,0.0403563,-0.0499016,0.117743,0.0484123,-0.0838335,-0.0548819,0.0163881,0.0119965,-0.00167795,0.00341088,-0.0546413,0.0406852,-0.0791182,0.0591656,-0.0414264,0.019798,0.108174,0.0888161,0.0104407,0.00521637,-0.097603,0.0950538,0.038801,-0.170193,0.0097513,-0.192436,-0.0761916,0.0253774,-0.074453,0.0562701,0.0333165,-0.0422132
rs10224604,0.0168661,0.013738,0.00872774,-0.137575,-0.11835,-0.11835,-0.0287855,-0.0116827,-0.0742946,-0.0709689,-0.016109,-0.13571,0.0300837,-0.104138,-0.104138,-0.149483,-0.0597945,-0.00796052,-0.144481,-0.144251,-0.13473,0.0207396,0.0634428,0.0859765,0.0747096,0.0138903,0.096642,-0.12272,-0.0407928,0.0739872,-0.0309202,0.0381303,-0.0691731,-0.0188102,0.0576014,0.00192034,0.00623177,0.0979897,0.211516,0.288926,-0.187314,-0.154443,-0.0793487,-0.075953,-0.140289,-0.0061514,0.00434983,-0.385109,0.00615056,0.321126,-0.0206297,-0.200831,-0.136646,-0.118229,-0.133799,0.11353,0.221931,0.0410188,-0.327557,0.319775,-0.285722,-0.00362967,0.111726,-0.119882,-0.0678836,-0.0270002,0.154859,-0.0251268,-0.246732,-0.100208,0.0654057,0.0292929,-0.00739875,-0.0550844,0.351137,0.0637371,0.181104,0.210032,-0.364935,-0.0564871,0.210496,-0.061198,1,0.0229965,0.0565274,0.280782,-0.106295,-0.110583,-0.0218298,-0.396212,0.264264,-0.162509,-0.188858,0.197441,0.0258056,-0.249072,0.0469876,-0.0830495,-0.0338438,0.180951,-0.265237,0.770525,-2.52749e-4,2.78246e-4,-0.139857,-0.343461,0.0496436,0.183009,0.0546358,-0.160997,0.143785,0.131175,0.0711951,-0.198395,-0.329926,-0.0849628,0.127691,-0.558738,0.127311,0.481086,-0.171839,0.532142,-0.22377,-0.222327,0.542676,-0.576895,-0.102832,0.0683345,0.761585,-0.320417,-0.226782,-0.0722278,0.0399327,0.0345317,0.617955,0.145098,-0.0916888,0.10628,-0.143216,0.112596,0.0934213,-0.676566,0.138475,0.133342,-0.510289,0.63343
rs11773115,0.0450382,0.0624381,0.144465,0.0947812,0.102014,0.102014,-0.00214417,0.125577,0.0902818,0.0649228,0.0958485,0.0525216,-0.00717527,0.0300622,0.0300622,0.0963042,0.0637579,-0.0325581,0.122991,0.0926004,0.0928946,0.568945,0.16007,0.238784,0.0503286,0.0720691,0.51735,-0.132203,-0.142401,-0.140009,-0.160974,0.315633,-0.142619,0.099671,-4.15834e-4,0.0513511,0.0256344,-0.199187,-0.0392395,-0.0424032,0.017583,-0.0856172,0.7213,-0.102048,0.0316363,-0.0332358,0.0121728,-0.0240125,-0.10897,0.0361797,-0.00424481,-0.122661,-0.258457,-0.100951,-0.185807,-0.176076,-0.0859977,0.549772,0.0336615,0.0396147,-0.120763,-0.118429,-0.070551,-0.215436,-0.116464,0.890402,-0.0148322,-0.123897,-0.029749,0.109271,0.196401,0.435416,0.330234,0.0242943,0.0559173,0.172899,-0.00652949,-0.0809854,-0.0407813,0.132225,0.120142,0.0568088,0.0229965,1,0.11132,-0.0061362,0.0814877,0.223148,0.0535146,0.0138684,0.00701771,-0.00998029,-0.00956356,-0.0314905,0.822752,-0.10417,0.790072,-0.0504806,0.0955777,0.117379,0.0201002,0.0269112,-0.00221643,-0.0413854,-0.0223841,0.0315148,-0.288393,-0.351081,-0.0132899,-2.67028e-4,-0.0704331,-0.0451107,0.00414259,0.0151511,-0.00992044,0.133712,0.119538,0.0272457,0.0384823,0.0325532,-0.0180765,-0.0204749,-0.0269236,-0.0291411,0.023445,0.0205194,-0.321675,-0.328806,0.0272641,-0.0866631,-0.108301,-0.0435255,-0.0751041,-0.0665578,0.0642094,-0.185901,-0.0366017,-0.0614072,0.0905536,-0.0746248,-0.0376204,0.0288174,0.0600099,-0.0391243,-0.0100285,0.0323745
rs36031806,0.055947,0.0275424,0.0598269,-0.101901,-0.0986601,-0.0986601,-0.022336,0.0497058,-0.00745712,0.0819299,-0.00624438,-0.0765552,-0.197506,-0.0760493,-0.0760493,-0.0780675,0.178032,-0.166956,-0.338941,-0.354077,-0.280831,0.0128602,0.142795,0.0572095,0.109176,-0.0929269,0.0655648,-0.126078,-0.00571861,-2.12155e-4,-0.115268,0.0957998,-0.0330885,-0.127075,-0.159119,0.0917426,0.139116,0.0561359,0.0700452,-0.0814086,-0.0646921,-0.101772,-0.037484,-0.0802915,0.0274353,-0.0545503,-0.145748,-0.0757738,-0.071203,0.0746113,-0.132379,-0.0973714,-0.110029,-0.058071,-0.0387311,-0.185007,0.147069,-0.00114804,-0.0563434,0.0567356,-0.11621,-0.103663,0.0249477,-0.0178163,-0.0403728,-0.031814,-4.92578e-4,-0.0752126,-0.0266253,-0.055035,0.366461,0.0161814,0.0102444,-0.0491858,-0.0326852,0.056105,-0.0539225,-0.0987814,-0.00885161,0.0933952,0.0700331,-0.10329,0.0565274,0.11132,1,-0.0368237,-0.0476198,-0.0660197,0.0170687,-0.067596,-0.0388733,0.0370534,-0.0815769,-0.0718623,0.0391548,-0.116347,-0.103005,-0.0381088,-0.103992,0.0885393,0.0682881,0.0260912,0.0256498,-0.0186173,0.0190253,-0.0707801,3.20596e-4,0.133861,-0.00256339,-0.0438604,-0.0465468,0.634127,0.03759,-0.0303557,-0.0768703,0.0618217,0.0644455,-0.0421222,0.418874,0.0815523,-0.0504712,0.0571902,0.0324848,0.0306593,0.0642764,-0.0504037,-0.0889,0.016835,0.0373898,-0.0261028,-0.0939014,-0.0117007,-0.0354673,-0.0412847,0.0673815,-0.139025,-0.0498516,0.629627,-0.0247934,0.560802,0.0333959,0.00399388,0.50709,7.57603e-4,-0.0660142,0.0433851
rs11770370,0.106101,0.102246,0.151492,-0.0697991,-0.0466753,-0.0466753,0.0495528,0.0802381,0.0618351,0.0470565,0.0718633,-0.0872499,0.0139732,-0.0936304,-0.0936304,-0.050504,-0.0458547,-0.109526,0.0194487,0.00729169,0.00788153,0.0382357,0.00685995,0.024488,0.00618502,-0.0300764,-0.0504039,-0.096588,-0.0255112,-0.0222049,0.00184429,-0.0291618,-0.0607799,-0.0294099,-0.0379422,-0.296147,-0.244434,-0.0145796,0.0193898,0.0383096,-0.0381445,0.0108685,-0.012979,0.00103155,-0.225195,0.336015,-0.0472328,-0.115123,-0.0592986,-0.143075,0.00148179,0.0130866,0.0803825,-0.0801347,-0.0693501,0.0318957,0.0706818,-0.0257406,-0.00951852,-0.073421,-0.0351291,-0.0208342,0.0730183,0.00998407,0.273595,-0.0198884,0.365771,-0.0142652,-0.0780381,-0.00635793,0.00784413,-0.0727266,-0.0214782,0.225591,-0.132365,-0.0328934,0.834812,0.0339119,-0.0769779,-0.0286746,-0.210594,-0.00696734,0.280782,-0.0061362,-0.0368237,1,0.357735,-0.0482748,0.129579,0.377488,0.976931,-0.182348,-0.0941177,0.302044,0.0470005,-0.0737562,-0.0352129,-0.0740819,-0.0362264,-0.194755,-0.0484837,0.370772,0.583676,-0.173508,-0.209282,-0.160194,-0.0362347,-0.0178781,0.225291,-0.0633297,0.379208,-0.00468682,0.0894774,-0.0832088,0.420475,-0.135069,6.21054e-4,-0.137269,-0.0164075,0.244838,-0.0678897,-0.17428,-0.256954,-0.25726,0.28789,-0.13969,0.0626818,0.0140203,0.360575,-0.116299,-0.0167376,-0.0431983,-0.0374884,-0.0265079,-0.182022,-0.00824191,-0.012792,-0.0955689,-0.114531,-0.0264428,0.281409,-0.189845,-0.0126292,-0.12216,-0.0779901,-0.196579
rs7811699,0.0654762,0.112402,0.132406,0.114278,0.122689,0.122689,0.0485411,0.115091,0.15548,0.0296156,0.116295,0.0918359,-0.0476874,0.0647895,0.0647895,0.132379,-0.0573507,-0.18662,0.114259,0.105097,0.092219400000000007,0.0152955,-0.0180319,-0.02173,0.145008,-0.00207591,-0.0334413,-0.0972122,-0.0712707,-0.0282967,0.0188949,-0.00185349,-0.03436,0.0317731,-0.0619233,0.0750742,-0.176796,-0.0816871,0.0346244,0.0197291,0.224189,-0.0626774,0.0546132,0.034012,0.21994,-0.23983,-0.0165489,0.386271,-0.0349987,-0.38783,0.0867425,-0.20391,0.0322278,-0.0713221,-0.0517714,0.0112395,0.0214525,0.0502323,0.328197,-0.245847,0.0851442,0.0345123,-0.0185217,-0.0146378,-0.278946,0.0685782,-0.0173852,-0.00757848,-0.157169,0.00277498,0.0140556,-0.0774573,-0.0264216,0.636069,0.00791429,-0.0191069,0.429925,0.00730143,-0.169677,0.119528,-0.0204236,0.0261905,-0.106295,0.0814877,-0.0476198,0.357735,1,0.00141964,0.171214,0.331644,0.362424,-0.0921526,-0.0768955,-0.0132437,0.0719762,-0.0811591,-0.0157947,0.212942,-0.0174298,-0.0586649,-0.119914,0.0133583,0.184703,-0.120312,-0.201557,0.594272,-0.0169853,-0.0493381,-0.0220234,-0.00135261,0.0883157,-0.0523377,-0.0103448,0.409372,0.231012,0.14412,-0.0201948,0.159091,-0.0527024,0.0684011,0.392895,-0.103467,-0.0492262,-0.0517327,-0.0373907,0.157903,0.0506284,-0.0326194,0.00683404,-0.377261,-0.160329,0.196354,-0.0403536,-0.0337887,-0.177468,-0.00369691,0.0726084,-0.0611503,0.552653,-0.0626095,-0.14925,0.0922845,-0.0648438,-0.49741,0.0449374,-0.224149
rs1558308,-0.037682,-0.0780926,-0.0247899,0.0671512,0.0602052,0.0602052,0.0732376,-0.0246574,-0.0592723,-0.0844657,-0.061541,0.0214608,-0.10392,0.00112525,0.00112525,0.0158775,-0.0934264,0.163192,0.274165,0.249786,0.277277,0.107692,-0.266588,-0.228599,-0.0507297,-0.146453,0.111474,0.311152,-0.105053,-0.122799,-0.0746036,-0.21584,0.427891,-0.101491,-0.162806,0.0553765,0.00567813,-0.162634,-0.151123,-0.109695,0.113077,-0.0636302,0.472207,-0.0279462,0.107867,-0.00880086,-0.143899,0.0749612,-0.0998295,-0.0151876,-0.0104491,0.0318461,-0.151899,0.572017,0.467172,-0.126376,-0.135896,0.321292,0.147008,-0.0405591,0.0890036,-0.0508509,-0.154391,0.399164,0.00246648,0.252073,0.00552209,-0.056173,-0.0729401,-0.0519977,-0.0744846,0.471616,0.571671,0.0557888,-0.0492339,-0.276431,-0.0196792,-0.150224,0.114028,0.0388898,-0.0431736,-0.0708261,-0.110583,0.223148,-0.0660197,-0.0482748,0.00141964,1,-0.0294678,0.166835,-0.0365098,-0.0204288,0.126987,-0.0992689,0.247923,-0.123748,0.277796,-0.116412,0.675208,-0.0111832,0.0104878,-0.132278,-0.00167816,-0.109812,-0.0532716,-0.00612227,-0.14223,-0.284012,-0.0268666,0.728658,-0.120457,-0.14806,-0.0860096,0.106199,0.180831,0.0263526,-0.336483,0.185976,-0.00574767,-0.110349,0.109425,-0.0978742,-0.0941134,-0.0960208,-0.0987589,0.206761,-0.266042,-0.173028,-0.123815,-0.0575097,0.138848,-0.0746163,-0.101133,-0.107935,-0.110904,-0.192618,-0.0816316,-0.162471,-0.0537885,-0.155943,-0.0257103,0.198313,-0.0139568,0.00206866,0.207564,-0.0994093
rs2091114,-0.0842385,-0.0704615,-0.0782001,0.15167,0.164077,0.164077,-0.133107,0.00128513,-0.0102882,-0.0357152,0.0224909,0.203151,-0.0978476,0.187299,0.187299,0.160504,-0.0503288,-0.00687343,0.0292832,0.0416515,0.0228096,0.02346,0.0473925,0.0334539,0.0941002,-0.111276,-0.0034286,-0.0941119,-0.136419,0.0460568,0.00605687,0.00687436,0.0244968,-0.0653739,-0.15631,0.0569199,0.140658,0.0130773,0.0840152,0.18279,-0.1122,-0.0633468,0.0754597,0.11699,0.272249,-0.0885609,-0.0962662,-0.237139,0.0553385,-0.597707,0.121427,-0.346469,0.00263974,-0.0175556,0.0225528,0.101201,0.00676474,0.0735891,-0.0274202,-0.514763,-0.496334,0.100641,-0.0265784,0.0359945,0.405774,0.0674954,0.351455,0.0907039,-0.228428,-0.0648918,-0.00734834,-0.0209177,0.00805739,0.38581,0.243983,0.043476,0.127804,0.184681,0.0838323,-0.00394621,-0.260724,-0.0583903,-0.0218298,0.0535146,0.0170687,0.129579,0.171214,-0.0294678,1,0.0954395,0.131523,0.368494,-0.101584,-0.0317246,0.0510497,-0.203962,-0.0128703,-0.109086,-0.0084489,-0.360324,0.143573,-0.0639698,0.272251,-0.135036,0.0453188,-0.0758855,-0.00526236,-0.0582177,0.819035,0.0113049,-0.0692249,0.0934026,0.0040333,-0.223986,-0.00487058,0.01259,0.0282663,0.0393032,-0.0441172,0.179804,-0.280419,-0.0527202,0.120573,0.120275,0.0892177,0.0355745,-0.0487337,-0.0367959,-0.0688094,0.013464,0.0158569,-0.0830468,0.0364942,0.04355,-0.101227,0.0224151,0.110586,0.0919966,0.316172,0.123514,0.661171,0.182407,-0.0404775,-0.73208,-0.0653619,-0.151741
rs6461679,0.124973,0.112266,0.157002,-0.0510584,-0.0432626,-0.0432626,0.177632,0.101521,0.112554,0.0296118,0.0869115,-0.0248518,-0.01903,-0.0435724,-0.0435724,0.00577076,-0.0938032,-0.0313818,0.0924514,0.0991142,0.0489277,0.0759154,-0.105176,-0.0391113,-0.171182,-0.0382118,-0.0416667,0.127671,0.0328122,-0.100812,0.00827685,-0.0357631,0.0394551,-0.0122682,-0.0956147,-0.189965,-0.152034,-0.092263800000000007,-0.140628,-0.169249,0.427406,-0.0429706,0.08344,0.0376592,-0.0429524,0.212787,-0.0230907,0.0591804,0.0149231,-0.223249,0.0659576,-0.053419,0.130083,0.0929956,0.104362,-0.0251458,-0.100188,-0.00733354,0.544698,-0.258037,0.126888,-0.0057238,-0.045033,0.113311,0.0591455,0.0138262,0.00417706,0.00228486,-0.259583,0.0162539,-0.0352457,0.0229942,0.0997375,0.159988,-0.291816,-0.0840724,0.378985,-0.114451,0.531572,-0.00787779,-0.217468,0.0394297,-0.396212,0.0138684,-0.067596,0.377488,0.331644,0.166835,0.0954395,1,0.370968,-0.117322,0.146693,-0.190861,0.0832979,-0.241245,0.0432876,-0.09526,0.0597724,-0.254519,0.419468,-0.247699,-0.00605373,-0.45964699999999997,-0.605197,-0.0319675,-0.100185,-0.174632,0.184341,0.139739,-0.211939,-0.08361,-0.019768,0.302132,0.905144,-0.0483315,-0.114958,0.840304,-0.0542289,-0.315114,0.259974,-0.428797,-0.518846,-0.51642,-0.405967,0.862089,0.1009,-0.0877363,-0.244926,0.128661,0.152193,-0.0713871,-0.0965159,-0.0923815,-0.454251,-0.132184,0.082874,-0.0964749,-0.0622158,-0.0427134,0.120091,0.613403,-0.0597259,-0.240707,0.792709,-0.479459
rs17725943,0.091489,0.0879305,0.138748,-0.0668242,-0.0433706,-0.0433706,0.0377833,0.067412,0.0492815,0.0362294,0.060186,-0.0838738,0.00263169,-0.0901022,-0.0901022,-0.0465262,-0.0495999,-0.101743,0.0228243,0.0110272,0.00765508,0.0311571,0.00383466,0.0169753,0.0186139,-0.0342541,-0.0477007,-0.0922568,-0.0588313,-0.0266259,0.00715453,-0.0404474,-0.0573808,-0.0311009,-0.0471211,-0.286916,-0.234122,-0.00871033,0.033869,0.0469524,-0.063407,0.0177804,-0.00478753,0.00400169,-0.211221,0.324178,-0.0477884,-0.10015,-0.0575948,-0.157747,0.00574828,0.0226669,0.0725782,-0.0735011,-0.0750318,0.0414748,0.0827321,-0.0188573,-0.0395275,-0.0731019,-0.0235405,-0.0176846,0.0801524,0.00614204,0.277784,-0.00849874,0.368863,-0.011179,-0.070574,-2.58773e-4,0.0120697,-0.0649835,-0.0171598,0.237315,-0.127243,-0.044796,0.827179,0.0438301,-0.0685696,-0.0243397,-0.218718,0.00122317,0.264264,0.00701771,-0.0388733,0.976931,0.362424,-0.0365098,0.131523,0.370968,1,-0.168658,-0.0862127,0.312835,0.0598504,-0.067468,-0.02553,-0.0719534,-0.0193694,-0.204014,-0.0418383,0.36742,0.573502,-0.171402,-0.203653,-0.14644,-0.0270391,2.40625e-4,0.22528,-0.0545882,0.368313,0.00161964,0.0945596,-0.0777561,0.412064,-0.147249,-0.00700117,-0.131799,-0.00974624,0.239266,-0.062696,-0.164847,-0.249571,-0.249869,0.281063,-0.134136,0.0534715,0.0239487,0.374584,-0.12071,-0.024313,-0.040619,-0.0317043,-0.0204185,-0.181111,0.00107457,-0.00915419,-0.0911966,-0.106305,-0.0187364,0.27861,-0.180634,-0.00636067,-0.128357,-0.0997915,-0.195247
rs35277459,-0.179857,-0.169548,-0.17793,0.0457459,0.0540005,0.0540005,-0.156332,-0.15612,-0.119501,-0.121361,-0.0870399,0.0342881,-0.061809,0.0265285,0.0265285,0.0859315,-0.134529,-0.0324332,-0.00168529,0.0151749,0.00244775,-0.0253082,0.0719728,0.00781426,0.13334,-0.0761691,-8.78224e-4,0.0429582,-0.0328646,0.0180808,0.0108004,0.0195915,0.0218115,-0.0232115,-0.0918869,0.231514,0.345823,-0.0138479,0.133151,0.150655,-0.183004,-0.0535399,0.0242818,0.105762,0.33267,-0.222031,-0.0423726,-0.00811734,0.0630444,-0.297678,0.0760875,-0.0342852,-0.0387494,0.022255,0.0466798,0.0662098,0.0903846,0.0155109,-0.14179,-0.219894,-0.111334,0.0600692,-0.041777,0.0538333,0.21064,0.0234776,0.273279,0.0839344,-0.0221685,-0.0314481,0.0176495,-4.48369e-4,-0.02047,0.206464,0.44658,0.0197414,-0.181245,0.193267,0.121751,0.103272,-0.102613,-0.0396856,-0.162509,-0.00998029,0.0370534,-0.182348,-0.0921526,-0.0204288,0.368494,-0.117322,-0.168658,1,-0.0136721,-0.249784,-0.0194825,-0.123003,-0.06186,-0.112136,0.00987311,-0.165924,0.0466623,-0.0513503,0.103816,-0.116597,0.0927345,-0.0333167,0.0125419,-0.030465,0.32834,5.83738e-4,-0.236307,0.0652817,-0.0297222,-0.138503,-0.212867,-0.0381464,-0.00937438,-0.0199213,-0.155596,0.224287,-0.128995,0.118454,0.178795,0.179736,0.119753,-0.0231236,-0.0512069,0.0236622,-0.0466668,-0.00386408,0.215746,-0.104473,0.0582376,0.0628976,0.0413475,0.00682709,0.128128,0.109023,0.155043,0.0764544,0.256497,0.189302,-0.143971,-0.27723,-0.140162,0.0413569
rs11772019,0.18967,0.141098,0.1331,-0.0952513,-0.0921235,-0.0921235,0.48651,0.10552,0.107286,0.105093,0.11485,-0.110038,-0.0875016,-0.107599,-0.107599,-0.0969584,-0.00427139,0.122518,0.265169,0.258249,0.20888,-0.0713904,-0.0951151,-0.08093,-0.159658,0.0992925,-0.085404,0.588087,0.00649133,-0.0218893,-0.106854,-0.0400808,0.173411,0.0664762,-0.0133537,0.0208126,0.0791268,-0.177528,-0.257506,-0.141155,0.0285259,-0.038704,0.126382,-0.0756505,0.0696607,0.00589353,0.0389477,0.0822527,-0.0413349,0.0226807,-0.0573286,0.151065,0.0534206,0.26977,0.247427,-0.128894,-0.18207,-0.0136738,0.0534986,0.00515989,0.14196,-0.0981714,-0.038415,0.20439,0.0316308,-0.0121686,0.00482906,-0.0699035,-0.0210734,0.554384,-0.014022,0.0813376,0.0573959,0.0138337,-0.0726596,-0.045661,-0.0431557,-0.165881,0.188025,-0.107228,-0.0468594,0.136957,-0.188858,-0.00956356,-0.0815769,-0.0941177,-0.0768955,0.126987,-0.101584,0.146693,-0.0862127,-0.0136721,1,-0.105851,0.00489256,0.0284033,-0.00632758,-0.0324938,0.0387126,-0.00354218,-0.0543884,-0.125719,-0.113396,-0.0601237,-0.0914067,-0.0613434,-0.0640792,-0.108376,-0.0890928,0.226316,-0.12984,-0.180419,0.0436675,0.0298046,0.189658,-0.024497,-0.0689517,0.227495,-0.0593426,-0.188239,0.0322028,-0.0199766,-0.11827,-0.119577,-0.159967,0.20964,-0.00948292,-0.0761958,-0.134453,0.0259662,0.323604,-0.0273866,-0.0354445,-0.0409932,-0.0809612,-0.0982068,-0.0781861,-0.162846,-0.0860688,-0.162901,-0.0754644,0.170361,-0.0545098,0.113862,0.245144,-0.0832316
rs6461684,-0.123561,-0.107846,-0.0877663,-0.141479,-0.136728,-0.136728,-0.168894,-0.152732,-0.168779,-0.135692,-0.195414,-0.152578,-0.0931284,-0.138331,-0.138331,-0.163888,-0.0116325,0.260511,0.0199103,0.00901025,0.0576571,-0.0410947,-0.00850863,-0.0215457,-0.0666426,-0.0456317,-0.075323,-0.123266,-0.0906161,0.174935,0.00836644,-0.0747126,0.0425326,-0.0868109,-0.00755513,-0.341334,-0.599062,0.242495,-0.00518501,0.119939,-0.345393,0.227632,-0.0654129,-0.0758454,-0.298003,0.272186,-0.075048,-0.0019729,-0.0399197,-0.0445902,-0.0288691,0.251426,0.0337222,-0.0792491,-0.0750721,0.106766,-0.0331159,-0.0940093,-0.295255,-0.111243,0.121896,-0.00496386,0.0262264,-0.0623772,0.215165,-0.0197696,0.0376715,-0.05366,0.312721,0.0322425,-0.0287505,-0.119395,-0.118069,-0.109646,-0.174287,0.0538954,0.25166,0.065476500000000007,-0.214851,-0.0938302,-0.112106,0.00846281,0.197441,-0.0314905,-0.0718623,0.302044,-0.0132437,-0.0992689,-0.0317246,-0.190861,0.312835,-0.249784,-0.105851,1,0.00662441,0.558876,-0.0320482,-0.0610706,-0.026704,-0.12123,-0.177915,-0.147395,0.016304,0.699742,0.53019,0.0645677,0.0240019,0.107477,0.0233819,-0.11852,0.823152,0.0709212,0.010838800000000001,-0.146691,-0.158208,-0.0138226,0.0726923,-0.354908,0.0981177,-0.301217,-0.123816,-0.289742,0.463321,0.459463,-0.256154,-0.365686,-0.00160775,0.0803634,-0.146404,0.183091,-0.123062,-0.05366,0.138877,0.136903,-0.317353,0.0745514,-0.128934,-0.00702062,-0.0986133,0.0561603,0.0189359,-0.495056,0.108861,0.144021,-0.35214,-0.330298
rs11763760,0.0501882,0.0551306,0.146813,-0.0378975,-0.0458203,-0.0458203,0.0212799,0.0703198,0.0313951,0.010456,0.0579368,-0.0595146,0.0395527,-0.0760387,-0.0760387,-0.04021,0.0107157,0.0103252,0.115727,0.0826571,0.065257,0.706944,0.0856333,0.134016,-0.0255247,0.0885944,0.430729,-0.0816515,-0.108179,-0.0653931,-0.153391,0.189343,-0.0535773,0.143203,0.0383962,-0.0658421,-0.0234082,-0.188165,-0.0398152,-0.0443466,0.0327741,-0.103844,0.6314,-0.0857948,-0.0598618,0.0728868,0.0513172,-0.0562788,-0.116339,0.0170322,0.0325134,-0.100492,-0.211066,-0.0644309,-0.15193,-0.141215,-0.109037,0.448914,0.04691,0.0083864,-0.100523,-0.115556,-0.0360058,-0.172284,-0.062862,0.836517,-0.0109849,-0.106338,-9.24859e-4,0.115663,0.0605958,0.37546,0.28735,-0.0137959,0.0137156,0.116328,0.050013,-0.0750891,0.0205104,0.163996,0.0687085,0.112496,0.0258056,0.822752,0.0391548,0.0470005,0.0719762,0.247923,0.0510497,0.0832979,0.0598504,-0.0194825,0.00489256,0.00662441,1,-0.102359,0.738817,-0.0423744,0.163812,0.0625551,0.0790378,0.017808,-0.0139853,-0.0398459,-0.050804,0.00418472,-0.269619,-0.333527,0.0215691,0.00204531,-0.0228576,-0.087121,0.0520951,0.00468875,0.0663392,0.105848,0.088902900000000007,0.0670613,0.0125983,-0.0187747,-0.0235255,-0.0351618,-0.0650893,-0.0669808,-0.0277667,0.0655669,-0.32792,-0.313738,0.0153782,-0.0387567,-0.0970143,-0.0535711,-0.0257418,-0.0154011,0.00209931,-0.169656,-0.0635222,-0.101501,0.0525094,-0.133502,2.96009e-4,0.0212344,0.0255017,-0.040556,0.0399459,-0.00971053
rs17311453,-0.0808531,-0.0615182,-0.0763414,-0.0945973,-0.110219,-0.110219,-0.0743804,-0.134427,-0.0838416,0.0109791,-0.12045,-0.0995071,-0.0385071,-0.107698,-0.107698,-0.099366,0.118127,0.140677,0.0381485,0.0427261,0.0671784,-0.139594,-0.0678023,-0.0739452,0.010644,0.0126835,-0.128863,-0.00534665,-0.0503198,0.0532643,0.0865442,-0.0442152,0.00593298,-0.0270018,0.084147,-0.157799,-0.332591,0.176928,-0.043717,-0.0567355,-0.200227,0.369875,-0.0986621,-0.0789289,-0.219738,0.112116,0.0246267,0.238969,0.0144215,-0.0309739,-0.074183,0.426817,0.132469,-0.0235418,-0.0130238,-0.0215987,-0.0329141,-0.134733,-0.160451,0.0276504,0.299195,-0.0939694,-0.0165837,-0.0147653,0.106424,-0.079186,-0.178735,-0.0891979,0.513307,0.0626701,-0.0283319,-0.133671,-0.156943,-0.192328,-0.102977,-0.011239,-0.0554055,-0.0794471,-0.138746,-0.0494917,-0.0533328,0.0580865,-0.249072,-0.10417,-0.116347,-0.0737562,-0.0811591,-0.123748,-0.203962,-0.241245,-0.067468,-0.123003,0.0284033,0.558876,-0.102359,1,-0.109335,0.0271524,-0.097735,-0.00580248,-0.116778,-0.20164,-0.15737400000000001,0.525936,0.406331,0.299444,0.0709478,0.0676651,-0.233839,-0.0599679,0.473647,-0.0685125,0.0220508,-0.0956378,-0.234628,-0.0527062,-0.00342411,-0.212854,-0.0106213,-0.270402,-0.0762648,-0.172813,0.390038,0.387579,-0.249476,-0.216266,0.100172,0.0901566,-0.193337,0.229236,-0.0902771,0.0081793,0.0235172,0.0186185,-0.175086,0.0676861,-0.0834246,-0.0901616,-0.0221725,-0.0733351,-0.24672,-0.31015,-0.0123617,0.304677,-0.22147,-0.161718
rs11767313,0.0538798,0.0493993,0.100347,-0.0578983,-0.0676421,-0.0676421,0.00927738,0.0229194,0.00672526,0.0151797,0.0250108,-0.0812362,0.0832255,-0.094302,-0.094302,-0.0475007,0.00605317,0.0783938,0.130736,0.110574,0.067813300000000007,0.526362,0.194999,0.252652,-0.0779353,0.114408,0.561742,-0.077821,-0.102716,-0.0912102,-0.116976,0.326081,-0.0488866,0.17469,0.0810972,0.0281903,-0.0376999,-0.166006,-0.0944548,-0.0259387,0.0708213,-0.0610822,0.673348,-0.0863359,0.0184661,-0.0085689,0.101218,-0.0589117,-0.0772217,0.074271,0.0261531,-0.0694313,-0.224904,-0.0332322,-0.136723,-0.122863,-0.0947127,0.445578,0.0859437,0.0581545,-0.0562318,-0.1099,-0.126905,-0.178959,-0.0669643,0.803226,-0.00398623,-0.102543,-0.0296515,0.104284,-0.101981,0.521824,0.352288,-0.00654887,0.0238296,0.221178,-0.0272463,-0.0784298,-0.0161285,-0.0044273,0.0496613,0.103777,0.0469876,0.790072,-0.103005,-0.0352129,-0.0157947,0.277796,-0.0128703,0.0432876,-0.02553,-0.06186,-0.00632758,-0.0320482,0.738817,-0.109335,1,-0.0516714,0.141475,0.0622992,0.0205969,0.0240917,-0.060139,-0.0512197,-0.0555321,-0.0222438,-0.215031,-0.347498,-0.00638805,0.0206738,-0.0803362,-0.176643,-0.0209973,0.0477418,0.029219,0.0360539,0.134193,0.068417,-0.00316404,-0.0255026,0.0122415,-0.0402233,-0.0829588,-0.0844988,-0.0182053,0.0672435,-0.315729,-0.248892,0.0187521,-0.0654501,-0.0661253,-0.0465801,-0.0371405,-0.0245655,0.0537824,-0.157566,-0.0643185,-0.181876,-0.027715,-0.180231,-0.0297718,0.0403143,9.20641e-4,0.0220891,0.0534593,0.0410872
rs7783756,0.0043395,0.0181919,-0.0218041,0.065257,0.0284903,0.0284903,-0.0191884,-0.00283014,0.0511796,-0.0287493,0.0138065,0.0793991,0.0465294,0.0712345,0.0712345,0.0755932,-0.0221342,-0.0840611,-0.0271676,-0.00545951,-0.0610643,0.0042079,0.0487555,0.0175276,0.0764813,0.0292263,-0.0210952,-0.0417638,-0.0149943,0.0561995,0.0431608,0.00772819,-0.0319753,0.0411782,0.0791539,-0.126256,0.0616937,-0.0517241,0.0789811,0.0408074,-0.0122953,-0.0550387,-0.096794,0.0241408,-0.111816,-0.0952899,0.0412105,0.197858,0.0951,-0.0601702,0.0776397,-0.0294151,-0.0956261,-0.0724581,-0.0558852,0.0165597,0.0773233,0.00744997,-0.029337,-0.0313015,-0.0420094,0.00839376,0.0519705,-0.0617308,-0.162298,-0.042293,-0.146195,0.0130502,-0.0141689,-0.0160665,0.0393478,-0.0739014,-0.0764169,0.104532,-0.0110312,0.056821,-0.0788301,0.0321187,-0.0355379,-0.023453,-0.0768591,0.0588723,-0.0830495,-0.0504806,-0.0381088,-0.0740819,0.212942,-0.116412,-0.109086,-0.09526,-0.0719534,-0.112136,-0.0324938,-0.0610706,-0.0423744,0.0271524,-0.0516714,1,0.0138836,-0.0478188,-0.0382079,-0.0265982,-0.0916658,0.189356,-0.0612449,0.240853,-0.0171736,0.1283,-0.124,-0.0978158,0.170594,-0.0553278,-0.0424744,-0.0346679,-0.0971508,-0.0195506,0.0922469,-0.074882,-0.0565475,-0.10915,-0.0254049,0.202144,0.100844,0.0999543,-0.0820456,-0.0762176,-0.0255127,0.0399419,-0.0389639,-0.0906464,-0.0904898,0.813568,0.0562463,0.0535939,-0.00934905,-0.00783411,0.08375,0.0134112,0.329095,-0.0166458,-0.147535,-0.116556,-0.0784302,-0.0800121,-0.0673208,-0.0175549
rs7779633,-0.083364,-0.109978,-0.0766516,0.019797,0.0054108,0.0054108,-0.0320824,-0.098726,-0.120444,-0.182397,-0.116207,-0.012623,0.0361949,-0.0296684,-0.0296684,-0.0287364,-0.180381,0.131606,0.0966376,0.0826849,0.127072,0.0739299,-0.0987213,-0.225373,0.0499231,-0.135615,-0.0576478,0.183263,-0.196154,0.222892,-0.078861,-0.339292,0.518333,-0.102483,-0.0550424,-0.00491312,0.00343506,-0.127094,-0.00276032,0.0355975,0.0266721,-0.0747461,0.289996,-0.0268562,0.0510307,0.0139581,-0.143277,0.0878493,-0.0582404,-0.0814715,-0.0137954,0.0439176,-0.195336,0.415111,0.329902,-0.00721224,-0.00118068,0.229253,0.0396344,-0.073299,0.0988868,-0.0407768,0.284781,0.281904,0.0617546,0.142087,0.00552284,-0.0518998,-0.0443027,-0.0513959,-0.073029,0.245719,0.502237,0.0231137,-0.0343195,-0.0955394,-0.0337604,0.00347538,0.0929929,0.0145524,-0.119359,-0.0598673,-0.0338438,0.0955777,-0.103992,-0.0362264,-0.0174298,0.675208,-0.0084489,0.0597724,-0.0193694,0.00987311,0.0387126,-0.026704,0.163812,-0.097735,0.141475,0.0138836,1,-0.100586,0.0360326,-0.0923918,-0.0203405,0.0137523,0.0011952,-0.00416786,-0.213712,-0.12887,0.0170036,0.494669,-0.00955241,-0.105447,0.135281,0.0878761,0.0869731,-0.0411244,0.0641935,0.0713958,-0.0252428,-0.110373,0.0986072,-0.0117718,-0.0209152,-0.0195787,-0.08962,0.0822593,-0.435437,-0.150335,-0.0821211,9.42392e-4,0.086327,0.0250624,0.40702700000000003,0.407655,-0.0889637,-0.2458,-0.0752579,-0.0924245,-0.0578944,-0.05124,0.0381744,0.0648461,-0.060739,-0.043318,0.0946464,-0.07125
rs10262258,0.0800399,0.0765058,0.0631722,0.0535862,0.062749,0.062749,0.0872355,0.111387,0.0939239,0.0656003,0.11903,0.0222706,0.0978775,0.0495585,0.0495585,0.0429654,0.107511,-0.0588066,-0.0266672,-0.055775,-0.0161132,0.103051,-0.0969575,-0.0608094,0.0469987,0.134412,0.0597294,-0.0169854,0.142856,-0.0895358,-0.0229608,-0.00768824,-0.104798,0.0793124,0.092827,0.055725,0.0149435,-0.116233,-0.0637225,-0.154164,0.0857676,-0.0923168,0.0765003,-0.0411996,-0.204969,-0.0354389,0.0815465,-0.134778,-0.107584,0.778151,-0.120283,-0.294564,-0.0341805,-0.0237356,-0.0184654,-0.147319,-0.0432231,0.081576,-0.00897417,0.591641,-0.393337,-0.0143251,-0.00142273,-0.0559633,-0.667757,0.0910586,-0.386318,0.00808792,-0.153527,-0.0229164,-0.0166626,0.0748169,-0.0501247,-0.33122,-0.0858931,-0.0833098,-0.162267,-0.131306,-0.19709,0.0499827,0.844477,-0.016308,0.180951,0.117379,0.0885393,-0.194755,-0.0586649,-0.0111832,-0.360324,-0.254519,-0.204014,-0.165924,-0.00354218,-0.12123,0.0625551,-0.00580248,0.0622992,-0.0478188,-0.100586,1,-0.135878,0.206448,-0.126808,-0.0245275,-1.04003e-4,-0.0909774,-0.0747557,-0.0941458,-0.570353,-0.0444659,-0.132309,-0.0549325,0.0146128,-0.239549,-0.267133,0.569221,-0.0668572,-0.179419,0.0262902,0.211154,-0.214166,0.167162,-0.00181126,-0.00503808,0.197343,-0.167007,-0.0164949,-0.17978,0.195498,-0.201694,-0.165425,-0.0829917,-0.10362,-0.114129,0.285435,-0.00480597,-0.0192738,-0.0551751,0.20546,-0.0897941,-0.527779,-0.176111,0.0501112,0.487279,-0.185107,0.353094
rs758709,-0.005194,-0.0229525,0.00164233,0.0251227,0.0288482,0.0288482,-0.0438247,0.044671,-0.0121343,-0.03548,0.00832806,0.114404,0.00853634,0.115479,0.115479,0.00658153,-0.0672707,0.0152984,-0.0515356,-0.0306414,-0.0739328,0.0699147,0.0102286,0.0369741,-0.0815959,-0.0383042,0.0310389,-0.0500046,0.0275651,0.027677,0.0397358,0.031978,0.0145795,-0.0197761,-0.0704014,-0.236342,0.26651,0.00625157,-0.0136048,-0.0728019,-0.107505,-0.0196376,-0.0134929,0.0723561,-0.165209,0.256969,-0.0167763,-0.106018,0.088718,-0.0951504,0.0823335,-0.100071,0.023148,-0.0263458,0.0115325,-0.0174489,-0.0348063,-0.0344361,-0.103075,-0.168105,-0.0574149,0.0349865,-4.90763e-4,-0.0126385,0.115479,0.00678481,-0.143741,0.0728247,-0.152003,-0.0455252,0.0481337,0.0337349,0.0466157,-0.220039,-0.117354,0.0498132,-0.0543737,0.00316397,0.746569,-0.0222566,-0.13787,0.00917007,-0.265237,0.0201002,0.0682881,-0.0484837,-0.119914,0.0104878,0.143573,0.419468,-0.0418383,0.0466623,-0.0543884,-0.177915,0.0790378,-0.116778,0.0205969,-0.0382079,0.0360326,-0.135878,1,-0.235926,-0.131538,-0.193762,-0.245715,-0.177784,-0.0247895,-0.0238642,0.183809,-0.0148174,-0.199352,0.0374013,0.00940771,0.050662,0.424436,0.0320729,0.0416564,0.464988,0.0369897,-0.288955,0.0393844,-0.196941,-0.253948,-0.2545,-0.279713,0.475877,0.0177804,-0.0487797,-0.227762,0.365495,0.044405,-0.0613541,0.0320096,0.0270822,-0.212308,-0.078723,0.00721445,0.0603208,-0.0923355,0.124569,0.211888,0.38431,0.0357004,-0.166725,0.491979,-0.221459
rs17370052,0.118862,0.111013,0.106378,-0.0824354,-0.0636299,-0.0636299,0.0906255,0.0907703,0.0543668,0.040854,0.0988951,-0.0881591,0.101077,-0.0801034,-0.0801034,-0.0711422,-0.0170406,-0.185927,-0.12357,-0.122065,-0.137833,0.0133772,0.0476128,0.0860229,0.147818,0.0513627,0.0761748,-0.0703781,-0.0416722,-0.0727082,-0.00497628,0.0844429,-0.14362,0.045052300000000003,0.082322,0.101107,0.188379,-0.0175882,0.180566,0.184542,-0.0503959,-0.132738,-0.0505155,-0.0275625,-0.0981942,-0.0416482,0.0607906,-0.267505,0.0155653,0.28557,-0.0128967,-0.175175,-0.0570848,-0.0965097,-0.106373,0.0271851,0.265657,0.0636697,-0.205895,0.425496,-0.237017,-0.0517796,0.117555,-0.0685422,-0.104427,-0.0356991,0.16737,-0.0167785,-0.189333,-0.0775346,0.0868349,0.0314183,-5.19693e-4,0.0232836,0.429999,0.00459883,0.275175,0.137456,-0.326554,-0.0277624,0.206245,-0.0365958,0.770525,0.0269112,0.0260912,0.370772,0.0133583,-0.132278,-0.0639698,-0.247699,0.36742,-0.0513503,-0.125719,-0.147395,0.017808,-0.20164,0.0240917,-0.0265982,-0.0923918,0.206448,-0.235926,1,0.108742,-0.368344,-0.454921,-0.246901,0.0383036,0.117542,-0.0128771,-0.119685,-0.15292,0.0315515,0.122065,-0.154564,-0.194824,-0.186715,0.0740944,-0.451203,0.0623795,0.711029,-0.131928,0.653058,-0.509532,-0.50633,0.762386,-0.468132,-0.0141147,0.0497954,0.975019,-0.399253,-0.214097,-0.0167785,-0.0929074,-0.0941967,0.750693,0.103581,-0.0144466,0.0068009,-0.0910592,0.00958272,0.0263136,-0.539004,0.0516077,0.135284,-0.418453,0.800474
rs34967471,0.0684563,0.0636033,0.0831621,0.20438,0.197714,0.197714,-0.0266596,0.138509,0.131133,0.184278,0.175836,0.16526,0.0378378,0.154799,0.154799,0.180191,0.105763,-0.215417,0.0176311,-0.0036219,0.0500945,0.012596,0.0760117,0.0230257,0.0732526,0.00334968,-0.012866,-0.115239,-0.00260956,-0.0393515,-0.00613753,-0.00763053,-0.0415291,0.0175865,-0.053636,0.0398139,0.145488,-0.108349,-0.0284634,-0.0202671,-0.189153,-0.0267179,0.0378347,0.0613194,0.139332,0.0438751,-0.021724,-0.114878,-0.0803149,-0.196719,0.0105712,-0.0887951,0.0290164,-0.00934653,-0.0580473,-0.0230755,-0.0025663,0.0232531,-0.172595,-0.103496,-0.15586,0.0142681,0.0116435,0.0435153,0.31349900000000003,0.0182844,0.508637,0.0474727,-0.13273,0.0424435,-0.0261041,-0.0183203,0.00756061,0.349586,-0.138335,-0.0291982,0.506991,0.0140381,-0.159967,-0.0182563,-0.204066,-0.0178796,-2.52749e-4,-0.00221643,0.0256498,0.583676,0.184703,-0.00167816,0.272251,-0.00605373,0.573502,0.103816,-0.113396,0.016304,-0.0139853,-0.15737400000000001,-0.060139,-0.0916658,-0.0203405,-0.126808,-0.131538,0.108742,1,-0.310505,0.220851,-0.185697,-0.00409723,-0.0566206,0.242269,0.0115316,0.0533556,-0.00216593,0.0326231,-0.154914,0.0635283,-0.00595988,-0.0348959,-0.322648,-0.083959,0.515754,-0.138099,-0.197117,0.131401,0.129163,0.574184,-0.327678,0.00465342,-0.00418019,0.115091,-0.211882,0.161973,-0.0488126,-0.0494215,-0.0267882,-0.214716,-0.0263736,0.04257,-0.0681448,-0.0450482,-0.0563982,0.383919,0.150614,-0.0748272,-0.234992,-0.247893,-0.215346
rs4719720,-0.205276,-0.187903,-0.190732,-0.112724,-0.120046,-0.120046,-0.229214,-0.244232,-0.230843,-0.188932,-0.275168,-0.125421,-0.11209,-0.111354,-0.111354,-0.137634,-0.0344513,0.277474,0.0487816,0.0476766,0.0642632,-0.0581719,-0.00157439,-0.0434509,3.36618e-4,-0.0541828,-0.0831902,-0.0962821,-0.0349967,0.183038,-0.00593926,-0.0779608,0.0585849,-0.0792072,0.00929018,-0.262193,-0.430699,0.200816,0.0425149,0.0761645,-0.306775,0.216331,-0.0831425,-0.0724213,-0.232499,0.140874,-0.0716891,0.185092,-0.0161051,-0.0285996,-0.0228189,0.321892,-0.00667962,-0.0914506,-0.0409051,0.0494839,-0.0564333,-0.100817,-0.269572,-0.129117,0.180974,0.0163446,0.0161811,-0.0867475,0.0614363,-0.00740012,-0.2085,-0.0493375,0.512842,0.01428,-0.0229307,-0.132606,-0.13429,-0.239652,-0.132278,0.0626299,-0.195089,0.0219482,-0.235468,0.0335239,-0.0154075,0.0140711,2.78246e-4,-0.0413854,-0.0186173,-0.173508,-0.120312,-0.109812,-0.135036,-0.45964699999999997,-0.171402,-0.116597,-0.0601237,0.699742,-0.0398459,0.525936,-0.0512197,0.189356,0.0137523,-0.0245275,-0.193762,-0.368344,-0.310505,1,0.724059,0.287122,0.0201018,0.0909838,-0.153736,-0.118572,0.806445,0.0489116,-0.0317334,-0.153628,-0.425771,0.0976536,0.0859808,-0.392662,0.0582388,-0.528652,-0.123994,-0.185837,0.708023,0.703485,-0.478903,-0.394154,-0.0321069,0.0529768,-0.3783,0.296558,-0.130268,0.135611,0.192892,0.182288,-0.246854,0.0564602,-0.111178,0.0463652,0.101634,0.0483838,-0.187083,-0.517574,0.0739069,0.194083,-0.379847,-0.296963
rs13225524,-0.20103,-0.190678,-0.192651,0.078596,0.0646126,0.0646126,-0.26422,-0.164624,-0.159757,-0.0548208,-0.16804,0.0398839,-0.091017700000000007,0.0502666,0.0502666,0.0317242,0.0780536,0.182411,0.050717,0.03234,0.108797,-0.0589274,0.0562244,-0.0285605,0.0196101,-0.0432478,-0.0395493,-0.121366,-0.0191438,0.138054,-0.0156453,-0.0521829,0.0535963,-0.0534057,-0.0312484,-0.039446,-0.190085,0.126757,-0.0272048,0.0324359,-0.400953,0.188225,-0.0128159,-0.0263574,0.0320279,0.0221733,-0.0637967,0.104824,-0.0773341,-0.0921622,-0.0378614,0.23268,-0.00733054,-0.0383518,-0.0344967,0.0204887,-0.132041,-0.0632211,-0.366372,-0.160053,0.0690367,0.0344995,-0.0324075,-0.036008,0.195931,0.0368408,0.0496101,-0.00465317,0.41426,0.0539351,-0.0600118,-0.0704814,-0.0969499,-0.0876227,-0.171703,0.0539971,-0.201057,0.0129522,-0.289573,0.0268753,-0.0465858,-0.0112416,-0.139857,-0.0223841,0.0190253,-0.209282,-0.201557,-0.0532716,0.0453188,-0.605197,-0.203653,0.0927345,-0.0914067,0.53019,-0.050804,0.406331,-0.0555321,-0.0612449,0.0011952,-1.04003e-4,-0.245715,-0.454921,0.220851,0.724059,1,0.149341,0.0426516,0.0257296,-0.0472736,-0.0542026,0.55776,0.0620971,-0.0403635,-0.224164,-0.542912,0.178192,0.0360164,-0.525829,-0.00714242,-0.190505,-0.194042,-0.314127,0.888952,0.883266,-0.13099,-0.529563,-0.0518167,0.0348219,-0.464064,0.193299,0.0434775,-0.0517783,0.149299,0.152558,-0.31918,0.0346509,-0.0754288,0.0351096,0.0546478,0.0170583,0.00961391,-0.230717,0.0183131,0.0809555,-0.4908,-0.351354
rs1990279,-0.0225702,0.0161488,0.0138921,0.0822451,0.0679481,0.0679481,-0.0464807,-0.0103965,0.059303,0.0297608,-0.00797833,0.0476225,-0.0740837,0.0202208,0.0202208,0.108351,0.037059,-0.0571897,0.124052,0.128994,0.111006,-0.0349444,-0.0170448,-0.0366191,0.100554,-0.0433889,-0.050311,-0.107156,-0.0345803,-0.0285424,0.00403591,-0.00698405,-0.0313432,-0.00418073,-0.0313551,0.0563518,-0.240928,0.0166197,0.0156766,0.0350217,0.17107,0.13517,-0.0205431,-0.0326799,0.19431,-0.221613,-0.028875,0.728498,0.0270652,-0.387857,0.0408822,0.241097,0.0545801,-0.0803289,-0.0714053,-0.0256988,1.69056e-4,-0.0271287,0.264352,-0.298818,0.45769,-0.0418783,-0.0462976,-0.0851164,-0.290765,0.0509745,-0.433469,-0.0701803,0.484286,0.0248469,0.00744592,-0.124307,-0.0615501,0.259906,0.0338487,-0.0164543,-0.190546,-0.00696579,-0.26919,0.0752588,-0.00762492,0.0130036,-0.343461,0.0315148,-0.0707801,-0.160194,0.594272,-0.00612227,-0.0758855,-0.0319675,-0.14644,-0.0333167,-0.0613434,0.0645677,0.00418472,0.299444,-0.0222438,0.240853,-0.00416786,-0.0909774,-0.177784,-0.246901,-0.185697,0.287122,0.149341,1,0.0550032,-0.00868766,-0.295735,-0.00486985,0.17130600000000001,-0.0728523,-0.027023,0.402318,-0.152631,0.14593,-0.0235499,0.0583445,-0.037407,-0.191508,0.390149,-0.0901176,0.300974,0.297221,-0.30427,0.0514721,0.111743,0.0417824,-0.237986,0.0356738,-0.210601,0.179184,0.00753567,0.00501149,-0.160635,0.0321163,0.0410409,-0.0469419,0.569294,-0.0696645,-0.494057,0.00569771,-0.0437576,-0.181753,-0.0819987,-0.195182
rs12673983,-0.178958,-0.155921,-0.190516,-0.0399045,-0.0359461,-0.0359461,-0.177282,-0.167513,-0.151967,-0.112267,-0.190319,0.00586503,-0.212594,0.00344983,0.00344983,-0.0243724,-0.100659,-0.0199438,-0.149773,-0.125091,-0.0994136,-0.295715,-0.0607584,-0.169838,0.0668256,-0.108882,-0.241569,-0.0271626,-0.0624255,-0.183971,0.150965,-0.169954,-0.238401,-0.164521,-0.00366182,0.107139,0.0856838,0.205355,0.198967,0.214333,-0.125207,-0.0490254,-0.286111,-0.0790071,0.114604,-0.0876541,-0.0094269,0.0707109,0.105146,-0.063449,-0.113491,0.0510207,-0.108269,-0.124567,-0.0656813,0.357128,0.18531,-0.355568,-0.0849058,-0.0417256,0.1121,-0.0424363,-0.0952181,-0.0452037,0.0485455,-0.277445,0.0508423,-0.0740095,0.0279952,-0.0081026,-0.0724573,-0.277449,-0.312587,0.0763003,0.152608,-0.2573,-0.0326943,0.209637,-0.0328264,-0.0174132,-0.0895214,0.0405208,0.0496436,-0.288393,3.20596e-4,-0.0362347,-0.0169853,-0.14223,-0.00526236,-0.100185,-0.0270391,0.0125419,-0.0640792,0.0240019,-0.269619,0.0709478,-0.215031,-0.0171736,-0.213712,-0.0747557,-0.0247895,0.0383036,-0.00409723,0.0201018,0.0426516,0.0550032,1,0.405784,-0.0137009,-0.142627,0.0208006,0.271695,-0.0821488,0.0749975,-0.0756406,-0.0715344,-0.297645,-0.0830149,-0.0696251,0.0347345,0.101797,0.0907283,0.0202802,0.0243435,0.0576294,-0.0855708,0.434321,0.79774,0.0494369,-0.0574446,-0.0714968,-0.0115135,-0.0977075,-0.0924611,0.0461318,0.611505,-0.0490542,0.277745,-0.0474492,0.263452,0.009349,-0.0662518,-0.121592,-0.0216413,-0.0649583,0.0628479
rs28558701,-0.0807211,-0.047657,-0.078623,-0.066546,-0.0810167,-0.0810167,-0.116676,-0.113093,-0.061282,-0.13118,-0.135101,-0.0461765,-0.0171432,-0.0543385,-0.0543385,-0.0236174,-0.0234616,-0.00613973,-0.31885,-0.304188,-0.334222,-0.471861,0.225615,0.0823383,0.0512858,0.120193,-0.0675512,-0.112658,-0.226788,0.302008,0.167591,0.0358691,0.0631517,0.101057,0.116685,0.0631244,0.0352307,0.204604,0.166349,0.258689,-0.14661,-0.0249541,-0.554276,0.0265244,0.00352627,-0.108352,0.187674,-0.024205,0.0738772,-0.00155763,-0.0222418,0.0202258,-0.279986,-0.196735,-0.249708,0.236646,0.161804,-0.251432,-0.141384,0.037714,0.0461139,1.42042e-4,0.00721388,-0.241136,0.0472412,-0.446133,0.0524869,0.0079876,-0.0151196,-0.0557734,0.182998,-0.162569,-0.248537,0.0277668,0.0998517,0.241571,-0.0136945,0.201545,-0.107869,-0.127639,-0.0862734,0.07341,0.183009,-0.351081,0.133861,-0.0178781,-0.0493381,-0.284012,-0.0582177,-0.174632,2.40625e-4,-0.030465,-0.108376,0.107477,-0.333527,0.0676651,-0.347498,0.1283,-0.12887,-0.0941458,-0.0238642,0.117542,-0.0566206,0.0909838,0.0257296,-0.00868766,0.405784,1,0.00386234,-0.252694,0.0959129,0.296072,-0.0284369,0.010407,-0.156928,-0.141687,0.223624,-0.168647,0.156949,0.0611442,0.0355526,0.125419,0.0444608,0.0495225,0.0695446,-0.17788,-0.0044321,0.57752,0.129373,-0.0666307,-0.103204,0.112929,0.236659,0.237945,0.117373,0.33033,0.0664516,0.278041,-0.0791111,0.339353,0.0413854,-0.203388,0.132192,0.010001,-0.169344,0.121458
rs7781029,-0.0396732,-0.0459655,-0.0266861,-0.00519956,0.00370318,0.00370318,-0.0953487,-0.0173345,-0.0599246,-0.0547199,-0.0264875,0.0398578,-0.0545958,0.026185,0.026185,-0.00602312,-0.0648555,0.0454616,-0.0164777,-0.00470717,-0.0341702,0.0148143,0.071299,0.0584124,-0.0234956,-0.10625,-0.0141739,-0.0695176,-0.112056,0.0670128,0.00504759,0.00383796,0.0487116,-0.0775944,-0.133528,-0.0284205,0.0914784,0.0533013,0.0553577,0.155264,-0.102389,-0.0430278,-0.00906717,0.0905504,0.15136,0.0238877,-0.0801083,-0.449398,0.0382803,-0.516028,0.130072,-0.294737,0.0270846,-0.0167413,-0.00408003,0.120146,0.019364,0.0270657,-0.0325373,-0.389933,-0.433931,0.0910198,-0.00265024,0.015412,0.547342,-0.00499854,0.464441,0.0612401,-0.245793,-0.0593053,0.0204515,-0.0188099,0.0371128,0.28416400000000003,0.176169,0.0576594,0.20582,0.164273,0.141847,-0.0768744,-0.424646,-0.0467132,0.0546358,-0.0132899,-0.00256339,0.225291,-0.0220234,-0.0268666,0.819035,0.184341,0.22528,0.32834,-0.0890928,0.0233819,0.0215691,-0.233839,-0.00638805,-0.124,0.0170036,-0.570353,0.183809,-0.0128771,0.242269,-0.153736,-0.0472736,-0.295735,-0.0137009,0.00386234,1,-0.00264685,-0.0315284,0.0936816,-0.0068967,-0.185617,0.117838,-0.359738,0.0477407,0.080628,-0.0161496,0.114841,-0.252344,-0.0635677,-0.00698791,-0.00628207,0.0599251,0.0778902,-0.0432785,0.0110586,-0.0173558,0.0653143,0.0603352,-0.114865,0.0604018,0.0695643,-0.113306,0.0149053,0.0419486,0.0843959,-0.0195651,0.122495,0.803137,0.162632,-0.0146625,-0.648028,0.0223825,-0.155802
rs2109348,0.0645069,0.0230047,0.0635512,0.0433513,0.0324118,0.0324118,0.204736,0.0606119,0.0326112,-0.00412413,0.0105317,0.0133792,-0.0168276,-0.00238473,-0.00238473,-0.00457516,-0.00952938,0.0863082,0.156324,0.142957,0.135894,-0.0529432,-0.20612,-0.152265,-0.0463001,-0.0553737,-0.199449,0.410775,-0.0643731,-0.115885,-0.0380066,-0.161942,0.644621,-0.0333891,-0.0890296,0.0510334,0.0397659,-0.103706,-0.151634,-0.118512,0.0900423,-0.0305997,0.361452,-0.00499521,0.0913094,-0.0172073,-0.0561082,0.061051,-0.0691439,-0.051777,0.0103452,0.0330394,-0.104393,0.807554,0.654458,-0.108578,-0.112728,0.262406,0.0980372,-0.0484988,0.0778063,-0.0183939,-0.128359,0.563592,0.0325321,0.00495095,-0.00541033,-0.0288601,-0.0709338,7.17385e-4,-0.0696548,0.367114,0.414775,0.0497522,-0.0762214,-0.24638,-0.0138744,-0.13838,0.122905,-0.0538673,-0.0764387,-0.0103528,-0.160997,-2.67028e-4,-0.0438604,-0.0633297,-0.00135261,0.728658,0.0113049,0.139739,-0.0545882,5.83738e-4,0.226316,-0.11852,0.00204531,-0.0599679,0.0206738,-0.0978158,0.494669,-0.0444659,-0.0148174,-0.119685,0.0115316,-0.118572,-0.0542026,-0.00486985,-0.142627,-0.252694,-0.00264685,1,-0.13704,-0.128289,-0.0806279,0.0985304,0.172194,-0.0201004,-0.297513,0.16686,0.0158334,-0.0971674,0.0841417,-0.0667221,-0.10163,-0.103038,-0.0747493,0.185511,-0.186971,-0.152405,-0.108721,0.00283649,0.18751,-0.0288601,-0.0816199,-0.0869081,-0.100288,-0.128934,-0.0632683,-0.124123,-0.0585259,-0.126945,0.00448075,0.193727,-0.00938062,-0.0227607,0.20822,-0.074689
rs7805006,-0.138674,-0.133295,-0.10869,-0.131909,-0.137671,-0.137671,-0.199906,-0.180063,-0.190676,-0.154095,-0.222424,-0.144111,-0.102479,-0.134962,-0.134962,-0.146132,-0.0502378,0.208499,0.0508219,0.0475451,0.0664631,-0.036784,-0.0164515,-0.0502621,0.00298778,-0.0712908,-0.11666,-0.132699,-0.0300459,0.163869,0.0185364,-0.114742,0.0317864,-0.0934852,-0.0133609,-0.432616,-0.533403,0.202336,0.0410577,0.0891273,-0.311182,0.220743,-0.115152,-0.0668477,-0.368324,0.334499,-0.0898529,0.117871,-0.0277219,-0.105289,-0.0192354,0.314918,0.0363486,-0.127608,-0.0947554,0.0737964,-0.0106301,-0.139747,-0.261495,-0.163622,0.156209,0.00527199,0.0301091,-0.0803298,0.220836,-0.0483017,0.0140658,-0.0532878,0.438319,-0.00532756,-0.0291195,-0.177025,-0.162005,-0.107057,-0.20296,0.0322979,0.299901,0.036581,-0.243025,-0.00317189,-0.153471,0.0124691,0.143785,-0.0704331,-0.0465468,0.379208,0.0883157,-0.120457,-0.0692249,-0.211939,0.368313,-0.236307,-0.12984,0.823152,-0.0228576,0.473647,-0.0803362,0.170594,-0.00955241,-0.132309,-0.199352,-0.15292,0.0533556,0.806445,0.55776,0.17130600000000001,0.0208006,0.0959129,-0.0315284,-0.13704,1,0.039455,0.00527199,-0.188495,-0.15252,0.0164566,0.0563062,-0.440846,0.0403826,-0.352961,-0.152246,-0.272241,0.513234,0.508836,-0.287474,-0.434362,0.0283167,0.0729705,-0.163237,0.222113,-0.129675,0.137486,0.164107,0.160155,-0.338791,0.0586078,-0.0978113,-0.00810539,0.0133954,0.0326322,-0.0250515,-0.595138,0.0565088,0.132013,-0.382395,-0.399049
rs12670654,-0.184866,-0.177786,-0.184065,-0.118955,-0.113455,-0.113455,-0.255965,-0.199282,-0.211656,-0.209706,-0.258854,-0.0923095,-0.375643,-0.0918876,-0.0918876,-0.106041,-0.0670237,-0.05029,-0.482942,-0.492459,-0.411826,-0.179259,0.0612864,-0.0105821,0.137594,-0.190754,-0.0919089,-0.171581,-0.127945,0.0264883,-0.163865,-0.0511073,-0.0890469,-0.237685,-0.280743,0.0936043,0.0488099,0.497223,0.432035,0.415838,-0.120005,-0.0606649,-0.169948,-0.10422,0.0708867,-0.0481428,-0.251182,-0.0700752,-0.0483284,-0.0355968,-0.136169,-0.087774,-0.00853481,-0.150006,-0.115329,0.596968,0.250135,-0.1799,-0.0893886,-0.0442992,-0.060785,-0.111256,-0.00945751,-0.081589,0.0641003,-0.132021,0.0373285,-0.0975979,-0.0434333,-0.124452,0.196896,-0.180029,-0.165741,-0.00529469,0.125147,-0.0593062,-0.0428525,0.476549,-0.0316493,0.100599,-0.0599392,-0.194482,0.131175,-0.0451107,0.634127,-0.00468682,-0.0523377,-0.14806,0.0934026,-0.08361,0.00161964,0.0652817,-0.180419,0.0709212,-0.087121,-0.0685125,-0.176643,-0.0553278,-0.105447,-0.0549325,0.0374013,0.0315515,-0.00216593,0.0489116,0.0620971,-0.0728523,0.271695,0.296072,0.0936816,-0.128289,0.039455,1,9.5608e-4,0.0161733,-0.0739118,-0.0156741,-0.0669277,-0.0757017,0.338993,0.0303427,0.0192045,0.0653832,0.0398437,0.0417555,0.0371642,-0.0840271,0.120933,0.319728,0.0438993,0.0284128,-0.163097,-0.0303259,0.0548722,0.0699364,0.0517797,0.156001,-0.0870215,0.910769,-0.0672276,0.892134,0.145688,-0.0611177,0.379501,-0.104379,-0.0772612,0.0310037
rs1981796,0.0389897,-0.0071969,0.0274162,-0.0520365,-0.0511024,-0.0511024,0.0127068,-0.028521,-0.0336486,-0.0117423,0.00191863,-0.0608003,-0.0542616,-0.064072,-0.064072,-0.0274646,-0.0198866,-0.00911527,0.0599235,0.0530846,0.0487975,-0.0204379,-0.0869354,-0.078407,0.0166334,-0.063872,0.0207377,-0.0140418,-0.0663168,-0.0157174,-0.0654274,-0.0364717,-0.0714356,-0.0644661,-0.103194,-0.0099288,-0.0100496,-0.0105866,-0.0125523,-0.03183,-0.020314,0.0446117,0.0261847,-0.036595,-0.0467277,0.0213002,-0.0778885,-0.0439705,-0.0339985,0.0262487,-0.0105969,0.0269907,0.0606828,-0.0755298,0.00937349,-0.00959258,0.0285186,0.00764187,-0.035623,0.0847331,-0.0138961,-0.0435685,0.347052,0.0267107,0.0213012,3.86738e-4,0.0250589,-0.0413562,0.0261556,0.0382651,0.0360261,-0.0530443,0.172527,-0.0254099,-0.0151689,0.0152689,0.046560699999999997,-0.0347519,-2.39982e-4,0.00843035,0.0125,-0.058574,0.0711951,0.00414259,0.03759,0.0894774,-0.0103448,-0.0860096,0.0040333,-0.019768,0.0945596,-0.0297222,0.0436675,0.010838800000000001,0.0520951,0.0220508,-0.0209973,-0.0424744,0.135281,0.0146128,0.00940771,0.122065,0.0326231,-0.0317334,-0.0403635,-0.027023,-0.0821488,-0.0284369,-0.0068967,-0.0806279,0.00527199,9.5608e-4,1,-0.0379468,-0.00457627,-0.0623834,0.21312999999999999,-0.0678941,0.0478373,0.0795411,-0.0538567,0.0866359,-0.0595919,-0.0600255,0.0909146,-0.0691778,-0.0509131,-0.0433638,0.126178,-0.0341636,0.0118041,-0.0413562,-0.00124999,-0.00340446,0.0669768,-0.0548551,-0.00540377,-0.0115898,-0.0307007,0.0190115,0.0075457,-0.0822341,0.0345931,0.0362838,-0.0589074,0.0753177
rs17147339,0.101038,0.153744,0.120837,-0.0479128,-0.0453831,-0.0453831,0.130632,0.0680906,0.133113,0.0340432,0.0617326,-0.0545039,0.0119872,-0.0632701,-0.0632701,-0.0397471,-0.0568173,-0.114172,-0.0159881,-0.0163779,-0.0147363,-0.0558323,0.0212454,-0.0045579,-0.0644865,0.00864575,-0.0222002,-0.00127312,-0.063228,-0.0243947,-0.0116012,0.0146796,0.0560873,0.0318192,0.00430038,0.312731,-0.107333,-0.0525592,-0.0164955,-0.0334846,0.306368,-0.0655515,0.033908,-0.0158409,0.377321,-0.284724,0.0052991,0.349593,-0.00669679,-0.17443,-0.0227549,-0.159306,-0.00100466,0.0355732,0.00212947,0.0549941,-0.0294019,-0.0255354,0.376291,-0.145184,0.494106,-0.0140877,-0.0419715,0.0240182,-0.310097,0.00965543,-0.183842,-0.031252,-0.10672,0.0561333,-0.0163866,-0.0129792,0.084045,0.278254,-0.021015,-0.0168268,-0.0855759,-0.033216,0.00366785,0.0955428,-0.259039,0.0215855,-0.198395,0.0151511,-0.0303557,-0.0832088,0.409372,0.106199,-0.223986,0.302132,-0.0777561,-0.138503,0.0298046,-0.146691,0.00468875,-0.0956378,0.0477418,-0.0346679,0.0878761,-0.239549,0.050662,-0.154564,-0.154914,-0.153628,-0.224164,0.402318,0.0749975,0.010407,-0.185617,0.0985304,-0.188495,0.0161733,-0.0379468,1,0.331936,-0.134861,-0.0415422,0.366984,-0.0278528,-0.2427,0.93638,-0.0973641,-0.245207,-0.238683,-0.221512,0.369305,0.0488627,0.0860787,-0.139362,-0.173662,-0.0694818,-0.031252,0.00652663,0.0146615,-0.121464,-8.14346e-4,-0.0125669,0.0300907,-0.157093,0.0270678,-0.214212,0.287065,-0.0477128,-0.25754,0.395645,-0.121791
rs4557595,0.150098,0.120636,0.151637,-0.0489322,-0.031046,-0.031046,0.208812,0.124292,0.105696,0.0564737,0.118146,-0.0128823,-0.00389199,-0.0286502,-0.0286502,-0.037801,-0.0921006,-0.0388374,0.0771238,0.076596,0.0353899,0.0366219,-0.109628,-0.0597644,-0.157352,0.00335821,-0.0697977,0.163678,0.0268988,-0.0822606,0.0131668,-0.0662985,0.0765289,-0.00162756,-0.0528625,-0.17348,-0.064978,-0.0951781,-0.116728,-0.162426,0.278784,-0.0455596,0.0840971,0.0465936,-0.0513679,0.259113,-0.0122648,0.0214628,-0.0155861,-0.160355,0.00655375,-0.0102177,0.132896,0.135181,0.138893,0.00394099,-0.092022,-0.0410571,0.368279,-0.210588,0.183397,0.00972102,-0.0564911,0.145445,0.1385,-0.0121745,0.08388,0.0156559,-0.2478,0.0609954,-0.0510563,0.0352009,0.0971465,0.111866,-0.270845,-0.096261,0.42654,-0.089662,0.583485,0.00354042,-0.320165,0.0403563,-0.329926,-0.00992044,-0.0768703,0.420475,0.231012,0.180831,-0.00487058,0.905144,0.412064,-0.212867,0.189658,-0.158208,0.0663392,-0.234628,0.029219,-0.0971508,0.0869731,-0.267133,0.424436,-0.194824,0.0635283,-0.425771,-0.542912,-0.152631,-0.0756406,-0.156928,0.117838,0.172194,-0.15252,-0.0739118,-0.00457627,0.331936,1,-0.0725297,-0.134967,0.711381,-0.0655819,-0.393615,0.28978,-0.399948,-0.622191,-0.623223,-0.321242,0.741226,0.0969149,-0.0567235,-0.190093,0.13979,0.180892,-0.0743432,-0.0812472,-0.0757176,-0.409872,-0.132054,0.00719052,-0.0894058,-0.264149,-0.0404384,0.166667,0.514747,-0.0801645,-0.158598,0.85205,-0.439478
rs10242247,-0.0467248,-0.0224652,-0.0370692,0.173278,0.18047,0.18047,-0.0494443,0.0302439,0.0611892,-0.011865,0.0524756,0.161412,-0.0364928,0.162785,0.162785,0.188571,-0.0218252,-0.0409498,0.0838352,0.0673845,0.101565,0.116475,-0.0764925,-0.0594822,0.0689462,0.00385678,0.0423131,-0.0534543,0.105097,0.01814,-0.075257,-0.0378788,-0.0296445,-0.00573231,-0.0377439,-0.0525776,0.0153382,-0.11601,-0.00474456,-0.0355619,-0.00545657,-0.0989994,0.120108,-0.00602352,0.0211799,0.0192517,-0.0519172,0.144865,-0.059728,0.205497,-0.0552837,-0.180378,-0.0597507,-0.0253278,0.0110071,-0.0764562,-0.0948023,0.070785,0.0487541,-0.242957,-0.22419,0.0112327,-0.0822513,-0.0155523,-0.390804,0.146152,-0.264135,0.00606506,-0.0570882,0.00511274,-0.045804,0.0154391,-0.0695115,-0.064307,0.0165317,-0.0251645,-0.148589,-0.00904643,-0.0124576,0.154774,0.486302,-0.0499016,-0.0849628,0.133712,0.0618217,-0.135069,0.14412,0.0263526,0.01259,-0.0483315,-0.147249,-0.0381464,-0.024497,-0.0138226,0.105848,-0.0527062,0.0360539,-0.0195506,-0.0411244,0.569221,0.0320729,-0.186715,-0.00595988,0.0976536,0.178192,0.14593,-0.0715344,-0.141687,-0.359738,-0.0201004,0.0164566,-0.0156741,-0.0623834,-0.134861,-0.0725297,1,-0.0667168,0.0310203,-0.0704121,-0.0718627,-0.125331,-0.106376,0.195366,0.192892,-0.108289,0.0238081,-0.0287439,-0.161726,-0.203871,0.085957,-0.0572548,-0.0325517,-0.0260786,-0.0325907,-0.0900753,-0.0578364,0.055035100000000003,-0.0110339,0.394578,-0.0098639,-0.316574,0.0894584,-0.0274442,0.0895466,-0.00134484,-0.134987
rs7791514,0.0803079,0.0861029,0.125874,-0.100905,-0.105658,-0.105658,0.0245099,0.0183052,0.0299196,-0.0131934,0.0295697,-0.11025,0.223509,-0.123653,-0.123653,-0.0842816,0.0425902,-0.0577117,-0.134297,-0.140281,-0.181404,0.0865536,0.595697,0.561163,0.0388835,0.22051,0.422071,-0.154101,-0.143505,0.452873,0.0175222,0.571602,0.144176,0.274646,0.258194,-0.043737,0.0151558,-0.0834349,0.0265683,0.00161447,-0.0958224,-0.0326016,-0.0500738,0.00980054,-0.0796513,-0.0166883,0.24056,-0.0709412,-0.0382001,-0.0165626,0.0641226,0.00223829,-0.248025,-0.200391,-0.20253,-0.11673,0.0790998,0.197459,-0.116535,0.0224266,-0.0451482,-0.023884,0.354201,-0.176962,0.0454629,0.0502446,0.0351514,-0.0189709,0.00865418,0.00401279,0.213447,0.242769,0.302635,-0.0360315,-0.0370721,0.856101,-0.00670563,-0.0381199,-0.0311782,-0.0430661,-0.04343,0.117743,0.127691,0.119538,0.0644455,6.21054e-4,-0.0201948,-0.336483,0.0282663,-0.114958,-0.00700117,-0.00937438,-0.0689517,0.0726923,0.088902900000000007,-0.00342411,0.134193,0.0922469,0.0641935,-0.0668572,0.0416564,0.0740944,-0.0348959,0.0859808,0.0360164,-0.0235499,-0.297645,0.223624,0.0477407,-0.297513,0.0563062,-0.0669277,0.21312999999999999,-0.0415422,-0.134967,-0.0667168,1,-0.0980938,0.115191,0.0528048,-0.0767373,0.0277469,0.0627977,0.0639352,0.0408849,-0.12452,-0.572565,-0.202109,0.0702933,0.0261334,-0.0245225,0.0898183,0.36864,0.369804,0.095319,-0.253924,0.0153532,-0.0308213,-0.0225885,-0.035527,0.0594152,-0.133679,0.106137,-0.0173653,-0.135992,0.0784564
rs4722198,0.0632639,0.0609571,0.0820243,-0.0149329,-0.00773213,-0.00773213,0.168279,0.0620812,0.0838502,-0.00379857,0.0472377,0.0224513,-0.0272051,0.00617343,0.00617343,0.0350386,-0.0755874,0.0361643,0.081474,0.0910804,0.0444548,0.0656999,-0.0957014,-0.0397562,-0.19025,-0.0211644,-0.0124131,0.207403,0.0439465,-0.0852179,0.0200425,-0.00144902,0.0696595,0.00639101,-0.0663956,-0.0335315,-0.0254228,-0.0843542,-0.168863,-0.2036,0.457311,-0.0413016,0.0968134,0.0578113,0.099713,0.0350092,0.00482913,0.139718,0.0299807,-0.177397,0.057941,-0.0480658,0.0875232,0.130007,0.137055,-0.0467256,-0.13421,0.010104,0.574646,-0.260727,0.167778,0.00641124,-0.075969,0.103898,-0.0726743,0.0391878,-0.182652,0.0268742,-0.23627,0.022818,-0.0400793,0.0608506,0.115895,0.0646118,-0.227151,-0.0518465,-0.0541511,-0.142133,0.595382,-0.0218565,-0.126668,0.0484123,-0.558738,0.0272457,-0.0421222,-0.137269,0.159091,0.185976,0.0393032,0.840304,-0.131799,-0.0199213,0.227495,-0.354908,0.0670613,-0.212854,0.068417,-0.074882,0.0713958,-0.179419,0.464988,-0.451203,-0.322648,-0.392662,-0.525829,0.0583445,-0.0830149,-0.168647,0.080628,0.16686,-0.440846,-0.0757017,-0.0678941,0.366984,0.711381,0.0310203,-0.0980938,1,-0.0380747,-0.466022,0.313932,-0.345098,-0.403445,-0.400717,-0.598719,0.975371,0.0720913,-0.0969756,-0.447606,0.204316,0.188352,-0.0666739,-0.0796537,-0.0811561,-0.377781,-0.138313,0.0959508,-0.0500305,-5.03075e-4,-0.0205696,-0.022898,0.776235,-0.0369006,-0.194498,0.867401,-0.421518
rs13242451,-0.0551667,-0.0487533,0.0515335,-0.102881,-0.101034,-0.101034,-0.0602602,-0.0353398,-0.108163,-0.171225,-0.161898,-0.101946,-0.13464,-0.10907,-0.10907,-0.119177,0.125278,0.0718785,-0.167053,-0.173809,-0.129013,-0.0220874,0.0403122,0.0484203,0.0450621,-0.094898,0.038071,-0.0332104,8.88884e-4,0.114564,-0.0542437,0.0569317,0.101819,-0.0954911,-0.0852174,0.0435836,-0.0480215,0.328442,0.0219794,-0.111093,-0.0586203,0.0836026,-0.0473018,-0.0723518,-0.0529773,-0.0343038,-0.0937219,-0.0896567,-0.0334413,0.0798806,-0.0812999,-0.0200249,0.00133866,-0.00201564,-0.0228058,-0.0998097,0.151335,-0.0304438,-0.07043,0.123644,-0.0398208,-0.086139,-0.0142021,-0.0343237,0.0148161,-0.0516812,-0.016834,-0.0817651,0.0151453,-0.058995,0.133562,0.0429265,0.0223062,-0.070635,-0.0992515,0.125777,-0.00871467,-0.152248,-0.0221706,-0.0816762,0.017078,-0.0838335,0.127311,0.0384823,0.418874,-0.0164075,-0.0527024,-0.00574767,-0.0441172,-0.0542289,-0.00974624,-0.155596,-0.0593426,0.0981177,0.0125983,-0.0106213,-0.00316404,-0.0565475,-0.0252428,0.0262902,0.0369897,0.0623795,-0.083959,0.0582388,-0.00714242,-0.037407,-0.0696251,0.156949,-0.0161496,0.0158334,0.0403826,0.338993,0.0478373,-0.0278528,-0.0655819,-0.0704121,0.115191,-0.0380747,1,-0.0014042,-0.0338077,0.0380077,-0.0126962,-0.0138623,-0.00223101,-0.0477726,-0.0635996,-0.0719543,0.0788244,-0.0132579,-0.0706863,0.00257088,0.0399068,0.0352401,0.0840264,-0.0523532,-0.0946514,0.247578,-0.0745241,0.313241,0.0228509,-0.0915539,0.879984,0.0465614,-0.060347,0.0673079
rs3891325,0.0863248,0.0982793,0.0954731,0.113552,0.114171,0.114171,0.0163915,0.133625,0.130833,0.139363,0.16723,0.0800412,0.0999928,0.0799967,0.0799967,0.134672,0.0941191,-0.269384,-0.102935,-0.10759,-0.0812819,0.0169537,0.103059,0.0975968,0.166531,0.0307329,0.100879,-0.134994,-0.00763817,-0.0844776,-0.00599082,0.100365,-0.152736,0.0584961,0.0216996,0.268683,0.32907,-0.0932398,0.104862,0.121611,-0.0371058,-0.147409,-0.0220858,0.0189731,0.144482,-0.226251,0.0533451,-0.251061,-3.21138e-4,0.127019,0.0272541,-0.273318,-0.0728393,-0.0864801,-0.129751,-0.0298952,0.1801,0.108995,-0.146022,0.30345,-0.364417,-0.034364,0.0805702,-0.0544789,-0.05927,-0.00351813,0.293056,0.0214416,-0.260605,-0.0756621,0.075959,0.0355153,0.00262848,0.222007,0.320166,0.0123582,0.180655,0.0946668,-0.409965,-0.0276997,0.235224,-0.0548819,0.481086,0.0325532,0.0815523,0.244838,0.0684011,-0.110349,0.179804,-0.315114,0.239266,0.224287,-0.188239,-0.301217,-0.0187747,-0.270402,-0.0255026,-0.10915,-0.110373,0.211154,-0.288955,0.711029,0.515754,-0.528652,-0.190505,-0.191508,0.0347345,0.0611442,0.114841,-0.0971674,-0.352961,0.0303427,0.0795411,-0.2427,-0.393615,-0.0718627,0.0528048,-0.466022,-0.0014042,1,-0.212391,0.470591,-0.126107,-0.121244,0.909476,-0.474508,-0.0439348,0.0128066,0.709842,-0.482868,-0.0792777,-0.0681853,-0.101221,-0.0916912,0.540638,0.0786915,0.0856632,0.0101155,0.109849,-0.0178574,0.140001,-0.18083,5.07864e-4,-0.0662054,-0.56223,0.61687
rs2270104,0.0500842,0.114664,0.0821785,-0.056093,-0.0539072,-0.0539072,0.0868694,0.0151992,0.0935037,-0.012043,0.00557734,-0.0759779,-0.0023392,-0.0831555,-0.0831555,-0.0427287,-0.105715,-0.0983112,-0.0116368,-0.0101707,7.01318e-4,-0.0847206,0.00677931,-0.0370469,-0.0448436,-0.0176966,-0.0641636,0.00312592,-0.0670881,-0.00945393,-0.0125692,-0.036043,0.0550434,0.0164212,-0.011765,0.283457,-0.0968685,-0.0299067,0.0126675,-0.0204982,0.26649,-0.0472347,-0.00513265,-0.0367463,0.339882,-0.256794,-0.0061211,0.410966,0.00196323,-0.161578,-0.0100987,-0.148235,0.0259711,0.0274418,-0.0163926,0.0776356,-0.0161047,-0.0648818,0.32501,-0.124824,0.546168,-0.0538567,-0.0403635,0.00826184,-0.302352,-0.0169624,-0.178452,-0.0485971,-0.0838724,0.065309,-0.0259024,-0.0536666,0.0409658,0.257857,-0.0238165,-0.055222,-0.0690995,-0.0146689,-0.0150512,0.117167,-0.231399,0.0163881,-0.171839,-0.0180765,-0.0504712,-0.0678897,0.392895,0.109425,-0.280419,0.259974,-0.062696,-0.128995,0.0322028,-0.123816,-0.0235255,-0.0762648,0.0122415,-0.0254049,0.0986072,-0.214166,0.0393844,-0.131928,-0.138099,-0.123994,-0.194042,0.390149,0.101797,0.0355526,-0.252344,0.0841417,-0.152246,0.0192045,-0.0538567,0.93638,0.28978,-0.125331,-0.0767373,0.313932,-0.0338077,-0.212391,1,-0.0882001,-0.208077,-0.201158,-0.197539,0.315834,0.0713067,0.113397,-0.116843,-0.172911,-0.0754696,-0.0220848,0.0281806,0.0371694,-0.109408,0.0197959,-0.0221553,0.0330399,-0.132595,0.0301587,-0.215,0.238759,-0.058357,-0.236311,0.340988,-0.107525
rs10488076,-0.0128466,-0.0170237,-0.0575457,-0.00138105,0.0042751,0.0042751,0.00375409,-0.0115841,-0.0358097,-0.0468804,0.0215742,0.019043,0.0137366,0.03298,0.03298,-0.0091913,-0.061109,-0.107463,-0.101427,-0.0829309,-0.123944,-0.00740387,-0.0380855,-0.0450597,0.244932,-0.0563313,-0.0203188,0.0187384,-0.015593,-0.00228144,0.0334206,-0.0324821,-0.0494908,-0.0419342,0.0107888,0.137918,0.29772,-0.00144247,0.241249,0.214584,-0.019566,-0.136207,-0.0872245,0.0119333,0.0934012,-0.170224,-0.0227492,-0.138448,0.0965904,0.206208,0.00257706,-0.163877,-0.116344,-0.0361061,-0.056012,0.0568021,0.285321,0.00760602,-0.238058,0.294417,-0.197796,4.11409e-4,0.106187,-0.0527327,-0.174617,-0.0669358,0.027207,0.0339906,-0.153616,-0.033555,0.105788,-0.0285485,-0.0332881,0.0252889,0.590537,-0.0385476,-0.181163,0.171402,-0.255182,0.0243008,0.180605,0.0119965,0.532142,-0.0204749,0.0571902,-0.17428,-0.103467,-0.0978742,-0.0527202,-0.428797,-0.164847,0.118454,-0.0199766,-0.289742,-0.0351618,-0.172813,-0.0402233,0.202144,-0.0117718,0.167162,-0.196941,0.653058,-0.197117,-0.185837,-0.314127,-0.0901176,0.0907283,0.125419,-0.0635677,-0.0667221,-0.272241,0.0653832,0.0866359,-0.0973641,-0.399948,-0.106376,0.0277469,-0.345098,0.0380077,0.470591,-0.0882001,1,-0.273095,-0.269396,0.495197,-0.366286,-0.0166533,0.0923524,0.651465,-0.305525,-0.175473,0.160637,-0.0382086,-0.0455387,0.738223,0.124897,0.00676843,0.114844,0.0631669,0.0854349,-0.0475802,-0.398107,0.0335534,0.052298,-0.349629,0.766094
rs4719723,-0.214416,-0.174569,-0.175612,0.079649,0.0673054,0.0673054,-0.272691,-0.17493,-0.127507,-0.076044,-0.180129,0.0402174,-0.0906306,0.0459565,0.0459565,0.0793912,0.0721866,0.155674,0.0604845,0.0493107,0.105515,-0.0408177,0.0628905,-0.0169148,0.0367063,-0.0767322,-0.0357625,-0.151399,4.15759e-5,0.142519,-0.0060504,-0.0387922,0.0223563,-0.0521429,-0.0434697,-0.0570956,-0.23376,0.1016,-0.0277002,0.0250273,-0.263896,0.169971,-0.0531852,-0.0205782,0.0431113,-0.0614134,-0.0649938,0.174865,-0.0473801,-0.171135,0.0198375,0.182707,-0.0261828,-0.0886554,-0.0774405,-0.00913728,-0.11642,-0.0432081,-0.197944,-0.218377,0.0173395,0.028139,-0.0102397,-0.0769052,0.0957592,0.0247026,-0.0415535,-0.00689248,0.370333,0.0166189,-0.0225446,-0.110577,-0.124185,2.73837e-4,-0.180875,0.0682141,-0.253427,-0.00831032,-0.332029,0.018604,0.0275849,-0.00167795,-0.22377,-0.0269236,0.0324848,-0.256954,-0.0492262,-0.0941134,0.120573,-0.518846,-0.249571,0.178795,-0.11827,0.463321,-0.0650893,0.390038,-0.0829588,0.100844,-0.0209152,-0.00181126,-0.253948,-0.509532,0.131401,0.708023,0.888952,0.300974,0.0202802,0.0444608,-0.00698791,-0.10163,0.513234,0.0398437,-0.0595919,-0.245207,-0.622191,0.195366,0.0627977,-0.403445,-0.0126962,-0.126107,-0.208077,-0.273095,1,0.997864,-0.229683,-0.410941,-0.0496619,0.0170984,-0.524687,0.146785,0.00680873,0.0851496,0.15141,0.152808,-0.362191,0.0258905,5.71405e-4,0.0350191,0.297222,0.00656143,-0.0526058,-0.151326,0.0128705,-0.0209016,-0.548003,-0.390406
rs10229685,-0.216808,-0.172711,-0.178242,0.078688,0.0663937,0.0663937,-0.275332,-0.177678,-0.126186,-0.0793566,-0.182994,0.0392499,-0.0928236,0.0449263,0.0449263,0.0783158,0.0683507,0.156253,0.061144,0.0499074,0.102381,-0.0436278,0.0601718,-0.0189488,0.0394335,-0.0780089,-0.0378724,-0.151997,-0.00121598,0.140657,-0.00694666,-0.0405074,0.0199433,-0.0479214,-0.0452697,-0.0566735,-0.232816,0.103436,-0.0252935,0.0235732,-0.260536,0.168307,-0.0559055,-0.021029,0.0441697,-0.0609354,-0.0612063,0.175853,-0.0477158,-0.173093,0.0313579,0.180551,-0.0279996,-0.0897869,-0.0786886,-0.00467446,-0.117951,-0.0429744,-0.193997,-0.219719,0.0202134,0.0274477,-0.00243002,-0.0782411,0.0955825,0.0225972,-0.0392868,-0.00744999,0.367716,0.0154945,-0.0231864,-0.113249,-0.123223,3.14401e-4,-0.181632,0.0653862,-0.253812,-0.00990066,-0.332744,0.0277443,0.028272,0.00341088,-0.222327,-0.0291411,0.0306593,-0.25726,-0.0517327,-0.0960208,0.120275,-0.51642,-0.249869,0.179736,-0.119577,0.459463,-0.0669808,0.387579,-0.0844988,0.0999543,-0.0195787,-0.00503808,-0.2545,-0.50633,0.129163,0.703485,0.883266,0.297221,0.0243435,0.0495225,-0.00628207,-0.103038,0.508836,0.0417555,-0.0600255,-0.238683,-0.623223,0.192892,0.0639352,-0.400717,-0.0138623,-0.121244,-0.201158,-0.269396,0.997864,1,-0.228328,-0.408184,-0.0531079,0.0209943,-0.521382,0.14832,0.0131656,0.0843217,0.149849,0.151225,-0.363482,0.0302807,-9.90829e-5,0.0369674,0.294577,0.00806807,-0.0511128,-0.15019,0.0117088,-0.0201376,-0.54896,-0.386798
rs2270101,0.10593,0.0972472,0.0836756,0.111639,0.111275,0.111275,0.0311791,0.145126,0.112746,0.158535,0.186126,0.0871683,0.115045,0.0901398,0.0901398,0.0859886,0.0987495,-0.267828,-0.118283,-0.126587,-0.0913704,-0.0126564,0.104867,0.0917439,0.175611,0.0708481,0.0896929,-0.113782,-0.0267096,-0.0765585,-0.0155168,0.0876349,-0.13096,0.0657102,0.0608004,0.266264,0.394414,-0.092271,0.126965,0.129479,-0.17793,-0.138504,-0.00778502,0.00785703,0.111942,-0.164184,0.0600011,-0.296006,-0.0151536,0.192614,-0.0243435,-0.240088,-0.0705137,-0.05228,-0.0966405,-0.00221988,0.19015,0.0910611,-0.316372,0.361113,-0.326492,-0.0215824,0.0642124,-0.0252079,0.0111544,-0.0161603,0.359919,0.0167476,-0.22938,-0.0361963,0.0566796,0.061305,0.0134018,0.157255,0.335791,0.00674069,0.227454,0.117837,-0.371406,-0.0200274,0.142874,-0.0546413,0.542676,0.023445,0.0642764,0.28789,-0.0373907,-0.0987589,0.0892177,-0.405967,0.281063,0.119753,-0.159967,-0.256154,-0.0277667,-0.249476,-0.0182053,-0.0820456,-0.08962,0.197343,-0.279713,0.762386,0.574184,-0.478903,-0.13099,-0.30427,0.0576294,0.0695446,0.0599251,-0.0747493,-0.287474,0.0371642,0.0909146,-0.221512,-0.321242,-0.108289,0.0408849,-0.598719,-0.00223101,0.909476,-0.197539,0.495197,-0.229683,-0.228328,1,-0.595323,-0.050862,0.0420424,0.76784,-0.458753,-0.0738244,-0.0570181,-0.0960345,-0.0853467,0.583817,0.0840636,0.00547144,0.0106143,-0.0757969,-0.0157926,0.184244,-0.283163,-0.0158242,0.0111342,-0.510093,0.664177
rs10268645,0.069835,0.0629309,0.0840672,-0.0272302,-0.0200915,-0.0200915,0.162018,0.0593253,0.0812637,0.00109947,0.0485511,0.0115681,-0.0299996,-0.00454749,-0.00454749,0.0246029,-0.0800489,0.0291915,0.0915397,0.101163,0.0508924,0.0589236,-0.113495,-0.0529659,-0.18406,-0.0295056,-0.0148129,0.190031,0.0502313,-0.0941411,0.00878031,-0.02046,0.0776398,-0.00129295,-0.0795271,-0.0378422,-0.0297035,-0.0879066,-0.158277,-0.20025,0.474736,-0.0506254,0.09917,0.0402002,0.0798302,0.0442128,-0.00267279,0.12432,0.0297821,-0.162842,0.0577461,-0.0625267,0.0971948,0.14439,0.150752,-0.0426124,-0.143572,0.00606022,0.589239,-0.238965,0.156856,0.00584685,-0.0958491,0.117237,-0.0816084,0.0276854,-0.19191,0.0107974,-0.233306,0.021932,-0.0411959,0.0672223,0.117632,0.0481467,-0.238433,-0.069222,-0.048143,-0.139069,0.611556,0.00804716,-0.118552,0.0406852,-0.576895,0.0205194,-0.0504037,-0.13969,0.157903,0.206761,0.0355745,0.862089,-0.134136,-0.0231236,0.20964,-0.365686,0.0655669,-0.216266,0.0672435,-0.0762176,0.0822593,-0.167007,0.475877,-0.468132,-0.327678,-0.394154,-0.529563,0.0514721,-0.0855708,-0.17788,0.0778902,0.185511,-0.434362,-0.0840271,-0.0691778,0.369305,0.741226,0.0238081,-0.12452,0.975371,-0.0477726,-0.474508,0.315834,-0.366286,-0.410941,-0.408184,-0.595323,1,0.073243,-0.0996403,-0.464458,0.203517,0.173045,-0.0679141,-0.0815729,-0.0831099,-0.388944,-0.141339,0.0833675,-0.053187,-0.00813868,-0.0328183,-0.021742,0.757944,-0.0557832,-0.191429,0.892011,-0.407833
rs798646,-0.0426871,-0.0288463,-0.0793689,0.100386,0.111089,0.111089,-0.0643854,0.00716493,0.0150327,0.0891132,0.00866596,0.118996,-0.192482,0.12771,0.12771,0.10721,0.0281404,-0.0268879,0.00284313,0.0349778,0.056607,-0.22265,-0.373688,-0.371376,-0.020528,-0.169637,-0.439682,-0.105224,0.268367,-0.373435,0.0570342,-0.31801,-0.443823,-0.227379,-0.150246,-0.0598892,-0.056679,0.23725,0.0234552,0.0407084,0.0505638,0.145299,-0.420601,-0.00581665,-0.0210205,0.0982555,-0.145286,0.102295,0.128599,-0.0317322,-0.0780145,0.0670382,0.468312,-0.281234,-0.203409,0.211088,0.0352762,-0.566391,0.0702453,-0.0225661,0.104853,0.0178182,-0.162991,-0.244677,-0.00160976,-0.280223,-0.102334,0.0155399,0.110578,0.0398358,-0.107189,-0.632566,-0.509637,-0.0217653,0.00286797,-0.512777,0.044483,0.106099,0.0431051,-0.0795325,-0.0202481,-0.0791182,-0.102832,-0.321675,-0.0889,0.0626818,0.0506284,-0.266042,-0.0487337,0.1009,0.0534715,-0.0512069,-0.00948292,-0.00160775,-0.32792,0.100172,-0.315729,-0.0255127,-0.435437,-0.0164949,0.0177804,-0.0141147,0.00465342,-0.0321069,-0.0518167,0.111743,0.434321,-0.0044321,-0.0432785,-0.186971,0.0283167,0.120933,-0.0509131,0.0488627,0.0969149,-0.0287439,-0.572565,0.0720913,-0.0635996,-0.0439348,0.0713067,-0.0166533,-0.0496619,-0.0531079,-0.050862,0.073243,1,0.346756,-0.0170035,0.087151,-0.0774595,-0.0565688,-0.261015,-0.256938,-0.0733495,0.332478,0.0346837,0.0995854,0.017429,0.103873,-0.065345,0.0532145,-0.0530968,0.017809,0.0813373,-0.0718429
rs13236851,-0.17308,-0.162302,-0.219238,-0.0996577,-0.0965275,-0.0965275,-0.195809,-0.214085,-0.187636,-0.133268,-0.20821,-0.0238143,-0.173815,-0.0379829,-0.0379829,-0.0774734,-0.138627,-0.0151604,-0.248767,-0.21483,-0.203876,-0.370018,-0.0140015,-0.144875,0.101817,-0.119445,-0.235633,-0.0537177,-0.147458,-0.115703,0.168984,-0.149408,-0.189709,-0.173249,0.0224087,0.0555878,0.050772,0.257045,0.276547,0.330637,-0.130467,-0.0617835,-0.337877,-0.0782808,0.0758354,-0.061573,-0.00209992,0.091709,0.147945,-0.112989,-0.112447,0.121605,-0.194548,-0.125733,-0.104705,0.401655,0.234187,-0.321081,-0.0757952,-0.0615523,0.17936,-0.0241968,-0.0149855,-0.0765064,0.127156,-0.313347,0.0823086,-0.0938278,0.0645855,-0.0231767,-0.0392925,-0.285304,-0.282695,0.0738147,0.152136,-0.198399,0.00330249,0.273935,-0.0616304,-0.0201127,-0.192623,0.0591656,0.0683345,-0.328806,0.016835,0.0140203,-0.0326194,-0.173028,-0.0367959,-0.0877363,0.0239487,0.0236622,-0.0761958,0.0803634,-0.313738,0.0901566,-0.248892,0.0399419,-0.150335,-0.17978,-0.0487797,0.0497954,-0.00418019,0.0529768,0.0348219,0.0417824,0.79774,0.57752,0.0110586,-0.152405,0.0729705,0.319728,-0.0433638,0.0860787,-0.0567235,-0.161726,-0.202109,-0.0969756,-0.0719543,0.0128066,0.113397,0.0923524,0.0170984,0.0209943,0.0420424,-0.0996403,0.346756,1,0.0607763,-0.017041,-0.0741292,0.0469339,-0.0279833,-0.0236757,0.0157682,0.53566,-0.0499892,0.312853,-0.112131,0.324118,0.0426744,-0.106388,-0.132897,-0.0127166,-0.0728306,0.0444326
rs7788668,0.124341,0.111803,0.108069,-0.0657755,-0.0590585,-0.0590585,0.0902349,0.0981372,0.0574944,0.0503681,0.107359,-0.0719513,0.102675,-0.0639749,-0.0639749,-0.0657452,-0.0024348,-0.192909,-0.142484,-0.135941,-0.152512,0.00465502,0.0441235,0.0771714,0.151107,0.0612076,0.0699328,-0.0733233,-0.0561657,-0.0703709,9.70016e-4,0.0723946,-0.133635,0.0437813,0.0838981,0.104054,0.200535,-0.0107023,0.18637,0.179537,-0.0672947,-0.12532,-0.0549388,-0.0242669,-0.0967226,-0.0481496,0.0611714,-0.267966,0.0386237,0.282115,-0.0214943,-0.171344,-0.0675442,-0.0952389,-0.11154,0.0308811,0.278175,0.0675355,-0.228062,0.433379,-0.223543,-0.0478792,0.124302,-0.0731562,-0.10084,-0.0379901,0.163833,-0.0130366,-0.172407,-0.0889746,0.0915515,0.0275989,0.00477423,0.0185257,0.422556,-0.00318846,0.266638,0.13527,-0.322355,-0.03323,0.196986,-0.0414264,0.761585,0.0272641,0.0373898,0.360575,0.00683404,-0.123815,-0.0688094,-0.244926,0.374584,-0.0466668,-0.134453,-0.146404,0.0153782,-0.193337,0.0187521,-0.0389639,-0.0821211,0.195498,-0.227762,0.975019,0.115091,-0.3783,-0.464064,-0.237986,0.0494369,0.129373,-0.0173558,-0.108721,-0.163237,0.0438993,0.126178,-0.139362,-0.190093,-0.203871,0.0702933,-0.447606,0.0788244,0.709842,-0.116843,0.651465,-0.524687,-0.521382,0.76784,-0.464458,-0.0170035,0.0607763,1,-0.397356,-0.222571,-0.0296375,-0.085757,-0.0869206,0.750875,0.121004,-0.0101089,0.0237169,-0.104124,0.0283835,0.0269977,-0.525523,0.0681478,0.135334,-0.412184,0.801483
rs7779210,-0.0989207,-0.121708,-0.137885,-0.0494339,-0.0552207,-0.0552207,-0.11603,-0.121745,-0.144526,-0.0773557,-0.150792,0.00133541,-0.0304465,-0.00199355,-0.00199355,-0.0677608,-0.014112,0.186901,-0.0107499,0.00288799,-0.0224622,-0.00275964,-0.0436771,0.012091,-0.0702271,-0.0646973,-0.0927909,0.00840538,0.07089,0.0324096,-0.0115169,-0.0304352,0.032793,-0.0618164,-0.0106865,-0.567332,-0.123285,0.149394,0.00384979,0.0119715,-0.0720582,0.203601,-0.0867704,-0.0126727,-0.442263,0.620307,-0.0506968,0.108307,0.0496784,-0.138369,-0.00477785,0.33516,0.135294,0.0133072,0.00266209,0.0406329,-0.0611467,-0.141785,-0.0467076,-0.311358,0.169924,-0.0023702800000000002,0.0234467,-0.0229616,0.324732,-0.0590325,-0.326253,-0.0165452,0.51986,0.0366305,-0.030493,-0.100924,-0.0457807,-0.599484,-0.195207,0.0219351,-0.162785,0.0500453,0.319805,-0.0251412,-0.204742,0.019798,-0.320417,-0.0866631,-0.0261028,-0.116299,-0.377261,-0.0575097,0.013464,0.128661,-0.12071,-0.00386408,0.0259662,0.183091,-0.0387567,0.229236,-0.0654501,-0.0906464,9.42392e-4,-0.201694,0.365495,-0.399253,-0.211882,0.296558,0.193299,0.0356738,-0.0574446,-0.0666307,0.0653143,0.00283649,0.222113,0.0284128,-0.0341636,-0.173662,0.13979,0.085957,0.0261334,0.204316,-0.0132579,-0.482868,-0.172911,-0.305525,0.146785,0.14832,-0.458753,0.203517,0.087151,-0.017041,-0.397356,1,-0.0181982,-0.0832565,0.073475,0.0631656,-0.311396,-0.0805529,-0.0627707,0.0326018,-0.137847,0.065722,0.0858868,0.10704,0.0113953,0.124354,0.233992,-0.353886
rs7779799,-0.026084799999999998,-0.0127403,0.0207904,-0.0114616,-0.0283386,-0.0283386,0.179693,-0.0504893,-0.00818123,-0.00864679,0.0131132,-0.0225751,0.0255658,-0.0161958,-0.0161958,-0.042063,-0.0780327,0.158182,0.134999,0.127803,0.097672,-0.032958,-0.0550153,-0.0478021,-0.111439,0.0236611,-0.0632573,0.367449,0.0451692,0.0104269,-0.0294086,-0.0402916,0.150433,0.048385,-0.0101387,0.098028,0.196653,-0.156022,-0.167862,-0.140011,-0.101191,0.0110311,0.0652381,0.0143087,0.196103,-0.0515928,0.0483848,0.0695899,-0.0394608,-0.129443,0.131009,0.258088,-0.00709369,0.219131,0.210778,-0.0983278,-0.146514,0.00886964,-0.0883683,-0.128067,0.165817,0.0118041,0.0031365,0.223545,0.248524,-0.0710928,0.327054,0.0216586,-0.0904549,0.108965,-0.0851487,0.0761685,0.0682953,0.13324,-0.128901,-0.021966,-0.0113069,-0.139883,0.345911,-0.0557525,-0.181006,0.108174,-0.226782,-0.108301,-0.0939014,-0.0167376,-0.160329,0.138848,0.0158569,0.152193,-0.024313,0.215746,0.323604,-0.123062,-0.0970143,-0.0902771,-0.0661253,-0.0904898,0.086327,-0.165425,0.044405,-0.214097,0.161973,-0.130268,0.0434775,-0.210601,-0.0714968,-0.103204,0.0603352,0.18751,-0.129675,-0.163097,0.0118041,-0.0694818,0.180892,-0.0572548,-0.0245225,0.188352,-0.0706863,-0.0792777,-0.0754696,-0.175473,0.00680873,0.0131656,-0.0738244,0.173045,-0.0774595,-0.0741292,-0.222571,-0.0181982,1,-0.0881074,-0.0322112,-0.0365174,-0.226363,-0.0965259,-0.0572852,-0.154131,-0.138671,-0.147174,0.0879769,0.321166,-0.0957048,0.0629073,0.208268,-0.22644
rs10256620,0.0467628,0.0448411,0.00449429,0.0694828,0.0317533,0.0317533,0.0228492,0.0394795,0.0794523,-0.00192489,0.0413999,0.084415,0.0405132,0.0762105,0.0762105,0.0804883,-0.00972666,-0.104442,-0.0454581,-0.0229068,-0.0679733,-0.0310396,0.059032,0.0439703,0.0860173,0.0582247,-0.0137,-0.00727106,-0.0357267,0.0397855,0.047505,0.0342839,0.00940182,0.0898489,0.06977,-0.100793,0.0324322,-0.0435074,0.038489,-9.31497e-5,0.0320219,-0.0790917,-0.0432645,0.0265706,-0.08817,-0.0838601,0.0684658,0.181523,0.0991682,-0.0855385,0.0822006,-0.0671944,-0.109953,0.00658669,0.0203878,0.00110874,0.064629,0.0515698,0.0159183,-0.0798763,-0.0715334,0.0107796,0.0568915,0.0149746,-0.137745,-0.0530846,-0.10697,0.0154415,-0.0564848,-0.0126206,0.0428601,-0.0188055,-0.03507,0.106989,-0.00669792,0.0676331,-0.0500181,-0.0249106,-0.0514879,-0.0210416,-0.0815212,0.0888161,-0.0722278,-0.0435255,-0.0117007,-0.0431983,0.196354,-0.0746163,-0.0830468,-0.0713871,-0.040619,-0.104473,-0.0273866,-0.05366,-0.0535711,0.0081793,-0.0465801,0.813568,0.0250624,-0.0829917,-0.0613541,-0.0167785,-0.0488126,0.135611,-0.0517783,0.179184,-0.0115135,0.112929,-0.114865,-0.0288601,0.137486,-0.0303259,-0.0413562,-0.031252,-0.0743432,-0.0325517,0.0898183,-0.0666739,0.00257088,-0.0681853,-0.0220848,0.160637,0.0851496,0.0843217,-0.0570181,-0.0679141,-0.0565688,0.0469339,-0.0296375,-0.0832565,-0.0881074,1,0.0341516,0.031767,-0.0364678,-0.0240012,0.0882286,0.0230301,0.303281,-0.00674267,-0.0942615,-0.0912208,-0.0461911,-0.113908,-0.0598159,-0.0267956
rs35928055,-0.143049,-0.135225,-0.15419,-0.0157155,-0.0331544,-0.0331544,-0.170775,-0.157739,-0.143081,-0.156961,-0.111111,-0.0400042,0.0625884,-0.031348,-0.031348,-0.0239711,-0.0891429,0.114093,-0.103229,-0.101603,-0.0513733,-0.115682,0.414459,0.0716412,0.0326081,0.0560902,-0.118704,-0.0729142,-0.139969,0.653467,0.00861396,-0.140354,0.438925,0.0440715,0.0589237,-0.0185487,-0.0488013,0.0732733,0.0905624,0.183835,-0.11199,0.0496385,-0.109689,0.0253557,0.00903866,0.00914969,0.0396559,0.0532837,0.00374227,-0.109414,-0.0520823,0.0243499,-0.0979365,-0.0427995,-0.0965654,0.118434,0.0435918,-0.186411,-0.0736125,-0.0855018,0.0396349,-0.0274478,-0.0223988,-0.0831823,0.0938025,-0.0359173,0.0189157,0.0341516,0.0377179,-0.00437882,-0.0243085,-0.122276,-0.172536,-0.00953014,0.0205709,0.397493,-0.0407054,0.150399,-0.020137,-0.037777,-0.115737,0.0104407,0.0399327,-0.0751041,-0.0354673,-0.0374884,-0.0403536,-0.101133,0.0364942,-0.0965159,-0.0317043,0.0582376,-0.0354445,0.138877,-0.0257418,0.0235172,-0.0371405,0.0562463,0.40702700000000003,-0.10362,0.0320096,-0.0929074,-0.0494215,0.192892,0.149299,0.00753567,-0.0977075,0.236659,0.0604018,-0.0816199,0.164107,0.0548722,-0.00124999,0.00652663,-0.0812472,-0.0260786,0.36864,-0.0796537,0.0399068,-0.101221,0.0281806,-0.0382086,0.15141,0.149849,-0.0960345,-0.0815729,-0.261015,-0.0279833,-0.085757,0.073475,-0.0322112,0.0341516,1,0.986423,-0.0872147,-0.127169,0.001825,0.068637599999999993,-0.00943281,0.128828,0.0902755,-0.109916,0.00418998,-0.085057,-0.0734654,-0.0582642
rs34518648,-0.152431,-0.136855,-0.156149,-0.0181521,-0.035377,-0.035377,-0.173871,-0.167832,-0.145899,-0.168039,-0.122125,-0.0426432,0.0532334,-0.0342328,-0.0342328,-0.0267382,-0.101185,0.109434,-0.106533,-0.105282,-0.0532238,-0.109794,0.417895,0.0635363,0.0247002,0.0502046,-0.125448,-0.0759267,-0.1431,0.66492,0.00527778,-0.145516,0.443164,0.0374947,0.0514963,-0.0101198,-0.0474161,0.088694,0.097969,0.200472,-0.110647,0.0450183,-0.103726,0.0232923,0.0208016,0.00272148,0.0326227,0.0502087,0.00201572,-0.117123,-0.0541959,0.0183519,-0.103736,-0.0473428,-0.10089,0.14376,0.0365083,-0.191592,-0.0705517,-0.0917401,0.040698,-0.0293506,-0.0257928,-0.0879425,0.100483,-0.0258799,0.0347512,0.031767,0.0319118,-0.00816506,-0.026595,-0.131771,-0.183812,0.00552179,0.0157866,0.400656,-0.0310294,0.164309,-0.0259579,-0.0403959,-0.12667900000000001,0.00521637,0.0345317,-0.0665578,-0.0412847,-0.0265079,-0.0337887,-0.107935,0.04355,-0.0923815,-0.0204185,0.0628976,-0.0409932,0.136903,-0.0154011,0.0186185,-0.0245655,0.0535939,0.407655,-0.114129,0.0270822,-0.0941967,-0.0267882,0.182288,0.152558,0.00501149,-0.0924611,0.237945,0.0695643,-0.0869081,0.160155,0.0699364,-0.00340446,0.0146615,-0.0757176,-0.0325907,0.369804,-0.0811561,0.0352401,-0.0916912,0.0371694,-0.0455387,0.152808,0.151225,-0.0853467,-0.0831099,-0.256938,-0.0236757,-0.0869206,0.0631656,-0.0365174,0.031767,0.986423,1,-0.0947612,-0.11005,-5.731e-4,0.0835504,-0.0156502,0.140872,0.101854,-0.0987561,1.49271e-4,-0.0963655,-0.0737481,-0.0665015
rs13240940,0.0935036,0.0822245,0.0644075,-0.0606952,-0.055288,-0.055288,0.0895666,0.073037,0.0462796,0.0397248,0.0889518,-0.0518028,0.102234,-0.0378759,-0.0378759,-0.0666048,0.0170916,-0.150211,-0.136161,-0.125767,-0.122457,0.0117734,0.0602874,0.0935358,0.143026,0.0790665,0.153583,-0.0220811,-0.011388,-0.0809564,-0.0763142,0.139442,-0.132385,0.0430219,0.0844926,0.265784,0.35099,-0.0338591,0.159243,0.192242,-0.0488094,-0.166503,-0.0256732,-0.0624724,0.0263429,-0.239104,0.0500419,-0.209742,0.0593359,0.330556,-0.0471018,-0.158251,-0.125889,-0.0672362,-0.0660843,0.0103507,0.231269,0.120166,-0.260038,0.419034,-0.207476,-0.0508181,0.0642095,-0.0730754,-0.214129,-0.0251664,-0.00399964,-0.0364678,-0.132795,-0.0735371,0.12684,0.119351,0.0384631,-0.0846133,0.504273,0.050768,-0.1576,0.148033,-0.270519,-0.0352012,0.289515,-0.097603,0.617955,0.0642094,0.0673815,-0.182022,-0.177468,-0.110904,-0.101227,-0.454251,-0.181111,0.0413475,-0.0809612,-0.317353,0.00209931,-0.175086,0.0537824,-0.00934905,-0.0889637,0.285435,-0.212308,0.750693,-0.214716,-0.246854,-0.31918,-0.160635,0.0461318,0.117373,-0.113306,-0.100288,-0.338791,0.0517797,0.0669768,-0.121464,-0.409872,-0.0900753,0.095319,-0.377781,0.0840264,0.540638,-0.109408,0.738223,-0.362191,-0.363482,0.583817,-0.388944,-0.0733495,0.0157682,0.750875,-0.311396,-0.226363,-0.0364678,-0.0872147,-0.0947612,1,0.109829,-0.0414583,0.0800611,-0.0350855,0.0459358,-0.0924925,-0.432959,0.0782243,0.175655,-0.351831,0.881238
rs4722266,-0.129498,-0.0998054,-0.151988,0.00226385,-0.00942548,-0.00942548,-0.144908,-0.113554,-0.0602646,-0.158157,-0.111157,0.0348761,-0.136049,0.046292,0.046292,0.0850649,-0.149609,-0.0503019,-0.118779,-0.0911353,-0.0867216,-0.210934,-0.244377,-0.186729,0.0711161,-0.00612312,-0.228868,-0.0740652,-0.0637232,-0.113051,0.188443,-0.17842,-0.182665,-0.076607,0.0655985,0.10203,0.043646,0.28125,0.264077,0.266958,-0.139661,-0.106438,-0.226269,-6.32404e-4,0.0692009,-0.108823,0.0455334,-0.00237086,0.118324,-0.00478276,-0.0712065,-0.0128316,-0.103437,-0.126889,-0.0917113,0.358206,0.226268,-0.173991,-0.115742,0.0267558,0.00265919,0.0491876,-0.0573157,-0.0979527,0.00860922,-0.181266,0.0367191,0.019661,-0.00126083,0.0219956,-0.0819593,-0.270157,-0.331768,0.0614311,0.181998,-0.231187,-0.0149142,0.25581,-0.106552,-0.0182198,-2.35775e-4,0.0950538,0.145098,-0.185901,-0.139025,-0.00824191,-0.00369691,-0.192618,0.0224151,-0.132184,0.00107457,0.00682709,-0.0982068,0.0745514,-0.169656,0.0676861,-0.157566,-0.00783411,-0.2458,-0.00480597,-0.078723,0.103581,-0.0263736,0.0564602,0.0346509,0.0321163,0.611505,0.33033,0.0149053,-0.128934,0.0586078,0.156001,-0.0548551,-8.14346e-4,-0.132054,-0.0578364,-0.253924,-0.138313,-0.0523532,0.0786915,0.0197959,0.124897,0.0258905,0.0302807,0.0840636,-0.141339,0.332478,0.53566,0.121004,-0.0805529,-0.0965259,-0.0240012,-0.127169,-0.11005,0.109829,1,0.120102,0.163066,0.0128394,0.155511,0.0115119,-0.142563,-0.0840869,-0.0171173,-0.141762,0.115234
rs12112291,-0.10933,-0.121559,-0.120462,0.523851,0.499588,0.499588,-0.160034,0.081259,0.210502,-0.0961085,0.0900387,0.454196,0.0797645,0.431909,0.431909,0.77509,-0.116458,-0.167774,-0.00561141,0.0105645,0.00496539,-0.09357,0.0159402,0.00237389,-0.0520277,0.217609,0.0207972,-0.0561404,-0.0584079,0.0174885,0.404317,0.0337383,-0.0332885,0.201781,0.115976,0.0921459,0.00808072,-0.0973879,-0.0535277,-0.0704172,0.130223,-0.0915567,-0.0650899,0.708912,0.118192,-0.0734903,0.187355,0.0534085,0.0697142,-0.0871138,0.0857162,-0.0575816,0.00351606,-0.0476758,0.00187574,-0.0529756,-0.0257195,0.0324638,0.154416,-0.0665791,-0.0634949,0.546709,-0.0285196,-0.0439302,-0.0035659,-0.0352005,0.045179,0.622915,-0.0430172,-0.0599715,0.0184147,-0.0224299,-0.063948,0.112366,0.0742914,0.0339657,-0.001732,-0.0579243,0.00464889,-0.0366637,-0.0121988,0.038801,-0.0916888,-0.0366017,-0.0498516,-0.012792,0.0726084,-0.0816316,0.110586,0.082874,-0.00915419,0.128128,-0.0781861,-0.128934,-0.0635222,-0.0834246,-0.0643185,0.08375,-0.0752579,-0.0192738,0.00721445,-0.0144466,0.04257,-0.111178,-0.0754288,0.0410409,-0.0490542,0.0664516,0.0419486,-0.0632683,-0.0978113,-0.0870215,-0.00540377,-0.0125669,0.00719052,0.055035100000000003,0.0153532,0.0959508,-0.0946514,0.0856632,-0.0221553,0.00676843,5.71405e-4,-9.90829e-5,0.00547144,0.0833675,0.0346837,-0.0499892,-0.0101089,-0.0627707,-0.0572852,0.0882286,0.001825,-5.731e-4,-0.0414583,0.120102,1,-0.0552856,0.107141,-0.085583,0.0424174,0.0919167,-0.0884006,-0.112329,0.0115119,-0.0075712
rs169278,-0.13755,-0.131184,-0.183753,-0.101565,-0.10824,-0.10824,-0.211303,-0.155882,-0.158917,-0.151817,-0.209815,-0.0110326,-0.353006,-0.0130786,-0.0130786,-0.0792964,-0.0645112,-0.0730498,-0.477361,-0.432784,-0.410456,-0.151946,0.0793496,0.00650089,0.131369,-0.166432,-0.0943799,-0.163893,-0.0893973,0.0409995,-0.168071,-0.0405672,-0.0752449,-0.200297,-0.266964,0.113544,0.114925,0.417288,0.419502,0.38285,-0.110815,-0.127036,-0.184687,-0.100215,0.100891,-0.0943704,-0.226193,-0.058094,0.194451,-0.0466239,-0.117197,-0.103975,-0.0607021,-0.140677,-0.105954,0.565837,0.19259,-0.169384,-0.077237,-0.0496794,-0.0650106,-0.106639,0.015273,-0.0795017,0.040769,-0.150429,-3.56169e-4,-0.0933097,-0.0706433,-0.0895877,0.212243,-0.175666,-0.15784,0.00358712,0.179811,-0.0343597,-0.125574,0.4475,0.00355735,0.125768,-0.0634066,-0.170193,0.10628,-0.0614072,0.629627,-0.0955689,-0.0611503,-0.162471,0.0919966,-0.0964749,-0.0911966,0.109023,-0.162846,-0.00702062,-0.101501,-0.0901616,-0.181876,0.0134112,-0.0924245,-0.0551751,0.0603208,0.0068009,-0.0681448,0.0463652,0.0351096,-0.0469419,0.277745,0.278041,0.0843959,-0.124123,-0.00810539,0.910769,-0.0115898,0.0300907,-0.0894058,-0.0110339,-0.0308213,-0.0500305,0.247578,0.0101155,0.0330399,0.114844,0.0350191,0.0369674,0.0106143,-0.053187,0.0995854,0.312853,0.0237169,0.0326018,-0.154131,0.0230301,0.068637599999999993,0.0835504,0.0800611,0.163066,-0.0552856,1,-0.0322856,0.878131,0.1367,-0.036159,0.280285,-0.129293,-0.0524477,0.0601475
rs17147348,-0.0660732,-0.0342967,-0.0346418,0.2139,0.206471,0.206471,-0.0712357,0.0227054,0.0626464,-0.022677,0.0451367,0.189952,-0.0589672,0.16726,0.16726,0.230848,-0.00831373,-0.0580328,0.120548,0.122119,0.108354,0.0542668,-0.0468798,-0.0441533,0.19761600000000001,-0.0174468,-0.00749861,-0.064905,-0.0145271,-0.0211454,-0.00182194,-0.0156695,-0.0780543,0.014397,-0.0651753,-0.0014287,-0.00695653,-0.0672469,0.0312237,0.0320058,0.10171,-0.0742735,0.0572615,0.029133,0.105564,-0.250592,-0.0146195,0.354087,0.0222176,-0.253817,0.123059,-0.155797,-0.00807033,-0.0848685,-0.0227201,-0.032828,-0.0206815,0.0985339,0.144948,-0.217661,-0.221169,0.0269921,-0.0489346,-0.0575092,-0.394957,0.115839,-0.267615,6.41779e-4,-0.00382615,-0.0680554,-0.0133413,-0.0678528,-0.098762,0.299573,0.119163,-0.0149227,-0.136815,0.0153765,-0.157524,0.0900857,0.401218,0.0097513,-0.143216,0.0905536,-0.0247934,-0.114531,0.552653,-0.0537885,0.316172,-0.0622158,-0.106305,0.155043,-0.0860688,-0.0986133,0.0525094,-0.0221725,-0.027715,0.329095,-0.0578944,0.20546,-0.0923355,-0.0910592,-0.0450482,0.101634,0.0546478,0.569294,-0.0474492,-0.0791111,-0.0195651,-0.0585259,0.0133954,-0.0672276,-0.0307007,-0.157093,-0.264149,0.394578,-0.0225885,-5.03075e-4,-0.0745241,0.109849,-0.132595,0.0631669,0.297222,0.294577,-0.0757969,-0.00813868,0.017429,-0.112131,-0.104124,-0.137847,-0.138671,0.303281,-0.00943281,-0.0156502,-0.0350855,0.0128394,0.107141,-0.0322856,1,-0.0601883,-0.290335,0.0308327,-0.0672897,-0.352253,-0.214957,-0.0530806
rs274017,-0.184725,-0.187609,-0.226745,-0.120959,-0.126504,-0.126504,-0.270792,-0.207542,-0.231055,-0.233225,-0.266927,-0.0320256,-0.281779,-0.0369655,-0.0369655,-0.116952,-0.0871631,0.0282571,-0.525482,-0.479753,-0.453444,-0.187935,0.0689416,-0.0274152,0.101053,-0.19931,-0.13512,-0.179682,-0.111258,0.0999864,-0.173161,-0.083327,-0.0317532,-0.251777,-0.327763,0.0479989,0.0701248,0.432519,0.365571,0.396382,-0.127366,-0.0543313,-0.190416,-0.102746,0.0703932,-0.0319598,-0.267751,-0.063286,0.198956,-0.0718627,-0.134892,-0.0923745,-0.0488048,-0.144079,-0.124901,0.540147,0.188467,-0.210868,-0.0907741,-0.0978514,-0.0624068,-0.116311,0.0187153,-0.0899141,0.0898329,-0.160028,0.0378139,-0.101391,-0.0606868,-0.0946855,0.166401,-0.208495,-0.172608,0.00116049,0.176833,-0.0396315,-0.0594481,0.448749,0.035386,0.0985956,-0.103566,-0.192436,0.112596,-0.0746248,0.560802,-0.0264428,-0.0626095,-0.155943,0.123514,-0.0427134,-0.0187364,0.0764544,-0.162901,0.0561603,-0.133502,-0.0733351,-0.180231,-0.0166458,-0.05124,-0.0897941,0.124569,0.00958272,-0.0563982,0.0483838,0.0170583,-0.0696645,0.263452,0.339353,0.122495,-0.126945,0.0326322,0.892134,0.0190115,0.0270678,-0.0404384,-0.0098639,-0.035527,-0.0205696,0.313241,-0.0178574,0.0301587,0.0854349,0.00656143,0.00806807,-0.0157926,-0.0328183,0.103873,0.324118,0.0283835,0.065722,-0.147174,-0.00674267,0.128828,0.140872,0.0459358,0.155511,-0.085583,0.878131,-0.0601883,1,0.178206,-0.0399461,0.349627,-0.147269,-0.02574,0.0212312
rs4644138,-0.0489094,-0.071656,-0.0634341,0.0138042,0.0217918,0.0217918,-0.131439,-0.028285,-0.071731,-0.0528358,-0.0243217,0.0635252,-0.0544885,0.0539051,0.0539051,0.0159907,-0.0801982,0.00535603,-0.0616497,-0.0464213,-0.0536313,-0.00431925,0.100647,0.0662201,0.00997776,-0.0995265,-0.0180337,-0.0870627,-0.110654,0.0975439,0.00985868,-0.00848414,0.0740354,-0.0905488,-0.134267,-0.00672312,0.191317,0.070256,0.106057,0.184265,-0.214458,-0.0364276,-0.0195499,0.0977764,0.172613,0.108389,-0.102889,-0.478612,0.0562229,-0.451482,0.0286289,-0.2588,0.00235185,0.0050224,-0.00602356,0.149063,0.0481322,-0.00846903,-0.16412,-0.296966,-0.363819,0.0663904,0.0265141,0.040841,0.751967,-0.035129,0.622595,0.0755136,-0.261147,-0.0183484,0.0344446,-0.00630889,0.0297975,0.258053,0.164819,0.066311,0.31362,0.200346,0.164738,-0.0503567,-0.60721,-0.0761916,0.0934213,-0.0376204,0.0333959,0.281409,-0.14925,-0.0257103,0.661171,0.120091,0.27861,0.256497,-0.0754644,0.0189359,2.96009e-4,-0.24672,-0.0297718,-0.147535,0.0381744,-0.527779,0.211888,0.0263136,0.383919,-0.187083,0.00961391,-0.494057,0.009349,0.0413854,0.803137,0.00448075,-0.0250515,0.145688,0.0075457,-0.214212,0.166667,-0.316574,0.0594152,-0.022898,0.0228509,0.140001,-0.215,-0.0475802,-0.0526058,-0.0511128,0.184244,-0.021742,-0.065345,0.0426744,0.0269977,0.0858868,0.0879769,-0.0942615,0.0902755,0.101854,-0.0924925,0.0115119,0.0424174,0.1367,-0.290335,0.178206,1,0.133799,0.0151497,-0.616469,0.0298517,-0.13861
rs4722196,0.0732308,0.0647529,0.0807781,0.148116,0.136922,0.136922,0.123062,0.114326,0.149104,0.132823,0.14025,0.158854,-0.0152157,0.140114,0.140114,0.174798,0.0374133,-0.0761676,0.0878906,0.087849,0.0774649,0.0538543,-0.0350263,-0.0232909,-0.120804,-0.0257017,0.0121017,0.14733,0.0534106,-0.127739,-0.0385013,0.0152009,0.0391591,0.0183631,-0.109662,0.165779,0.222319,-0.159114,-0.189098,-0.236317,0.314029,-0.0711387,0.131384,0.0415751,0.338466,-0.120206,-0.00714532,0.096486,0.00172402,-0.24929,0.0720832,-0.126875,0.0699274,0.148697,0.119997,-0.0716888,-0.170901,0.0493784,0.421327,-0.30099,0.0605899,-0.00904982,-0.0941121,0.127014,0.0199542,0.060268,0.00531236,0.016272,-0.288433,0.0535187,-0.057346,0.0794171,0.134074,0.205547,-0.258413,-0.0719755,-0.140826,-0.142486,0.492954,-0.0124555,-0.16257,0.0253774,-0.676566,0.0288174,0.00399388,-0.189845,0.0922845,0.198313,0.182407,0.613403,-0.180634,0.189302,0.170361,-0.495056,0.0212344,-0.31015,0.0403143,-0.116556,0.0648461,-0.176111,0.38431,-0.539004,0.150614,-0.517574,-0.230717,0.00569771,-0.0662518,-0.203388,0.162632,0.193727,-0.595138,-0.0611177,-0.0822341,0.287065,0.514747,0.0894584,-0.133679,0.776235,-0.0915539,-0.18083,0.238759,-0.398107,-0.151326,-0.15019,-0.283163,0.757944,0.0532145,-0.106388,-0.525523,0.10704,0.321166,-0.0912208,-0.109916,-0.0987561,-0.432959,-0.142563,0.0919167,-0.036159,0.0308327,-0.0399461,0.133799,1,-0.0864978,-0.32117,0.677827,-0.477545
rs35875486,-0.034367,-0.0360935,0.0657781,-0.0960869,-0.094362,-0.094362,-0.0550904,-0.0244235,-0.092858,-0.130464,-0.131826,-0.0926681,-0.157671,-0.0994125,-0.0994125,-0.111306,0.132571,0.0566884,-0.179693,-0.185015,-0.14257,3.85354e-4,0.0203759,0.0418993,0.00224105,-0.0848578,0.0562604,-0.0501563,0.0257604,0.113418,-0.0603466,0.0643906,0.0810584,-0.0912642,-0.113845,-0.00708995,-0.0648644,0.386065,0.0153908,-0.104931,-0.0544917,0.112699,-0.0527912,-0.0675737,-0.0633219,-0.00167958,-0.0960741,-0.10833,-0.0265244,0.107256,-0.0727762,-0.0249939,0.0284703,-0.0444627,-0.0486135,-0.147312,0.140577,-0.0347832,-0.0673029,0.111284,-0.0606844,-0.0804504,-0.0299359,-0.0594725,-0.00214475,-0.034134,-0.0324982,-0.0763653,0.0202619,-0.0587807,0.157327,0.0202245,0.0121621,-0.0848427,-0.0959796,0.123467,-0.00181801,-0.143256,-0.037038,-0.0711414,0.0523527,-0.074453,0.138475,0.0600099,0.50709,-0.0126292,-0.0648438,-0.0139568,-0.0404775,-0.0597259,-0.00636067,-0.143971,-0.0545098,0.108861,0.0255017,-0.0123617,9.20641e-4,-0.0784302,-0.060739,0.0501112,0.0357004,0.0516077,-0.0748272,0.0739069,0.0183131,-0.0437576,-0.121592,0.132192,-0.0146625,-0.00938062,0.0565088,0.379501,0.0345931,-0.0477128,-0.0801645,-0.0274442,0.106137,-0.0369006,0.879984,5.07864e-4,-0.058357,0.0335534,0.0128705,0.0117088,-0.0158242,-0.0557832,-0.0530968,-0.132897,0.0681478,0.0113953,-0.0957048,-0.0461911,0.00418998,1.49271e-4,0.0782243,-0.0840869,-0.0884006,0.280285,-0.0672897,0.349627,0.0151497,-0.0864978,1,0.0604366,-0.0773658,0.043146
rs10226018,0.0338021,0.00553083,0.0128321,-0.142205,-0.14586,-0.14586,0.10184,-0.0317211,-0.0536601,0.0440444,-0.0484206,-0.168469,0.0830648,-0.137723,-0.137723,-0.161646,0.108805,0.102271,-0.0102527,-0.02583,-0.00798946,-0.00416138,-0.0834607,-0.0372031,-0.110127,0.0995059,0.0360025,0.137454,0.150639,-0.065924,-0.00300527,0.00735795,-0.0510769,0.0592948,0.169079,-0.183592,-0.12161,0.00783515,-0.118742,-0.188042,-0.0447796,0.117814,-0.0444371,-0.105996,-0.468707,0.25503,0.101908,0.00398971,-0.0666938,0.712401,-0.10494,0.4618,0.0106463,0.0402679,0.0181977,-0.153302,-0.0171013,-0.0445385,-0.16375,0.522699,0.232715,-0.07577,0.0415367,-0.0141001,-0.242155,-0.0559293,-0.285818,-0.0551282,0.317513,0.0320172,-0.0148185,0.0614255,-0.00463013,-0.627161,-0.241098,-0.0474372,-0.13652,-0.19125,-0.0475182,-0.0657284,0.435465,0.0562701,0.133342,-0.0391243,7.57603e-4,-0.12216,-0.49741,0.00206866,-0.73208,-0.240707,-0.128357,-0.27723,0.113862,0.144021,-0.040556,0.304677,0.0220891,-0.0800121,-0.043318,0.487279,-0.166725,0.135284,-0.234992,0.194083,0.0809555,-0.181753,-0.0216413,0.010001,-0.648028,-0.0227607,0.132013,-0.104379,0.0362838,-0.25754,-0.158598,0.0895466,-0.0173653,-0.194498,0.0465614,-0.0662054,-0.236311,0.052298,-0.0209016,-0.0201376,0.0111342,-0.191429,0.017809,-0.0127166,0.135334,0.124354,0.0629073,-0.113908,-0.085057,-0.0963655,0.175655,-0.0171173,-0.112329,-0.129293,-0.352253,-0.147269,-0.616469,-0.32117,0.0604366,1,-0.113461,0.237383
rs2286494,0.106524,0.0764007,0.0816457,-0.0178099,-0.0112999,-0.0112999,0.195089,0.0912269,0.080922,0.0339358,0.0882522,0.0307766,-0.00141657,0.0169266,0.0169266,-0.0171947,-0.0718805,0.0164179,0.0645518,0.0703106,0.0283367,0.0301023,-0.112429,-0.0624961,-0.186739,0.0195066,-0.0441785,0.218291,0.0594082,-0.0780996,0.00843917,-0.0360014,0.105401,0.00561531,-0.0356344,-0.0425171,0.050905,-0.0893784,-0.146431,-0.199418,0.350597,-0.0540938,0.0928866,0.0475549,0.0501827,0.112118,0.00919181,0.0776107,0.0140062,-0.0926032,0.00238538,-0.033649,0.106282,0.177944,0.183017,-0.0156933,-0.144134,-0.0341112,0.437118,-0.193522,0.198034,0.0191496,-0.108447,0.144799,-0.00742481,-0.00273363,-0.119118,0.0220768,-0.220386,0.0553904,-0.0639801,0.0727823,0.116901,-0.0187028,-0.227709,-0.0710721,0.00313553,-0.119397,0.665324,0.0156128,-0.217368,0.0333165,-0.510289,-0.0100285,-0.0660142,-0.0779901,0.0449374,0.207564,-0.0653619,0.792709,-0.0997915,-0.140162,0.245144,-0.35214,0.0399459,-0.22147,0.0534593,-0.0673208,0.0946464,-0.185107,0.491979,-0.418453,-0.247893,-0.379847,-0.4908,-0.0819987,-0.0649583,-0.169344,0.0223825,0.20822,-0.382395,-0.0772612,-0.0589074,0.395645,0.85205,-0.00134484,-0.135992,0.867401,-0.060347,-0.56223,0.340988,-0.349629,-0.548003,-0.54896,-0.510093,0.892011,0.0813373,-0.0728306,-0.412184,0.233992,0.208268,-0.0598159,-0.0734654,-0.0737481,-0.351831,-0.141762,0.0115119,-0.0524477,-0.214957,-0.02574,0.0298517,0.677827,-0.0773658,-0.113461,1,-0.376542
rs1001028,0.0668553,0.0557727,0.0208133,-0.0323703,-0.0262981,-0.0262981,0.0613386,0.0526072,0.0201421,0.0195801,0.0711528,-0.0291401,0.124779,-0.0170896,-0.0170896,-0.0448999,0.019363,-0.131041,-0.162196,-0.153232,-0.161446,-0.0140078,0.0571292,0.0825799,0.142042,0.0951437,0.111782,-0.026245,-0.0207667,-0.0490001,0.00536495,0.107627,-0.0939598,0.0725535,0.128382,0.278627,0.339836,-0.0264055,0.17479,0.165434,-0.0303622,-0.147858,-0.0311088,-0.0101815,0.00315643,-0.230012,0.0997835,-0.245182,0.0527177,0.417422,-0.0430291,-0.201271,-0.115786,-0.0293523,-0.0475458,0.00947643,0.218931,0.0929671,-0.213264,0.538793,-0.242384,-0.0255739,0.0602699,-0.0555809,-0.27793,-0.0258565,-0.0395129,0.0084876,-0.146215,-0.0786187,0.0876079,0.0976479,0.0174226,-0.141578,0.520833,0.0355353,-0.198988,0.118735,-0.300511,-4.83109e-4,0.362223,-0.0422132,0.63343,0.0323745,0.0433851,-0.196579,-0.224149,-0.0994093,-0.151741,-0.479459,-0.195247,0.0413569,-0.0832316,-0.330298,-0.00971053,-0.161718,0.0410872,-0.0175549,-0.07125,0.353094,-0.221459,0.800474,-0.215346,-0.296963,-0.351354,-0.195182,0.0628479,0.121458,-0.155802,-0.074689,-0.399049,0.0310037,0.0753177,-0.121791,-0.439478,-0.134987,0.0784564,-0.421518,0.0673079,0.61687,-0.107525,0.766094,-0.390406,-0.386798,0.664177,-0.407833,-0.0718429,0.0444326,0.801483,-0.353886,-0.22644,-0.0267956,-0.0582642,-0.0665015,0.881238,0.115234,-0.0075712,0.0601475,-0.0530806,0.0212312,-0.13861,-0.477545,0.043146,0.237383,-0.376542,1
